09-27-2026 09:43:01 RAM 2968/7620MB (lfb 98x4MB) SWAP 383/12002MB (cached 0MB) CPU [29%@1728,28%@1728,30%@1728,93%@1728,32%@1728,33%@1728] GR3D_FREQ 0% cpu@54.343C soc2@53.156C soc0@52.843C gpu@54.125C tj@54.343C soc1@54.281C VDD_IN 8740mW/8740mW VDD_CPU_GPU_CV 2680mW/2680mW VDD_SOC 2566mW/2566mW
09-27-2026 09:43:01 RAM 3030/7620MB (lfb 98x4MB) SWAP 383/12002MB (cached 0MB) CPU [0%@1728,2%@1728,0%@1728,100%@1728,0%@1728,0%@1728] GR3D_FREQ 0% cpu@54.093C soc2@53.031C soc0@52.843C gpu@54.031C tj@54.156C soc1@54.187C VDD_IN 8503mW/8622mW VDD_CPU_GPU_CV 2444mW/2562mW VDD_SOC 2566mW/2566mW
09-27-2026 09:43:02 RAM 3055/7620MB (lfb 98x4MB) SWAP 383/12002MB (cached 0MB) CPU [0%@1728,0%@1728,0%@1728,100%@1728,0%@1728,0%@1728] GR3D_FREQ 0% cpu@54.062C soc2@53.062C soc0@52.781C gpu@54.375C tj@54.406C soc1@54.406C VDD_IN 8464mW/8569mW VDD_CPU_GPU_CV 2365mW/2496mW VDD_SOC 2566mW/2566mW
09-27-2026 09:43:02 RAM 3068/7620MB (lfb 98x4MB) SWAP 383/12002MB (cached 0MB) CPU [0%@1728,1%@1728,0%@1728,100%@1728,0%@1728,0%@1728] GR3D_FREQ 0% cpu@53.968C soc2@53.156C soc0@52.687C gpu@54.281C tj@54.281C soc1@54.281C VDD_IN 8464mW/8543mW VDD_CPU_GPU_CV 2365mW/2464mW VDD_SOC 2566mW/2566mW
09-27-2026 09:43:03 RAM 3127/7620MB (lfb 98x4MB) SWAP 383/12002MB (cached 0MB) CPU [13%@1728,14%@1728,13%@1728,86%@1728,13%@1728,13%@1728] GR3D_FREQ 0% cpu@53.968C soc2@52.968C soc0@52.781C gpu@54.125C tj@54.187C soc1@54.187C VDD_IN 8385mW/8511mW VDD_CPU_GPU_CV 2365mW/2444mW VDD_SOC 2566mW/2566mW
09-27-2026 09:43:03 RAM 3221/7620MB (lfb 98x4MB) SWAP 383/12002MB (cached 0MB) CPU [0%@1728,1%@1728,0%@1728,100%@1728,0%@1728,0%@1728] GR3D_FREQ 0% cpu@53.906C soc2@53.031C soc0@52.843C gpu@54.218C tj@54.218C soc1@54.187C VDD_IN 8266mW/8470mW VDD_CPU_GPU_CV 2247mW/2411mW VDD_SOC 2566mW/2566mW
09-27-2026 09:43:04 RAM 3317/7620MB (lfb 98x4MB) SWAP 383/12002MB (cached 0MB) CPU [3%@1728,0%@1728,0%@1728,100%@1728,0%@1728,0%@1728] GR3D_FREQ 0% cpu@53.968C soc2@52.968C soc0@52.75C gpu@54.062C tj@54.281C soc1@54.281C VDD_IN 8266mW/8441mW VDD_CPU_GPU_CV 2207mW/2382mW VDD_SOC 2566mW/2566mW
09-27-2026 09:43:04 RAM 3569/7620MB (lfb 73x4MB) SWAP 383/12002MB (cached 0MB) CPU [0%@1728,0%@1728,0%@1728,100%@1728,0%@1728,0%@1728] GR3D_FREQ 0% cpu@54.187C soc2@52.968C soc0@52.75C gpu@53.968C tj@54.25C soc1@54.25C VDD_IN 8780mW/8484mW VDD_CPU_GPU_CV 2365mW/2380mW VDD_SOC 2685mW/2581mW
09-27-2026 09:43:05 RAM 3500/7620MB (lfb 92x4MB) SWAP 383/12002MB (cached 0MB) CPU [0%@1728,1%@1728,0%@1728,92%@1728,0%@1728,0%@1728] GR3D_FREQ 2% cpu@54.062C soc2@52.968C soc0@52.656C gpu@54.437C tj@54.437C soc1@54.187C VDD_IN 8740mW/8512mW VDD_CPU_GPU_CV 2326mW/2374mW VDD_SOC 2685mW/2592mW
09-27-2026 09:43:06 RAM 3759/7620MB (lfb 63x4MB) SWAP 383/12002MB (cached 0MB) CPU [0%@1728,0%@1728,0%@1728,70%@1728,0%@1728,0%@1728] GR3D_FREQ 99% cpu@54C soc2@53.406C soc0@52.812C gpu@56.156C tj@56.156C soc1@54.125C VDD_IN 12221mW/8883mW VDD_CPU_GPU_CV 4935mW/2630mW VDD_SOC 3182mW/2651mW
09-27-2026 09:43:06 RAM 3828/7620MB (lfb 54x4MB) SWAP 383/12002MB (cached 0MB) CPU [1%@1728,1%@1728,0%@1728,34%@1728,0%@1728,0%@1728] GR3D_FREQ 45% cpu@54.5C soc2@53.687C soc0@53.062C gpu@56.562C tj@56.562C soc1@54.187C VDD_IN 15719mW/9504mW VDD_CPU_GPU_CV 7510mW/3074mW VDD_SOC 3669mW/2744mW
09-27-2026 09:43:07 RAM 3962/7620MB (lfb 35x4MB) SWAP 383/12002MB (cached 0MB) CPU [29%@1728,30%@1728,6%@1728,40%@1728,78%@1728,44%@1728] GR3D_FREQ 0% cpu@54.781C soc2@53.562C soc0@53.031C gpu@54.937C tj@54.937C soc1@54.375C VDD_IN 11729mW/9690mW VDD_CPU_GPU_CV 4739mW/3212mW VDD_SOC 3025mW/2767mW
09-27-2026 09:43:07 RAM 3962/7620MB (lfb 35x4MB) SWAP 383/12002MB (cached 0MB) CPU [31%@1728,32%@1728,1%@1728,30%@1728,100%@1728,52%@1728] GR3D_FREQ 0% cpu@54.968C soc2@53.5C soc0@52.968C gpu@54.625C tj@54.968C soc1@54.343C VDD_IN 9934mW/9709mW VDD_CPU_GPU_CV 3536mW/3237mW VDD_SOC 2720mW/2764mW
09-27-2026 09:43:08 RAM 3958/7620MB (lfb 36x4MB) SWAP 383/12002MB (cached 0MB) CPU [38%@1728,38%@1728,0%@1728,36%@1728,100%@1728,56%@1728] GR3D_FREQ 0% cpu@54.75C soc2@53.343C soc0@53.062C gpu@54.468C tj@54.75C soc1@54.343C VDD_IN 9437mW/9689mW VDD_CPU_GPU_CV 3188mW/3234mW VDD_SOC 2641mW/2755mW
09-27-2026 09:43:08 RAM 3958/7620MB (lfb 36x4MB) SWAP 383/12002MB (cached 0MB) CPU [38%@1728,40%@1728,22%@1728,39%@1728,100%@1728,50%@1728] GR3D_FREQ 0% cpu@54.593C soc2@53.468C soc0@53C gpu@54.718C tj@54.812C soc1@54.281C VDD_IN 9200mW/9657mW VDD_CPU_GPU_CV 3030mW/3220mW VDD_SOC 2601mW/2745mW
09-27-2026 09:43:09 RAM 3922/7620MB (lfb 36x4MB) SWAP 383/12002MB (cached 0MB) CPU [1%@1728,0%@1728,0%@1728,0%@1728,94%@1728,0%@1728] GR3D_FREQ 0% cpu@54C soc2@53.25C soc0@52.906C gpu@54.812C tj@54.812C soc1@54.5C VDD_IN 8924mW/9611mW VDD_CPU_GPU_CV 2562mW/3179mW VDD_SOC 2685mW/2741mW
09-27-2026 09:43:09 RAM 4053/7620MB (lfb 35x4MB) SWAP 383/12002MB (cached 0MB) CPU [0%@1728,0%@1728,0%@1728,0%@1728,62%@1728,0%@1728] GR3D_FREQ 60% cpu@54.5C soc2@53.406C soc0@52.906C gpu@55.843C tj@55.843C soc1@54.312C VDD_IN 11926mW/9747mW VDD_CPU_GPU_CV 4778mW/3273mW VDD_SOC 3104mW/2762mW
09-27-2026 09:43:10 RAM 4193/7620MB (lfb 35x4MB) SWAP 383/12002MB (cached 0MB) CPU [23%@1728,20%@1728,20%@1728,21%@1728,86%@1728,21%@1728] GR3D_FREQ 0% cpu@54.812C soc2@53.406C soc0@52.937C gpu@54.718C tj@54.812C soc1@54.406C VDD_IN 10486mW/9788mW VDD_CPU_GPU_CV 3811mW/3303mW VDD_SOC 2833mW/2766mW
09-27-2026 09:43:10 RAM 4187/7620MB (lfb 36x4MB) SWAP 383/12002MB (cached 0MB) CPU [32%@1728,34%@1728,77%@1728,32%@1728,56%@1728,30%@1728] GR3D_FREQ 0% cpu@55.156C soc2@53.5C soc0@53C gpu@54.562C tj@55.156C soc1@54.281C VDD_IN 9714mW/9784mW VDD_CPU_GPU_CV 3306mW/3303mW VDD_SOC 2720mW/2764mW
09-27-2026 09:43:11 RAM 3877/7620MB (lfb 56x4MB) SWAP 383/12002MB (cached 0MB) CPU [64%@1728,35%@1728,66%@1728,32%@1728,30%@1728,32%@1728] GR3D_FREQ 0% cpu@54.687C soc2@53.468C soc0@53C gpu@54.625C tj@54.687C soc1@54.25C VDD_IN 9398mW/9765mW VDD_CPU_GPU_CV 3148mW/3295mW VDD_SOC 2641mW/2758mW
09-27-2026 09:43:11 RAM 4061/7620MB (lfb 37x4MB) SWAP 383/12002MB (cached 0MB) CPU [94%@1728,0%@1728,0%@1728,0%@1728,0%@1728,0%@1728] GR3D_FREQ 63% cpu@54.312C soc2@53.375C soc0@52.906C gpu@55.312C tj@55.312C soc1@54.375C VDD_IN 10210mW/9786mW VDD_CPU_GPU_CV 3497mW/3305mW VDD_SOC 2873mW/2763mW
09-27-2026 09:43:12 RAM 4227/7620MB (lfb 36x4MB) SWAP 383/12002MB (cached 0MB) CPU [74%@1728,10%@1728,10%@1728,11%@1728,11%@1728,10%@1728] GR3D_FREQ 0% cpu@55.062C soc2@53.656C soc0@53C gpu@54.906C tj@55.062C soc1@54.375C VDD_IN 11689mW/9873mW VDD_CPU_GPU_CV 4582mW/3363mW VDD_SOC 3065mW/2777mW
09-27-2026 09:43:12 RAM 4232/7620MB (lfb 36x4MB) SWAP 383/12002MB (cached 0MB) CPU [100%@1728,34%@1728,35%@1728,29%@1728,32%@1728,32%@1728] GR3D_FREQ 0% cpu@54.968C soc2@53.687C soc0@53.125C gpu@54.593C tj@54.968C soc1@54.343C VDD_IN 10053mW/9880mW VDD_CPU_GPU_CV 3536mW/3371mW VDD_SOC 2759mW/2776mW
09-27-2026 09:43:13 RAM 4232/7620MB (lfb 36x4MB) SWAP 383/12002MB (cached 0MB) CPU [97%@1728,25%@1728,20%@1728,42%@1728,54%@1728,59%@1728] GR3D_FREQ 0% cpu@54.687C soc2@53.625C soc0@53C gpu@54.812C tj@54.812C soc1@54.406C VDD_IN 9556mW/9867mW VDD_CPU_GPU_CV 3266mW/3366mW VDD_SOC 2641mW/2770mW
09-27-2026 09:43:13 RAM 3948/7620MB (lfb 56x4MB) SWAP 383/12002MB (cached 0MB) CPU [100%@1728,29%@1728,13%@1728,17%@1728,32%@1728,38%@1728] GR3D_FREQ 0% cpu@54.875C soc2@53.531C soc0@52.968C gpu@54.5C tj@54.625C soc1@54.562C VDD_IN 9200mW/9840mW VDD_CPU_GPU_CV 2952mW/3350mW VDD_SOC 2641mW/2765mW
09-27-2026 09:43:14 RAM 4108/7620MB (lfb 37x4MB) SWAP 383/12002MB (cached 0MB) CPU [76%@1728,0%@1728,0%@1728,1%@1728,0%@1728,0%@1728] GR3D_FREQ 66% cpu@54.312C soc2@53.531C soc0@52.968C gpu@55.812C tj@55.812C soc1@54.406C VDD_IN 11217mW/9893mW VDD_CPU_GPU_CV 4237mW/3384mW VDD_SOC 2991mW/2774mW
09-27-2026 09:43:14 RAM 4232/7620MB (lfb 36x4MB) SWAP 383/12002MB (cached 0MB) CPU [75%@1728,21%@1728,0%@1728,22%@1728,23%@1728,30%@1728] GR3D_FREQ 0% cpu@54.875C soc2@53.718C soc0@53.25C gpu@54.875C tj@54.875C soc1@54.375C VDD_IN 11138mW/9939mW VDD_CPU_GPU_CV 4276mW/3417mW VDD_SOC 2952mW/2781mW
09-27-2026 09:43:15 RAM 4232/7620MB (lfb 36x4MB) SWAP 383/12002MB (cached 0MB) CPU [84%@1728,39%@1728,32%@1728,37%@1728,58%@1728,58%@1728] GR3D_FREQ 0% cpu@55.062C soc2@53.718C soc0@53.093C gpu@54.625C tj@55.062C soc1@54.437C VDD_IN 9872mW/9937mW VDD_CPU_GPU_CV 3497mW/3420mW VDD_SOC 2680mW/2777mW
09-27-2026 09:43:15 RAM 4234/7620MB (lfb 36x4MB) SWAP 383/12002MB (cached 0MB) CPU [39%@1728,38%@1728,98%@1728,28%@1728,41%@1728,44%@1728] GR3D_FREQ 0% cpu@55.281C soc2@53.593C soc0@53C gpu@54.656C tj@55.281C soc1@54.593C VDD_IN 9516mW/9922mW VDD_CPU_GPU_CV 3227mW/3413mW VDD_SOC 2641mW/2772mW
09-27-2026 09:43:16 RAM 4001/7620MB (lfb 57x4MB) SWAP 383/12002MB (cached 0MB) CPU [100%@1728,16%@1728,16%@1728,16%@1728,16%@1728,15%@1728] GR3D_FREQ 0% cpu@54.593C soc2@53.5C soc0@53.031C gpu@54.531C tj@54.593C soc1@54.531C VDD_IN 9161mW/9897mW VDD_CPU_GPU_CV 2833mW/3394mW VDD_SOC 2680mW/2769mW
09-27-2026 09:43:16 RAM 4113/7620MB (lfb 36x4MB) SWAP 383/12002MB (cached 0MB) CPU [68%@1728,0%@1728,0%@1728,0%@1728,0%@1728,0%@1728] GR3D_FREQ 67% cpu@54.312C soc2@53.656C soc0@52.937C gpu@56.062C tj@56.062C soc1@54.468C VDD_IN 11689mW/9955mW VDD_CPU_GPU_CV 4582mW/3432mW VDD_SOC 3065mW/2779mW
09-27-2026 09:43:17 RAM 4235/7620MB (lfb 36x4MB) SWAP 383/12002MB (cached 0MB) CPU [33%@1728,24%@1728,71%@1728,23%@1728,23%@1728,23%@1728] GR3D_FREQ 0% cpu@55.25C soc2@53.656C soc0@53.281C gpu@55C tj@55.25C soc1@54.375C VDD_IN 10841mW/9982mW VDD_CPU_GPU_CV 4040mW/3451mW VDD_SOC 2912mW/2783mW
09-27-2026 09:43:17 RAM 4234/7620MB (lfb 36x4MB) SWAP 383/12002MB (cached 0MB) CPU [34%@1728,36%@1728,100%@1728,35%@1728,33%@1728,34%@1728] GR3D_FREQ 0% cpu@55.375C soc2@53.656C soc0@53.093C gpu@55.125C tj@55.375C soc1@54.343C VDD_IN 9793mW/9977mW VDD_CPU_GPU_CV 3379mW/3449mW VDD_SOC 2720mW/2781mW
09-27-2026 09:43:18 RAM 3927/7620MB (lfb 57x4MB) SWAP 383/12002MB (cached 0MB) CPU [47%@1728,30%@1728,84%@1728,29%@1728,30%@1728,29%@1728] GR3D_FREQ 0% cpu@54.531C soc2@53.687C soc0@53.031C gpu@54.812C tj@54.812C soc1@54.593C VDD_IN 9437mW/9961mW VDD_CPU_GPU_CV 3109mW/3439mW VDD_SOC 2680mW/2778mW
09-27-2026 09:43:18 RAM 4111/7620MB (lfb 36x4MB) SWAP 383/12002MB (cached 0MB) CPU [90%@1728,0%@1728,1%@1728,0%@1728,0%@1728,0%@1728] GR3D_FREQ 66% cpu@54.343C soc2@53.531C soc0@52.968C gpu@55.5C tj@55.5C soc1@54.562C VDD_IN 10171mW/9967mW VDD_CPU_GPU_CV 3458mW/3439mW VDD_SOC 2833mW/2780mW
09-27-2026 09:43:19 RAM 4232/7620MB (lfb 36x4MB) SWAP 383/12002MB (cached 0MB) CPU [64%@1728,8%@1728,8%@1728,9%@1728,7%@1728,7%@1728] GR3D_FREQ 0% cpu@55.031C soc2@53.875C soc0@53.062C gpu@55C tj@55.031C soc1@54.5C VDD_IN 11808mW/10018mW VDD_CPU_GPU_CV 4700mW/3474mW VDD_SOC 3065mW/2788mW
09-27-2026 09:43:19 RAM 4232/7620MB (lfb 36x4MB) SWAP 383/12002MB (cached 0MB) CPU [100%@1728,30%@1728,32%@1728,32%@1728,30%@1728,32%@1728] GR3D_FREQ 0% cpu@54.843C soc2@53.75C soc0@53.281C gpu@54.781C tj@54.843C soc1@54.468C VDD_IN 10013mW/10018mW VDD_CPU_GPU_CV 3575mW/3477mW VDD_SOC 2759mW/2787mW
09-27-2026 09:43:20 RAM 4238/7620MB (lfb 36x4MB) SWAP 383/12002MB (cached 0MB) CPU [91%@1728,43%@1728,32%@1728,32%@1728,32%@1728,32%@1728] GR3D_FREQ 0% cpu@54.687C soc2@53.718C soc0@53.343C gpu@54.562C tj@54.687C soc1@54.375C VDD_IN 9556mW/10006mW VDD_CPU_GPU_CV 3266mW/3472mW VDD_SOC 2680mW/2784mW
09-27-2026 09:43:20 RAM 4070/7620MB (lfb 48x4MB) SWAP 383/12002MB (cached 0MB) CPU [8%@1728,100%@1728,8%@1728,8%@1728,8%@1728,8%@1728] GR3D_FREQ 0% cpu@54.625C soc2@53.468C soc0@53.156C gpu@55C tj@55C soc1@54.625C VDD_IN 9161mW/9984mW VDD_CPU_GPU_CV 2755mW/3453mW VDD_SOC 2680mW/2781mW
09-27-2026 09:43:21 RAM 4178/7620MB (lfb 36x4MB) SWAP 383/12002MB (cached 0MB) CPU [0%@1728,68%@1728,1%@1728,0%@1728,0%@1728,0%@1728] GR3D_FREQ 2% cpu@54.718C soc2@53.75C soc0@53.156C gpu@56.062C tj@56.062C soc1@54.5C VDD_IN 12771mW/10054mW VDD_CPU_GPU_CV 5318mW/3500mW VDD_SOC 3217mW/2792mW
09-27-2026 09:43:21 RAM 4234/7620MB (lfb 36x4MB) SWAP 383/12002MB (cached 0MB) CPU [32%@1728,100%@1728,33%@1728,34%@1728,32%@1728,30%@1728] GR3D_FREQ 0% cpu@54.906C soc2@53.812C soc0@53.187C gpu@55.125C tj@55.125C soc1@54.437C VDD_IN 10407mW/10062mW VDD_CPU_GPU_CV 3811mW/3507mW VDD_SOC 2794mW/2792mW
09-27-2026 09:43:22 RAM 4244/7620MB (lfb 36x4MB) SWAP 383/12002MB (cached 0MB) CPU [62%@1728,40%@1728,44%@1728,69%@1728,33%@1728,37%@1728] GR3D_FREQ 0% cpu@55.062C soc2@53.718C soc0@53.187C gpu@54.875C tj@55.062C soc1@54.406C VDD_IN 9872mW/10058mW VDD_CPU_GPU_CV 3458mW/3506mW VDD_SOC 2720mW/2791mW
09-27-2026 09:43:22 RAM 3939/7620MB (lfb 58x4MB) SWAP 383/12002MB (cached 0MB) CPU [52%@1728,45%@1728,32%@1728,52%@1728,66%@1728,95%@1728] GR3D_FREQ 0% cpu@54.343C soc2@53.562C soc0@53.156C gpu@54.718C tj@54.718C soc1@54.687C VDD_IN 9635mW/10048mW VDD_CPU_GPU_CV 3345mW/3502mW VDD_SOC 2680mW/2788mW
09-27-2026 09:43:23 RAM 4124/7620MB (lfb 37x4MB) SWAP 383/12002MB (cached 0MB) CPU [0%@1728,0%@1728,0%@1728,0%@1728,0%@1728,92%@1728] GR3D_FREQ 65% cpu@54.593C soc2@53.5C soc0@53.125C gpu@55.593C tj@55.593C soc1@54.593C VDD_IN 10486mW/10058mW VDD_CPU_GPU_CV 3733mW/3508mW VDD_SOC 2873mW/2790mW
09-27-2026 09:43:23 RAM 4245/7620MB (lfb 36x4MB) SWAP 383/12002MB (cached 0MB) CPU [20%@1728,17%@1728,17%@1728,10%@1728,21%@1728,75%@1728] GR3D_FREQ 0% cpu@54.906C soc2@53.656C soc0@53.156C gpu@55C tj@55C soc1@54.562C VDD_IN 11650mW/10093mW VDD_CPU_GPU_CV 4590mW/3532mW VDD_SOC 3025mW/2795mW
09-27-2026 09:43:24 RAM 4245/7620MB (lfb 36x4MB) SWAP 383/12002MB (cached 0MB) CPU [53%@1728,54%@1728,50%@1728,14%@1728,74%@1728,100%@1728] GR3D_FREQ 0% cpu@54.75C soc2@53.718C soc0@53.406C gpu@54.781C tj@54.781C soc1@54.468C VDD_IN 9974mW/10091mW VDD_CPU_GPU_CV 3615mW/3534mW VDD_SOC 2720mW/2793mW
09-27-2026 09:43:24 RAM 4247/7620MB (lfb 36x4MB) SWAP 383/12002MB (cached 0MB) CPU [40%@1728,30%@1728,38%@1728,34%@1728,43%@1728,98%@1728] GR3D_FREQ 0% cpu@54.656C soc2@53.562C soc0@53.281C gpu@55.093C tj@55.093C soc1@54.75C VDD_IN 9556mW/10079mW VDD_CPU_GPU_CV 3306mW/3529mW VDD_SOC 2680mW/2791mW
09-27-2026 09:43:25 RAM 4020/7620MB (lfb 57x4MB) SWAP 383/12002MB (cached 0MB) CPU [15%@1728,14%@1728,14%@1728,14%@1728,14%@1728,100%@1728] GR3D_FREQ 0% cpu@54.687C soc2@53.437C soc0@53.125C gpu@54.843C tj@54.843C soc1@54.593C VDD_IN 9200mW/10061mW VDD_CPU_GPU_CV 2833mW/3514mW VDD_SOC 2680mW/2789mW
09-27-2026 09:43:25 RAM 4124/7620MB (lfb 37x4MB) SWAP 383/12002MB (cached 0MB) CPU [0%@1728,0%@1728,0%@1728,0%@1728,0%@1728,68%@1728] GR3D_FREQ 68% cpu@54.375C soc2@53.625C soc0@53.093C gpu@55.718C tj@55.718C soc1@54.593C VDD_IN 11768mW/10096mW VDD_CPU_GPU_CV 4660mW/3538mW VDD_SOC 3065mW/2794mW
09-27-2026 09:43:26 RAM 4239/7620MB (lfb 36x4MB) SWAP 383/12002MB (cached 0MB) CPU [17%@1728,17%@1728,19%@1728,19%@1728,18%@1728,84%@1728] GR3D_FREQ 0% cpu@54.718C soc2@53.718C soc0@53.406C gpu@55.062C tj@55.062C soc1@54.531C VDD_IN 10841mW/10111mW VDD_CPU_GPU_CV 4040mW/3548mW VDD_SOC 2912mW/2797mW
09-27-2026 09:43:26 RAM 4243/7620MB (lfb 36x4MB) SWAP 383/12002MB (cached 0MB) CPU [45%@1728,36%@1728,21%@1728,15%@1728,51%@1728,90%@1728] GR3D_FREQ 0% cpu@54.718C soc2@53.718C soc0@53.406C gpu@54.718C tj@54.718C soc1@54.531C VDD_IN 9674mW/10102mW VDD_CPU_GPU_CV 3306mW/3543mW VDD_SOC 2720mW/2795mW
09-27-2026 09:43:27 RAM 4243/7620MB (lfb 36x4MB) SWAP 383/12002MB (cached 0MB) CPU [100%@1728,11%@1728,43%@1728,34%@1728,55%@1728,57%@1728] GR3D_FREQ 0% cpu@54.75C soc2@53.656C soc0@53.062C gpu@54.687C tj@54.75C soc1@54.687C VDD_IN 9398mW/10089mW VDD_CPU_GPU_CV 3227mW/3537mW VDD_SOC 2641mW/2792mW
09-27-2026 09:43:27 RAM 4011/7620MB (lfb 56x4MB) SWAP 383/12002MB (cached 0MB) CPU [98%@1728,14%@1728,20%@1728,11%@1728,28%@1728,26%@1728] GR3D_FREQ 0% cpu@54.937C soc2@53.656C soc0@53.187C gpu@55C tj@55C soc1@54.656C VDD_IN 9121mW/10070mW VDD_CPU_GPU_CV 2873mW/3524mW VDD_SOC 2645mW/2789mW
09-27-2026 09:43:28 RAM 4123/7620MB (lfb 37x4MB) SWAP 383/12002MB (cached 0MB) CPU [70%@1728,0%@1728,0%@1728,0%@1728,0%@1728,0%@1728] GR3D_FREQ 65% cpu@54.812C soc2@53.687C soc0@53.125C gpu@55.75C tj@55.75C soc1@54.531C VDD_IN 11689mW/10100mW VDD_CPU_GPU_CV 4582mW/3544mW VDD_SOC 3065mW/2795mW
09-27-2026 09:43:28 RAM 4248/7620MB (lfb 36x4MB) SWAP 383/12002MB (cached 0MB) CPU [31%@1728,78%@1728,28%@1728,6%@1728,35%@1728,37%@1728] GR3D_FREQ 0% cpu@55.093C soc2@53.781C soc0@53.312C gpu@55.281C tj@55.281C soc1@54.562C VDD_IN 10841mW/10114mW VDD_CPU_GPU_CV 4119mW/3554mW VDD_SOC 2873mW/2796mW
09-27-2026 09:43:29 RAM 4245/7620MB (lfb 36x4MB) SWAP 383/12002MB (cached 0MB) CPU [34%@1728,41%@1728,35%@1728,94%@1728,34%@1728,34%@1728] GR3D_FREQ 0% cpu@54.937C soc2@53.75C soc0@53.156C gpu@54.968C tj@54.968C soc1@54.531C VDD_IN 9832mW/10109mW VDD_CPU_GPU_CV 3418mW/3552mW VDD_SOC 2720mW/2795mW
09-27-2026 09:43:29 RAM 4245/7620MB (lfb 36x4MB) SWAP 383/12002MB (cached 0MB) CPU [33%@1728,34%@1728,34%@1728,100%@1728,33%@1728,33%@1728] GR3D_FREQ 0% cpu@55.25C soc2@53.625C soc0@53.218C gpu@55.093C tj@55.093C soc1@54.687C VDD_IN 9437mW/10097mW VDD_CPU_GPU_CV 3188mW/3546mW VDD_SOC 2641mW/2792mW
09-27-2026 09:43:30 RAM 4121/7620MB (lfb 36x4MB) SWAP 383/12002MB (cached 0MB) CPU [0%@1728,1%@1728,1%@1728,98%@1728,0%@1728,1%@1728] GR3D_FREQ 63% cpu@54.875C soc2@53.593C soc0@53.156C gpu@55.406C tj@55.406C soc1@54.562C VDD_IN 9556mW/10088mW VDD_CPU_GPU_CV 2991mW/3536mW VDD_SOC 2759mW/2791mW
09-27-2026 09:43:30 RAM 4241/7620MB (lfb 36x4MB) SWAP 383/12002MB (cached 0MB) CPU [49%@1728,6%@1728,6%@1728,32%@1728,7%@1728,9%@1728] GR3D_FREQ 0% cpu@55.187C soc2@53.875C soc0@53.406C gpu@55.25C tj@55.25C soc1@54.562C VDD_IN 12083mW/10121mW VDD_CPU_GPU_CV 4817mW/3558mW VDD_SOC 3104mW/2797mW
09-27-2026 09:43:31 RAM 4241/7620MB (lfb 36x4MB) SWAP 383/12002MB (cached 0MB) CPU [32%@1728,34%@1728,32%@1728,100%@1728,32%@1728,32%@1728] GR3D_FREQ 0% cpu@55.125C soc2@53.906C soc0@53.406C gpu@54.843C tj@55.125C soc1@54.593C VDD_IN 10092mW/10121mW VDD_CPU_GPU_CV 3615mW/3559mW VDD_SOC 2759mW/2796mW
09-27-2026 09:43:31 RAM 4243/7620MB (lfb 36x4MB) SWAP 383/12002MB (cached 0MB) CPU [35%@1728,34%@1728,33%@1728,100%@1728,33%@1728,33%@1728] GR3D_FREQ 0% cpu@55C soc2@53.781C soc0@53.437C gpu@54.906C tj@55C soc1@54.5C VDD_IN 9556mW/10112mW VDD_CPU_GPU_CV 3227mW/3553mW VDD_SOC 2680mW/2794mW
09-27-2026 09:43:32 RAM 4068/7620MB (lfb 49x4MB) SWAP 383/12002MB (cached 0MB) CPU [11%@1728,9%@1728,15%@1728,100%@1728,9%@1728,9%@1728] GR3D_FREQ 0% cpu@55.093C soc2@53.593C soc0@53.218C gpu@54.781C tj@55.093C soc1@54.718C VDD_IN 9161mW/10096mW VDD_CPU_GPU_CV 2755mW/3540mW VDD_SOC 2680mW/2792mW
09-27-2026 09:43:32 RAM 4177/7620MB (lfb 36x4MB) SWAP 383/12002MB (cached 0MB) CPU [0%@1728,0%@1728,0%@1728,66%@1728,0%@1728,0%@1728] GR3D_FREQ 34% cpu@54.687C soc2@53.906C soc0@53.156C gpu@56.25C tj@56.25C soc1@54.687C VDD_IN 12771mW/10139mW VDD_CPU_GPU_CV 5396mW/3570mW VDD_SOC 3256mW/2800mW
09-27-2026 09:43:33 RAM 4240/7620MB (lfb 36x4MB) SWAP 383/12002MB (cached 0MB) CPU [34%@1728,32%@1728,32%@1728,100%@1728,32%@1728,34%@1728] GR3D_FREQ 0% cpu@55.343C soc2@53.812C soc0@53.406C gpu@54.968C tj@55.343C soc1@54.656C VDD_IN 10368mW/10142mW VDD_CPU_GPU_CV 3772mW/3573mW VDD_SOC 2794mW/2800mW
09-27-2026 09:43:33 RAM 4242/7620MB (lfb 36x4MB) SWAP 383/12002MB (cached 0MB) CPU [29%@1728,31%@1728,32%@1728,100%@1728,30%@1728,29%@1728] GR3D_FREQ 0% cpu@55.125C soc2@53.75C soc0@53.375C gpu@54.75C tj@55.125C soc1@54.593C VDD_IN 9635mW/10135mW VDD_CPU_GPU_CV 3306mW/3569mW VDD_SOC 2680mW/2798mW
09-27-2026 09:43:34 RAM 3988/7620MB (lfb 57x4MB) SWAP 383/12002MB (cached 0MB) CPU [17%@1728,18%@1728,16%@1728,100%@1728,16%@1728,16%@1728] GR3D_FREQ 0% cpu@55.187C soc2@53.593C soc0@53.25C gpu@55.093C tj@55.187C soc1@54.906C VDD_IN 9200mW/10120mW VDD_CPU_GPU_CV 2873mW/3558mW VDD_SOC 2680mW/2796mW
09-27-2026 09:43:34 RAM 4116/7620MB (lfb 37x4MB) SWAP 383/12002MB (cached 0MB) CPU [0%@1728,0%@1728,0%@1728,78%@1728,0%@1728,0%@1728] GR3D_FREQ 64% cpu@54.625C soc2@53.843C soc0@53.218C gpu@56.031C tj@56.031C soc1@54.843C VDD_IN 12122mW/10150mW VDD_CPU_GPU_CV 4896mW/3578mW VDD_SOC 3104mW/2801mW
09-27-2026 09:43:35 RAM 4243/7620MB (lfb 36x4MB) SWAP 383/12002MB (cached 0MB) CPU [82%@1728,31%@1728,32%@1728,7%@1728,44%@1728,41%@1728] GR3D_FREQ 0% cpu@55.156C soc2@53.968C soc0@53.281C gpu@55.343C tj@55.343C soc1@54.718C VDD_IN 10723mW/10159mW VDD_CPU_GPU_CV 4080mW/3586mW VDD_SOC 2873mW/2802mW
09-27-2026 09:43:35 RAM 4239/7620MB (lfb 36x4MB) SWAP 383/12002MB (cached 0MB) CPU [46%@1728,31%@1728,32%@1728,80%@1728,33%@1728,40%@1728] GR3D_FREQ 0% cpu@55.187C soc2@53.843C soc0@53.562C gpu@55.031C tj@55.187C soc1@54.656C VDD_IN 9793mW/10153mW VDD_CPU_GPU_CV 3418mW/3583mW VDD_SOC 2720mW/2800mW
09-27-2026 09:43:36 RAM 4239/7620MB (lfb 36x4MB) SWAP 383/12002MB (cached 0MB) CPU [35%@1728,32%@1728,30%@1728,94%@1728,32%@1728,30%@1728] GR3D_FREQ 0% cpu@54.968C soc2@53.781C soc0@53.343C gpu@55.093C tj@55.093C soc1@54.593C VDD_IN 9437mW/10143mW VDD_CPU_GPU_CV 3188mW/3578mW VDD_SOC 2641mW/2798mW
09-27-2026 09:43:36 RAM 4413/7620MB (lfb 83x1MB) SWAP 383/12002MB (cached 0MB) CPU [100%@1728,96%@1728,92%@1728,96%@1728,94%@1728,94%@1728] GR3D_FREQ 0% cpu@56.875C soc2@54.375C soc0@53.375C gpu@55.562C tj@56.875C soc1@54.843C VDD_IN 12849mW/10181mW VDD_CPU_GPU_CV 6022mW/3612mW VDD_SOC 2863mW/2799mW
09-27-2026 09:43:37 RAM 4413/7620MB (lfb 83x1MB) SWAP 383/12002MB (cached 0MB) CPU [100%@1728,100%@1728,100%@1728,100%@1728,100%@1728,100%@1728] GR3D_FREQ 0% cpu@57.343C soc2@54.656C soc0@53.406C gpu@55.25C tj@57.343C soc1@55.031C VDD_IN 13927mW/10233mW VDD_CPU_GPU_CV 7132mW/3661mW VDD_SOC 2820mW/2799mW
09-27-2026 09:43:37 RAM 4770/7620MB (lfb 3x2MB) SWAP 383/12002MB (cached 0MB) CPU [100%@1728,100%@1728,100%@1728,100%@1728,100%@1728,100%@1728] GR3D_FREQ 0% cpu@57.5C soc2@54.843C soc0@53.406C gpu@55.75C tj@57.5C soc1@55.031C VDD_IN 14123mW/10287mW VDD_CPU_GPU_CV 7132mW/3708mW VDD_SOC 2898mW/2801mW
09-27-2026 09:43:38 RAM 4772/7620MB (lfb 1x4MB) SWAP 383/12002MB (cached 0MB) CPU [100%@1728,100%@1728,100%@1728,100%@1728,100%@1728,100%@1728] GR3D_FREQ 0% cpu@57.531C soc2@54.906C soc0@53.718C gpu@55.718C tj@57.531C soc1@55.062C VDD_IN 14257mW/10340mW VDD_CPU_GPU_CV 7444mW/3759mW VDD_SOC 2820mW/2801mW
09-27-2026 09:43:38 RAM 4772/7620MB (lfb 1x4MB) SWAP 383/12002MB (cached 0MB) CPU [100%@1728,100%@1728,100%@1728,100%@1728,100%@1728,100%@1728] GR3D_FREQ 0% cpu@57.531C soc2@55C soc0@53.625C gpu@55.906C tj@57.687C soc1@55.156C VDD_IN 14296mW/10393mW VDD_CPU_GPU_CV 7561mW/3810mW VDD_SOC 2820mW/2801mW
09-27-2026 09:43:39 RAM 4426/7620MB (lfb 4x4MB) SWAP 383/12002MB (cached 0MB) CPU [94%@1728,98%@1728,97%@1728,97%@1728,96%@1728,98%@1728] GR3D_FREQ 0% cpu@57.437C soc2@54.906C soc0@53.593C gpu@55.781C tj@57.437C soc1@55.5C VDD_IN 13691mW/10436mW VDD_CPU_GPU_CV 6675mW/3847mW VDD_SOC 2898mW/2803mW
09-27-2026 09:43:39 RAM 4426/7620MB (lfb 4x4MB) SWAP 383/12002MB (cached 0MB) CPU [100%@1728,100%@1728,100%@1728,100%@1728,100%@1728,100%@1728] GR3D_FREQ 0% cpu@57.968C soc2@55.093C soc0@53.687C gpu@55.781C tj@57.968C soc1@55.468C VDD_IN 14201mW/10485mW VDD_CPU_GPU_CV 7327mW/3893mW VDD_SOC 2820mW/2803mW
09-27-2026 09:43:40 RAM 4538/7620MB (lfb 1x4MB) SWAP 383/12002MB (cached 0MB) CPU [100%@1728,100%@1728,100%@1728,100%@1728,100%@1728,100%@1728] GR3D_FREQ 0% cpu@57.687C soc2@55.125C soc0@53.687C gpu@55.968C tj@57.593C soc1@55.437C VDD_IN 14257mW/10534mW VDD_CPU_GPU_CV 7405mW/3938mW VDD_SOC 2859mW/2803mW
09-27-2026 09:43:40 RAM 4779/7620MB (lfb 1x2MB) SWAP 383/12002MB (cached 0MB) CPU [100%@1728,100%@1728,100%@1728,100%@1728,100%@1728,100%@1728] GR3D_FREQ 0% cpu@57.968C soc2@55.218C soc0@53.687C gpu@55.812C tj@57.968C soc1@55.468C VDD_IN 14296mW/10581mW VDD_CPU_GPU_CV 7405mW/3981mW VDD_SOC 2859mW/2804mW
09-27-2026 09:43:41 RAM 4779/7620MB (lfb 1x2MB) SWAP 383/12002MB (cached 0MB) CPU [100%@1728,100%@1728,100%@1728,100%@1728,100%@1728,100%@1728] GR3D_FREQ 0% cpu@57.875C soc2@55.312C soc0@53.875C gpu@56.031C tj@58.093C soc1@55.531C VDD_IN 14374mW/10629mW VDD_CPU_GPU_CV 7561mW/4026mW VDD_SOC 2820mW/2804mW
09-27-2026 09:43:42 RAM 3951/7620MB (lfb 58x4MB) SWAP 383/12002MB (cached 0MB) CPU [96%@1728,98%@1728,98%@1728,98%@1728,100%@1728,98%@1728] GR3D_FREQ 0% cpu@57.093C soc2@55.25C soc0@53.875C gpu@55.75C tj@57.093C soc1@55.531C VDD_IN 13142mW/10660mW VDD_CPU_GPU_CV 6441mW/4056mW VDD_SOC 2824mW/2805mW
09-27-2026 09:43:42 RAM 4103/7620MB (lfb 47x4MB) SWAP 383/12002MB (cached 0MB) CPU [72%@1728,2%@1728,0%@1728,3%@1728,1%@1728,0%@1728] GR3D_FREQ 27% cpu@55.812C soc2@54.75C soc0@53.781C gpu@56.875C tj@56.875C soc1@55.593C VDD_IN 12731mW/10685mW VDD_CPU_GPU_CV 5552mW/4074mW VDD_SOC 3099mW/2808mW
09-27-2026 09:43:43 RAM 4219/7620MB (lfb 38x4MB) SWAP 383/12002MB (cached 0MB) CPU [98%@1728,33%@1728,29%@1728,29%@1728,30%@1728,30%@1728] GR3D_FREQ 0% cpu@55.718C soc2@54.718C soc0@53.75C gpu@55.781C tj@55.781C soc1@55.468C VDD_IN 10447mW/10682mW VDD_CPU_GPU_CV 3890mW/4072mW VDD_SOC 2794mW/2808mW
09-27-2026 09:43:43 RAM 4229/7620MB (lfb 38x4MB) SWAP 383/12002MB (cached 0MB) CPU [61%@1728,71%@1728,36%@1728,34%@1728,33%@1728,32%@1728] GR3D_FREQ 0% cpu@55.75C soc2@54.468C soc0@53.875C gpu@55.531C tj@55.812C soc1@55.343C VDD_IN 9674mW/10670mW VDD_CPU_GPU_CV 3345mW/4063mW VDD_SOC 2680mW/2806mW
09-27-2026 09:43:44 RAM 4027/7620MB (lfb 54x4MB) SWAP 383/12002MB (cached 0MB) CPU [20%@1728,100%@1728,18%@1728,20%@1728,20%@1728,20%@1728] GR3D_FREQ 0% cpu@55.187C soc2@54.5C soc0@53.937C gpu@55.5C tj@55.5C soc1@55.218C VDD_IN 9319mW/10654mW VDD_CPU_GPU_CV 2952mW/4050mW VDD_SOC 2680mW/2805mW
09-27-2026 09:43:44 RAM 4258/7620MB (lfb 36x4MB) SWAP 383/12002MB (cached 0MB) CPU [8%@1728,69%@1728,7%@1728,7%@1728,6%@1728,6%@1728] GR3D_FREQ 0% cpu@55.656C soc2@54.531C soc0@53.75C gpu@55.75C tj@55.75C soc1@55.281C VDD_IN 11296mW/10662mW VDD_CPU_GPU_CV 4276mW/4053mW VDD_SOC 2986mW/2807mW
09-27-2026 09:43:45 RAM 4258/7620MB (lfb 36x4MB) SWAP 383/12002MB (cached 0MB) CPU [40%@1728,100%@1728,26%@1728,26%@1728,45%@1728,51%@1728] GR3D_FREQ 0% cpu@55.375C soc2@54.406C soc0@53.843C gpu@55.406C tj@55.437C soc1@55.437C VDD_IN 9895mW/10653mW VDD_CPU_GPU_CV 3497mW/4047mW VDD_SOC 2720mW/2806mW
09-27-2026 09:43:45 RAM 4262/7620MB (lfb 36x4MB) SWAP 383/12002MB (cached 0MB) CPU [48%@1728,98%@1728,3%@1728,45%@1728,58%@1728,56%@1728] GR3D_FREQ 0% cpu@55.593C soc2@54.375C soc0@53.718C gpu@55.625C tj@55.625C soc1@55.218C VDD_IN 9516mW/10640mW VDD_CPU_GPU_CV 3266mW/4038mW VDD_SOC 2641mW/2804mW
09-27-2026 09:43:46 RAM 3993/7620MB (lfb 56x4MB) SWAP 383/12002MB (cached 0MB) CPU [19%@1728,98%@1728,30%@1728,38%@1728,42%@1728,48%@1728] GR3D_FREQ 0% cpu@55.093C soc2@54.406C soc0@54.062C gpu@55.25C tj@55.312C soc1@55.25C VDD_IN 9358mW/10626mW VDD_CPU_GPU_CV 3109mW/4027mW VDD_SOC 2641mW/2802mW
09-27-2026 09:43:46 RAM 4140/7620MB (lfb 45x4MB) SWAP 383/12002MB (cached 0MB) CPU [9%@1728,66%@1728,1%@1728,0%@1728,0%@1728,0%@1728] GR3D_FREQ 29% cpu@55.125C soc2@54.343C soc0@53.781C gpu@56.5C tj@56.5C soc1@55.156C VDD_IN 11611mW/10637mW VDD_CPU_GPU_CV 4543mW/4033mW VDD_SOC 3065mW/2805mW
09-27-2026 09:43:47 RAM 4256/7620MB (lfb 36x4MB) SWAP 383/12002MB (cached 0MB) CPU [98%@1728,29%@1728,30%@1728,32%@1728,30%@1728,30%@1728] GR3D_FREQ 0% cpu@55.562C soc2@54.468C soc0@53.875C gpu@55.468C tj@55.562C soc1@55.375C VDD_IN 10092mW/10631mW VDD_CPU_GPU_CV 3575mW/4028mW VDD_SOC 2759mW/2805mW
09-27-2026 09:43:47 RAM 4257/7620MB (lfb 36x4MB) SWAP 383/12002MB (cached 0MB) CPU [100%@1728,34%@1728,35%@1728,35%@1728,35%@1728,34%@1728] GR3D_FREQ 0% cpu@55.812C soc2@54.375C soc0@53.812C gpu@55.375C tj@55.812C soc1@55.281C VDD_IN 9556mW/10619mW VDD_CPU_GPU_CV 3227mW/4019mW VDD_SOC 2680mW/2803mW
09-27-2026 09:43:48 RAM 4061/7620MB (lfb 54x4MB) SWAP 383/12002MB (cached 0MB) CPU [100%@1728,21%@1728,21%@1728,20%@1728,22%@1728,21%@1728] GR3D_FREQ 0% cpu@55.718C soc2@54.343C soc0@53.656C gpu@55.343C tj@55.718C soc1@55.187C VDD_IN 9279mW/10604mW VDD_CPU_GPU_CV 2912mW/4007mW VDD_SOC 2680mW/2802mW
09-27-2026 09:43:48 RAM 4256/7620MB (lfb 36x4MB) SWAP 383/12002MB (cached 0MB) CPU [78%@1728,10%@1728,8%@1728,10%@1728,8%@1728,10%@1728] GR3D_FREQ 0% cpu@55.531C soc2@54.468C soc0@53.75C gpu@55.5C tj@55.531C soc1@55.187C VDD_IN 11178mW/10611mW VDD_CPU_GPU_CV 4197mW/4009mW VDD_SOC 2991mW/2804mW
09-27-2026 09:43:49 RAM 4261/7620MB (lfb 36x4MB) SWAP 383/12002MB (cached 0MB) CPU [100%@1728,34%@1728,34%@1728,32%@1728,32%@1728,30%@1728] GR3D_FREQ 0% cpu@55.562C soc2@54.343C soc0@53.781C gpu@55.718C tj@55.718C soc1@55.125C VDD_IN 9934mW/10603mW VDD_CPU_GPU_CV 3418mW/4003mW VDD_SOC 2759mW/2804mW
09-27-2026 09:43:49 RAM 4261/7620MB (lfb 36x4MB) SWAP 383/12002MB (cached 0MB) CPU [100%@1728,29%@1728,30%@1728,31%@1728,29%@1728,31%@1728] GR3D_FREQ 0% cpu@55.812C soc2@54.281C soc0@53.781C gpu@55.343C tj@55.437C soc1@55.312C VDD_IN 9477mW/10592mW VDD_CPU_GPU_CV 3188mW/3995mW VDD_SOC 2641mW/2802mW
09-27-2026 09:43:50 RAM 4103/7620MB (lfb 54x4MB) SWAP 383/12002MB (cached 0MB) CPU [90%@1728,6%@1728,6%@1728,6%@1728,6%@1728,6%@1728] GR3D_FREQ 64% cpu@55.312C soc2@54.312C soc0@53.656C gpu@56.656C tj@56.656C soc1@55.25C VDD_IN 10841mW/10594mW VDD_CPU_GPU_CV 4001mW/3995mW VDD_SOC 2912mW/2803mW
09-27-2026 09:43:50 RAM 4256/7620MB (lfb 36x4MB) SWAP 383/12002MB (cached 0MB) CPU [58%@1728,56%@1728,22%@1728,20%@1728,20%@1728,22%@1728] GR3D_FREQ 0% cpu@55.593C soc2@54.218C soc0@53.75C gpu@55.625C tj@55.625C soc1@55.125C VDD_IN 10447mW/10593mW VDD_CPU_GPU_CV 3811mW/3993mW VDD_SOC 2833mW/2803mW
09-27-2026 09:43:51 RAM 4257/7620MB (lfb 36x4MB) SWAP 383/12002MB (cached 0MB) CPU [32%@1728,64%@1728,34%@1728,70%@1728,33%@1728,31%@1728] GR3D_FREQ 0% cpu@55.562C soc2@54.375C soc0@53.843C gpu@55.375C tj@55.562C soc1@55.156C VDD_IN 9714mW/10584mW VDD_CPU_GPU_CV 3306mW/3986mW VDD_SOC 2720mW/2803mW
09-27-2026 09:43:51 RAM 3989/7620MB (lfb 53x4MB) SWAP 383/12002MB (cached 0MB) CPU [26%@1728,28%@1728,28%@1728,100%@1728,28%@1728,26%@1728] GR3D_FREQ 0% cpu@55.343C soc2@54.25C soc0@53.781C gpu@55.5C tj@55.5C soc1@55.406C VDD_IN 9358mW/10572mW VDD_CPU_GPU_CV 3070mW/3977mW VDD_SOC 2680mW/2801mW
09-27-2026 09:43:52 RAM 4136/7620MB (lfb 43x4MB) SWAP 383/12002MB (cached 0MB) CPU [1%@1728,0%@1728,0%@1728,69%@1728,0%@1728,0%@1728] GR3D_FREQ 45% cpu@55C soc2@54.343C soc0@53.781C gpu@56.406C tj@56.406C soc1@55.25C VDD_IN 11808mW/10584mW VDD_CPU_GPU_CV 4660mW/3983mW VDD_SOC 3104mW/2804mW
09-27-2026 09:43:52 RAM 4257/7620MB (lfb 36x4MB) SWAP 383/12002MB (cached 0MB) CPU [39%@1728,37%@1728,37%@1728,98%@1728,36%@1728,37%@1728] GR3D_FREQ 0% cpu@55.75C soc2@54.281C soc0@53.812C gpu@55.343C tj@55.75C soc1@55.187C VDD_IN 10053mW/10579mW VDD_CPU_GPU_CV 3575mW/3979mW VDD_SOC 2759mW/2804mW
09-27-2026 09:43:53 RAM 4253/7620MB (lfb 36x4MB) SWAP 383/12002MB (cached 0MB) CPU [46%@1728,98%@1728,22%@1728,42%@1728,49%@1728,50%@1728] GR3D_FREQ 0% cpu@55.343C soc2@54.343C soc0@53.843C gpu@55.718C tj@55.718C soc1@55.125C VDD_IN 9635mW/10569mW VDD_CPU_GPU_CV 3266mW/3973mW VDD_SOC 2680mW/2803mW
09-27-2026 09:43:53 RAM 3986/7620MB (lfb 56x4MB) SWAP 383/12002MB (cached 0MB) CPU [24%@1728,94%@1728,19%@1728,40%@1728,52%@1728,50%@1728] GR3D_FREQ 0% cpu@55.218C soc2@54.218C soc0@53.656C gpu@55.187C tj@55.218C soc1@55.062C VDD_IN 9398mW/10558mW VDD_CPU_GPU_CV 3148mW/3965mW VDD_SOC 2641mW/2801mW
09-27-2026 09:43:54 RAM 4140/7620MB (lfb 44x4MB) SWAP 383/12002MB (cached 0MB) CPU [15%@1728,12%@1728,13%@1728,8%@1728,72%@1728,44%@1728] GR3D_FREQ 52% cpu@55C soc2@54.343C soc0@53.812C gpu@56.531C tj@56.531C soc1@55.156C VDD_IN 11886mW/10571mW VDD_CPU_GPU_CV 4817mW/3973mW VDD_SOC 3065mW/2804mW
09-27-2026 09:43:54 RAM 4262/7620MB (lfb 36x4MB) SWAP 383/12002MB (cached 0MB) CPU [32%@1728,31%@1728,32%@1728,31%@1728,97%@1728,33%@1728] GR3D_FREQ 0% cpu@55.937C soc2@54.187C soc0@53.718C gpu@55.562C tj@55.937C soc1@55.187C VDD_IN 10250mW/10568mW VDD_CPU_GPU_CV 3693mW/3970mW VDD_SOC 2794mW/2804mW
09-27-2026 09:43:55 RAM 4258/7620MB (lfb 36x4MB) SWAP 383/12002MB (cached 0MB) CPU [40%@1728,30%@1728,40%@1728,39%@1728,98%@1728,43%@1728] GR3D_FREQ 0% cpu@55.718C soc2@54.093C soc0@53.593C gpu@55.312C tj@55.718C soc1@55.281C VDD_IN 9635mW/10559mW VDD_CPU_GPU_CV 3345mW/3964mW VDD_SOC 2680mW/2802mW
09-27-2026 09:43:55 RAM 4054/7620MB (lfb 56x4MB) SWAP 383/12002MB (cached 0MB) CPU [18%@1728,20%@1728,18%@1728,22%@1728,100%@1728,22%@1728] GR3D_FREQ 0% cpu@55.593C soc2@54.156C soc0@53.875C gpu@55.406C tj@55.593C soc1@55.156C VDD_IN 9319mW/10548mW VDD_CPU_GPU_CV 2952mW/3955mW VDD_SOC 2680mW/2801mW
09-27-2026 09:43:56 RAM 4261/7620MB (lfb 36x4MB) SWAP 383/12002MB (cached 0MB) CPU [9%@1728,8%@1728,9%@1728,7%@1728,28%@1728,50%@1728] GR3D_FREQ 0% cpu@55.281C soc2@54.281C soc0@53.718C gpu@55.625C tj@55.625C soc1@55.062C VDD_IN 11335mW/10555mW VDD_CPU_GPU_CV 4354mW/3959mW VDD_SOC 3025mW/2803mW
09-27-2026 09:43:56 RAM 4261/7620MB (lfb 36x4MB) SWAP 383/12002MB (cached 0MB) CPU [32%@1728,34%@1728,34%@1728,35%@1728,35%@1728,100%@1728] GR3D_FREQ 0% cpu@55.531C soc2@54.343C soc0@53.593C gpu@55.218C tj@55.531C soc1@55.25C VDD_IN 9934mW/10549mW VDD_CPU_GPU_CV 3497mW/3954mW VDD_SOC 2759mW/2803mW
09-27-2026 09:43:57 RAM 4259/7620MB (lfb 36x4MB) SWAP 383/12002MB (cached 0MB) CPU [37%@1728,36%@1728,35%@1728,35%@1728,36%@1728,98%@1728] GR3D_FREQ 0% cpu@55.562C soc2@54.25C soc0@53.687C gpu@55.593C tj@55.593C soc1@55.218C VDD_IN 9556mW/10540mW VDD_CPU_GPU_CV 3266mW/3948mW VDD_SOC 2680mW/2802mW
09-27-2026 09:43:57 RAM 4100/7620MB (lfb 53x4MB) SWAP 383/12002MB (cached 0MB) CPU [11%@1728,10%@1728,11%@1728,10%@1728,11%@1728,94%@1728] GR3D_FREQ 64% cpu@54.937C soc2@54.25C soc0@53.843C gpu@56.281C tj@56.062C soc1@55.125C VDD_IN 10407mW/10539mW VDD_CPU_GPU_CV 3693mW/3946mW VDD_SOC 2873mW/2802mW
09-27-2026 09:43:58 RAM 4258/7620MB (lfb 36x4MB) SWAP 383/12002MB (cached 0MB) CPU [25%@1728,25%@1728,23%@1728,23%@1728,21%@1728,86%@1728] GR3D_FREQ 0% cpu@55.281C soc2@54.25C soc0@53.812C gpu@55.687C tj@55.687C soc1@55.093C VDD_IN 10605mW/10540mW VDD_CPU_GPU_CV 3923mW/3946mW VDD_SOC 2873mW/2803mW
09-27-2026 09:43:58 RAM 4258/7620MB (lfb 36x4MB) SWAP 383/12002MB (cached 0MB) CPU [35%@1728,35%@1728,38%@1728,35%@1728,36%@1728,98%@1728] GR3D_FREQ 0% cpu@55.156C soc2@54.25C soc0@53.687C gpu@55.468C tj@55.468C soc1@55.281C VDD_IN 9793mW/10533mW VDD_CPU_GPU_CV 3379mW/3941mW VDD_SOC 2720mW/2802mW
09-27-2026 09:43:59 RAM 3993/7620MB (lfb 55x4MB) SWAP 383/12002MB (cached 0MB) CPU [30%@1728,28%@1728,28%@1728,30%@1728,29%@1728,100%@1728] GR3D_FREQ 0% cpu@55.281C soc2@54.156C soc0@53.625C gpu@55.281C tj@55.281C soc1@55.156C VDD_IN 9437mW/10524mW VDD_CPU_GPU_CV 3109mW/3933mW VDD_SOC 2680mW/2801mW
09-27-2026 09:43:59 RAM 4258/7620MB (lfb 36x4MB) SWAP 383/12002MB (cached 0MB) CPU [5%@1728,3%@1728,5%@1728,2%@1728,0%@1728,80%@1728] GR3D_FREQ 0% cpu@55.218C soc2@54.312C soc0@53.625C gpu@55.812C tj@55.843C soc1@55.156C VDD_IN 11847mW/10535mW VDD_CPU_GPU_CV 4660mW/3940mW VDD_SOC 3104mW/2804mW
09-27-2026 09:44:00 RAM 4258/7620MB (lfb 36x4MB) SWAP 383/12002MB (cached 0MB) CPU [30%@1728,30%@1728,31%@1728,29%@1728,32%@1728,100%@1728] GR3D_FREQ 0% cpu@55.375C soc2@54.312C soc0@53.843C gpu@55.468C tj@55.468C soc1@55.125C VDD_IN 10092mW/10531mW VDD_CPU_GPU_CV 3575mW/3937mW VDD_SOC 2759mW/2803mW
09-27-2026 09:44:00 RAM 4258/7620MB (lfb 36x4MB) SWAP 383/12002MB (cached 0MB) CPU [32%@1728,34%@1728,34%@1728,35%@1728,32%@1728,100%@1728] GR3D_FREQ 0% cpu@55.312C soc2@54.156C soc0@53.843C gpu@55.125C tj@55.312C soc1@55.062C VDD_IN 9595mW/10523mW VDD_CPU_GPU_CV 3266mW/3931mW VDD_SOC 2680mW/2802mW
09-27-2026 09:44:01 RAM 4100/7620MB (lfb 53x4MB) SWAP 383/12002MB (cached 0MB) CPU [17%@1728,20%@1728,18%@1728,17%@1728,17%@1728,98%@1728] GR3D_FREQ 0% cpu@54.843C soc2@54.062C soc0@53.656C gpu@55.781C tj@55.781C soc1@55.218C VDD_IN 9437mW/10514mW VDD_CPU_GPU_CV 2991mW/3923mW VDD_SOC 2720mW/2802mW
09-27-2026 09:44:01 RAM 4260/7620MB (lfb 36x4MB) SWAP 383/12002MB (cached 0MB) CPU [13%@1728,12%@1728,14%@1728,13%@1728,46%@1728,37%@1728] GR3D_FREQ 0% cpu@55.843C soc2@54.156C soc0@53.687C gpu@55.656C tj@55.843C soc1@55.125C VDD_IN 10959mW/10518mW VDD_CPU_GPU_CV 4080mW/3924mW VDD_SOC 2952mW/2803mW
09-27-2026 09:44:02 RAM 4260/7620MB (lfb 36x4MB) SWAP 383/12002MB (cached 0MB) CPU [34%@1728,34%@1728,32%@1728,36%@1728,98%@1728,35%@1728] GR3D_FREQ 0% cpu@55.687C soc2@54.218C soc0@53.625C gpu@55.687C tj@55.687C soc1@55.125C VDD_IN 9911mW/10513mW VDD_CPU_GPU_CV 3418mW/3920mW VDD_SOC 2759mW/2803mW
09-27-2026 09:44:02 RAM 4260/7620MB (lfb 36x4MB) SWAP 383/12002MB (cached 0MB) CPU [36%@1728,34%@1728,35%@1728,34%@1728,100%@1728,34%@1728] GR3D_FREQ 0% cpu@55.562C soc2@54.218C soc0@53.75C gpu@55.375C tj@55.562C soc1@55.156C VDD_IN 9516mW/10505mW VDD_CPU_GPU_CV 3227mW/3914mW VDD_SOC 2641mW/2801mW
09-27-2026 09:44:03 RAM 4097/7620MB (lfb 54x4MB) SWAP 383/12002MB (cached 0MB) CPU [4%@1728,4%@1728,4%@1728,3%@1728,82%@1728,4%@1728] GR3D_FREQ 67% cpu@54.875C soc2@54.218C soc0@53.75C gpu@56.25C tj@56.25C soc1@55.093C VDD_IN 10959mW/10508mW VDD_CPU_GPU_CV 4080mW/3916mW VDD_SOC 2952mW/2803mW
09-27-2026 09:44:03 RAM 4255/7620MB (lfb 36x4MB) SWAP 383/12002MB (cached 0MB) CPU [25%@1728,28%@1728,28%@1728,24%@1728,27%@1728,84%@1728] GR3D_FREQ 0% cpu@55.5C soc2@54.25C soc0@53.843C gpu@55.312C tj@55.5C soc1@55.281C VDD_IN 10447mW/10508mW VDD_CPU_GPU_CV 3772mW/3915mW VDD_SOC 2833mW/2803mW
09-27-2026 09:44:04 RAM 4255/7620MB (lfb 36x4MB) SWAP 383/12002MB (cached 0MB) CPU [34%@1728,34%@1728,35%@1728,36%@1728,35%@1728,100%@1728] GR3D_FREQ 0% cpu@55.406C soc2@54.156C soc0@53.718C gpu@55.281C tj@55.406C soc1@55.156C VDD_IN 9753mW/10502mW VDD_CPU_GPU_CV 3340mW/3910mW VDD_SOC 2720mW/2802mW
09-27-2026 09:44:04 RAM 4386/7620MB (lfb 11x4MB) SWAP 383/12002MB (cached 0MB) CPU [38%@1728,42%@1728,42%@1728,44%@1728,39%@1728,96%@1728] GR3D_FREQ 0% cpu@55.968C soc2@54.156C soc0@53.593C gpu@55.375C tj@55.968C soc1@55.156C VDD_IN 10171mW/10499mW VDD_CPU_GPU_CV 3340mW/3906mW VDD_SOC 2912mW/2803mW
09-27-2026 09:44:05 RAM 4472/7620MB (lfb 81x1MB) SWAP 383/12002MB (cached 0MB) CPU [100%@1728,100%@1728,100%@1728,100%@1728,100%@1728,100%@1728] GR3D_FREQ 0% cpu@57.531C soc2@54.906C soc0@53.812C gpu@55.562C tj@57.562C soc1@55.156C VDD_IN 13164mW/10520mW VDD_CPU_GPU_CV 6285mW/3924mW VDD_SOC 2863mW/2803mW
09-27-2026 09:44:05 RAM 4472/7620MB (lfb 81x1MB) SWAP 383/12002MB (cached 0MB) CPU [100%@1728,100%@1728,100%@1728,100%@1728,100%@1728,100%@1728] GR3D_FREQ 0% cpu@57.656C soc2@55.125C soc0@53.906C gpu@55.687C tj@57.656C soc1@55.281C VDD_IN 14005mW/10547mW VDD_CPU_GPU_CV 7210mW/3950mW VDD_SOC 2820mW/2804mW
09-27-2026 09:44:06 RAM 4821/7620MB (lfb 75x1MB) SWAP 383/12002MB (cached 0MB) CPU [100%@1728,100%@1728,100%@1728,100%@1728,100%@1728,100%@1728] GR3D_FREQ 0% cpu@57.593C soc2@55.218C soc0@53.812C gpu@55.812C tj@57.593C soc1@55.562C VDD_IN 14123mW/10575mW VDD_CPU_GPU_CV 7171mW/3975mW VDD_SOC 2898mW/2804mW
09-27-2026 09:44:06 RAM 4821/7620MB (lfb 75x1MB) SWAP 383/12002MB (cached 0MB) CPU [100%@1728,100%@1728,100%@1728,100%@1728,100%@1728,100%@1728] GR3D_FREQ 0% cpu@58C soc2@55.281C soc0@53.968C gpu@56.406C tj@58C soc1@55.531C VDD_IN 14296mW/10604mW VDD_CPU_GPU_CV 7483mW/4002mW VDD_SOC 2820mW/2804mW
09-27-2026 09:44:07 RAM 4821/7620MB (lfb 75x1MB) SWAP 383/12002MB (cached 0MB) CPU [100%@1728,100%@1728,100%@1728,100%@1728,100%@1728,100%@1728] GR3D_FREQ 0% cpu@57.093C soc2@55.281C soc0@53.937C gpu@56.187C tj@57.093C soc1@55.562C VDD_IN 13927mW/10629mW VDD_CPU_GPU_CV 7171mW/4026mW VDD_SOC 2780mW/2804mW
09-27-2026 09:44:07 RAM 4470/7620MB (lfb 82x1MB) SWAP 383/12002MB (cached 0MB) CPU [96%@1728,96%@1728,95%@1728,92%@1728,96%@1728,92%@1728] GR3D_FREQ 0% cpu@58.093C soc2@55.312C soc0@54.187C gpu@56.031C tj@58.093C soc1@55.531C VDD_IN 13770mW/10653mW VDD_CPU_GPU_CV 6832mW/4047mW VDD_SOC 2898mW/2805mW
09-27-2026 09:44:08 RAM 4470/7620MB (lfb 82x1MB) SWAP 383/12002MB (cached 0MB) CPU [100%@1728,100%@1728,100%@1728,100%@1728,100%@1728,100%@1728] GR3D_FREQ 0% cpu@58.093C soc2@55.531C soc0@54.187C gpu@56.062C tj@58.093C soc1@55.593C VDD_IN 14201mW/10680mW VDD_CPU_GPU_CV 7366mW/4072mW VDD_SOC 2859mW/2805mW
09-27-2026 09:44:08 RAM 4822/7620MB (lfb 75x1MB) SWAP 383/12002MB (cached 0MB) CPU [100%@1728,100%@1728,100%@1728,100%@1728,100%@1728,100%@1728] GR3D_FREQ 0% cpu@57.812C soc2@55.375C soc0@54.156C gpu@56.125C tj@57.812C soc1@55.968C VDD_IN 14123mW/10705mW VDD_CPU_GPU_CV 7054mW/4095mW VDD_SOC 2937mW/2806mW
09-27-2026 09:44:09 RAM 4822/7620MB (lfb 75x1MB) SWAP 383/12002MB (cached 0MB) CPU [100%@1728,100%@1728,100%@1728,100%@1728,100%@1728,100%@1728] GR3D_FREQ 0% cpu@58.281C soc2@55.562C soc0@54.218C gpu@56.718C tj@58.281C soc1@55.812C VDD_IN 14257mW/10732mW VDD_CPU_GPU_CV 7444mW/4119mW VDD_SOC 2859mW/2807mW
09-27-2026 09:44:09 RAM 4822/7620MB (lfb 75x1MB) SWAP 383/12002MB (cached 0MB) CPU [100%@1728,100%@1728,100%@1728,100%@1728,100%@1728,100%@1728] GR3D_FREQ 0% cpu@58.531C soc2@55.625C soc0@54.125C gpu@56.531C tj@58.531C soc1@55.781C VDD_IN 14335mW/10758mW VDD_CPU_GPU_CV 7561mW/4145mW VDD_SOC 2820mW/2807mW
09-27-2026 09:44:10 RAM 3966/7620MB (lfb 56x4MB) SWAP 383/12002MB (cached 0MB) CPU [92%@1728,92%@1728,90%@1728,92%@1728,97%@1728,90%@1728] GR3D_FREQ 0% cpu@56.875C soc2@55.343C soc0@54.375C gpu@56.375C tj@56.875C soc1@55.937C VDD_IN 12849mW/10773mW VDD_CPU_GPU_CV 6100mW/4159mW VDD_SOC 2824mW/2807mW
09-27-2026 09:44:10 RAM 4115/7620MB (lfb 41x4MB) SWAP 383/12002MB (cached 0MB) CPU [1%@1728,0%@1728,0%@1728,0%@1728,71%@1728,0%@1728] GR3D_FREQ 44% cpu@55.687C soc2@55.093C soc0@54.375C gpu@57.218C tj@57.218C soc1@55.968C VDD_IN 12692mW/10787mW VDD_CPU_GPU_CV 5474mW/4168mW VDD_SOC 3099mW/2809mW
09-27-2026 09:44:11 RAM 4034/7620MB (lfb 57x4MB) SWAP 383/12002MB (cached 0MB) CPU [56%@1728,56%@1728,54%@1728,54%@1728,92%@1728,54%@1728] GR3D_FREQ 0% cpu@56.562C soc2@54.843C soc0@54.218C gpu@56.125C tj@56.562C soc1@55.718C VDD_IN 10605mW/10786mW VDD_CPU_GPU_CV 3811mW/4166mW VDD_SOC 2873mW/2810mW
09-27-2026 09:44:11 RAM 4273/7620MB (lfb 36x4MB) SWAP 383/12002MB (cached 0MB) CPU [19%@1728,19%@1728,21%@1728,19%@1728,78%@1728,19%@1728] GR3D_FREQ 0% cpu@56.281C soc2@54.875C soc0@54.156C gpu@56.156C tj@56.281C soc1@55.656C VDD_IN 11729mW/10793mW VDD_CPU_GPU_CV 4543mW/4169mW VDD_SOC 3104mW/2812mW
09-27-2026 09:44:12 RAM 4116/7620MB (lfb 50x4MB) SWAP 383/12002MB (cached 0MB) CPU [33%@1728,33%@1728,32%@1728,32%@1728,88%@1728,34%@1728] GR3D_FREQ 64% cpu@55.687C soc2@54.781C soc0@54.375C gpu@57.187C tj@57.187C soc1@55.625C VDD_IN 11926mW/10801mW VDD_CPU_GPU_CV 4700mW/4172mW VDD_SOC 3104mW/2814mW
09-27-2026 09:44:12 RAM 4042/7620MB (lfb 57x4MB) SWAP 383/12002MB (cached 0MB) CPU [54%@1728,54%@1728,52%@1728,54%@1728,92%@1728,52%@1728] GR3D_FREQ 0% cpu@56.093C soc2@54.843C soc0@54.343C gpu@56.062C tj@56.093C soc1@55.625C VDD_IN 10999mW/10802mW VDD_CPU_GPU_CV 4001mW/4171mW VDD_SOC 2952mW/2815mW
09-27-2026 09:44:13 RAM 4274/7620MB (lfb 36x4MB) SWAP 383/12002MB (cached 0MB) CPU [10%@1728,9%@1728,10%@1728,9%@1728,78%@1728,10%@1728] GR3D_FREQ 0% cpu@56.218C soc2@54.843C soc0@54.375C gpu@56.218C tj@56.218C soc1@55.687C VDD_IN 11985mW/10810mW VDD_CPU_GPU_CV 4739mW/4175mW VDD_SOC 3143mW/2817mW
09-27-2026 09:44:13 RAM 4115/7620MB (lfb 50x4MB) SWAP 383/12002MB (cached 0MB) CPU [45%@1728,45%@1728,44%@1728,45%@1728,94%@1728,44%@1728] GR3D_FREQ 66% cpu@55.75C soc2@54.75C soc0@54.125C gpu@56.75C tj@56.75C soc1@55.625C VDD_IN 11256mW/10813mW VDD_CPU_GPU_CV 4237mW/4176mW VDD_SOC 3025mW/2818mW
09-27-2026 09:44:14 RAM 4005/7620MB (lfb 57x4MB) SWAP 383/12002MB (cached 0MB) CPU [52%@1728,52%@1728,52%@1728,52%@1728,86%@1728,50%@1728] GR3D_FREQ 0% cpu@56.218C soc2@54.843C soc0@54.093C gpu@56.25C tj@56.25C soc1@55.562C VDD_IN 11335mW/10817mW VDD_CPU_GPU_CV 4315mW/4177mW VDD_SOC 2986mW/2820mW
09-27-2026 09:44:14 RAM 4271/7620MB (lfb 36x4MB) SWAP 383/12002MB (cached 0MB) CPU [0%@1728,0%@1728,1%@1728,0%@1728,60%@1728,21%@1728] GR3D_FREQ 0% cpu@55.531C soc2@54.906C soc0@54.343C gpu@56.906C tj@56.906C soc1@55.562C VDD_IN 12378mW/10828mW VDD_CPU_GPU_CV 5052mW/4182mW VDD_SOC 3217mW/2822mW
09-27-2026 09:44:15 RAM 4110/7620MB (lfb 51x4MB) SWAP 383/12002MB (cached 0MB) CPU [54%@1728,54%@1728,54%@1728,55%@1728,52%@1728,100%@1728] GR3D_FREQ 18% cpu@55.468C soc2@54.75C soc0@54.312C gpu@56.437C tj@56.437C soc1@55.781C VDD_IN 10565mW/10826mW VDD_CPU_GPU_CV 3693mW/4179mW VDD_SOC 2912mW/2823mW
09-27-2026 09:44:15 RAM 4270/7620MB (lfb 36x4MB) SWAP 383/12002MB (cached 0MB) CPU [40%@1728,37%@1728,37%@1728,38%@1728,38%@1728,80%@1728] GR3D_FREQ 0% cpu@56.281C soc2@54.843C soc0@54.187C gpu@56.187C tj@56.281C soc1@55.75C VDD_IN 11532mW/10831mW VDD_CPU_GPU_CV 4472mW/4181mW VDD_SOC 3025mW/2824mW
09-27-2026 09:44:16 RAM 4108/7620MB (lfb 53x4MB) SWAP 383/12002MB (cached 0MB) CPU [16%@1728,17%@1728,16%@1728,15%@1728,16%@1728,82%@1728] GR3D_FREQ 63% cpu@55.812C soc2@54.781C soc0@54.218C gpu@57.031C tj@57.031C soc1@55.625C VDD_IN 12417mW/10841mW VDD_CPU_GPU_CV 5091mW/4187mW VDD_SOC 3177mW/2827mW
09-27-2026 09:44:16 RAM 4075/7620MB (lfb 53x4MB) SWAP 383/12002MB (cached 0MB) CPU [54%@1728,52%@1728,52%@1728,54%@1728,52%@1728,96%@1728] GR3D_FREQ 0% cpu@55.718C soc2@54.75C soc0@54.406C gpu@56.406C tj@56.406C soc1@55.593C VDD_IN 10683mW/10840mW VDD_CPU_GPU_CV 3805mW/4185mW VDD_SOC 2912mW/2827mW
09-27-2026 09:44:17 RAM 4266/7620MB (lfb 36x4MB) SWAP 383/12002MB (cached 0MB) CPU [23%@1728,23%@1728,22%@1728,25%@1728,55%@1728,49%@1728] GR3D_FREQ 0% cpu@56.437C soc2@54.843C soc0@54.375C gpu@56.125C tj@56.437C soc1@55.593C VDD_IN 11768mW/10846mW VDD_CPU_GPU_CV 4582mW/4187mW VDD_SOC 3065mW/2829mW
09-27-2026 09:44:17 RAM 4108/7620MB (lfb 51x4MB) SWAP 383/12002MB (cached 0MB) CPU [32%@1728,32%@1728,32%@1728,30%@1728,88%@1728,30%@1728] GR3D_FREQ 65% cpu@55.812C soc2@54.75C soc0@54.312C gpu@57.406C tj@57.406C soc1@55.687C VDD_IN 11808mW/10853mW VDD_CPU_GPU_CV 4660mW/4190mW VDD_SOC 3104mW/2831mW
09-27-2026 09:44:18 RAM 4027/7620MB (lfb 56x4MB) SWAP 383/12002MB (cached 0MB) CPU [52%@1728,52%@1728,52%@1728,54%@1728,90%@1728,55%@1728] GR3D_FREQ 0% cpu@56.437C soc2@54.843C soc0@54.281C gpu@56.218C tj@56.437C soc1@55.593C VDD_IN 11020mW/10854mW VDD_CPU_GPU_CV 4080mW/4190mW VDD_SOC 2952mW/2831mW
09-27-2026 09:44:18 RAM 4266/7620MB (lfb 36x4MB) SWAP 383/12002MB (cached 0MB) CPU [8%@1728,8%@1728,7%@1728,6%@1728,80%@1728,6%@1728] GR3D_FREQ 0% cpu@56.156C soc2@54.906C soc0@54.437C gpu@56.375C tj@56.406C soc1@55.718C VDD_IN 12083mW/10862mW VDD_CPU_GPU_CV 4778mW/4194mW VDD_SOC 3143mW/2833mW
09-27-2026 09:44:19 RAM 4108/7620MB (lfb 51x4MB) SWAP 383/12002MB (cached 0MB) CPU [47%@1728,46%@1728,48%@1728,47%@1728,94%@1728,47%@1728] GR3D_FREQ 66% cpu@55.562C soc2@54.843C soc0@54.343C gpu@56.781C tj@56.781C soc1@55.531C VDD_IN 11138mW/10864mW VDD_CPU_GPU_CV 4119mW/4193mW VDD_SOC 2991mW/2834mW
09-27-2026 09:44:19 RAM 4007/7620MB (lfb 56x4MB) SWAP 383/12002MB (cached 0MB) CPU [50%@1728,49%@1728,48%@1728,50%@1728,86%@1728,49%@1728] GR3D_FREQ 0% cpu@56.281C soc2@54.937C soc0@54.437C gpu@56.187C tj@56.281C soc1@55.781C VDD_IN 11414mW/10867mW VDD_CPU_GPU_CV 4354mW/4194mW VDD_SOC 3025mW/2836mW
09-27-2026 09:44:20 RAM 4469/7620MB (lfb 1x2MB) SWAP 383/12002MB (cached 0MB) CPU [94%@1728,96%@1728,94%@1728,92%@1728,96%@1728,98%@1728] GR3D_FREQ 0% cpu@58C soc2@55.468C soc0@54.343C gpu@56.125C tj@58C soc1@55.812C VDD_IN 13338mW/10883mW VDD_CPU_GPU_CV 6324mW/4208mW VDD_SOC 2942mW/2836mW
09-27-2026 09:44:20 RAM 4469/7620MB (lfb 1x2MB) SWAP 383/12002MB (cached 0MB) CPU [100%@1728,100%@1728,100%@1728,100%@1728,100%@1728,100%@1728] GR3D_FREQ 0% cpu@58.406C soc2@55.656C soc0@54.281C gpu@56.75C tj@58.406C soc1@55.875C VDD_IN 14084mW/10903mW VDD_CPU_GPU_CV 7210mW/4227mW VDD_SOC 2859mW/2836mW
09-27-2026 09:44:21 RAM 4822/7620MB (lfb 75x1MB) SWAP 383/12002MB (cached 0MB) CPU [100%@1728,100%@1728,100%@1728,100%@1728,100%@1728,100%@1728] GR3D_FREQ 0% cpu@58.312C soc2@55.781C soc0@54.375C gpu@56.656C tj@58.312C soc1@55.875C VDD_IN 14123mW/10923mW VDD_CPU_GPU_CV 7093mW/4245mW VDD_SOC 2898mW/2837mW
09-27-2026 09:44:22 RAM 4822/7620MB (lfb 1x2MB) SWAP 383/12002MB (cached 0MB) CPU [100%@1728,100%@1728,100%@1728,100%@1728,100%@1728,100%@1728] GR3D_FREQ 0% cpu@58.312C soc2@55.843C soc0@54.468C gpu@56.968C tj@58.562C soc1@55.968C VDD_IN 14296mW/10945mW VDD_CPU_GPU_CV 7444mW/4265mW VDD_SOC 2859mW/2837mW
09-27-2026 09:44:22 RAM 4822/7620MB (lfb 1x2MB) SWAP 383/12002MB (cached 0MB) CPU [100%@1728,100%@1728,100%@1728,100%@1728,100%@1728,100%@1728] GR3D_FREQ 0% cpu@58.468C soc2@55.906C soc0@54.562C gpu@56.75C tj@58.468C soc1@56.312C VDD_IN 14335mW/10966mW VDD_CPU_GPU_CV 7561mW/4285mW VDD_SOC 2820mW/2837mW
09-27-2026 09:44:23 RAM 4472/7620MB (lfb 1x4MB) SWAP 383/12002MB (cached 0MB) CPU [96%@1728,96%@1728,94%@1728,96%@1728,100%@1728,92%@1728] GR3D_FREQ 0% cpu@58.531C soc2@55.812C soc0@54.531C gpu@56.562C tj@58.531C soc1@56.125C VDD_IN 13613mW/10982mW VDD_CPU_GPU_CV 6597mW/4299mW VDD_SOC 2898mW/2837mW
09-27-2026 09:44:23 RAM 4472/7620MB (lfb 1x4MB) SWAP 383/12002MB (cached 0MB) CPU [100%@1728,100%@1728,100%@1728,100%@1728,100%@1728,100%@1728] GR3D_FREQ 0% cpu@58.812C soc2@55.906C soc0@54.562C gpu@57.031C tj@58.812C soc1@56.281C VDD_IN 14139mW/11001mW VDD_CPU_GPU_CV 7327mW/4318mW VDD_SOC 2859mW/2837mW
09-27-2026 09:44:24 RAM 4472/7620MB (lfb 1x4MB) SWAP 383/12002MB (cached 0MB) CPU [100%@1728,100%@1728,100%@1728,100%@1728,100%@1728,100%@1728] GR3D_FREQ 0% cpu@58.531C soc2@56.062C soc0@54.812C gpu@56.875C tj@58.531C soc1@56.156C VDD_IN 14257mW/11021mW VDD_CPU_GPU_CV 7483mW/4337mW VDD_SOC 2820mW/2837mW
09-27-2026 09:44:24 RAM 4824/7620MB (lfb 69x1MB) SWAP 383/12002MB (cached 0MB) CPU [100%@1728,100%@1728,100%@1728,100%@1728,100%@1728,100%@1728] GR3D_FREQ 0% cpu@58.687C soc2@56.031C soc0@54.656C gpu@57.093C tj@58.687C soc1@56.156C VDD_IN 14257mW/11041mW VDD_CPU_GPU_CV 7366mW/4356mW VDD_SOC 2859mW/2837mW
09-27-2026 09:44:25 RAM 4827/7620MB (lfb 69x1MB) SWAP 383/12002MB (cached 0MB) CPU [100%@1728,100%@1728,100%@1728,100%@1728,100%@1728,100%@1728] GR3D_FREQ 0% cpu@58.781C soc2@56.093C soc0@54.75C gpu@57C tj@58.781C soc1@56.437C VDD_IN 14335mW/11061mW VDD_CPU_GPU_CV 7522mW/4375mW VDD_SOC 2820mW/2837mW
09-27-2026 09:44:25 RAM 4821/7620MB (lfb 4x2MB) SWAP 383/12002MB (cached 0MB) CPU [100%@1728,100%@1728,95%@1728,98%@1728,100%@1728,100%@1728] GR3D_FREQ 0% cpu@58.062C soc2@55.875C soc0@54.656C gpu@56.781C tj@58.062C soc1@56.437C VDD_IN 13085mW/11073mW VDD_CPU_GPU_CV 6402mW/4387mW VDD_SOC 2785mW/2837mW
09-27-2026 09:44:26 RAM 4071/7620MB (lfb 51x4MB) SWAP 383/12002MB (cached 0MB) CPU [42%@1728,86%@1728,45%@1728,44%@1728,47%@1728,50%@1728] GR3D_FREQ 0% cpu@56.718C soc2@55.468C soc0@54.718C gpu@56.718C tj@56.718C soc1@56.25C VDD_IN 11020mW/11072mW VDD_CPU_GPU_CV 4393mW/4387mW VDD_SOC 2794mW/2837mW
09-27-2026 09:44:26 RAM 4227/7620MB (lfb 36x4MB) SWAP 383/12002MB (cached 0MB) CPU [7%@1728,77%@1728,5%@1728,3%@1728,1%@1728,1%@1728] GR3D_FREQ 0% cpu@56.343C soc2@55.343C soc0@54.781C gpu@56.781C tj@56.781C soc1@56.375C VDD_IN 11689mW/11076mW VDD_CPU_GPU_CV 4621mW/4388mW VDD_SOC 3025mW/2838mW
09-27-2026 09:44:27 RAM 4071/7620MB (lfb 51x4MB) SWAP 383/12002MB (cached 0MB) CPU [52%@1728,50%@1728,50%@1728,50%@1728,97%@1728,52%@1728] GR3D_FREQ 58% cpu@56.687C soc2@55.281C soc0@54.625C gpu@57.031C tj@57.031C soc1@56.156C VDD_IN 10683mW/11074mW VDD_CPU_GPU_CV 3844mW/4385mW VDD_SOC 2912mW/2838mW
09-27-2026 09:44:27 RAM 3989/7620MB (lfb 56x4MB) SWAP 383/12002MB (cached 0MB) CPU [42%@1728,41%@1728,42%@1728,41%@1728,90%@1728,40%@1728] GR3D_FREQ 0% cpu@57C soc2@55.312C soc0@54.656C gpu@56.562C tj@57C soc1@56.093C VDD_IN 11414mW/11076mW VDD_CPU_GPU_CV 4393mW/4385mW VDD_SOC 3025mW/2839mW
09-27-2026 09:44:28 RAM 4138/7620MB (lfb 43x4MB) SWAP 383/12002MB (cached 0MB) CPU [11%@1728,11%@1728,10%@1728,11%@1728,88%@1728,11%@1728] GR3D_FREQ 59% cpu@56.25C soc2@55.375C soc0@54.937C gpu@57.875C tj@57.875C soc1@56.031C VDD_IN 12417mW/11084mW VDD_CPU_GPU_CV 5044mW/4389mW VDD_SOC 3182mW/2841mW
09-27-2026 09:44:28 RAM 4070/7620MB (lfb 57x4MB) SWAP 383/12002MB (cached 0MB) CPU [53%@1728,52%@1728,52%@1728,52%@1728,98%@1728,52%@1728] GR3D_FREQ 0% cpu@56.531C soc2@55.281C soc0@54.75C gpu@56.656C tj@56.656C soc1@55.968C VDD_IN 10683mW/11081mW VDD_CPU_GPU_CV 3766mW/4385mW VDD_SOC 2912mW/2842mW
09-27-2026 09:44:29 RAM 4258/7620MB (lfb 36x4MB) SWAP 383/12002MB (cached 0MB) CPU [22%@1728,22%@1728,22%@1728,22%@1728,85%@1728,22%@1728] GR3D_FREQ 0% cpu@57.125C soc2@55.312C soc0@54.75C gpu@56.656C tj@57.125C soc1@56.125C VDD_IN 11847mW/11086mW VDD_CPU_GPU_CV 4621mW/4387mW VDD_SOC 3104mW/2843mW
09-27-2026 09:44:29 RAM 4121/7620MB (lfb 47x4MB) SWAP 383/12002MB (cached 0MB) CPU [34%@1728,31%@1728,31%@1728,31%@1728,94%@1728,31%@1728] GR3D_FREQ 59% cpu@56.218C soc2@55.125C soc0@54.562C gpu@57.375C tj@57.375C soc1@56.031C VDD_IN 11847mW/11090mW VDD_CPU_GPU_CV 4582mW/4388mW VDD_SOC 3065mW/2845mW
09-27-2026 09:44:30 RAM 4010/7620MB (lfb 57x4MB) SWAP 383/12002MB (cached 0MB) CPU [54%@1728,54%@1728,54%@1728,54%@1728,92%@1728,54%@1728] GR3D_FREQ 0% cpu@56.687C soc2@55.187C soc0@54.781C gpu@56.562C tj@56.687C soc1@56.031C VDD_IN 11138mW/11090mW VDD_CPU_GPU_CV 4158mW/4387mW VDD_SOC 2947mW/2845mW
09-27-2026 09:44:30 RAM 4259/7620MB (lfb 36x4MB) SWAP 383/12002MB (cached 0MB) CPU [1%@1728,1%@1728,1%@1728,0%@1728,48%@1728,41%@1728] GR3D_FREQ 0% cpu@56C soc2@55.218C soc0@54.812C gpu@56.656C tj@56.656C soc1@55.937C VDD_IN 12260mW/11097mW VDD_CPU_GPU_CV 4896mW/4389mW VDD_SOC 3177mW/2847mW
09-27-2026 09:44:31 RAM 4106/7620MB (lfb 51x4MB) SWAP 383/12002MB (cached 0MB) CPU [52%@1728,52%@1728,52%@1728,52%@1728,52%@1728,98%@1728] GR3D_FREQ 60% cpu@55.875C soc2@55.125C soc0@54.656C gpu@57.375C tj@57.375C soc1@56.125C VDD_IN 10881mW/11096mW VDD_CPU_GPU_CV 3923mW/4387mW VDD_SOC 2952mW/2848mW
09-27-2026 09:44:31 RAM 3990/7620MB (lfb 57x4MB) SWAP 383/12002MB (cached 0MB) CPU [43%@1728,41%@1728,41%@1728,41%@1728,84%@1728,45%@1728] GR3D_FREQ 0% cpu@56.812C soc2@55.312C soc0@54.625C gpu@56.625C tj@56.812C soc1@56.093C VDD_IN 11532mW/11098mW VDD_CPU_GPU_CV 4472mW/4387mW VDD_SOC 3025mW/2849mW
09-27-2026 09:44:32 RAM 4139/7620MB (lfb 43x4MB) SWAP 383/12002MB (cached 0MB) CPU [13%@1728,12%@1728,12%@1728,12%@1728,88%@1728,12%@1728] GR3D_FREQ 60% cpu@56.218C soc2@55.281C soc0@54.5C gpu@57.75C tj@57.75C soc1@56.062C VDD_IN 12417mW/11105mW VDD_CPU_GPU_CV 5091mW/4391mW VDD_SOC 3177mW/2850mW
09-27-2026 09:44:32 RAM 4067/7620MB (lfb 57x4MB) SWAP 383/12002MB (cached 0MB) CPU [52%@1728,53%@1728,52%@1728,52%@1728,98%@1728,52%@1728] GR3D_FREQ 0% cpu@56.531C soc2@55.187C soc0@54.781C gpu@56.562C tj@56.562C soc1@56C VDD_IN 10723mW/11103mW VDD_CPU_GPU_CV 3811mW/4388mW VDD_SOC 2912mW/2851mW
09-27-2026 09:44:33 RAM 4259/7620MB (lfb 36x4MB) SWAP 383/12002MB (cached 0MB) CPU [22%@1728,23%@1728,22%@1728,22%@1728,87%@1728,21%@1728] GR3D_FREQ 0% cpu@56.718C soc2@55.281C soc0@54.718C gpu@56.656C tj@56.718C soc1@56.125C VDD_IN 11847mW/11107mW VDD_CPU_GPU_CV 4660mW/4389mW VDD_SOC 3104mW/2852mW
09-27-2026 09:44:33 RAM 4122/7620MB (lfb 47x4MB) SWAP 383/12002MB (cached 0MB) CPU [32%@1728,34%@1728,32%@1728,31%@1728,94%@1728,32%@1728] GR3D_FREQ 57% cpu@56.218C soc2@55.281C soc0@54.625C gpu@57.218C tj@57.218C soc1@56.125C VDD_IN 11729mW/11111mW VDD_CPU_GPU_CV 4590mW/4391mW VDD_SOC 3065mW/2853mW
09-27-2026 09:44:34 RAM 4007/7620MB (lfb 57x4MB) SWAP 383/12002MB (cached 0MB) CPU [54%@1728,52%@1728,52%@1728,54%@1728,92%@1728,52%@1728] GR3D_FREQ 0% cpu@57C soc2@55.156C soc0@54.656C gpu@56.843C tj@57C soc1@56.031C VDD_IN 11178mW/11111mW VDD_CPU_GPU_CV 4197mW/4390mW VDD_SOC 2986mW/2854mW
09-27-2026 09:44:34 RAM 4259/7620MB (lfb 36x4MB) SWAP 383/12002MB (cached 0MB) CPU [0%@1728,0%@1728,0%@1728,0%@1728,85%@1728,0%@1728] GR3D_FREQ 0% cpu@56.187C soc2@55.281C soc0@54.812C gpu@56.656C tj@56.656C soc1@56.031C VDD_IN 12299mW/11118mW VDD_CPU_GPU_CV 4935mW/4392mW VDD_SOC 3177mW/2856mW
09-27-2026 09:44:35 RAM 4106/7620MB (lfb 51x4MB) SWAP 383/12002MB (cached 0MB) CPU [54%@1728,54%@1728,54%@1728,52%@1728,100%@1728,54%@1728] GR3D_FREQ 57% cpu@56.062C soc2@55.093C soc0@54.656C gpu@57.218C tj@57.218C soc1@56C VDD_IN 10723mW/11115mW VDD_CPU_GPU_CV 3805mW/4389mW VDD_SOC 2952mW/2856mW
09-27-2026 09:44:35 RAM 4259/7620MB (lfb 36x4MB) SWAP 383/12002MB (cached 0MB) CPU [41%@1728,38%@1728,39%@1728,39%@1728,87%@1728,38%@1728] GR3D_FREQ 0% cpu@56.812C soc2@55.343C soc0@54.75C gpu@56.656C tj@56.812C soc1@56.093C VDD_IN 11532mW/11118mW VDD_CPU_GPU_CV 4511mW/4390mW VDD_SOC 3025mW/2857mW
09-27-2026 09:44:36 RAM 4469/7620MB (lfb 1x4MB) SWAP 383/12002MB (cached 0MB) CPU [100%@1728,98%@1728,98%@1728,98%@1728,96%@1728,96%@1728] GR3D_FREQ 0% cpu@58.468C soc2@55.812C soc0@54.625C gpu@56.625C tj@58.468C soc1@56.093C VDD_IN 13260mW/11129mW VDD_CPU_GPU_CV 6207mW/4400mW VDD_SOC 2981mW/2858mW
09-27-2026 09:44:36 RAM 4469/7620MB (lfb 1x4MB) SWAP 383/12002MB (cached 0MB) CPU [100%@1728,100%@1728,100%@1728,100%@1728,100%@1728,100%@1728] GR3D_FREQ 0% cpu@58.531C soc2@55.968C soc0@54.937C gpu@56.875C tj@58.875C soc1@56.281C VDD_IN 14084mW/11145mW VDD_CPU_GPU_CV 7171mW/4414mW VDD_SOC 2859mW/2858mW
09-27-2026 09:44:37 RAM 4824/7620MB (lfb 70x1MB) SWAP 383/12002MB (cached 0MB) CPU [100%@1728,100%@1728,100%@1728,100%@1728,100%@1728,100%@1728] GR3D_FREQ 0% cpu@58.656C soc2@56.125C soc0@54.75C gpu@56.781C tj@58.656C soc1@56.375C VDD_IN 14123mW/11160mW VDD_CPU_GPU_CV 7093mW/4428mW VDD_SOC 2937mW/2858mW
09-27-2026 09:44:37 RAM 4824/7620MB (lfb 70x1MB) SWAP 383/12002MB (cached 0MB) CPU [100%@1728,100%@1728,100%@1728,100%@1728,100%@1728,100%@1728] GR3D_FREQ 0% cpu@58.687C soc2@56.218C soc0@54.875C gpu@57.25C tj@58.781C soc1@56.281C VDD_IN 14296mW/11177mW VDD_CPU_GPU_CV 7444mW/4444mW VDD_SOC 2859mW/2858mW
09-27-2026 09:44:38 RAM 4824/7620MB (lfb 70x1MB) SWAP 383/12002MB (cached 0MB) CPU [100%@1728,100%@1728,100%@1728,100%@1728,100%@1728,100%@1728] GR3D_FREQ 0% cpu@58.75C soc2@56.218C soc0@54.843C gpu@57.156C tj@58.75C soc1@56.531C VDD_IN 14335mW/11193mW VDD_CPU_GPU_CV 7561mW/4460mW VDD_SOC 2820mW/2858mW
09-27-2026 09:44:38 RAM 4474/7620MB (lfb 1x4MB) SWAP 383/12002MB (cached 0MB) CPU [96%@1728,98%@1728,96%@1728,96%@1728,96%@1728,96%@1728] GR3D_FREQ 0% cpu@58.968C soc2@56.187C soc0@54.968C gpu@56.906C tj@58.968C soc1@56.468C VDD_IN 13652mW/11206mW VDD_CPU_GPU_CV 6636mW/4472mW VDD_SOC 2937mW/2859mW
09-27-2026 09:44:39 RAM 4474/7620MB (lfb 1x4MB) SWAP 383/12002MB (cached 0MB) CPU [100%@1728,100%@1728,100%@1728,100%@1728,100%@1728,100%@1728] GR3D_FREQ 0% cpu@58.875C soc2@56.281C soc0@54.843C gpu@57.093C tj@58.875C soc1@56.468C VDD_IN 14178mW/11221mW VDD_CPU_GPU_CV 7327mW/4486mW VDD_SOC 2859mW/2859mW
09-27-2026 09:44:39 RAM 4474/7620MB (lfb 1x4MB) SWAP 383/12002MB (cached 0MB) CPU [100%@1728,100%@1728,100%@1728,100%@1728,100%@1728,100%@1728] GR3D_FREQ 0% cpu@58.968C soc2@56.312C soc0@55.062C gpu@57.093C tj@58.968C soc1@56.406C VDD_IN 14335mW/11237mW VDD_CPU_GPU_CV 7522mW/4502mW VDD_SOC 2820mW/2858mW
09-27-2026 09:44:40 RAM 4826/7620MB (lfb 70x1MB) SWAP 383/12002MB (cached 0MB) CPU [100%@1728,100%@1728,100%@1728,100%@1728,100%@1728,100%@1728] GR3D_FREQ 0% cpu@59.031C soc2@56.375C soc0@55C gpu@57.031C tj@59.031C soc1@56.656C VDD_IN 14257mW/11253mW VDD_CPU_GPU_CV 7366mW/4517mW VDD_SOC 2859mW/2858mW
09-27-2026 09:44:40 RAM 4826/7620MB (lfb 70x1MB) SWAP 383/12002MB (cached 0MB) CPU [100%@1728,100%@1728,100%@1728,100%@1728,100%@1728,100%@1728] GR3D_FREQ 0% cpu@59.218C soc2@56.343C soc0@54.968C gpu@57.093C tj@59.218C soc1@56.718C VDD_IN 14374mW/11269mW VDD_CPU_GPU_CV 7561mW/4532mW VDD_SOC 2820mW/2858mW
09-27-2026 09:44:41 RAM 3999/7620MB (lfb 56x4MB) SWAP 383/12002MB (cached 0MB) CPU [94%@1728,98%@1728,98%@1728,96%@1728,96%@1728,98%@1728] GR3D_FREQ 0% cpu@58.312C soc2@56.281C soc0@55.031C gpu@57.031C tj@58.312C soc1@56.625C VDD_IN 13221mW/11278mW VDD_CPU_GPU_CV 6441mW/4542mW VDD_SOC 2824mW/2858mW
09-27-2026 09:44:41 RAM 4096/7620MB (lfb 47x4MB) SWAP 383/12002MB (cached 0MB) CPU [82%@1728,18%@1728,17%@1728,20%@1728,18%@1728,17%@1728] GR3D_FREQ 70% cpu@56.843C soc2@55.875C soc0@54.937C gpu@58.343C tj@58.343C soc1@56.5C VDD_IN 12378mW/11284mW VDD_CPU_GPU_CV 5122mW/4545mW VDD_SOC 3177mW/2860mW
09-27-2026 09:44:42 RAM 3991/7620MB (lfb 55x4MB) SWAP 383/12002MB (cached 0MB) CPU [90%@1728,52%@1728,52%@1728,52%@1728,52%@1728,53%@1728] GR3D_FREQ 0% cpu@57.187C soc2@55.906C soc0@55.156C gpu@57.031C tj@57.187C soc1@56.468C VDD_IN 11217mW/11284mW VDD_CPU_GPU_CV 4237mW/4543mW VDD_SOC 3025mW/2860mW
09-27-2026 09:44:42 RAM 4290/7620MB (lfb 38x4MB) SWAP 383/12002MB (cached 0MB) CPU [81%@1728,22%@1728,21%@1728,22%@1728,22%@1728,24%@1728] GR3D_FREQ 0% cpu@57.125C soc2@55.812C soc0@55.062C gpu@56.968C tj@57.125C soc1@56.531C VDD_IN 12142mW/11288mW VDD_CPU_GPU_CV 4660mW/4544mW VDD_SOC 3300mW/2863mW
09-27-2026 09:44:43 RAM 4173/7620MB (lfb 41x4MB) SWAP 383/12002MB (cached 0MB) CPU [80%@1728,30%@1728,31%@1728,29%@1728,30%@1728,30%@1728] GR3D_FREQ 70% cpu@56.718C soc2@55.781C soc0@55.062C gpu@58.5C tj@58.5C soc1@56.5C VDD_IN 13006mW/11296mW VDD_CPU_GPU_CV 5122mW/4546mW VDD_SOC 3530mW/2866mW
09-27-2026 09:44:43 RAM 4120/7620MB (lfb 54x4MB) SWAP 383/12002MB (cached 0MB) CPU [97%@1728,52%@1728,52%@1728,54%@1728,52%@1728,50%@1728] GR3D_FREQ 0% cpu@56.875C soc2@55.625C soc0@54.968C gpu@56.937C tj@56.937C soc1@56.437C VDD_IN 10881mW/11294mW VDD_CPU_GPU_CV 3766mW/4543mW VDD_SOC 3030mW/2867mW
09-27-2026 09:44:44 RAM 4028/7620MB (lfb 53x4MB) SWAP 383/12002MB (cached 0MB) CPU [78%@1728,46%@1728,47%@1728,47%@1728,47%@1728,47%@1728] GR3D_FREQ 0% cpu@57.031C soc2@55.812C soc0@55.187C gpu@56.906C tj@57.031C soc1@56.375C VDD_IN 11847mW/11297mW VDD_CPU_GPU_CV 4465mW/4542mW VDD_SOC 3222mW/2868mW
09-27-2026 09:44:44 RAM 4298/7620MB (lfb 38x4MB) SWAP 383/12002MB (cached 0MB) CPU [78%@1728,15%@1728,15%@1728,14%@1728,13%@1728,14%@1728] GR3D_FREQ 0% cpu@56.937C soc2@55.843C soc0@55.031C gpu@57.281C tj@57.281C soc1@56.343C VDD_IN 12692mW/11304mW VDD_CPU_GPU_CV 4888mW/4544mW VDD_SOC 3452mW/2871mW
09-27-2026 09:44:45 RAM 4159/7620MB (lfb 45x4MB) SWAP 383/12002MB (cached 0MB) CPU [88%@1728,46%@1728,43%@1728,43%@1728,43%@1728,43%@1728] GR3D_FREQ 71% cpu@56.687C soc2@55.687C soc0@55.062C gpu@57.937C tj@57.937C soc1@56.468C VDD_IN 12181mW/11308mW VDD_CPU_GPU_CV 4660mW/4545mW VDD_SOC 3340mW/2874mW
09-27-2026 09:44:45 RAM 4084/7620MB (lfb 53x4MB) SWAP 383/12002MB (cached 0MB) CPU [90%@1728,50%@1728,52%@1728,52%@1728,52%@1728,50%@1728] GR3D_FREQ 0% cpu@56.937C soc2@55.718C soc0@55C gpu@56.656C tj@56.937C soc1@56.437C VDD_IN 11138mW/11307mW VDD_CPU_GPU_CV 4001mW/4542mW VDD_SOC 3065mW/2874mW
09-27-2026 09:44:46 RAM 4294/7620MB (lfb 38x4MB) SWAP 383/12002MB (cached 0MB) CPU [37%@1728,36%@1728,34%@1728,35%@1728,74%@1728,34%@1728] GR3D_FREQ 0% cpu@57.125C soc2@55.718C soc0@55.031C gpu@57.25C tj@57.25C soc1@56.343C VDD_IN 12063mW/11311mW VDD_CPU_GPU_CV 4582mW/4542mW VDD_SOC 3261mW/2876mW
09-27-2026 09:44:46 RAM 4242/7620MB (lfb 37x4MB) SWAP 383/12002MB (cached 0MB) CPU [20%@1728,19%@1728,19%@1728,19%@1728,78%@1728,19%@1728] GR3D_FREQ 0% cpu@56.687C soc2@55.656C soc0@55.125C gpu@57.375C tj@57.375C soc1@56.312C VDD_IN 13181mW/11320mW VDD_CPU_GPU_CV 5200mW/4545mW VDD_SOC 3570mW/2880mW
09-27-2026 09:44:47 RAM 4137/7620MB (lfb 49x4MB) SWAP 383/12002MB (cached 0MB) CPU [54%@1728,52%@1728,52%@1728,53%@1728,98%@1728,54%@1728] GR3D_FREQ 37% cpu@56.125C soc2@55.531C soc0@55.062C gpu@57.562C tj@57.562C soc1@56.5C VDD_IN 11020mW/11318mW VDD_CPU_GPU_CV 3883mW/4542mW VDD_SOC 3070mW/2881mW
09-27-2026 09:44:47 RAM 4026/7620MB (lfb 54x4MB) SWAP 383/12002MB (cached 0MB) CPU [54%@1728,54%@1728,54%@1728,54%@1728,80%@1728,54%@1728] GR3D_FREQ 0% cpu@57.406C soc2@55.531C soc0@54.937C gpu@57C tj@57.406C soc1@56.312C VDD_IN 11611mW/11320mW VDD_CPU_GPU_CV 4347mW/4541mW VDD_SOC 3143mW/2882mW
09-27-2026 09:44:48 RAM 4290/7620MB (lfb 37x4MB) SWAP 383/12002MB (cached 0MB) CPU [16%@1728,16%@1728,17%@1728,15%@1728,78%@1728,15%@1728] GR3D_FREQ 0% cpu@57.187C soc2@55.625C soc0@54.906C gpu@56.937C tj@57.187C soc1@56.312C VDD_IN 12496mW/11325mW VDD_CPU_GPU_CV 4778mW/4542mW VDD_SOC 3413mW/2884mW
09-27-2026 09:44:48 RAM 4162/7620MB (lfb 43x4MB) SWAP 383/12002MB (cached 0MB) CPU [38%@1728,39%@1728,38%@1728,38%@1728,86%@1728,38%@1728] GR3D_FREQ 70% cpu@56.406C soc2@55.656C soc0@55.093C gpu@58C tj@58.031C soc1@56.25C VDD_IN 12614mW/11331mW VDD_CPU_GPU_CV 4888mW/4544mW VDD_SOC 3452mW/2887mW
09-27-2026 09:44:49 RAM 4086/7620MB (lfb 54x4MB) SWAP 383/12002MB (cached 0MB) CPU [53%@1728,52%@1728,52%@1728,54%@1728,92%@1728,52%@1728] GR3D_FREQ 0% cpu@56.875C soc2@55.468C soc0@54.968C gpu@56.812C tj@56.875C soc1@56.218C VDD_IN 11060mW/11330mW VDD_CPU_GPU_CV 3923mW/4541mW VDD_SOC 3070mW/2888mW
09-27-2026 09:44:49 RAM 4290/7620MB (lfb 37x4MB) SWAP 383/12002MB (cached 0MB) CPU [35%@1728,36%@1728,36%@1728,37%@1728,78%@1728,36%@1728] GR3D_FREQ 0% cpu@57.5C soc2@55.687C soc0@55C gpu@56.875C tj@57.5C soc1@56.468C VDD_IN 11985mW/11333mW VDD_CPU_GPU_CV 4543mW/4541mW VDD_SOC 3261mW/2890mW
09-27-2026 09:44:50 RAM 4496/7620MB (lfb 1x4MB) SWAP 383/12002MB (cached 0MB) CPU [94%@1728,92%@1728,96%@1728,94%@1728,100%@1728,98%@1728] GR3D_FREQ 0% cpu@58.843C soc2@56.031C soc0@54.843C gpu@57.218C tj@58.843C soc1@56.468C VDD_IN 13221mW/11342mW VDD_CPU_GPU_CV 6012mW/4548mW VDD_SOC 3060mW/2890mW
09-27-2026 09:44:50 RAM 4496/7620MB (lfb 1x4MB) SWAP 383/12002MB (cached 0MB) CPU [100%@1728,100%@1728,100%@1728,100%@1728,100%@1728,100%@1728] GR3D_FREQ 0% cpu@59C soc2@56.312C soc0@55.218C gpu@57.062C tj@59C soc1@56.437C VDD_IN 14084mW/11355mW VDD_CPU_GPU_CV 7132mW/4560mW VDD_SOC 2898mW/2890mW
09-27-2026 09:44:51 RAM 4766/7620MB (lfb 2x4MB) SWAP 383/12002MB (cached 0MB) CPU [100%@1728,100%@1728,100%@1728,100%@1728,100%@1728,100%@1728] GR3D_FREQ 0% cpu@58.468C soc2@56.281C soc0@55.093C gpu@57.375C tj@58.468C soc1@56.562C VDD_IN 14005mW/11367mW VDD_CPU_GPU_CV 6937mW/4571mW VDD_SOC 2937mW/2891mW
09-27-2026 09:44:51 RAM 4766/7620MB (lfb 2x4MB) SWAP 383/12002MB (cached 0MB) CPU [100%@1728,100%@1728,100%@1728,100%@1728,100%@1728,100%@1728] GR3D_FREQ 0% cpu@58.937C soc2@56.375C soc0@55.187C gpu@57.312C tj@58.937C soc1@56.687C VDD_IN 14178mW/11380mW VDD_CPU_GPU_CV 7405mW/4584mW VDD_SOC 2820mW/2890mW
09-27-2026 09:44:52 RAM 4766/7620MB (lfb 2x4MB) SWAP 383/12002MB (cached 0MB) CPU [100%@1728,100%@1728,100%@1728,100%@1728,100%@1728,100%@1728] GR3D_FREQ 0% cpu@59.031C soc2@56.562C soc0@55.187C gpu@57.312C tj@59.031C soc1@56.781C VDD_IN 14296mW/11393mW VDD_CPU_GPU_CV 7522mW/4597mW VDD_SOC 2820mW/2890mW
09-27-2026 09:44:52 RAM 4438/7620MB (lfb 1x2MB) SWAP 383/12002MB (cached 0MB) CPU [100%@1728,96%@1728,96%@1728,96%@1728,94%@1728,94%@1728] GR3D_FREQ 0% cpu@58.875C soc2@56.312C soc0@55.125C gpu@57.531C tj@58.875C soc1@56.718C VDD_IN 13495mW/11402mW VDD_CPU_GPU_CV 6441mW/4605mW VDD_SOC 2937mW/2890mW
09-27-2026 09:44:53 RAM 4438/7620MB (lfb 1x2MB) SWAP 383/12002MB (cached 0MB) CPU [100%@1728,100%@1728,100%@1728,100%@1728,100%@1728,100%@1728] GR3D_FREQ 0% cpu@59.218C soc2@56.531C soc0@55.125C gpu@57.25C tj@59.218C soc1@56.656C VDD_IN 14123mW/11415mW VDD_CPU_GPU_CV 7249mW/4617mW VDD_SOC 2859mW/2890mW
09-27-2026 09:44:53 RAM 4438/7620MB (lfb 1x2MB) SWAP 383/12002MB (cached 0MB) CPU [100%@1728,100%@1728,100%@1728,100%@1728,100%@1728,100%@1728] GR3D_FREQ 0% cpu@59.218C soc2@56.593C soc0@55.281C gpu@57.625C tj@59.218C soc1@56.781C VDD_IN 14296mW/11427mW VDD_CPU_GPU_CV 7522mW/4630mW VDD_SOC 2820mW/2890mW
09-27-2026 09:44:54 RAM 4789/7620MB (lfb 1x4MB) SWAP 383/12002MB (cached 0MB) CPU [100%@1728,100%@1728,100%@1728,100%@1728,100%@1728,100%@1728] GR3D_FREQ 0% cpu@59.593C soc2@56.656C soc0@55.281C gpu@57.406C tj@59.187C soc1@56.75C VDD_IN 14257mW/11440mW VDD_CPU_GPU_CV 7366mW/4642mW VDD_SOC 2898mW/2890mW
09-27-2026 09:44:55 RAM 4788/7620MB (lfb 2x4MB) SWAP 383/12002MB (cached 0MB) CPU [100%@1728,100%@1728,100%@1728,100%@1728,100%@1728,100%@1728] GR3D_FREQ 0% cpu@59.25C soc2@56.656C soc0@55.25C gpu@57.343C tj@59.25C soc1@56.968C VDD_IN 14374mW/11453mW VDD_CPU_GPU_CV 7522mW/4655mW VDD_SOC 2859mW/2890mW
09-27-2026 09:44:55 RAM 4788/7620MB (lfb 2x4MB) SWAP 383/12002MB (cached 0MB) CPU [94%@1728,100%@1728,100%@1728,100%@1728,100%@1728,100%@1728] GR3D_FREQ 0% cpu@58.781C soc2@56.406C soc0@55.25C gpu@57.5C tj@58.781C soc1@56.906C VDD_IN 13338mW/11461mW VDD_CPU_GPU_CV 6597mW/4664mW VDD_SOC 2824mW/2889mW
09-27-2026 09:44:56 RAM 3925/7620MB (lfb 54x4MB) SWAP 383/12002MB (cached 0MB) CPU [78%@1728,29%@1728,29%@1728,29%@1728,28%@1728,29%@1728] GR3D_FREQ 92% cpu@57.218C soc2@56.437C soc0@55.437C gpu@58.968C tj@58.968C soc1@56.75C VDD_IN 14084mW/11473mW VDD_CPU_GPU_CV 6431mW/4672mW VDD_SOC 3446mW/2892mW
09-27-2026 09:44:56 RAM 3925/7620MB (lfb 55x4MB) SWAP 383/12002MB (cached 0MB) CPU [52%@1728,98%@1728,52%@1728,52%@1728,52%@1728,51%@1728] GR3D_FREQ 42% cpu@56.781C soc2@56.093C soc0@55.343C gpu@57.718C tj@57.718C soc1@56.75C VDD_IN 11532mW/11473mW VDD_CPU_GPU_CV 4425mW/4671mW VDD_SOC 3065mW/2893mW
09-27-2026 09:44:57 RAM 4089/7620MB (lfb 44x4MB) SWAP 383/12002MB (cached 0MB) CPU [65%@1728,79%@1728,68%@1728,67%@1728,66%@1728,66%@1728] GR3D_FREQ 0% cpu@57.375C soc2@56.093C soc0@55.312C gpu@57.5C tj@57.5C soc1@56.843C VDD_IN 11571mW/11474mW VDD_CPU_GPU_CV 4582mW/4670mW VDD_SOC 3025mW/2893mW
09-27-2026 09:44:57 RAM 4084/7620MB (lfb 45x4MB) SWAP 383/12002MB (cached 0MB) CPU [33%@1728,78%@1728,33%@1728,39%@1728,42%@1728,44%@1728] GR3D_FREQ 0% cpu@57.031C soc2@56.062C soc0@55.25C gpu@57.625C tj@57.625C soc1@56.812C VDD_IN 13299mW/11482mW VDD_CPU_GPU_CV 5426mW/4673mW VDD_SOC 3491mW/2896mW
09-27-2026 09:44:58 RAM 3972/7620MB (lfb 55x4MB) SWAP 383/12002MB (cached 0MB) CPU [52%@1728,84%@1728,52%@1728,52%@1728,50%@1728,52%@1728] GR3D_FREQ 99% cpu@56.875C soc2@55.937C soc0@55.375C gpu@59.031C tj@59.031C soc1@56.718C VDD_IN 13064mW/11489mW VDD_CPU_GPU_CV 5396mW/4677mW VDD_SOC 3452mW/2898mW
09-27-2026 09:44:58 RAM 3972/7620MB (lfb 55x4MB) SWAP 383/12002MB (cached 0MB) CPU [54%@1728,92%@1728,52%@1728,54%@1728,53%@1728,52%@1728] GR3D_FREQ 0% cpu@56.937C soc2@56C soc0@55.375C gpu@57.218C tj@57.218C soc1@56.656C VDD_IN 11217mW/11487mW VDD_CPU_GPU_CV 4080mW/4674mW VDD_SOC 3065mW/2899mW
09-27-2026 09:44:59 RAM 3972/7620MB (lfb 55x4MB) SWAP 383/12002MB (cached 0MB) CPU [52%@1728,78%@1728,52%@1728,52%@1728,52%@1728,52%@1728] GR3D_FREQ 0% cpu@56.937C soc2@56C soc0@55.312C gpu@57.187C tj@57.187C soc1@56.5C VDD_IN 11729mW/11488mW VDD_CPU_GPU_CV 4465mW/4673mW VDD_SOC 3143mW/2900mW
09-27-2026 09:44:59 RAM 3972/7620MB (lfb 55x4MB) SWAP 383/12002MB (cached 0MB) CPU [42%@1728,78%@1728,42%@1728,42%@1728,41%@1728,42%@1728] GR3D_FREQ 0% cpu@57.531C soc2@56C soc0@55.312C gpu@57.25C tj@57.531C soc1@56.781C VDD_IN 12142mW/11491mW VDD_CPU_GPU_CV 4778mW/4674mW VDD_SOC 3261mW/2901mW
09-27-2026 09:45:00 RAM 4088/7620MB (lfb 44x4MB) SWAP 383/12002MB (cached 0MB) CPU [33%@1728,78%@1728,36%@1728,34%@1728,34%@1728,33%@1728] GR3D_FREQ 0% cpu@57.25C soc2@55.968C soc0@55.343C gpu@57.281C tj@57.281C soc1@56.593C VDD_IN 12614mW/11496mW VDD_CPU_GPU_CV 5005mW/4675mW VDD_SOC 3373mW/2903mW
09-27-2026 09:45:00 RAM 4090/7620MB (lfb 44x4MB) SWAP 383/12002MB (cached 0MB) CPU [34%@1728,76%@1728,34%@1728,33%@1728,32%@1728,34%@1728] GR3D_FREQ 0% cpu@57.156C soc2@56.093C soc0@55.5C gpu@57.468C tj@57.468C soc1@56.531C VDD_IN 13181mW/11503mW VDD_CPU_GPU_CV 5348mW/4678mW VDD_SOC 3530mW/2906mW
09-27-2026 09:45:01 RAM 3972/7620MB (lfb 55x4MB) SWAP 383/12002MB (cached 0MB) CPU [48%@1728,78%@1728,46%@1728,46%@1728,47%@1728,46%@1728] GR3D_FREQ 97% cpu@56.625C soc2@56.187C soc0@55.343C gpu@59C tj@59C soc1@56.5C VDD_IN 13848mW/11513mW VDD_CPU_GPU_CV 5895mW/4683mW VDD_SOC 3642mW/2909mW
09-27-2026 09:45:01 RAM 3972/7620MB (lfb 55x4MB) SWAP 383/12002MB (cached 0MB) CPU [52%@1728,96%@1728,53%@1728,54%@1728,52%@1728,52%@1728] GR3D_FREQ 59% cpu@56.687C soc2@55.906C soc0@55.281C gpu@58.281C tj@58.281C soc1@56.875C VDD_IN 11611mW/11513mW VDD_CPU_GPU_CV 4386mW/4682mW VDD_SOC 3182mW/2910mW
09-27-2026 09:45:02 RAM 3972/7620MB (lfb 55x4MB) SWAP 383/12002MB (cached 0MB) CPU [54%@1728,82%@1728,52%@1728,52%@1728,52%@1728,52%@1728] GR3D_FREQ 0% cpu@56.843C soc2@55.906C soc0@55.281C gpu@57.312C tj@57.312C soc1@56.656C VDD_IN 11532mW/11513mW VDD_CPU_GPU_CV 4308mW/4680mW VDD_SOC 3104mW/2911mW
09-27-2026 09:45:02 RAM 3970/7620MB (lfb 55x4MB) SWAP 383/12002MB (cached 0MB) CPU [49%@1728,76%@1728,49%@1728,49%@1728,50%@1728,49%@1728] GR3D_FREQ 0% cpu@57.406C soc2@56.031C soc0@55.312C gpu@57.312C tj@57.406C soc1@56.593C VDD_IN 12024mW/11516mW VDD_CPU_GPU_CV 4700mW/4680mW VDD_SOC 3222mW/2912mW
09-27-2026 09:45:03 RAM 4090/7620MB (lfb 44x4MB) SWAP 383/12002MB (cached 0MB) CPU [35%@1728,78%@1728,37%@1728,37%@1728,37%@1728,37%@1728] GR3D_FREQ 0% cpu@57.343C soc2@56.093C soc0@55.468C gpu@57.281C tj@57.343C soc1@56.593C VDD_IN 12260mW/11519mW VDD_CPU_GPU_CV 4856mW/4681mW VDD_SOC 3261mW/2914mW
09-27-2026 09:45:03 RAM 4440/7620MB (lfb 1x4MB) SWAP 383/12002MB (cached 0MB) CPU [98%@1728,98%@1728,98%@1728,98%@1728,98%@1728,98%@1728] GR3D_FREQ 0% cpu@58.875C soc2@56.437C soc0@55.406C gpu@57.5C tj@58.875C soc1@56.625C VDD_IN 13495mW/11527mW VDD_CPU_GPU_CV 6324mW/4688mW VDD_SOC 3015mW/2914mW
09-27-2026 09:45:04 RAM 4440/7620MB (lfb 1x4MB) SWAP 383/12002MB (cached 0MB) CPU [100%@1728,100%@1728,100%@1728,100%@1728,100%@1728,100%@1728] GR3D_FREQ 0% cpu@59.093C soc2@56.625C soc0@55.312C gpu@57.281C tj@59.093C soc1@56.781C VDD_IN 14123mW/11538mW VDD_CPU_GPU_CV 7210mW/4698mW VDD_SOC 2898mW/2914mW
09-27-2026 09:45:04 RAM 4786/7620MB (lfb 140x1MB) SWAP 383/12002MB (cached 0MB) CPU [100%@1728,100%@1728,100%@1728,100%@1728,100%@1728,100%@1728] GR3D_FREQ 0% cpu@59.093C soc2@56.531C soc0@55.281C gpu@57.593C tj@59.093C soc1@56.812C VDD_IN 14178mW/11548mW VDD_CPU_GPU_CV 7093mW/4708mW VDD_SOC 2937mW/2914mW
09-27-2026 09:45:05 RAM 4786/7620MB (lfb 140x1MB) SWAP 383/12002MB (cached 0MB) CPU [100%@1728,100%@1728,100%@1728,100%@1728,100%@1728,100%@1728] GR3D_FREQ 0% cpu@59.5C soc2@56.718C soc0@55.343C gpu@57.531C tj@59.5C soc1@56.843C VDD_IN 14296mW/11560mW VDD_CPU_GPU_CV 7444mW/4719mW VDD_SOC 2859mW/2914mW
09-27-2026 09:45:05 RAM 4786/7620MB (lfb 140x1MB) SWAP 383/12002MB (cached 0MB) CPU [100%@1728,100%@1728,100%@1728,100%@1728,100%@1728,100%@1728] GR3D_FREQ 0% cpu@59.375C soc2@56.812C soc0@55.5C gpu@57.531C tj@59.375C soc1@56.906C VDD_IN 14335mW/11571mW VDD_CPU_GPU_CV 7561mW/4731mW VDD_SOC 2820mW/2914mW
09-27-2026 09:45:06 RAM 4431/7620MB (lfb 1x4MB) SWAP 383/12002MB (cached 0MB) CPU [100%@1728,100%@1728,98%@1728,98%@1728,96%@1728,96%@1728] GR3D_FREQ 0% cpu@59.093C soc2@56.718C soc0@55.531C gpu@57.468C tj@59.093C soc1@56.937C VDD_IN 13613mW/11579mW VDD_CPU_GPU_CV 6558mW/4738mW VDD_SOC 2937mW/2914mW
09-27-2026 09:45:06 RAM 4431/7620MB (lfb 1x4MB) SWAP 383/12002MB (cached 0MB) CPU [100%@1728,100%@1728,100%@1728,100%@1728,100%@1728,100%@1728] GR3D_FREQ 0% cpu@59.343C soc2@56.781C soc0@55.375C gpu@57.531C tj@59.343C soc1@57.156C VDD_IN 14139mW/11589mW VDD_CPU_GPU_CV 7288mW/4748mW VDD_SOC 2859mW/2914mW
09-27-2026 09:45:07 RAM 4431/7620MB (lfb 1x4MB) SWAP 383/12002MB (cached 0MB) CPU [100%@1728,100%@1728,100%@1728,100%@1728,100%@1728,100%@1728] GR3D_FREQ 0% cpu@59.656C soc2@56.875C soc0@55.406C gpu@58.031C tj@59.656C soc1@57.093C VDD_IN 14296mW/11600mW VDD_CPU_GPU_CV 7522mW/4759mW VDD_SOC 2820mW/2913mW
09-27-2026 09:45:07 RAM 4785/7620MB (lfb 139x1MB) SWAP 383/12002MB (cached 0MB) CPU [100%@1728,100%@1728,100%@1728,100%@1728,100%@1728,100%@1728] GR3D_FREQ 0% cpu@59.531C soc2@56.781C soc0@55.375C gpu@57.625C tj@59.718C soc1@57.062C VDD_IN 14296mW/11611mW VDD_CPU_GPU_CV 7366mW/4770mW VDD_SOC 2859mW/2913mW
09-27-2026 09:45:08 RAM 4785/7620MB (lfb 139x1MB) SWAP 383/12002MB (cached 0MB) CPU [100%@1728,100%@1728,100%@1728,100%@1728,100%@1728,100%@1728] GR3D_FREQ 0% cpu@59.593C soc2@56.937C soc0@55.656C gpu@57.593C tj@59.593C soc1@57.125C VDD_IN 14374mW/11622mW VDD_CPU_GPU_CV 7561mW/4781mW VDD_SOC 2820mW/2913mW
09-27-2026 09:45:08 RAM 3961/7620MB (lfb 55x4MB) SWAP 383/12002MB (cached 0MB) CPU [94%@1728,97%@1728,95%@1728,96%@1728,96%@1728,98%@1728] GR3D_FREQ 0% cpu@58.906C soc2@56.75C soc0@55.625C gpu@57.593C tj@58.906C soc1@57.062C VDD_IN 13221mW/11628mW VDD_CPU_GPU_CV 6480mW/4788mW VDD_SOC 2824mW/2912mW
09-27-2026 09:45:09 RAM 4172/7620MB (lfb 56x4MB) SWAP 383/12002MB (cached 0MB) CPU [76%@1728,22%@1728,20%@1728,19%@1728,19%@1728,19%@1728] GR3D_FREQ 0% cpu@57.187C soc2@56.562C soc0@55.5C gpu@57.812C tj@57.812C soc1@57.312C VDD_IN 13417mW/11636mW VDD_CPU_GPU_CV 5738mW/4791mW VDD_SOC 3368mW/2914mW
09-27-2026 09:45:09 RAM 4453/7620MB (lfb 39x4MB) SWAP 383/12002MB (cached 0MB) CPU [16%@1728,56%@1728,0%@1728,0%@1728,0%@1728,0%@1728] GR3D_FREQ 72% cpu@57.406C soc2@56.312C soc0@55.437C gpu@58.593C tj@58.593C soc1@57C VDD_IN 13966mW/11645mW VDD_CPU_GPU_CV 5856mW/4796mW VDD_SOC 3681mW/2917mW
09-27-2026 09:45:10 RAM 4423/7620MB (lfb 39x4MB) SWAP 383/12002MB (cached 0MB) CPU [0%@1728,66%@1728,0%@1728,0%@1728,0%@1728,0%@1728] GR3D_FREQ 0% cpu@57.25C soc2@56.281C soc0@55.468C gpu@58.437C tj@58.437C soc1@56.843C VDD_IN 14413mW/11656mW VDD_CPU_GPU_CV 5885mW/4800mW VDD_SOC 3871mW/2921mW
09-27-2026 09:45:10 RAM 4423/7620MB (lfb 39x4MB) SWAP 383/12002MB (cached 0MB) CPU [0%@1728,72%@1728,0%@1728,0%@1728,0%@1728,0%@1728] GR3D_FREQ 0% cpu@57.281C soc2@56.406C soc0@55.781C gpu@58.281C tj@58.281C soc1@56.812C VDD_IN 13535mW/11663mW VDD_CPU_GPU_CV 5309mW/4802mW VDD_SOC 3681mW/2924mW
09-27-2026 09:45:11 RAM 4423/7620MB (lfb 39x4MB) SWAP 383/12002MB (cached 0MB) CPU [1%@1728,72%@1728,1%@1728,0%@1728,0%@1728,0%@1728] GR3D_FREQ 0% cpu@57.156C soc2@56.281C soc0@55.593C gpu@57.781C tj@57.781C soc1@56.843C VDD_IN 12771mW/11667mW VDD_CPU_GPU_CV 4809mW/4802mW VDD_SOC 3530mW/2926mW
09-27-2026 09:45:11 RAM 4423/7620MB (lfb 39x4MB) SWAP 383/12002MB (cached 0MB) CPU [0%@1728,54%@1728,0%@1728,0%@1728,0%@1728,0%@1728] GR3D_FREQ 99% cpu@57.281C soc2@56.5C soc0@55.625C gpu@59.375C tj@59.375C soc1@57C VDD_IN 14531mW/11678mW VDD_CPU_GPU_CV 6119mW/4807mW VDD_SOC 3871mW/2930mW
09-27-2026 09:45:12 RAM 4483/7620MB (lfb 39x4MB) SWAP 383/12002MB (cached 0MB) CPU [2%@1728,59%@1728,0%@1728,1%@1728,0%@1728,0%@1728] GR3D_FREQ 74% cpu@57.062C soc2@56.406C soc0@55.718C gpu@58.75C tj@58.75C soc1@56.906C VDD_IN 15015mW/11691mW VDD_CPU_GPU_CV 6342mW/4813mW VDD_SOC 4027mW/2934mW
09-27-2026 09:45:12 RAM 4423/7620MB (lfb 39x4MB) SWAP 383/12002MB (cached 0MB) CPU [0%@1728,70%@1728,0%@1728,0%@1728,0%@1728,0%@1728] GR3D_FREQ 0% cpu@57.406C soc2@56.437C soc0@55.812C gpu@57.968C tj@57.968C soc1@56.875C VDD_IN 14022mW/11700mW VDD_CPU_GPU_CV 5621mW/4816mW VDD_SOC 3799mW/2937mW
09-27-2026 09:45:13 RAM 4423/7620MB (lfb 39x4MB) SWAP 383/12002MB (cached 0MB) CPU [3%@1728,72%@1728,0%@1728,0%@1728,0%@1728,0%@1728] GR3D_FREQ 0% cpu@57.281C soc2@56.375C soc0@55.812C gpu@57.718C tj@57.718C soc1@56.875C VDD_IN 13103mW/11706mW VDD_CPU_GPU_CV 5044mW/4817mW VDD_SOC 3609mW/2940mW
09-27-2026 09:45:13 RAM 4423/7620MB (lfb 39x4MB) SWAP 383/12002MB (cached 0MB) CPU [0%@1728,60%@1728,0%@1728,1%@1728,0%@1728,0%@1728] GR3D_FREQ 99% cpu@57.156C soc2@56.437C soc0@55.781C gpu@59.406C tj@59.406C soc1@57C VDD_IN 13809mW/11714mW VDD_CPU_GPU_CV 5582mW/4820mW VDD_SOC 3720mW/2943mW
09-27-2026 09:45:14 RAM 4881/7620MB (lfb 1x4MB) SWAP 383/12002MB (cached 0MB) CPU [62%@1728,80%@1728,69%@1728,68%@1728,68%@1728,69%@1728] GR3D_FREQ 0% cpu@59.156C soc2@56.781C soc0@55.687C gpu@58C tj@59.156C soc1@57.031C VDD_IN 14492mW/11724mW VDD_CPU_GPU_CV 6586mW/4827mW VDD_SOC 3441mW/2945mW
09-27-2026 09:45:14 RAM 4881/7620MB (lfb 1x4MB) SWAP 383/12002MB (cached 0MB) CPU [100%@1728,100%@1728,100%@1728,100%@1728,100%@1728,100%@1728] GR3D_FREQ 0% cpu@59.687C soc2@56.968C soc0@55.687C gpu@58.187C tj@59.687C soc1@57.031C VDD_IN 14413mW/11734mW VDD_CPU_GPU_CV 7327mW/4836mW VDD_SOC 3011mW/2945mW
09-27-2026 09:45:15 RAM 5176/7620MB (lfb 99x1MB) SWAP 383/12002MB (cached 0MB) CPU [100%@1728,100%@1728,100%@1728,100%@1728,100%@1728,100%@1728] GR3D_FREQ 0% cpu@58.843C soc2@57.031C soc0@55.906C gpu@58C tj@58.843C soc1@57.187C VDD_IN 14178mW/11744mW VDD_CPU_GPU_CV 7093mW/4845mW VDD_SOC 2976mW/2945mW
09-27-2026 09:45:15 RAM 5220/7620MB (lfb 74x1MB) SWAP 383/12002MB (cached 0MB) CPU [100%@1728,100%@1728,100%@1728,100%@1728,100%@1728,100%@1728] GR3D_FREQ 0% cpu@59.687C soc2@57.093C soc0@55.812C gpu@58.093C tj@59.687C soc1@57.25C VDD_IN 14139mW/11753mW VDD_CPU_GPU_CV 7327mW/4854mW VDD_SOC 2820mW/2945mW
09-27-2026 09:45:16 RAM 5221/7620MB (lfb 2x4MB) SWAP 383/12002MB (cached 0MB) CPU [100%@1728,100%@1728,100%@1728,100%@1728,100%@1728,100%@1728] GR3D_FREQ 0% cpu@59.625C soc2@57.031C soc0@55.812C gpu@58.062C tj@59.625C soc1@57.468C VDD_IN 14100mW/11761mW VDD_CPU_GPU_CV 7366mW/4863mW VDD_SOC 2820mW/2944mW
09-27-2026 09:45:16 RAM 4550/7620MB (lfb 38x4MB) SWAP 383/12002MB (cached 0MB) CPU [92%@1728,92%@1728,92%@1728,96%@1728,94%@1728,90%@1728] GR3D_FREQ 0% cpu@58.875C soc2@56.875C soc0@55.718C gpu@57.906C tj@58.875C soc1@57.343C VDD_IN 12889mW/11766mW VDD_CPU_GPU_CV 6139mW/4868mW VDD_SOC 2824mW/2944mW
09-27-2026 09:45:17 RAM 4883/7620MB (lfb 136x1MB) SWAP 383/12002MB (cached 0MB) CPU [100%@1728,100%@1728,100%@1728,100%@1728,100%@1728,100%@1728] GR3D_FREQ 0% cpu@59.562C soc2@57.093C soc0@55.656C gpu@58.031C tj@59.562C soc1@57.312C VDD_IN 13927mW/11774mW VDD_CPU_GPU_CV 7015mW/4876mW VDD_SOC 2859mW/2944mW
09-27-2026 09:45:17 RAM 4883/7620MB (lfb 136x1MB) SWAP 383/12002MB (cached 0MB) CPU [100%@1728,100%@1728,100%@1728,100%@1728,100%@1728,100%@1728] GR3D_FREQ 0% cpu@59.781C soc2@57.156C soc0@56C gpu@57.843C tj@59.781C soc1@57.375C VDD_IN 14257mW/11783mW VDD_CPU_GPU_CV 7444mW/4886mW VDD_SOC 2859mW/2943mW
09-27-2026 09:45:18 RAM 5237/7620MB (lfb 85x1MB) SWAP 383/12002MB (cached 0MB) CPU [100%@1728,100%@1728,100%@1728,100%@1728,100%@1728,100%@1728] GR3D_FREQ 0% cpu@59.875C soc2@57.218C soc0@55.937C gpu@58.25C tj@59.875C soc1@57.312C VDD_IN 14139mW/11791mW VDD_CPU_GPU_CV 7210mW/4894mW VDD_SOC 2898mW/2943mW
09-27-2026 09:45:18 RAM 5237/7620MB (lfb 85x1MB) SWAP 383/12002MB (cached 0MB) CPU [100%@1728,100%@1728,100%@1728,100%@1728,100%@1728,100%@1728] GR3D_FREQ 0% cpu@59.75C soc2@57.218C soc0@56.031C gpu@58.062C tj@59.75C soc1@57.437C VDD_IN 14335mW/11801mW VDD_CPU_GPU_CV 7483mW/4904mW VDD_SOC 2859mW/2943mW
09-27-2026 09:45:19 RAM 5237/7620MB (lfb 85x1MB) SWAP 383/12002MB (cached 0MB) CPU [100%@1728,100%@1728,100%@1728,100%@1728,100%@1728,100%@1728] GR3D_FREQ 0% cpu@60.062C soc2@57.281C soc0@55.812C gpu@58.281C tj@60.062C soc1@57.531C VDD_IN 14296mW/11810mW VDD_CPU_GPU_CV 7522mW/4913mW VDD_SOC 2820mW/2942mW
09-27-2026 09:45:19 RAM 4653/7620MB (lfb 40x4MB) SWAP 383/12002MB (cached 0MB) CPU [72%@1728,58%@1728,58%@1728,58%@1728,58%@1728,58%@1728] GR3D_FREQ 97% cpu@58.156C soc2@56.906C soc0@55.875C gpu@59.781C tj@59.781C soc1@57.468C VDD_IN 15079mW/11822mW VDD_CPU_GPU_CV 7237mW/4922mW VDD_SOC 3519mW/2944mW
09-27-2026 09:45:20 RAM 5118/7620MB (lfb 38x4MB) SWAP 383/12002MB (cached 0MB) CPU [52%@1728,2%@1728,0%@1728,4%@1728,0%@1728,0%@1728] GR3D_FREQ 99% cpu@57.656C soc2@56.906C soc0@55.843C gpu@59.656C tj@59.656C soc1@57.25C VDD_IN 15758mW/11836mW VDD_CPU_GPU_CV 6992mW/4929mW VDD_SOC 4060mW/2948mW
09-27-2026 09:45:20 RAM 5118/7620MB (lfb 38x4MB) SWAP 383/12002MB (cached 0MB) CPU [32%@1728,0%@1728,0%@1728,0%@1728,0%@1728,0%@1728] GR3D_FREQ 99% cpu@57.593C soc2@57.093C soc0@56.187C gpu@60.031C tj@60.031C soc1@57.281C VDD_IN 17851mW/11858mW VDD_CPU_GPU_CV 8208mW/4941mW VDD_SOC 4591mW/2954mW
09-27-2026 09:45:21 RAM 5179/7620MB (lfb 38x4MB) SWAP 383/12002MB (cached 0MB) CPU [33%@1728,1%@1728,1%@1728,0%@1728,0%@1728,0%@1728] GR3D_FREQ 47% cpu@57.906C soc2@57.25C soc0@56.218C gpu@59.718C tj@59.718C soc1@57.25C VDD_IN 18288mW/11881mW VDD_CPU_GPU_CV 8465mW/4954mW VDD_SOC 4708mW/2961mW
09-27-2026 09:45:21 RAM 5178/7620MB (lfb 38x4MB) SWAP 383/12002MB (cached 0MB) CPU [32%@1728,0%@1728,0%@1728,0%@1728,0%@1728,0%@1728] GR3D_FREQ 73% cpu@57.812C soc2@57.218C soc0@56.218C gpu@59.812C tj@59.812C soc1@57.375C VDD_IN 18171mW/11904mW VDD_CPU_GPU_CV 8324mW/4966mW VDD_SOC 4708mW/2967mW
09-27-2026 09:45:22 RAM 5119/7620MB (lfb 38x4MB) SWAP 383/12002MB (cached 0MB) CPU [36%@1728,0%@1728,1%@1728,1%@1728,0%@1728,0%@1728] GR3D_FREQ 3% cpu@58.406C soc2@57.312C soc0@56.218C gpu@59.593C tj@59.593C soc1@57.468C VDD_IN 17578mW/11924mW VDD_CPU_GPU_CV 7821mW/4976mW VDD_SOC 4591mW/2973mW
09-27-2026 09:45:22 RAM 5587/7620MB (lfb 1x2MB) SWAP 383/12002MB (cached 0MB) CPU [69%@1728,60%@1728,59%@1728,58%@1728,55%@1728,55%@1728] GR3D_FREQ 0% cpu@59.812C soc2@57.562C soc0@56.437C gpu@58.75C tj@59.812C soc1@57.375C VDD_IN 16045mW/11939mW VDD_CPU_GPU_CV 7419mW/4985mW VDD_SOC 3864mW/2976mW
09-27-2026 09:45:23 RAM 5587/7620MB (lfb 1x2MB) SWAP 383/12002MB (cached 0MB) CPU [100%@1728,100%@1728,100%@1728,100%@1728,100%@1728,100%@1728] GR3D_FREQ 0% cpu@60.406C soc2@57.562C soc0@56.312C gpu@58.5C tj@60.406C soc1@57.625C VDD_IN 14844mW/11949mW VDD_CPU_GPU_CV 7510mW/4994mW VDD_SOC 3128mW/2977mW
09-27-2026 09:45:23 RAM 5587/7620MB (lfb 1x2MB) SWAP 383/12002MB (cached 0MB) CPU [100%@1728,100%@1728,100%@1728,100%@1728,100%@1728,100%@1728] GR3D_FREQ 0% cpu@60.187C soc2@57.562C soc0@56.281C gpu@58.5C tj@60.187C soc1@57.562C VDD_IN 14452mW/11958mW VDD_CPU_GPU_CV 7522mW/5003mW VDD_SOC 2893mW/2976mW
09-27-2026 09:45:24 RAM 5941/7620MB (lfb 32x1MB) SWAP 383/12002MB (cached 0MB) CPU [100%@1728,100%@1728,100%@1728,100%@1728,100%@1728,100%@1728] GR3D_FREQ 0% cpu@60.312C soc2@57.625C soc0@56.375C gpu@58.343C tj@60.312C soc1@57.593C VDD_IN 14257mW/11966mW VDD_CPU_GPU_CV 7366mW/5011mW VDD_SOC 2898mW/2976mW
09-27-2026 09:45:24 RAM 5941/7620MB (lfb 32x1MB) SWAP 383/12002MB (cached 0MB) CPU [100%@1728,100%@1728,100%@1728,100%@1728,100%@1728,100%@1728] GR3D_FREQ 0% cpu@60.187C soc2@57.656C soc0@56.312C gpu@58.718C tj@60.187C soc1@57.656C VDD_IN 14374mW/11975mW VDD_CPU_GPU_CV 7522mW/5020mW VDD_SOC 2854mW/2976mW
09-27-2026 09:45:25 RAM 5411/7620MB (lfb 11x4MB) SWAP 383/12002MB (cached 0MB) CPU [96%@1728,96%@1728,94%@1728,96%@1728,96%@1728,96%@1728] GR3D_FREQ 0% cpu@59.312C soc2@57.406C soc0@56.312C gpu@58.312C tj@59.312C soc1@57.593C VDD_IN 13181mW/11979mW VDD_CPU_GPU_CV 6207mW/5024mW VDD_SOC 2898mW/2975mW
09-27-2026 09:45:25 RAM 5590/7620MB (lfb 2x2MB) SWAP 383/12002MB (cached 0MB) CPU [100%@1728,100%@1728,100%@1728,100%@1728,100%@1728,100%@1728] GR3D_FREQ 0% cpu@60.031C soc2@57.593C soc0@56.218C gpu@58.375C tj@60.031C soc1@57.781C VDD_IN 14045mW/11986mW VDD_CPU_GPU_CV 7132mW/5032mW VDD_SOC 2859mW/2975mW
09-27-2026 09:45:26 RAM 5590/7620MB (lfb 2x2MB) SWAP 383/12002MB (cached 0MB) CPU [100%@1728,100%@1728,100%@1728,100%@1728,100%@1728,100%@1728] GR3D_FREQ 0% cpu@60.406C soc2@57.687C soc0@56.187C gpu@58.406C tj@60.406C soc1@57.718C VDD_IN 14296mW/11994mW VDD_CPU_GPU_CV 7483mW/5040mW VDD_SOC 2854mW/2974mW
09-27-2026 09:45:26 RAM 5940/7620MB (lfb 33x1MB) SWAP 383/12002MB (cached 0MB) CPU [100%@1728,100%@1728,100%@1728,100%@1728,100%@1728,100%@1728] GR3D_FREQ 0% cpu@60.375C soc2@57.562C soc0@56.218C gpu@58.656C tj@60.375C soc1@57.781C VDD_IN 14139mW/12002mW VDD_CPU_GPU_CV 7210mW/5048mW VDD_SOC 2898mW/2974mW
09-27-2026 09:45:27 RAM 5940/7620MB (lfb 33x1MB) SWAP 383/12002MB (cached 0MB) CPU [100%@1728,100%@1728,100%@1728,100%@1728,100%@1728,100%@1728] GR3D_FREQ 0% cpu@60.25C soc2@57.687C soc0@56.406C gpu@58.343C tj@60.25C soc1@57.75C VDD_IN 14257mW/12009mW VDD_CPU_GPU_CV 7444mW/5056mW VDD_SOC 2859mW/2974mW
09-27-2026 09:45:27 RAM 5940/7620MB (lfb 33x1MB) SWAP 383/12002MB (cached 0MB) CPU [100%@1728,100%@1728,100%@1728,100%@1728,100%@1728,100%@1728] GR3D_FREQ 0% cpu@60.156C soc2@57.656C soc0@56.312C gpu@58.656C tj@60.156C soc1@57.718C VDD_IN 14257mW/12017mW VDD_CPU_GPU_CV 7483mW/5064mW VDD_SOC 2820mW/2973mW
09-27-2026 09:45:28 RAM 5087/7620MB (lfb 40x4MB) SWAP 383/12002MB (cached 0MB) CPU [67%@1728,66%@1728,68%@1728,70%@1728,66%@1728,64%@1728] GR3D_FREQ 79% cpu@58.218C soc2@57.5C soc0@56.312C gpu@59.812C tj@59.812C soc1@57.906C VDD_IN 15680mW/12030mW VDD_CPU_GPU_CV 7575mW/5073mW VDD_SOC 3591mW/2975mW
09-27-2026 09:45:29 RAM 5129/7620MB (lfb 40x4MB) SWAP 383/12002MB (cached 0MB) CPU [28%@1728,44%@1728,28%@1728,15%@1728,37%@1728,14%@1728] GR3D_FREQ 30% cpu@59.343C soc2@57.468C soc0@56.406C gpu@59.468C tj@59.468C soc1@57.687C VDD_IN 17695mW/12049mW VDD_CPU_GPU_CV 8131mW/5083mW VDD_SOC 4319mW/2980mW
09-27-2026 09:45:29 RAM 5128/7620MB (lfb 40x4MB) SWAP 383/12002MB (cached 0MB) CPU [0%@1728,1%@1728,24%@1728,1%@1728,0%@1728,0%@1728] GR3D_FREQ 99% cpu@58.437C soc2@57.687C soc0@56.5C gpu@61.093C tj@61.093C soc1@57.625C VDD_IN 18833mW/12072mW VDD_CPU_GPU_CV 8890mW/5096mW VDD_SOC 4739mW/2986mW
09-27-2026 09:45:30 RAM 5128/7620MB (lfb 40x4MB) SWAP 383/12002MB (cached 0MB) CPU [3%@1728,0%@1728,24%@1728,0%@1728,1%@1728,0%@1728] GR3D_FREQ 89% cpu@58.656C soc2@57.75C soc0@56.656C gpu@60.875C tj@60.875C soc1@57.593C VDD_IN 19229mW/12097mW VDD_CPU_GPU_CV 9030mW/5110mW VDD_SOC 4848mW/2992mW
09-27-2026 09:45:30 RAM 5128/7620MB (lfb 40x4MB) SWAP 383/12002MB (cached 0MB) CPU [0%@1728,0%@1728,32%@1728,1%@1728,0%@1728,0%@1728] GR3D_FREQ 93% cpu@58.375C soc2@57.781C soc0@56.781C gpu@60.875C tj@60.875C soc1@57.937C VDD_IN 18677mW/12119mW VDD_CPU_GPU_CV 8620mW/5122mW VDD_SOC 4778mW/2998mW
09-27-2026 09:45:31 RAM 5592/7620MB (lfb 1x4MB) SWAP 383/12002MB (cached 0MB) CPU [24%@1728,27%@1728,42%@1728,22%@1728,20%@1728,22%@1728] GR3D_FREQ 0% cpu@59.968C soc2@57.843C soc0@56.812C gpu@59.531C tj@59.968C soc1@57.937C VDD_IN 17539mW/12137mW VDD_CPU_GPU_CV 7705mW/5130mW VDD_SOC 4513mW/3003mW
09-27-2026 09:45:31 RAM 5592/7620MB (lfb 1x4MB) SWAP 383/12002MB (cached 0MB) CPU [100%@1728,100%@1728,100%@1728,100%@1728,100%@1728,100%@1728] GR3D_FREQ 0% cpu@60.531C soc2@58.031C soc0@56.75C gpu@59.031C tj@60.437C soc1@57.906C VDD_IN 15289mW/12148mW VDD_CPU_GPU_CV 7626mW/5139mW VDD_SOC 3318mW/3005mW
09-27-2026 09:45:32 RAM 5592/7620MB (lfb 1x4MB) SWAP 383/12002MB (cached 0MB) CPU [100%@1728,100%@1728,100%@1728,100%@1728,100%@1728,100%@1728] GR3D_FREQ 0% cpu@60.718C soc2@58.093C soc0@56.781C gpu@58.812C tj@60.718C soc1@58C VDD_IN 14688mW/12156mW VDD_CPU_GPU_CV 7626mW/5147mW VDD_SOC 2971mW/3004mW
09-27-2026 09:45:32 RAM 5942/7620MB (lfb 34x1MB) SWAP 383/12002MB (cached 0MB) CPU [100%@1728,100%@1728,100%@1728,100%@1728,100%@1728,100%@1728] GR3D_FREQ 0% cpu@60.562C soc2@58.093C soc0@56.75C gpu@58.906C tj@60.562C soc1@58C VDD_IN 14296mW/12164mW VDD_CPU_GPU_CV 7327mW/5155mW VDD_SOC 2932mW/3004mW
09-27-2026 09:45:33 RAM 5942/7620MB (lfb 34x1MB) SWAP 383/12002MB (cached 0MB) CPU [100%@1728,100%@1728,100%@1728,100%@1728,100%@1728,100%@1728] GR3D_FREQ 0% cpu@60.468C soc2@58.062C soc0@56.593C gpu@58.75C tj@60.468C soc1@57.937C VDD_IN 14374mW/12171mW VDD_CPU_GPU_CV 7522mW/5162mW VDD_SOC 2854mW/3004mW
09-27-2026 09:45:33 RAM 5942/7620MB (lfb 34x1MB) SWAP 383/12002MB (cached 0MB) CPU [100%@1728,100%@1728,100%@1728,100%@1728,100%@1728,100%@1728] GR3D_FREQ 0% cpu@59.531C soc2@57.906C soc0@56.562C gpu@58.687C tj@59.531C soc1@58.187C VDD_IN 13809mW/12176mW VDD_CPU_GPU_CV 7015mW/5169mW VDD_SOC 2820mW/3003mW
09-27-2026 09:45:34 RAM 5591/7620MB (lfb 1x2MB) SWAP 383/12002MB (cached 0MB) CPU [96%@1728,92%@1728,92%@1728,94%@1728,96%@1728,92%@1728] GR3D_FREQ 0% cpu@60.468C soc2@57.906C soc0@56.531C gpu@58.656C tj@60.468C soc1@58.125C VDD_IN 13848mW/12182mW VDD_CPU_GPU_CV 6859mW/5174mW VDD_SOC 2898mW/3003mW
09-27-2026 09:45:34 RAM 5591/7620MB (lfb 1x2MB) SWAP 383/12002MB (cached 0MB) CPU [100%@1728,100%@1728,100%@1728,100%@1728,100%@1728,100%@1728] GR3D_FREQ 0% cpu@60.562C soc2@57.968C soc0@56.75C gpu@58.718C tj@60.562C soc1@58.062C VDD_IN 14257mW/12189mW VDD_CPU_GPU_CV 7405mW/5182mW VDD_SOC 2859mW/3002mW
09-27-2026 09:45:35 RAM 5945/7620MB (lfb 34x1MB) SWAP 383/12002MB (cached 0MB) CPU [100%@1728,100%@1728,100%@1728,100%@1728,100%@1728,100%@1728] GR3D_FREQ 0% cpu@60.218C soc2@57.906C soc0@56.75C gpu@59.093C tj@60.218C soc1@58.312C VDD_IN 14084mW/12195mW VDD_CPU_GPU_CV 7054mW/5188mW VDD_SOC 2937mW/3002mW
09-27-2026 09:45:35 RAM 5945/7620MB (lfb 34x1MB) SWAP 383/12002MB (cached 0MB) CPU [100%@1728,100%@1728,100%@1728,100%@1728,100%@1728,100%@1728] GR3D_FREQ 0% cpu@60.593C soc2@58.093C soc0@56.625C gpu@58.906C tj@60.593C soc1@58.25C VDD_IN 14296mW/12202mW VDD_CPU_GPU_CV 7444mW/5195mW VDD_SOC 2854mW/3002mW
09-27-2026 09:45:36 RAM 5945/7620MB (lfb 34x1MB) SWAP 383/12002MB (cached 0MB) CPU [100%@1728,100%@1728,100%@1728,100%@1728,100%@1728,100%@1728] GR3D_FREQ 0% cpu@60.687C soc2@58.031C soc0@56.562C gpu@59.093C tj@60.687C soc1@58.25C VDD_IN 14374mW/12209mW VDD_CPU_GPU_CV 7561mW/5203mW VDD_SOC 2854mW/3001mW
09-27-2026 09:45:36 RAM 5112/7620MB (lfb 37x4MB) SWAP 383/12002MB (cached 0MB) CPU [90%@1728,88%@1728,90%@1728,88%@1728,90%@1728,88%@1728] GR3D_FREQ 96% cpu@59.218C soc2@57.906C soc0@56.875C gpu@59.937C tj@59.937C soc1@58.093C VDD_IN 14005mW/12215mW VDD_CPU_GPU_CV 6781mW/5208mW VDD_SOC 3094mW/3001mW
09-27-2026 09:45:37 RAM 5148/7620MB (lfb 37x4MB) SWAP 383/12002MB (cached 0MB) CPU [0%@1728,0%@1728,25%@1728,0%@1728,0%@1728,0%@1728] GR3D_FREQ 99% cpu@58.468C soc2@57.875C soc0@56.75C gpu@60.875C tj@60.875C soc1@57.968C VDD_IN 18132mW/12234mW VDD_CPU_GPU_CV 8736mW/5219mW VDD_SOC 4435mW/3006mW
09-27-2026 09:45:37 RAM 5148/7620MB (lfb 37x4MB) SWAP 383/12002MB (cached 0MB) CPU [0%@1728,0%@1728,36%@1728,0%@1728,0%@1728,0%@1728] GR3D_FREQ 23% cpu@58.843C soc2@57.937C soc0@56.843C gpu@60.625C tj@60.625C soc1@57.937C VDD_IN 18872mW/12256mW VDD_CPU_GPU_CV 8852mW/5231mW VDD_SOC 4778mW/3012mW
09-27-2026 09:45:38 RAM 5148/7620MB (lfb 37x4MB) SWAP 383/12002MB (cached 0MB) CPU [2%@1728,0%@1728,24%@1728,0%@1728,0%@1728,0%@1728] GR3D_FREQ 99% cpu@58.843C soc2@58.031C soc0@57C gpu@61.25C tj@61.25C soc1@58.093C VDD_IN 19773mW/12280mW VDD_CPU_GPU_CV 9455mW/5245mW VDD_SOC 4964mW/3018mW
09-27-2026 09:45:38 RAM 5148/7620MB (lfb 37x4MB) SWAP 383/12002MB (cached 0MB) CPU [0%@1728,0%@1728,34%@1728,1%@1728,0%@1728,0%@1728] GR3D_FREQ 93% cpu@59.062C soc2@58.125C soc0@57.062C gpu@61.031C tj@61.031C soc1@58.125C VDD_IN 19462mW/12303mW VDD_CPU_GPU_CV 9184mW/5257mW VDD_SOC 4925mW/3024mW
09-27-2026 09:45:39 RAM 5616/7620MB (lfb 1x2MB) SWAP 383/12002MB (cached 0MB) CPU [31%@1728,33%@1728,48%@1728,32%@1728,32%@1728,30%@1728] GR3D_FREQ 0% cpu@60.5C soc2@58.25C soc0@57.25C gpu@59.937C tj@60.5C soc1@58.125C VDD_IN 17656mW/12320mW VDD_CPU_GPU_CV 7976mW/5266mW VDD_SOC 4474mW/3029mW
09-27-2026 09:45:39 RAM 5616/7620MB (lfb 1x2MB) SWAP 383/12002MB (cached 0MB) CPU [100%@1728,100%@1728,100%@1728,100%@1728,100%@1728,100%@1728] GR3D_FREQ 0% cpu@60.843C soc2@58.343C soc0@57.156C gpu@59.468C tj@60.843C soc1@58.187C VDD_IN 15367mW/12330mW VDD_CPU_GPU_CV 7730mW/5274mW VDD_SOC 3318mW/3030mW
09-27-2026 09:45:40 RAM 5616/7620MB (lfb 1x2MB) SWAP 383/12002MB (cached 0MB) CPU [100%@1728,100%@1728,100%@1728,100%@1728,100%@1728,100%@1728] GR3D_FREQ 0% cpu@61.125C soc2@58.375C soc0@57.031C gpu@59.531C tj@61.062C soc1@58.468C VDD_IN 14727mW/12337mW VDD_CPU_GPU_CV 7665mW/5282mW VDD_SOC 2971mW/3030mW
09-27-2026 09:45:40 RAM 5957/7620MB (lfb 1x2MB) SWAP 383/12002MB (cached 0MB) CPU [100%@1728,100%@1728,100%@1728,100%@1728,100%@1728,100%@1728] GR3D_FREQ 0% cpu@61.156C soc2@58.281C soc0@57C gpu@59.25C tj@61.156C soc1@58.437C VDD_IN 14257mW/12344mW VDD_CPU_GPU_CV 7327mW/5288mW VDD_SOC 2893mW/3029mW
09-27-2026 09:45:41 RAM 5962/7620MB (lfb 1x2MB) SWAP 383/12002MB (cached 0MB) CPU [100%@1728,100%@1728,100%@1728,100%@1728,100%@1728,100%@1728] GR3D_FREQ 0% cpu@61C soc2@58.343C soc0@57.125C gpu@59.125C tj@61C soc1@58.375C VDD_IN 14335mW/12350mW VDD_CPU_GPU_CV 7522mW/5295mW VDD_SOC 2854mW/3029mW
09-27-2026 09:45:41 RAM 5962/7620MB (lfb 1x2MB) SWAP 383/12002MB (cached 0MB) CPU [100%@1728,100%@1728,100%@1728,100%@1728,100%@1728,100%@1728] GR3D_FREQ 0% cpu@59.843C soc2@58.281C soc0@57.062C gpu@59.093C tj@59.843C soc1@58.375C VDD_IN 13848mW/12355mW VDD_CPU_GPU_CV 7054mW/5301mW VDD_SOC 2820mW/3028mW
09-27-2026 09:45:42 RAM 5610/7620MB (lfb 1x4MB) SWAP 383/12002MB (cached 0MB) CPU [96%@1728,94%@1728,94%@1728,94%@1728,94%@1728,96%@1728] GR3D_FREQ 0% cpu@60.718C soc2@58.218C soc0@56.968C gpu@59C tj@60.718C soc1@58.531C VDD_IN 13888mW/12359mW VDD_CPU_GPU_CV 6898mW/5306mW VDD_SOC 2898mW/3028mW
09-27-2026 09:45:42 RAM 5610/7620MB (lfb 1x4MB) SWAP 383/12002MB (cached 0MB) CPU [100%@1728,100%@1728,100%@1728,100%@1728,100%@1728,100%@1728] GR3D_FREQ 0% cpu@60.843C soc2@58.281C soc0@57C gpu@59C tj@60.843C soc1@58.468C VDD_IN 14257mW/12365mW VDD_CPU_GPU_CV 7405mW/5312mW VDD_SOC 2854mW/3027mW
09-27-2026 09:45:43 RAM 5956/7620MB (lfb 30x1MB) SWAP 383/12002MB (cached 0MB) CPU [100%@1728,100%@1728,100%@1728,100%@1728,100%@1728,100%@1728] GR3D_FREQ 0% cpu@60.656C soc2@58.218C soc0@56.937C gpu@59.375C tj@60.656C soc1@58.437C VDD_IN 14022mW/12371mW VDD_CPU_GPU_CV 7054mW/5318mW VDD_SOC 2898mW/3027mW
09-27-2026 09:45:43 RAM 5956/7620MB (lfb 30x1MB) SWAP 383/12002MB (cached 0MB) CPU [100%@1728,100%@1728,100%@1728,100%@1728,100%@1728,100%@1728] GR3D_FREQ 0% cpu@60.906C soc2@58.312C soc0@56.812C gpu@59.125C tj@60.906C soc1@58.406C VDD_IN 14296mW/12376mW VDD_CPU_GPU_CV 7444mW/5324mW VDD_SOC 2854mW/3026mW
09-27-2026 09:45:44 RAM 5956/7620MB (lfb 30x1MB) SWAP 383/12002MB (cached 0MB) CPU [100%@1728,100%@1728,100%@1728,100%@1728,100%@1728,100%@1728] GR3D_FREQ 0% cpu@60.906C soc2@58.281C soc0@57.093C gpu@59.062C tj@60.906C soc1@58.437C VDD_IN 14374mW/12383mW VDD_CPU_GPU_CV 7561mW/5331mW VDD_SOC 2815mW/3025mW
09-27-2026 09:45:44 RAM 5100/7620MB (lfb 39x4MB) SWAP 383/12002MB (cached 0MB) CPU [84%@1728,82%@1728,84%@1728,84%@1728,84%@1728,82%@1728] GR3D_FREQ 99% cpu@59.031C soc2@58.218C soc0@57C gpu@60.5C tj@60.5C soc1@58.406C VDD_IN 14688mW/12390mW VDD_CPU_GPU_CV 7159mW/5337mW VDD_SOC 3284mW/3026mW
09-27-2026 09:45:45 RAM 5613/7620MB (lfb 38x4MB) SWAP 383/12002MB (cached 0MB) CPU [0%@1728,2%@1728,45%@1728,1%@1728,0%@1728,0%@1728] GR3D_FREQ 99% cpu@58.656C soc2@58.156C soc0@57.093C gpu@60.937C tj@60.937C soc1@58.437C VDD_IN 17060mW/12404mW VDD_CPU_GPU_CV 7950mW/5345mW VDD_SOC 4248mW/3030mW
09-27-2026 09:45:45 RAM 5613/7620MB (lfb 38x4MB) SWAP 383/12002MB (cached 0MB) CPU [0%@1728,1%@1728,26%@1728,0%@1728,0%@1728,0%@1728] GR3D_FREQ 76% cpu@59.718C soc2@58.218C soc0@57.093C gpu@61.187C tj@61.187C soc1@58.343C VDD_IN 19229mW/12425mW VDD_CPU_GPU_CV 9107mW/5357mW VDD_SOC 4856mW/3036mW
09-27-2026 09:45:46 RAM 5613/7620MB (lfb 38x4MB) SWAP 383/12002MB (cached 0MB) CPU [1%@1728,2%@1728,23%@1728,0%@1728,0%@1728,0%@1728] GR3D_FREQ 99% cpu@59.031C soc2@58.531C soc0@57.437C gpu@61.781C tj@61.781C soc1@58.406C VDD_IN 20128mW/12449mW VDD_CPU_GPU_CV 9747mW/5370mW VDD_SOC 5080mW/3042mW
09-27-2026 09:45:46 RAM 5613/7620MB (lfb 38x4MB) SWAP 383/12002MB (cached 0MB) CPU [0%@1728,0%@1728,26%@1728,0%@1728,0%@1728,0%@1728] GR3D_FREQ 99% cpu@59.062C soc2@58.5C soc0@57.468C gpu@61.625C tj@61.875C soc1@58.375C VDD_IN 20051mW/12472mW VDD_CPU_GPU_CV 9554mW/5383mW VDD_SOC 5080mW/3048mW
09-27-2026 09:45:47 RAM 6069/7620MB (lfb 1x4MB) SWAP 383/12002MB (cached 0MB) CPU [40%@1728,41%@1728,54%@1728,39%@1728,38%@1728,38%@1728] GR3D_FREQ 0% cpu@60.718C soc2@58.593C soc0@57.5C gpu@60.031C tj@60.718C soc1@58.531C VDD_IN 17500mW/12487mW VDD_CPU_GPU_CV 8015mW/5391mW VDD_SOC 4358mW/3052mW
09-27-2026 09:45:47 RAM 6070/7620MB (lfb 1x4MB) SWAP 383/12002MB (cached 0MB) CPU [100%@1728,100%@1728,100%@1728,100%@1728,100%@1728,100%@1728] GR3D_FREQ 0% cpu@61.406C soc2@58.718C soc0@57.281C gpu@59.593C tj@61.406C soc1@58.562C VDD_IN 15289mW/12496mW VDD_CPU_GPU_CV 7704mW/5398mW VDD_SOC 3279mW/3053mW
09-27-2026 09:45:48 RAM 6070/7620MB (lfb 1x4MB) SWAP 383/12002MB (cached 0MB) CPU [100%@1728,100%@1728,100%@1728,100%@1728,100%@1728,100%@1728] GR3D_FREQ 0% cpu@61.187C soc2@58.656C soc0@57.562C gpu@59.5C tj@61.437C soc1@58.593C VDD_IN 14648mW/12502mW VDD_CPU_GPU_CV 7626mW/5405mW VDD_SOC 2971mW/3053mW
09-27-2026 09:45:48 RAM 6255/7620MB (lfb 17x1MB) SWAP 458/12002MB (cached 0MB) CPU [100%@1728,100%@1728,100%@1728,100%@1728,100%@1728,100%@1728] GR3D_FREQ 0% cpu@61.031C soc2@58.625C soc0@57.375C gpu@59.5C tj@61.031C soc1@58.562C VDD_IN 13691mW/12506mW VDD_CPU_GPU_CV 6781mW/5409mW VDD_SOC 2859mW/3052mW
09-27-2026 09:45:49 RAM 6208/7620MB (lfb 2x2MB) SWAP 504/12002MB (cached 0MB) CPU [100%@1728,100%@1728,100%@1728,100%@1728,100%@1728,100%@1728] GR3D_FREQ 0% cpu@61.062C soc2@58.562C soc0@57.312C gpu@59.437C tj@61.062C soc1@58.625C VDD_IN 13982mW/12511mW VDD_CPU_GPU_CV 7210mW/5414mW VDD_SOC 2820mW/3051mW
09-27-2026 09:45:49 RAM 6211/7620MB (lfb 15x2MB) SWAP 504/12002MB (cached 0MB) CPU [100%@1728,100%@1728,100%@1728,100%@1728,100%@1728,100%@1728] GR3D_FREQ 0% cpu@61.218C soc2@58.593C soc0@57.25C gpu@59.468C tj@61.062C soc1@58.781C VDD_IN 13943mW/12515mW VDD_CPU_GPU_CV 7249mW/5420mW VDD_SOC 2820mW/3051mW
09-27-2026 09:45:50 RAM 5833/7620MB (lfb 2x2MB) SWAP 504/12002MB (cached 0MB) CPU [84%@1728,100%@1728,82%@1728,84%@1728,84%@1728,84%@1728] GR3D_FREQ 0% cpu@60.031C soc2@58.187C soc0@57.125C gpu@59.281C tj@60.031C soc1@58.625C VDD_IN 12456mW/12515mW VDD_CPU_GPU_CV 5474mW/5420mW VDD_SOC 2942mW/3050mW
09-27-2026 09:45:50 RAM 5872/7620MB (lfb 9x4MB) SWAP 504/12002MB (cached 0MB) CPU [100%@1728,100%@1728,100%@1728,100%@1728,100%@1728,100%@1728] GR3D_FREQ 0% cpu@60.375C soc2@58.375C soc0@56.937C gpu@59.437C tj@60.406C soc1@58.593C VDD_IN 13417mW/12517mW VDD_CPU_GPU_CV 6597mW/5424mW VDD_SOC 2859mW/3050mW
09-27-2026 09:45:51 RAM 5872/7620MB (lfb 9x4MB) SWAP 504/12002MB (cached 0MB) CPU [100%@1728,100%@1728,100%@1728,100%@1728,100%@1728,100%@1728] GR3D_FREQ 0% cpu@61.187C soc2@58.562C soc0@57.281C gpu@59.25C tj@61.187C soc1@58.593C VDD_IN 14061mW/12522mW VDD_CPU_GPU_CV 7288mW/5429mW VDD_SOC 2820mW/3049mW
09-27-2026 09:45:51 RAM 6235/7620MB (lfb 3x2MB) SWAP 504/12002MB (cached 0MB) CPU [100%@1728,100%@1728,100%@1728,100%@1728,100%@1728,100%@1728] GR3D_FREQ 0% cpu@60.937C soc2@58.468C soc0@57.218C gpu@59.125C tj@60.937C soc1@58.625C VDD_IN 13966mW/12526mW VDD_CPU_GPU_CV 6976mW/5434mW VDD_SOC 2898mW/3049mW
09-27-2026 09:45:52 RAM 6234/7620MB (lfb 1x4MB) SWAP 504/12002MB (cached 0MB) CPU [100%@1728,100%@1728,100%@1728,100%@1728,100%@1728,100%@1728] GR3D_FREQ 0% cpu@61.406C soc2@58.531C soc0@57.281C gpu@59.562C tj@61.406C soc1@58.781C VDD_IN 14257mW/12531mW VDD_CPU_GPU_CV 7444mW/5440mW VDD_SOC 2854mW/3048mW
09-27-2026 09:45:52 RAM 6234/7620MB (lfb 1x4MB) SWAP 504/12002MB (cached 0MB) CPU [100%@1728,100%@1728,100%@1728,100%@1728,100%@1728,100%@1728] GR3D_FREQ 0% cpu@61.125C soc2@58.562C soc0@57.187C gpu@59.25C tj@61.125C soc1@58.656C VDD_IN 14335mW/12537mW VDD_CPU_GPU_CV 7561mW/5446mW VDD_SOC 2854mW/3047mW
09-27-2026 09:45:53 RAM 5372/7620MB (lfb 52x4MB) SWAP 504/12002MB (cached 0MB) CPU [86%@1728,88%@1728,84%@1728,84%@1728,84%@1728,84%@1728] GR3D_FREQ 96% cpu@59.625C soc2@58.343C soc0@57.093C gpu@60.781C tj@60.781C soc1@58.625C VDD_IN 14178mW/12541mW VDD_CPU_GPU_CV 6898mW/5450mW VDD_SOC 3167mW/3048mW
09-27-2026 09:45:53 RAM 5408/7620MB (lfb 52x4MB) SWAP 504/12002MB (cached 0MB) CPU [0%@1728,22%@1728,0%@1728,0%@1728,0%@1728,1%@1728] GR3D_FREQ 77% cpu@59.312C soc2@58.531C soc0@57.437C gpu@61.281C tj@61.281C soc1@58.5C VDD_IN 18638mW/12559mW VDD_CPU_GPU_CV 8968mW/5460mW VDD_SOC 4584mW/3052mW
09-27-2026 09:45:54 RAM 5408/7620MB (lfb 52x4MB) SWAP 504/12002MB (cached 0MB) CPU [0%@1728,21%@1728,0%@1728,0%@1728,0%@1728,0%@1728] GR3D_FREQ 98% cpu@59.218C soc2@58.656C soc0@57.5C gpu@61.593C tj@61.968C soc1@58.562C VDD_IN 20167mW/12582mW VDD_CPU_GPU_CV 9747mW/5473mW VDD_SOC 5003mW/3058mW
09-27-2026 09:45:54 RAM 5408/7620MB (lfb 52x4MB) SWAP 504/12002MB (cached 0MB) CPU [1%@1728,20%@1728,0%@1728,0%@1728,0%@1728,0%@1728] GR3D_FREQ 99% cpu@59.218C soc2@58.718C soc0@57.687C gpu@62C tj@62C soc1@58.593C VDD_IN 20671mW/12605mW VDD_CPU_GPU_CV 10000mW/5486mW VDD_SOC 5149mW/3064mW
09-27-2026 09:45:55 RAM 5408/7620MB (lfb 52x4MB) SWAP 504/12002MB (cached 0MB) CPU [0%@1728,24%@1728,1%@1728,1%@1728,0%@1728,0%@1728] GR3D_FREQ 99% cpu@59.531C soc2@58.875C soc0@57.656C gpu@61.906C tj@61.906C soc1@58.718C VDD_IN 20710mW/12629mW VDD_CPU_GPU_CV 9962mW/5499mW VDD_SOC 5188mW/3070mW
09-27-2026 09:45:55 RAM 5869/7620MB (lfb 91x1MB) SWAP 504/12002MB (cached 0MB) CPU [76%@1728,80%@1728,78%@1728,76%@1728,74%@1728,74%@1728] GR3D_FREQ 0% cpu@61.437C soc2@58.906C soc0@57.843C gpu@60.031C tj@61.625C soc1@58.718C VDD_IN 16709mW/12641mW VDD_CPU_GPU_CV 8105mW/5507mW VDD_SOC 3858mW/3072mW
09-27-2026 09:45:56 RAM 5869/7620MB (lfb 91x1MB) SWAP 504/12002MB (cached 0MB) CPU [100%@1728,100%@1728,100%@1728,100%@1728,100%@1728,100%@1728] GR3D_FREQ 0% cpu@61.625C soc2@59.062C soc0@57.687C gpu@59.843C tj@61.625C soc1@58.718C VDD_IN 15094mW/12648mW VDD_CPU_GPU_CV 7782mW/5513mW VDD_SOC 3128mW/3073mW
09-27-2026 09:45:56 RAM 6207/7620MB (lfb 51x1MB) SWAP 504/12002MB (cached 0MB) CPU [100%@1728,100%@1728,100%@1728,100%@1728,100%@1728,100%@1728] GR3D_FREQ 0% cpu@60.375C soc2@58.875C soc0@57.593C gpu@60.125C tj@60.375C soc1@58.718C VDD_IN 13982mW/12652mW VDD_CPU_GPU_CV 7015mW/5518mW VDD_SOC 2937mW/3072mW
09-27-2026 09:45:57 RAM 6224/7620MB (lfb 33x1MB) SWAP 504/12002MB (cached 0MB) CPU [100%@1728,100%@1728,100%@1728,100%@1728,100%@1728,100%@1728] GR3D_FREQ 0% cpu@61.593C soc2@58.843C soc0@57.531C gpu@59.875C tj@61.593C soc1@58.906C VDD_IN 14257mW/12656mW VDD_CPU_GPU_CV 7405mW/5523mW VDD_SOC 2854mW/3072mW
09-27-2026 09:45:57 RAM 6224/7620MB (lfb 33x1MB) SWAP 504/12002MB (cached 0MB) CPU [100%@1728,100%@1728,100%@1728,100%@1728,100%@1728,100%@1728] GR3D_FREQ 0% cpu@61.75C soc2@58.843C soc0@57.5C gpu@59.75C tj@61.75C soc1@58.937C VDD_IN 14374mW/12661mW VDD_CPU_GPU_CV 7522mW/5529mW VDD_SOC 2854mW/3071mW
09-27-2026 09:45:58 RAM 5871/7620MB (lfb 81x1MB) SWAP 504/12002MB (cached 0MB) CPU [91%@1728,98%@1728,90%@1728,90%@1728,90%@1728,88%@1728] GR3D_FREQ 0% cpu@60.218C soc2@58.593C soc0@57.593C gpu@59.718C tj@60.218C soc1@58.937C VDD_IN 12946mW/12662mW VDD_CPU_GPU_CV 5816mW/5530mW VDD_SOC 2981mW/3071mW
09-27-2026 09:45:58 RAM 5871/7620MB (lfb 81x1MB) SWAP 504/12002MB (cached 0MB) CPU [100%@1728,100%@1728,100%@1728,100%@1728,100%@1728,100%@1728] GR3D_FREQ 0% cpu@61.281C soc2@58.875C soc0@57.531C gpu@59.593C tj@61.281C soc1@58.906C VDD_IN 13982mW/12666mW VDD_CPU_GPU_CV 7093mW/5534mW VDD_SOC 2859mW/3070mW
09-27-2026 09:45:59 RAM 5871/7620MB (lfb 81x1MB) SWAP 504/12002MB (cached 0MB) CPU [100%@1728,100%@1728,100%@1728,100%@1728,100%@1728,100%@1728] GR3D_FREQ 0% cpu@61.343C soc2@58.781C soc0@57.406C gpu@59.562C tj@61.343C soc1@58.812C VDD_IN 14296mW/12670mW VDD_CPU_GPU_CV 7483mW/5540mW VDD_SOC 2854mW/3070mW
09-27-2026 09:45:59 RAM 6227/7620MB (lfb 33x1MB) SWAP 504/12002MB (cached 0MB) CPU [100%@1728,100%@1728,100%@1728,100%@1728,100%@1728,100%@1728] GR3D_FREQ 0% cpu@61.156C soc2@58.75C soc0@57.406C gpu@59.531C tj@61.156C soc1@59.031C VDD_IN 13966mW/12674mW VDD_CPU_GPU_CV 7171mW/5544mW VDD_SOC 2820mW/3069mW
09-27-2026 09:46:00 RAM 6234/7620MB (lfb 27x1MB) SWAP 504/12002MB (cached 0MB) CPU [100%@1728,100%@1728,77%@1728,100%@1728,100%@1728,100%@1728] GR3D_FREQ 0% cpu@60.937C soc2@58.75C soc0@57.437C gpu@59.375C tj@60.937C soc1@58.781C VDD_IN 13652mW/12677mW VDD_CPU_GPU_CV 6898mW/5548mW VDD_SOC 2820mW/3068mW
09-27-2026 09:46:00 RAM 6234/7620MB (lfb 27x1MB) SWAP 504/12002MB (cached 0MB) CPU [100%@1728,100%@1728,100%@1728,100%@1728,100%@1728,100%@1728] GR3D_FREQ 0% cpu@61.375C soc2@58.687C soc0@57.343C gpu@59.781C tj@61.375C soc1@58.937C VDD_IN 13691mW/12680mW VDD_CPU_GPU_CV 6976mW/5552mW VDD_SOC 2780mW/3067mW
09-27-2026 09:46:01 RAM 5412/7620MB (lfb 49x4MB) SWAP 504/12002MB (cached 0MB) CPU [88%@1728,100%@1728,88%@1728,89%@1728,88%@1728,90%@1728] GR3D_FREQ 0% cpu@60.562C soc2@58.406C soc0@57.437C gpu@59.531C tj@60.562C soc1@58.906C VDD_IN 12614mW/12679mW VDD_CPU_GPU_CV 5943mW/5553mW VDD_SOC 2785mW/3067mW
09-27-2026 09:46:01 RAM 5414/7620MB (lfb 50x4MB) SWAP 504/12002MB (cached 0MB) CPU [24%@1728,22%@1728,23%@1728,43%@1728,24%@1728,24%@1728] GR3D_FREQ 67% cpu@59.406C soc2@58.625C soc0@57.562C gpu@61.218C tj@61.218C soc1@58.687C VDD_IN 17539mW/12693mW VDD_CPU_GPU_CV 8324mW/5561mW VDD_SOC 4280mW/3070mW
09-27-2026 09:46:02 RAM 5414/7620MB (lfb 50x4MB) SWAP 504/12002MB (cached 0MB) CPU [1%@1728,0%@1728,0%@1728,16%@1728,1%@1728,0%@1728] GR3D_FREQ 99% cpu@59.187C soc2@58.812C soc0@57.687C gpu@61.593C tj@61.593C soc1@58.625C VDD_IN 19812mW/12713mW VDD_CPU_GPU_CV 9477mW/5572mW VDD_SOC 4925mW/3075mW
09-27-2026 09:46:02 RAM 5414/7620MB (lfb 50x4MB) SWAP 504/12002MB (cached 0MB) CPU [0%@1728,0%@1728,1%@1728,23%@1728,0%@1728,0%@1728] GR3D_FREQ 99% cpu@59.406C soc2@58.906C soc0@57.75C gpu@62.031C tj@62.031C soc1@58.687C VDD_IN 20671mW/12735mW VDD_CPU_GPU_CV 10077mW/5584mW VDD_SOC 5149mW/3081mW
09-27-2026 09:46:03 RAM 5414/7620MB (lfb 50x4MB) SWAP 504/12002MB (cached 0MB) CPU [20%@1728,0%@1728,0%@1728,1%@1728,1%@1728,0%@1728] GR3D_FREQ 99% cpu@59.875C soc2@58.968C soc0@57.687C gpu@62.031C tj@62.031C soc1@58.906C VDD_IN 20749mW/12757mW VDD_CPU_GPU_CV 10039mW/5597mW VDD_SOC 5188mW/3087mW
09-27-2026 09:46:04 RAM 5414/7620MB (lfb 50x4MB) SWAP 504/12002MB (cached 0MB) CPU [26%@1728,1%@1728,0%@1728,0%@1728,0%@1728,0%@1728] GR3D_FREQ 93% cpu@59.687C soc2@59.062C soc0@57.875C gpu@62.062C tj@62.062C soc1@58.843C VDD_IN 20206mW/12778mW VDD_CPU_GPU_CV 9593mW/5608mW VDD_SOC 5111mW/3092mW
09-27-2026 09:46:04 RAM 5449/7620MB (lfb 44x4MB) SWAP 504/12002MB (cached 0MB) CPU [22%@1728,1%@1728,0%@1728,0%@1728,0%@1728,0%@1728] GR3D_FREQ 99% cpu@59.75C soc2@59.187C soc0@58.125C gpu@62.218C tj@62.218C soc1@58.843C VDD_IN 20284mW/12799mW VDD_CPU_GPU_CV 9709mW/5619mW VDD_SOC 5111mW/3098mW
09-27-2026 09:46:05 RAM 5449/7620MB (lfb 44x4MB) SWAP 504/12002MB (cached 0MB) CPU [29%@1728,0%@1728,0%@1728,1%@1728,0%@1728,0%@1728] GR3D_FREQ 99% cpu@59.656C soc2@59.187C soc0@58.156C gpu@62.5C tj@62.5C soc1@58.906C VDD_IN 20167mW/12819mW VDD_CPU_GPU_CV 9632mW/5630mW VDD_SOC 5111mW/3103mW
09-27-2026 09:46:05 RAM 5449/7620MB (lfb 44x4MB) SWAP 504/12002MB (cached 0MB) CPU [29%@1728,1%@1728,1%@1728,0%@1728,1%@1728,0%@1728] GR3D_FREQ 82% cpu@60.312C soc2@59.25C soc0@58.125C gpu@61.812C tj@61.812C soc1@59.156C VDD_IN 20051mW/12839mW VDD_CPU_GPU_CV 9477mW/5641mW VDD_SOC 5080mW/3109mW
09-27-2026 09:46:06 RAM 5449/7620MB (lfb 44x4MB) SWAP 504/12002MB (cached 0MB) CPU [20%@1728,0%@1728,0%@1728,0%@1728,0%@1728,0%@1728] GR3D_FREQ 99% cpu@59.875C soc2@59.187C soc0@58.093C gpu@62.531C tj@62.531C soc1@59C VDD_IN 20400mW/12860mW VDD_CPU_GPU_CV 9824mW/5652mW VDD_SOC 5111mW/3114mW
09-27-2026 09:46:06 RAM 5449/7620MB (lfb 44x4MB) SWAP 504/12002MB (cached 0MB) CPU [35%@1728,0%@1728,0%@1728,0%@1728,1%@1728,0%@1728] GR3D_FREQ 57% cpu@60.062C soc2@59.312C soc0@58.156C gpu@62.093C tj@62.093C soc1@59.031C VDD_IN 19424mW/12877mW VDD_CPU_GPU_CV 9030mW/5662mW VDD_SOC 4964mW/3119mW
09-27-2026 09:46:07 RAM 5449/7620MB (lfb 44x4MB) SWAP 504/12002MB (cached 0MB) CPU [25%@1728,1%@1728,0%@1728,0%@1728,0%@1728,0%@1728] GR3D_FREQ 99% cpu@59.937C soc2@59.375C soc0@58.406C gpu@62.468C tj@62.468C soc1@59.062C VDD_IN 19934mW/12897mW VDD_CPU_GPU_CV 9516mW/5672mW VDD_SOC 5041mW/3125mW
09-27-2026 09:46:07 RAM 5449/7620MB (lfb 44x4MB) SWAP 503/12002MB (cached 0MB) CPU [0%@1728,37%@1728,0%@1728,0%@1728,0%@1728,0%@1728] GR3D_FREQ 97% cpu@59.781C soc2@59.312C soc0@58.406C gpu@62.125C tj@62.125C soc1@59.156C VDD_IN 19540mW/12915mW VDD_CPU_GPU_CV 9146mW/5681mW VDD_SOC 4964mW/3130mW
09-27-2026 09:46:08 RAM 5449/7620MB (lfb 44x4MB) SWAP 503/12002MB (cached 0MB) CPU [1%@1728,23%@1728,0%@1728,0%@1728,0%@1728,0%@1728] GR3D_FREQ 94% cpu@60.156C soc2@59.437C soc0@58.312C gpu@62.843C tj@62.843C soc1@59.156C VDD_IN 19934mW/12934mW VDD_CPU_GPU_CV 9516mW/5692mW VDD_SOC 5041mW/3135mW
09-27-2026 09:46:08 RAM 5409/7620MB (lfb 51x4MB) SWAP 503/12002MB (cached 0MB) CPU [0%@1728,32%@1728,0%@1728,0%@1728,0%@1728,0%@1728] GR3D_FREQ 99% cpu@60.125C soc2@59.312C soc0@58.375C gpu@62.406C tj@62.25C soc1@59.187C VDD_IN 19152mW/12951mW VDD_CPU_GPU_CV 8953mW/5701mW VDD_SOC 4886mW/3140mW
09-27-2026 09:46:09 RAM 5445/7620MB (lfb 45x4MB) SWAP 503/12002MB (cached 0MB) CPU [0%@1728,24%@1728,1%@1728,0%@1728,0%@1728,1%@1728] GR3D_FREQ 99% cpu@59.968C soc2@59.562C soc0@58.468C gpu@62.718C tj@62.718C soc1@59.125C VDD_IN 19190mW/12967mW VDD_CPU_GPU_CV 9069mW/5710mW VDD_SOC 4886mW/3144mW
09-27-2026 09:46:09 RAM 5445/7620MB (lfb 45x4MB) SWAP 503/12002MB (cached 0MB) CPU [0%@1728,29%@1728,0%@1728,0%@1728,0%@1728,0%@1728] GR3D_FREQ 77% cpu@60C soc2@59.437C soc0@58.437C gpu@62.062C tj@62.062C soc1@59.25C VDD_IN 19074mW/12984mW VDD_CPU_GPU_CV 8876mW/5718mW VDD_SOC 4856mW/3149mW
09-27-2026 09:46:10 RAM 5445/7620MB (lfb 45x4MB) SWAP 503/12002MB (cached 0MB) CPU [0%@1728,29%@1728,0%@1728,0%@1728,0%@1728,0%@1728] GR3D_FREQ 99% cpu@59.937C soc2@59.531C soc0@58.468C gpu@62.437C tj@62.437C soc1@59.312C VDD_IN 18918mW/13000mW VDD_CPU_GPU_CV 8798mW/5727mW VDD_SOC 4817mW/3153mW
09-27-2026 09:46:10 RAM 5445/7620MB (lfb 45x4MB) SWAP 503/12002MB (cached 0MB) CPU [0%@1728,22%@1728,4%@1728,0%@1728,0%@1728,0%@1728] GR3D_FREQ 95% cpu@60.312C soc2@59.531C soc0@58.531C gpu@62.5C tj@62.5C soc1@59.375C VDD_IN 19462mW/13017mW VDD_CPU_GPU_CV 9184mW/5736mW VDD_SOC 4925mW/3158mW
09-27-2026 09:46:11 RAM 5410/7620MB (lfb 45x4MB) SWAP 503/12002MB (cached 0MB) CPU [0%@1728,30%@1728,0%@1728,1%@1728,0%@1728,0%@1728] GR3D_FREQ 0% cpu@60.25C soc2@59.593C soc0@58.687C gpu@61.875C tj@61.875C soc1@59.25C VDD_IN 18561mW/13032mW VDD_CPU_GPU_CV 8504mW/5743mW VDD_SOC 4739mW/3162mW
09-27-2026 09:46:11 RAM 5450/7620MB (lfb 46x4MB) SWAP 503/12002MB (cached 0MB) CPU [36%@1728,1%@1728,0%@1728,0%@1728,0%@1728,0%@1728] GR3D_FREQ 97% cpu@60C soc2@59.625C soc0@58.687C gpu@62.312C tj@62.312C soc1@59.343C VDD_IN 18094mW/13045mW VDD_CPU_GPU_CV 8156mW/5750mW VDD_SOC 4700mW/3166mW
09-27-2026 09:46:12 RAM 5450/7620MB (lfb 46x4MB) SWAP 503/12002MB (cached 0MB) CPU [31%@1728,0%@1728,0%@1728,1%@1728,0%@1728,1%@1728] GR3D_FREQ 99% cpu@60.093C soc2@59.468C soc0@58.562C gpu@62.781C tj@62.781C soc1@59.5C VDD_IN 18366mW/13059mW VDD_CPU_GPU_CV 8349mW/5756mW VDD_SOC 4739mW/3171mW
09-27-2026 09:46:12 RAM 5451/7620MB (lfb 45x4MB) SWAP 503/12002MB (cached 0MB) CPU [0%@1728,30%@1728,0%@1728,0%@1728,1%@1728,0%@1728] GR3D_FREQ 99% cpu@60.218C soc2@59.531C soc0@58.625C gpu@62.687C tj@62.687C soc1@59.406C VDD_IN 18716mW/13074mW VDD_CPU_GPU_CV 8658mW/5764mW VDD_SOC 4778mW/3175mW
09-27-2026 09:46:13 RAM 5506/7620MB (lfb 44x4MB) SWAP 503/12002MB (cached 0MB) CPU [0%@1728,34%@1728,2%@1728,0%@1728,1%@1728,0%@1728] GR3D_FREQ 18% cpu@60.281C soc2@59.5C soc0@58.812C gpu@62.062C tj@62.218C soc1@59.406C VDD_IN 18405mW/13088mW VDD_CPU_GPU_CV 8388mW/5771mW VDD_SOC 4739mW/3179mW
09-27-2026 09:46:13 RAM 5450/7620MB (lfb 46x4MB) SWAP 503/12002MB (cached 0MB) CPU [1%@1728,34%@1728,0%@1728,0%@1728,0%@1728,1%@1728] GR3D_FREQ 77% cpu@60.062C soc2@59.562C soc0@58.875C gpu@62.156C tj@62.156C soc1@59.406C VDD_IN 18249mW/13102mW VDD_CPU_GPU_CV 8272mW/5778mW VDD_SOC 4700mW/3183mW
09-27-2026 09:46:14 RAM 5410/7620MB (lfb 53x4MB) SWAP 503/12002MB (cached 0MB) CPU [0%@1728,60%@1728,1%@1728,0%@1728,0%@1728,0%@1728] GR3D_FREQ 99% cpu@60C soc2@59.5C soc0@58.687C gpu@61.968C tj@61.968C soc1@59.625C VDD_IN 15563mW/13108mW VDD_CPU_GPU_CV 6643mW/5780mW VDD_SOC 4138mW/3185mW
09-27-2026 09:46:14 RAM 5506/7620MB (lfb 44x4MB) SWAP 503/12002MB (cached 0MB) CPU [0%@1728,57%@1728,0%@1728,1%@1728,0%@1728,0%@1728] GR3D_FREQ 57% cpu@60.031C soc2@59.312C soc0@58.656C gpu@61.843C tj@61.843C soc1@59.437C VDD_IN 15367mW/13114mW VDD_CPU_GPU_CV 6576mW/5782mW VDD_SOC 4060mW/3188mW
09-27-2026 09:46:15 RAM 5456/7620MB (lfb 45x4MB) SWAP 503/12002MB (cached 0MB) CPU [0%@1728,64%@1728,0%@1728,1%@1728,1%@1728,0%@1728] GR3D_FREQ 0% cpu@60.187C soc2@59.25C soc0@58.531C gpu@61.218C tj@61.218C soc1@59.531C VDD_IN 14781mW/13119mW VDD_CPU_GPU_CV 6031mW/5783mW VDD_SOC 3949mW/3190mW
09-27-2026 09:46:15 RAM 5456/7620MB (lfb 45x4MB) SWAP 503/12002MB (cached 0MB) CPU [0%@1728,74%@1728,0%@1728,0%@1728,0%@1728,0%@1728] GR3D_FREQ 0% cpu@60C soc2@59.187C soc0@58.656C gpu@61C tj@61C soc1@59.406C VDD_IN 13630mW/13120mW VDD_CPU_GPU_CV 5348mW/5781mW VDD_SOC 3720mW/3191mW
09-27-2026 09:46:16 RAM 5456/7620MB (lfb 45x4MB) SWAP 503/12002MB (cached 0MB) CPU [1%@1728,70%@1728,0%@1728,0%@1728,0%@1728,0%@1728] GR3D_FREQ 0% cpu@59.906C soc2@59.093C soc0@58.437C gpu@61.031C tj@61.031C soc1@59.375C VDD_IN 12985mW/13120mW VDD_CPU_GPU_CV 4958mW/5779mW VDD_SOC 3603mW/3192mW
09-27-2026 09:46:16 RAM 5456/7620MB (lfb 44x4MB) SWAP 503/12002MB (cached 0MB) CPU [0%@1728,52%@1728,0%@1728,0%@1728,0%@1728,0%@1728] GR3D_FREQ 99% cpu@59.656C soc2@59.187C soc0@58.343C gpu@61.937C tj@61.937C soc1@59.531C VDD_IN 14820mW/13124mW VDD_CPU_GPU_CV 6303mW/5781mW VDD_SOC 3949mW/3194mW
09-27-2026 09:46:17 RAM 5456/7620MB (lfb 45x4MB) SWAP 503/12002MB (cached 0MB) CPU [0%@1728,62%@1728,0%@1728,1%@1728,0%@1728,0%@1728] GR3D_FREQ 74% cpu@59.906C soc2@59.125C soc0@58.281C gpu@61.406C tj@61.406C soc1@59.406C VDD_IN 15094mW/13129mW VDD_CPU_GPU_CV 6303mW/5782mW VDD_SOC 4021mW/3196mW
09-27-2026 09:46:17 RAM 5456/7620MB (lfb 44x4MB) SWAP 503/12002MB (cached 0MB) CPU [0%@1728,70%@1728,0%@1728,0%@1728,0%@1728,0%@1728] GR3D_FREQ 0% cpu@60.156C soc2@59.156C soc0@58.343C gpu@60.968C tj@60.593C soc1@59.312C VDD_IN 13943mW/13131mW VDD_CPU_GPU_CV 5534mW/5781mW VDD_SOC 3793mW/3198mW
09-27-2026 09:46:18 RAM 5456/7620MB (lfb 45x4MB) SWAP 503/12002MB (cached 0MB) CPU [0%@1728,72%@1728,0%@1728,0%@1728,0%@1728,0%@1728] GR3D_FREQ 0% cpu@59.875C soc2@59.031C soc0@58.562C gpu@60.437C tj@60.437C soc1@59.375C VDD_IN 13025mW/13131mW VDD_CPU_GPU_CV 4958mW/5779mW VDD_SOC 3603mW/3199mW
09-27-2026 09:46:18 RAM 5456/7620MB (lfb 44x4MB) SWAP 503/12002MB (cached 0MB) CPU [0%@1728,58%@1728,0%@1728,1%@1728,0%@1728,0%@1728] GR3D_FREQ 99% cpu@59.5C soc2@59.156C soc0@58.375C gpu@62C tj@62C soc1@59.281C VDD_IN 14178mW/13134mW VDD_CPU_GPU_CV 5885mW/5780mW VDD_SOC 3832mW/3200mW
09-27-2026 09:46:19 RAM 5500/7620MB (lfb 44x4MB) SWAP 503/12002MB (cached 0MB) CPU [1%@1728,62%@1728,0%@1728,0%@1728,0%@1728,0%@1728] GR3D_FREQ 0% cpu@59.937C soc2@59.093C soc0@58.312C gpu@61.093C tj@61.093C soc1@59.406C VDD_IN 14727mW/13138mW VDD_CPU_GPU_CV 6158mW/5781mW VDD_SOC 3910mW/3202mW
09-27-2026 09:46:19 RAM 5415/7620MB (lfb 46x4MB) SWAP 503/12002MB (cached 0MB) CPU [52%@1728,86%@1728,52%@1728,52%@1728,52%@1728,52%@1728] GR3D_FREQ 99% cpu@59.937C soc2@59.062C soc0@58.187C gpu@61.625C tj@61.625C soc1@59.406C VDD_IN 13221mW/13138mW VDD_CPU_GPU_CV 5387mW/5780mW VDD_SOC 3525mW/3203mW
09-27-2026 09:46:20 RAM 5454/7620MB (lfb 45x4MB) SWAP 503/12002MB (cached 0MB) CPU [52%@1728,90%@1728,50%@1728,52%@1728,51%@1728,50%@1728] GR3D_FREQ 0% cpu@59.75C soc2@58.937C soc0@58.375C gpu@60.218C tj@60.218C soc1@59.25C VDD_IN 11414mW/13134mW VDD_CPU_GPU_CV 4190mW/5775mW VDD_SOC 3143mW/3203mW
09-27-2026 09:46:20 RAM 5453/7620MB (lfb 46x4MB) SWAP 503/12002MB (cached 0MB) CPU [52%@1728,78%@1728,52%@1728,52%@1728,52%@1728,52%@1728] GR3D_FREQ 0% cpu@59.875C soc2@58.906C soc0@58.312C gpu@60.187C tj@60.187C soc1@59.281C VDD_IN 11867mW/13130mW VDD_CPU_GPU_CV 4543mW/5772mW VDD_SOC 3222mW/3203mW
09-27-2026 09:46:21 RAM 5454/7620MB (lfb 45x4MB) SWAP 503/12002MB (cached 0MB) CPU [40%@1728,76%@1728,40%@1728,41%@1728,40%@1728,41%@1728] GR3D_FREQ 0% cpu@60.312C soc2@58.937C soc0@58.218C gpu@60C tj@60.093C soc1@59.343C VDD_IN 12221mW/13128mW VDD_CPU_GPU_CV 4809mW/5770mW VDD_SOC 3256mW/3203mW
09-27-2026 09:46:21 RAM 5570/7620MB (lfb 44x4MB) SWAP 503/12002MB (cached 0MB) CPU [34%@1728,77%@1728,34%@1728,33%@1728,34%@1728,34%@1728] GR3D_FREQ 0% cpu@60.031C soc2@58.781C soc0@58.156C gpu@60.468C tj@60.468C soc1@59.312C VDD_IN 12711mW/13127mW VDD_CPU_GPU_CV 5083mW/5768mW VDD_SOC 3413mW/3204mW
09-27-2026 09:46:22 RAM 5570/7620MB (lfb 44x4MB) SWAP 503/12002MB (cached 0MB) CPU [36%@1728,78%@1728,33%@1728,35%@1728,34%@1728,34%@1728] GR3D_FREQ 0% cpu@59.781C soc2@58.718C soc0@58.25C gpu@60.312C tj@60.312C soc1@59.281C VDD_IN 13338mW/13128mW VDD_CPU_GPU_CV 5426mW/5767mW VDD_SOC 3564mW/3205mW
09-27-2026 09:46:22 RAM 5454/7620MB (lfb 46x4MB) SWAP 503/12002MB (cached 0MB) CPU [48%@1728,80%@1728,49%@1728,48%@1728,48%@1728,49%@1728] GR3D_FREQ 99% cpu@59.468C soc2@58.843C soc0@58.125C gpu@61.812C tj@61.812C soc1@59.312C VDD_IN 13652mW/13129mW VDD_CPU_GPU_CV 5738mW/5767mW VDD_SOC 3603mW/3206mW
09-27-2026 09:46:23 RAM 5454/7620MB (lfb 46x4MB) SWAP 503/12002MB (cached 0MB) CPU [53%@1728,96%@1728,52%@1728,52%@1728,52%@1728,52%@1728] GR3D_FREQ 32% cpu@59.437C soc2@58.718C soc0@58.093C gpu@60.562C tj@60.562C soc1@59.406C VDD_IN 11493mW/13125mW VDD_CPU_GPU_CV 4269mW/5764mW VDD_SOC 3143mW/3205mW
09-27-2026 09:46:23 RAM 5454/7620MB (lfb 46x4MB) SWAP 503/12002MB (cached 0MB) CPU [52%@1728,78%@1728,52%@1728,52%@1728,52%@1728,52%@1728] GR3D_FREQ 0% cpu@59.656C soc2@58.656C soc0@58.125C gpu@59.843C tj@59.843C soc1@59.281C VDD_IN 11592mW/13121mW VDD_CPU_GPU_CV 4347mW/5760mW VDD_SOC 3143mW/3205mW
09-27-2026 09:46:24 RAM 5454/7620MB (lfb 46x4MB) SWAP 503/12002MB (cached 0MB) CPU [49%@1728,78%@1728,49%@1728,49%@1728,49%@1728,49%@1728] GR3D_FREQ 0% cpu@60.062C soc2@58.718C soc0@58C gpu@59.875C tj@60.062C soc1@59.187C VDD_IN 12103mW/13118mW VDD_CPU_GPU_CV 4692mW/5757mW VDD_SOC 3256mW/3205mW
09-27-2026 09:46:24 RAM 5570/7620MB (lfb 44x4MB) SWAP 503/12002MB (cached 0MB) CPU [34%@1728,76%@1728,34%@1728,33%@1728,32%@1728,32%@1728] GR3D_FREQ 0% cpu@59.906C soc2@58.781C soc0@58.093C gpu@59.937C tj@60.156C soc1@59.031C VDD_IN 12535mW/13117mW VDD_CPU_GPU_CV 4966mW/5755mW VDD_SOC 3334mW/3206mW
09-27-2026 09:46:25 RAM 5570/7620MB (lfb 44x4MB) SWAP 503/12002MB (cached 0MB) CPU [36%@1728,78%@1728,33%@1728,34%@1728,35%@1728,34%@1728] GR3D_FREQ 0% cpu@59.843C soc2@58.687C soc0@58.062C gpu@60C tj@60C soc1@59.093C VDD_IN 13025mW/13117mW VDD_CPU_GPU_CV 5270mW/5754mW VDD_SOC 3485mW/3206mW
09-27-2026 09:46:25 RAM 5569/7620MB (lfb 44x4MB) SWAP 503/12002MB (cached 0MB) CPU [40%@1728,76%@1728,40%@1728,40%@1728,40%@1728,40%@1728] GR3D_FREQ 55% cpu@59.437C soc2@58.718C soc0@57.906C gpu@60.937C tj@60.937C soc1@59.281C VDD_IN 13809mW/13118mW VDD_CPU_GPU_CV 5777mW/5754mW VDD_SOC 3642mW/3207mW
09-27-2026 09:46:26 RAM 5528/7620MB (lfb 44x4MB) SWAP 503/12002MB (cached 0MB) CPU [52%@1728,100%@1728,52%@1728,52%@1728,52%@1728,52%@1728] GR3D_FREQ 0% cpu@59.343C soc2@58.5C soc0@57.906C gpu@60.187C tj@60.187C soc1@59.125C VDD_IN 11138mW/13114mW VDD_CPU_GPU_CV 4040mW/5750mW VDD_SOC 3104mW/3207mW
09-27-2026 09:46:26 RAM 5426/7620MB (lfb 53x4MB) SWAP 503/12002MB (cached 0MB) CPU [52%@1728,78%@1728,52%@1728,52%@1728,52%@1728,51%@1728] GR3D_FREQ 0% cpu@59.812C soc2@58.468C soc0@57.781C gpu@60.062C tj@60.062C soc1@59.093C VDD_IN 11689mW/13110mW VDD_CPU_GPU_CV 4386mW/5747mW VDD_SOC 3182mW/3207mW
09-27-2026 09:46:27 RAM 5721/7620MB (lfb 29x4MB) SWAP 503/12002MB (cached 0MB) CPU [18%@1728,78%@1728,17%@1728,17%@1728,17%@1728,16%@1728] GR3D_FREQ 0% cpu@59.718C soc2@58.625C soc0@58C gpu@59.937C tj@59.937C soc1@59.093C VDD_IN 12496mW/13109mW VDD_CPU_GPU_CV 4770mW/5744mW VDD_SOC 3413mW/3208mW
09-27-2026 09:46:27 RAM 5592/7620MB (lfb 44x4MB) SWAP 503/12002MB (cached 0MB) CPU [36%@1728,86%@1728,35%@1728,35%@1728,34%@1728,36%@1728] GR3D_FREQ 68% cpu@59.093C soc2@58.468C soc0@57.75C gpu@60.812C tj@60.812C soc1@59.031C VDD_IN 12771mW/13108mW VDD_CPU_GPU_CV 5005mW/5742mW VDD_SOC 3491mW/3208mW
09-27-2026 09:46:28 RAM 5534/7620MB (lfb 45x4MB) SWAP 503/12002MB (cached 0MB) CPU [52%@1728,94%@1728,52%@1728,52%@1728,50%@1728,50%@1728] GR3D_FREQ 0% cpu@59.437C soc2@58.343C soc0@57.812C gpu@59.625C tj@59.625C soc1@59.187C VDD_IN 11020mW/13103mW VDD_CPU_GPU_CV 3883mW/5738mW VDD_SOC 3065mW/3208mW
09-27-2026 09:46:28 RAM 5454/7620MB (lfb 51x4MB) SWAP 503/12002MB (cached 0MB) CPU [43%@1728,76%@1728,42%@1728,42%@1728,43%@1728,42%@1728] GR3D_FREQ 0% cpu@60.062C soc2@58.343C soc0@57.75C gpu@59.687C tj@60.062C soc1@59.031C VDD_IN 11945mW/13100mW VDD_CPU_GPU_CV 4543mW/5735mW VDD_SOC 3261mW/3208mW
09-27-2026 09:46:29 RAM 5721/7620MB (lfb 29x4MB) SWAP 503/12002MB (cached 0MB) CPU [20%@1728,79%@1728,18%@1728,18%@1728,18%@1728,20%@1728] GR3D_FREQ 0% cpu@59.562C soc2@58.406C soc0@57.593C gpu@60.031C tj@60.031C soc1@58.937C VDD_IN 12692mW/13099mW VDD_CPU_GPU_CV 4888mW/5733mW VDD_SOC 3452mW/3209mW
09-27-2026 09:46:29 RAM 5588/7620MB (lfb 44x4MB) SWAP 503/12002MB (cached 0MB) CPU [42%@1728,88%@1728,40%@1728,41%@1728,42%@1728,41%@1728] GR3D_FREQ 70% cpu@58.968C soc2@58.437C soc0@57.843C gpu@60.75C tj@60.75C soc1@58.906C VDD_IN 12417mW/13097mW VDD_CPU_GPU_CV 4770mW/5731mW VDD_SOC 3413mW/3209mW
09-27-2026 09:46:30 RAM 5513/7620MB (lfb 48x4MB) SWAP 503/12002MB (cached 0MB) CPU [52%@1728,90%@1728,52%@1728,52%@1728,52%@1728,54%@1728] GR3D_FREQ 0% cpu@59.218C soc2@58.218C soc0@57.781C gpu@59.562C tj@59.562C soc1@59.062C VDD_IN 11178mW/13092mW VDD_CPU_GPU_CV 4001mW/5726mW VDD_SOC 3104mW/3209mW
09-27-2026 09:46:30 RAM 5721/7620MB (lfb 29x4MB) SWAP 503/12002MB (cached 0MB) CPU [34%@1728,79%@1728,36%@1728,36%@1728,34%@1728,34%@1728] GR3D_FREQ 0% cpu@59.968C soc2@58.312C soc0@57.656C gpu@59.437C tj@59.968C soc1@58.968C VDD_IN 12063mW/13090mW VDD_CPU_GPU_CV 4621mW/5724mW VDD_SOC 3295mW/3209mW
09-27-2026 09:46:31 RAM 5705/7620MB (lfb 33x4MB) SWAP 503/12002MB (cached 0MB) CPU [17%@1728,78%@1728,17%@1728,17%@1728,17%@1728,17%@1728] GR3D_FREQ 0% cpu@59.187C soc2@58.281C soc0@57.562C gpu@59.968C tj@59.968C soc1@58.875C VDD_IN 13103mW/13090mW VDD_CPU_GPU_CV 5122mW/5722mW VDD_SOC 3564mW/3210mW
09-27-2026 09:46:31 RAM 5573/7620MB (lfb 44x4MB) SWAP 503/12002MB (cached 0MB) CPU [61%@1728,98%@1728,58%@1728,59%@1728,58%@1728,60%@1728] GR3D_FREQ 63% cpu@59.375C soc2@58.312C soc0@57.625C gpu@60C tj@60C soc1@58.843C VDD_IN 11532mW/13086mW VDD_CPU_GPU_CV 4230mW/5719mW VDD_SOC 3182mW/3210mW
09-27-2026 09:46:32 RAM 5455/7620MB (lfb 52x4MB) SWAP 503/12002MB (cached 0MB) CPU [82%@1728,88%@1728,67%@1728,58%@1728,66%@1728,63%@1728] GR3D_FREQ 0% cpu@59.625C soc2@58.25C soc0@57.625C gpu@59.75C tj@59.75C soc1@58.75C VDD_IN 11867mW/13083mW VDD_CPU_GPU_CV 4582mW/5716mW VDD_SOC 3182mW/3210mW
09-27-2026 09:46:32 RAM 5723/7620MB (lfb 29x4MB) SWAP 503/12002MB (cached 0MB) CPU [15%@1728,78%@1728,14%@1728,14%@1728,14%@1728,14%@1728] GR3D_FREQ 0% cpu@59.687C soc2@58.343C soc0@57.562C gpu@59.812C tj@59.812C soc1@59.031C VDD_IN 12810mW/13083mW VDD_CPU_GPU_CV 4966mW/5714mW VDD_SOC 3491mW/3211mW
09-27-2026 09:46:33 RAM 5582/7620MB (lfb 43x4MB) SWAP 503/12002MB (cached 0MB) CPU [47%@1728,91%@1728,45%@1728,48%@1728,47%@1728,49%@1728] GR3D_FREQ 71% cpu@59.156C soc2@58.218C soc0@57.531C gpu@60.562C tj@60.562C soc1@58.875C VDD_IN 11985mW/13080mW VDD_CPU_GPU_CV 4504mW/5711mW VDD_SOC 3334mW/3211mW
09-27-2026 09:46:33 RAM 5499/7620MB (lfb 52x4MB) SWAP 503/12002MB (cached 0MB) CPU [52%@1728,86%@1728,52%@1728,52%@1728,53%@1728,52%@1728] GR3D_FREQ 0% cpu@59.187C soc2@58.218C soc0@57.5C gpu@59.468C tj@59.468C soc1@58.812C VDD_IN 11296mW/13076mW VDD_CPU_GPU_CV 4119mW/5707mW VDD_SOC 3104mW/3211mW
09-27-2026 09:46:34 RAM 5723/7620MB (lfb 29x4MB) SWAP 503/12002MB (cached 0MB) CPU [32%@1728,78%@1728,30%@1728,31%@1728,30%@1728,30%@1728] GR3D_FREQ 0% cpu@59.468C soc2@58.312C soc0@57.687C gpu@59.468C tj@59.468C soc1@58.75C VDD_IN 12181mW/13074mW VDD_CPU_GPU_CV 4660mW/5705mW VDD_SOC 3295mW/3211mW
09-27-2026 09:46:34 RAM 5557/7620MB (lfb 43x4MB) SWAP 503/12002MB (cached 0MB) CPU [22%@1728,87%@1728,22%@1728,21%@1728,21%@1728,22%@1728] GR3D_FREQ 60% cpu@58.718C soc2@58.093C soc0@57.5C gpu@60.031C tj@60.031C soc1@58.625C VDD_IN 12103mW/13071mW VDD_CPU_GPU_CV 4739mW/5703mW VDD_SOC 3177mW/3211mW
09-27-2026 09:46:35 RAM 5458/7620MB (lfb 52x4MB) SWAP 503/12002MB (cached 0MB) CPU [52%@1728,94%@1728,52%@1728,52%@1728,52%@1728,52%@1728] GR3D_FREQ 0% cpu@59.062C soc2@58.062C soc0@57.5C gpu@59.312C tj@59.312C soc1@58.843C VDD_IN 11020mW/13067mW VDD_CPU_GPU_CV 4040mW/5699mW VDD_SOC 2986mW/3210mW
09-27-2026 09:46:35 RAM 5723/7620MB (lfb 29x4MB) SWAP 503/12002MB (cached 0MB) CPU [32%@1728,64%@1728,9%@1728,8%@1728,7%@1728,7%@1728] GR3D_FREQ 0% cpu@59.406C soc2@58.125C soc0@57.437C gpu@59.406C tj@59.406C soc1@58.781C VDD_IN 12142mW/13064mW VDD_CPU_GPU_CV 4778mW/5697mW VDD_SOC 3177mW/3210mW
09-27-2026 09:46:36 RAM 5577/7620MB (lfb 44x4MB) SWAP 503/12002MB (cached 0MB) CPU [95%@1728,45%@1728,46%@1728,45%@1728,44%@1728,45%@1728] GR3D_FREQ 59% cpu@58.812C soc2@58.187C soc0@57.562C gpu@60.156C tj@60.156C soc1@58.75C VDD_IN 11256mW/13060mW VDD_CPU_GPU_CV 4197mW/5693mW VDD_SOC 3025mW/3210mW
09-27-2026 09:46:36 RAM 5453/7620MB (lfb 52x4MB) SWAP 503/12002MB (cached 0MB) CPU [90%@1728,48%@1728,49%@1728,48%@1728,49%@1728,48%@1728] GR3D_FREQ 0% cpu@59.25C soc2@58.187C soc0@57.562C gpu@59.375C tj@59.375C soc1@58.625C VDD_IN 11493mW/13056mW VDD_CPU_GPU_CV 4386mW/5690mW VDD_SOC 3025mW/3209mW
09-27-2026 09:46:37 RAM 5637/7620MB (lfb 44x4MB) SWAP 503/12002MB (cached 0MB) CPU [86%@1728,5%@1728,3%@1728,3%@1728,3%@1728,4%@1728] GR3D_FREQ 56% cpu@58.781C soc2@58.187C soc0@57.343C gpu@60.281C tj@60.281C soc1@58.812C VDD_IN 12810mW/13056mW VDD_CPU_GPU_CV 5318mW/5689mW VDD_SOC 3256mW/3209mW
09-27-2026 09:46:37 RAM 5565/7620MB (lfb 44x4MB) SWAP 503/12002MB (cached 0MB) CPU [100%@1728,52%@1728,52%@1728,52%@1728,52%@1728,50%@1728] GR3D_FREQ 0% cpu@59.25C soc2@58.062C soc0@57.406C gpu@59.156C tj@59.25C soc1@58.687C VDD_IN 10605mW/13050mW VDD_CPU_GPU_CV 3693mW/5684mW VDD_SOC 2912mW/3209mW
09-27-2026 09:46:38 RAM 5723/7620MB (lfb 29x4MB) SWAP 503/12002MB (cached 0MB) CPU [88%@1728,31%@1728,31%@1728,32%@1728,31%@1728,32%@1728] GR3D_FREQ 0% cpu@59.687C soc2@58.031C soc0@57.406C gpu@59.25C tj@59.687C soc1@58.562C VDD_IN 11729mW/13047mW VDD_CPU_GPU_CV 4543mW/5682mW VDD_SOC 3065mW/3208mW
09-27-2026 09:46:38 RAM 5597/7620MB (lfb 44x4MB) SWAP 503/12002MB (cached 0MB) CPU [89%@1728,22%@1728,22%@1728,20%@1728,20%@1728,20%@1728] GR3D_FREQ 59% cpu@58.875C soc2@58.093C soc0@57.562C gpu@60.406C tj@60.156C soc1@58.5C VDD_IN 12221mW/13045mW VDD_CPU_GPU_CV 4888mW/5680mW VDD_SOC 3182mW/3208mW
09-27-2026 09:46:39 RAM 5513/7620MB (lfb 49x4MB) SWAP 503/12002MB (cached 0MB) CPU [96%@1728,50%@1728,50%@1728,52%@1728,52%@1728,50%@1728] GR3D_FREQ 0% cpu@59C soc2@58.062C soc0@57.343C gpu@59.093C tj@59.093C soc1@58.5C VDD_IN 10902mW/13040mW VDD_CPU_GPU_CV 3923mW/5676mW VDD_SOC 2952mW/3208mW
09-27-2026 09:46:39 RAM 5723/7620MB (lfb 29x4MB) SWAP 503/12002MB (cached 0MB) CPU [86%@1728,16%@1728,16%@1728,17%@1728,15%@1728,16%@1728] GR3D_FREQ 0% cpu@59.468C soc2@57.937C soc0@57.312C gpu@59.656C tj@59.656C soc1@58.656C VDD_IN 12122mW/13038mW VDD_CPU_GPU_CV 4692mW/5674mW VDD_SOC 3138mW/3208mW
09-27-2026 09:46:40 RAM 5585/7620MB (lfb 44x4MB) SWAP 503/12002MB (cached 0MB) CPU [95%@1728,36%@1728,36%@1728,36%@1728,36%@1728,37%@1728] GR3D_FREQ 58% cpu@58.968C soc2@57.968C soc0@57.25C gpu@60C tj@60C soc1@58.625C VDD_IN 11729mW/13035mW VDD_CPU_GPU_CV 4465mW/5671mW VDD_SOC 3065mW/3207mW
09-27-2026 09:46:40 RAM 5465/7620MB (lfb 52x4MB) SWAP 503/12002MB (cached 0MB) CPU [91%@1728,52%@1728,52%@1728,52%@1728,52%@1728,52%@1728] GR3D_FREQ 0% cpu@59.281C soc2@57.968C soc0@57.187C gpu@59.062C tj@59.281C soc1@58.437C VDD_IN 11256mW/13031mW VDD_CPU_GPU_CV 4276mW/5668mW VDD_SOC 2986mW/3207mW
09-27-2026 09:46:41 RAM 5715/7620MB (lfb 31x4MB) SWAP 503/12002MB (cached 0MB) CPU [87%@1728,0%@1728,0%@1728,1%@1728,0%@1728,0%@1728] GR3D_FREQ 0% cpu@58.718C soc2@57.906C soc0@57.343C gpu@59.5C tj@59.5C soc1@58.437C VDD_IN 12496mW/13030mW VDD_CPU_GPU_CV 4966mW/5666mW VDD_SOC 3217mW/3207mW
09-27-2026 09:46:41 RAM 5573/7620MB (lfb 44x4MB) SWAP 503/12002MB (cached 0MB) CPU [98%@1728,52%@1728,52%@1728,50%@1728,52%@1728,52%@1728] GR3D_FREQ 60% cpu@58.656C soc2@57.875C soc0@57.281C gpu@59.562C tj@59.562C soc1@58.625C VDD_IN 10942mW/13025mW VDD_CPU_GPU_CV 3923mW/5662mW VDD_SOC 2991mW/3206mW
09-27-2026 09:46:42 RAM 5453/7620MB (lfb 52x4MB) SWAP 503/12002MB (cached 0MB) CPU [88%@1728,41%@1728,40%@1728,41%@1728,41%@1728,41%@1728] GR3D_FREQ 0% cpu@59.062C soc2@57.937C soc0@57.218C gpu@59.031C tj@59.062C soc1@58.562C VDD_IN 11571mW/13022mW VDD_CPU_GPU_CV 4504mW/5659mW VDD_SOC 3025mW/3206mW
09-27-2026 09:46:42 RAM 5601/7620MB (lfb 44x4MB) SWAP 503/12002MB (cached 0MB) CPU [88%@1728,12%@1728,11%@1728,10%@1728,10%@1728,10%@1728] GR3D_FREQ 60% cpu@58.718C soc2@57.781C soc0@57.187C gpu@59.937C tj@59.937C soc1@58.437C VDD_IN 12535mW/13020mW VDD_CPU_GPU_CV 5161mW/5658mW VDD_SOC 3217mW/3206mW
09-27-2026 09:46:43 RAM 5531/7620MB (lfb 44x4MB) SWAP 503/12002MB (cached 0MB) CPU [55%@1728,98%@1728,56%@1728,54%@1728,56%@1728,56%@1728] GR3D_FREQ 0% cpu@58.593C soc2@57.75C soc0@57.281C gpu@58.937C tj@58.937C soc1@58.375C VDD_IN 10723mW/13015mW VDD_CPU_GPU_CV 3805mW/5654mW VDD_SOC 2952mW/3205mW
09-27-2026 09:46:43 RAM 5723/7620MB (lfb 29x4MB) SWAP 503/12002MB (cached 0MB) CPU [21%@1728,86%@1728,21%@1728,22%@1728,20%@1728,21%@1728] GR3D_FREQ 0% cpu@59.031C soc2@57.843C soc0@57.218C gpu@59.406C tj@59.406C soc1@58.312C VDD_IN 11926mW/13013mW VDD_CPU_GPU_CV 4660mW/5652mW VDD_SOC 3104mW/3205mW
09-27-2026 09:46:44 RAM 5528/7620MB (lfb 44x4MB) SWAP 503/12002MB (cached 0MB) CPU [30%@1728,87%@1728,28%@1728,28%@1728,29%@1728,28%@1728] GR3D_FREQ 65% cpu@58.218C soc2@57.75C soc0@57.062C gpu@59.906C tj@59.906C soc1@58.437C VDD_IN 12181mW/13011mW VDD_CPU_GPU_CV 4896mW/5650mW VDD_SOC 3138mW/3205mW
09-27-2026 09:46:45 RAM 5473/7620MB (lfb 51x4MB) SWAP 503/12002MB (cached 0MB) CPU [52%@1728,92%@1728,52%@1728,52%@1728,52%@1728,52%@1728] GR3D_FREQ 0% cpu@58.468C soc2@57.656C soc0@57.062C gpu@58.718C tj@58.718C soc1@58.375C VDD_IN 10902mW/13006mW VDD_CPU_GPU_CV 3962mW/5646mW VDD_SOC 2952mW/3204mW
09-27-2026 09:46:45 RAM 5729/7620MB (lfb 29x4MB) SWAP 503/12002MB (cached 0MB) CPU [29%@1728,66%@1728,12%@1728,12%@1728,13%@1728,12%@1728] GR3D_FREQ 0% cpu@59.062C soc2@57.625C soc0@57.031C gpu@59.437C tj@59.437C soc1@58.375C VDD_IN 11945mW/13004mW VDD_CPU_GPU_CV 4660mW/5644mW VDD_SOC 3143mW/3204mW
09-27-2026 09:46:46 RAM 5571/7620MB (lfb 44x4MB) SWAP 503/12002MB (cached 0MB) CPU [82%@1728,50%@1728,40%@1728,40%@1728,39%@1728,39%@1728] GR3D_FREQ 65% cpu@58.218C soc2@57.687C soc0@57.25C gpu@59.531C tj@59.531C soc1@58.187C VDD_IN 11571mW/13000mW VDD_CPU_GPU_CV 4425mW/5641mW VDD_SOC 3065mW/3204mW
09-27-2026 09:46:46 RAM 5476/7620MB (lfb 52x4MB) SWAP 503/12002MB (cached 0MB) CPU [52%@1728,88%@1728,50%@1728,51%@1728,52%@1728,52%@1728] GR3D_FREQ 0% cpu@58.562C soc2@57.656C soc0@57C gpu@59.125C tj@59.125C soc1@58.281C VDD_IN 11217mW/12996mW VDD_CPU_GPU_CV 4276mW/5638mW VDD_SOC 2986mW/3203mW
09-27-2026 09:46:47 RAM 5735/7620MB (lfb 29x4MB) SWAP 503/12002MB (cached 0MB) CPU [0%@1728,78%@1728,1%@1728,1%@1728,1%@1728,1%@1728] GR3D_FREQ 0% cpu@58.406C soc2@57.656C soc0@56.968C gpu@59.25C tj@59.25C soc1@58.437C VDD_IN 12181mW/12995mW VDD_CPU_GPU_CV 4896mW/5636mW VDD_SOC 3217mW/3203mW
09-27-2026 09:46:47 RAM 5577/7620MB (lfb 44x4MB) SWAP 503/12002MB (cached 0MB) CPU [51%@1728,96%@1728,50%@1728,50%@1728,50%@1728,50%@1728] GR3D_FREQ 63% cpu@58.375C soc2@57.531C soc0@56.875C gpu@59.406C tj@59.406C soc1@58.281C VDD_IN 11020mW/12990mW VDD_CPU_GPU_CV 4080mW/5633mW VDD_SOC 2986mW/3203mW
09-27-2026 09:46:48 RAM 5465/7620MB (lfb 52x4MB) SWAP 503/12002MB (cached 0MB) CPU [48%@1728,83%@1728,47%@1728,47%@1728,46%@1728,46%@1728] GR3D_FREQ 0% cpu@58.843C soc2@57.718C soc0@56.875C gpu@58.875C tj@58.843C soc1@58.187C VDD_IN 11453mW/12987mW VDD_CPU_GPU_CV 4425mW/5630mW VDD_SOC 3025mW/3203mW
09-27-2026 09:46:48 RAM 5657/7620MB (lfb 44x4MB) SWAP 503/12002MB (cached 0MB) CPU [6%@1728,78%@1728,6%@1728,6%@1728,7%@1728,6%@1728] GR3D_FREQ 73% cpu@58.343C soc2@57.531C soc0@57C gpu@59.531C tj@59.531C soc1@58.125C VDD_IN 12653mW/12986mW VDD_CPU_GPU_CV 5161mW/5629mW VDD_SOC 3256mW/3203mW
09-27-2026 09:46:49 RAM 5577/7620MB (lfb 44x4MB) SWAP 503/12002MB (cached 0MB) CPU [52%@1728,100%@1728,50%@1728,50%@1728,52%@1728,52%@1728] GR3D_FREQ 0% cpu@58.343C soc2@57.406C soc0@56.937C gpu@58.531C tj@58.531C soc1@58.437C VDD_IN 10526mW/12981mW VDD_CPU_GPU_CV 3648mW/5625mW VDD_SOC 2912mW/3202mW
09-27-2026 09:46:49 RAM 5735/7620MB (lfb 29x4MB) SWAP 503/12002MB (cached 0MB) CPU [34%@1728,80%@1728,36%@1728,34%@1728,34%@1728,34%@1728] GR3D_FREQ 0% cpu@59.187C soc2@57.593C soc0@56.812C gpu@59.062C tj@59.187C soc1@58.187C VDD_IN 11611mW/12978mW VDD_CPU_GPU_CV 4504mW/5622mW VDD_SOC 3025mW/3202mW
09-27-2026 09:46:50 RAM 5589/7620MB (lfb 44x4MB) SWAP 503/12002MB (cached 0MB) CPU [18%@1728,82%@1728,17%@1728,17%@1728,16%@1728,17%@1728] GR3D_FREQ 64% cpu@58.218C soc2@57.437C soc0@56.812C gpu@59.718C tj@59.718C soc1@58.093C VDD_IN 12496mW/12976mW VDD_CPU_GPU_CV 5122mW/5621mW VDD_SOC 3177mW/3202mW
09-27-2026 09:46:50 RAM 5560/7620MB (lfb 44x4MB) SWAP 503/12002MB (cached 0MB) CPU [52%@1728,96%@1728,52%@1728,50%@1728,52%@1728,50%@1728] GR3D_FREQ 0% cpu@58.25C soc2@57.5C soc0@56.906C gpu@58.906C tj@58.906C soc1@58.093C VDD_IN 10723mW/12972mW VDD_CPU_GPU_CV 3805mW/5617mW VDD_SOC 2952mW/3201mW
09-27-2026 09:46:51 RAM 5747/7620MB (lfb 26x4MB) SWAP 503/12002MB (cached 0MB) CPU [24%@1728,79%@1728,25%@1728,24%@1728,25%@1728,24%@1728] GR3D_FREQ 0% cpu@58.593C soc2@57.5C soc0@56.812C gpu@58.906C tj@58.906C soc1@58.093C VDD_IN 11768mW/12969mW VDD_CPU_GPU_CV 4543mW/5615mW VDD_SOC 3104mW/3201mW
09-27-2026 09:46:51 RAM 5589/7620MB (lfb 44x4MB) SWAP 503/12002MB (cached 0MB) CPU [28%@1728,86%@1728,28%@1728,28%@1728,28%@1728,28%@1728] GR3D_FREQ 63% cpu@58.125C soc2@57.375C soc0@56.843C gpu@59.5C tj@59.5C soc1@58.187C VDD_IN 12063mW/12967mW VDD_CPU_GPU_CV 4817mW/5613mW VDD_SOC 3143mW/3201mW
09-27-2026 09:46:52 RAM 5524/7620MB (lfb 49x4MB) SWAP 503/12002MB (cached 0MB) CPU [51%@1728,94%@1728,50%@1728,52%@1728,52%@1728,52%@1728] GR3D_FREQ 0% cpu@58.312C soc2@57.25C soc0@56.781C gpu@58.468C tj@58.468C soc1@58.187C VDD_IN 10902mW/12962mW VDD_CPU_GPU_CV 4001mW/5610mW VDD_SOC 2952mW/3200mW
09-27-2026 09:46:52 RAM 5747/7620MB (lfb 26x4MB) SWAP 503/12002MB (cached 0MB) CPU [12%@1728,78%@1728,14%@1728,12%@1728,12%@1728,12%@1728] GR3D_FREQ 0% cpu@58.718C soc2@57.375C soc0@56.875C gpu@58.718C tj@58.718C soc1@58.125C VDD_IN 12004mW/12960mW VDD_CPU_GPU_CV 4700mW/5608mW VDD_SOC 3143mW/3200mW
09-27-2026 09:46:53 RAM 5588/7620MB (lfb 44x4MB) SWAP 503/12002MB (cached 0MB) CPU [39%@1728,92%@1728,38%@1728,40%@1728,39%@1728,39%@1728] GR3D_FREQ 63% cpu@58C soc2@57.281C soc0@56.781C gpu@59.312C tj@59.312C soc1@58C VDD_IN 11650mW/12957mW VDD_CPU_GPU_CV 4465mW/5605mW VDD_SOC 3065mW/3200mW
09-27-2026 09:46:53 RAM 5456/7620MB (lfb 52x4MB) SWAP 503/12002MB (cached 0MB) CPU [60%@1728,80%@1728,50%@1728,52%@1728,52%@1728,50%@1728] GR3D_FREQ 0% cpu@58.312C soc2@57.312C soc0@56.812C gpu@58.812C tj@58.812C soc1@58.156C VDD_IN 11178mW/12954mW VDD_CPU_GPU_CV 4237mW/5602mW VDD_SOC 2986mW/3199mW
09-27-2026 09:46:54 RAM 5705/7620MB (lfb 36x4MB) SWAP 503/12002MB (cached 0MB) CPU [7%@1728,80%@1728,7%@1728,5%@1728,5%@1728,5%@1728] GR3D_FREQ 0% cpu@58.187C soc2@57.25C soc0@56.687C gpu@58.875C tj@58.875C soc1@58.062C VDD_IN 12260mW/12952mW VDD_CPU_GPU_CV 4974mW/5601mW VDD_SOC 3177mW/3199mW
09-27-2026 09:46:54 RAM 5705/7620MB (lfb 36x4MB) SWAP 503/12002MB (cached 0MB) CPU [35%@1728,37%@1728,35%@1728,95%@1728,33%@1728,34%@1728] GR3D_FREQ 0% cpu@58.625C soc2@57.187C soc0@56.718C gpu@58.562C tj@58.625C soc1@57.875C VDD_IN 10210mW/12946mW VDD_CPU_GPU_CV 3654mW/5597mW VDD_SOC 2794mW/3198mW
09-27-2026 09:46:55 RAM 5710/7620MB (lfb 32x4MB) SWAP 503/12002MB (cached 0MB) CPU [32%@1728,32%@1728,32%@1728,100%@1728,32%@1728,34%@1728] GR3D_FREQ 0% cpu@58.25C soc2@57.156C soc0@56.718C gpu@58.406C tj@58.406C soc1@57.906C VDD_IN 9635mW/12939mW VDD_CPU_GPU_CV 3266mW/5591mW VDD_SOC 2680mW/3197mW
09-27-2026 09:46:55 RAM 5550/7620MB (lfb 40x4MB) SWAP 503/12002MB (cached 0MB) CPU [12%@1728,12%@1728,12%@1728,98%@1728,12%@1728,12%@1728] GR3D_FREQ 6% cpu@58.125C soc2@56.937C soc0@56.468C gpu@58.406C tj@58.406C soc1@57.812C VDD_IN 9437mW/12931mW VDD_CPU_GPU_CV 2952mW/5586mW VDD_SOC 2759mW/3196mW
09-27-2026 09:46:56 RAM 5740/7620MB (lfb 24x4MB) SWAP 503/12002MB (cached 0MB) CPU [20%@1728,17%@1728,16%@1728,80%@1728,17%@1728,15%@1728] GR3D_FREQ 0% cpu@58.218C soc2@56.968C soc0@56.625C gpu@58.312C tj@58.437C soc1@58.031C VDD_IN 10942mW/12927mW VDD_CPU_GPU_CV 4040mW/5582mW VDD_SOC 2952mW/3196mW
09-27-2026 09:46:56 RAM 5745/7620MB (lfb 23x4MB) SWAP 503/12002MB (cached 0MB) CPU [31%@1728,32%@1728,34%@1728,100%@1728,32%@1728,30%@1728] GR3D_FREQ 0% cpu@58.656C soc2@57.031C soc0@56.437C gpu@58.25C tj@58.656C soc1@57.968C VDD_IN 9856mW/12920mW VDD_CPU_GPU_CV 3379mW/5578mW VDD_SOC 2759mW/3195mW
09-27-2026 09:46:57 RAM 5745/7620MB (lfb 23x4MB) SWAP 503/12002MB (cached 0MB) CPU [33%@1728,32%@1728,33%@1728,100%@1728,33%@1728,33%@1728] GR3D_FREQ 0% cpu@58.437C soc2@56.843C soc0@56.312C gpu@57.968C tj@58.312C soc1@57.906C VDD_IN 9477mW/12913mW VDD_CPU_GPU_CV 3188mW/5573mW VDD_SOC 2680mW/3194mW
09-27-2026 09:46:57 RAM 5585/7620MB (lfb 35x4MB) SWAP 503/12002MB (cached 0MB) CPU [4%@1728,3%@1728,2%@1728,84%@1728,2%@1728,2%@1728] GR3D_FREQ 65% cpu@57.968C soc2@57.062C soc0@56.531C gpu@59.406C tj@59.406C soc1@57.812C VDD_IN 11493mW/12910mW VDD_CPU_GPU_CV 4465mW/5570mW VDD_SOC 3025mW/3193mW
09-27-2026 09:46:58 RAM 5739/7620MB (lfb 24x4MB) SWAP 503/12002MB (cached 0MB) CPU [26%@1728,28%@1728,27%@1728,95%@1728,26%@1728,27%@1728] GR3D_FREQ 0% cpu@58.156C soc2@57.062C soc0@56.437C gpu@58.093C tj@58.156C soc1@57.718C VDD_IN 10368mW/12905mW VDD_CPU_GPU_CV 3693mW/5566mW VDD_SOC 2833mW/3193mW
09-27-2026 09:46:58 RAM 5744/7620MB (lfb 23x4MB) SWAP 503/12002MB (cached 0MB) CPU [34%@1728,90%@1728,34%@1728,47%@1728,34%@1728,34%@1728] GR3D_FREQ 0% cpu@58.5C soc2@56.875C soc0@56.281C gpu@58.25C tj@58.5C soc1@57.937C VDD_IN 9674mW/12898mW VDD_CPU_GPU_CV 3300mW/5561mW VDD_SOC 2720mW/3192mW
09-27-2026 09:46:59 RAM 5512/7620MB (lfb 43x4MB) SWAP 503/12002MB (cached 0MB) CPU [25%@1728,100%@1728,22%@1728,20%@1728,20%@1728,22%@1728] GR3D_FREQ 0% cpu@57.656C soc2@56.781C soc0@56.312C gpu@58.031C tj@58.031C soc1@57.75C VDD_IN 9358mW/12890mW VDD_CPU_GPU_CV 2991mW/5556mW VDD_SOC 2680mW/3190mW
09-27-2026 09:46:59 RAM 5741/7620MB (lfb 24x4MB) SWAP 503/12002MB (cached 0MB) CPU [5%@1728,69%@1728,5%@1728,3%@1728,3%@1728,3%@1728] GR3D_FREQ 0% cpu@57.906C soc2@56.781C soc0@56.312C gpu@58.406C tj@58.406C soc1@57.687C VDD_IN 11650mW/12888mW VDD_CPU_GPU_CV 4504mW/5554mW VDD_SOC 3065mW/3190mW
09-27-2026 09:47:00 RAM 5741/7620MB (lfb 24x4MB) SWAP 503/12002MB (cached 0MB) CPU [31%@1728,100%@1728,31%@1728,31%@1728,30%@1728,32%@1728] GR3D_FREQ 0% cpu@58C soc2@56.968C soc0@56.343C gpu@58.093C tj@58.093C soc1@57.656C VDD_IN 10013mW/12881mW VDD_CPU_GPU_CV 3536mW/5549mW VDD_SOC 2759mW/3189mW
09-27-2026 09:47:00 RAM 5747/7620MB (lfb 23x4MB) SWAP 503/12002MB (cached 0MB) CPU [42%@1728,92%@1728,37%@1728,18%@1728,53%@1728,49%@1728] GR3D_FREQ 0% cpu@57.906C soc2@56.75C soc0@56.343C gpu@57.843C tj@57.906C soc1@57.531C VDD_IN 9556mW/12874mW VDD_CPU_GPU_CV 3261mW/5545mW VDD_SOC 2680mW/3188mW
09-27-2026 09:47:01 RAM 5476/7620MB (lfb 44x4MB) SWAP 503/12002MB (cached 0MB) CPU [38%@1728,34%@1728,0%@1728,98%@1728,49%@1728,47%@1728] GR3D_FREQ 0% cpu@57.75C soc2@56.718C soc0@56.25C gpu@57.718C tj@57.75C soc1@57.75C VDD_IN 9358mW/12867mW VDD_CPU_GPU_CV 3109mW/5539mW VDD_SOC 2641mW/3187mW
09-27-2026 09:47:01 RAM 5625/7620MB (lfb 36x4MB) SWAP 503/12002MB (cached 0MB) CPU [1%@1728,0%@1728,0%@1728,68%@1728,0%@1728,0%@1728] GR3D_FREQ 34% cpu@57.593C soc2@56.75C soc0@56.125C gpu@59.062C tj@59.062C soc1@57.562C VDD_IN 11768mW/12865mW VDD_CPU_GPU_CV 4660mW/5538mW VDD_SOC 3065mW/3187mW
09-27-2026 09:47:02 RAM 5745/7620MB (lfb 23x4MB) SWAP 503/12002MB (cached 0MB) CPU [42%@1728,42%@1728,1%@1728,95%@1728,54%@1728,56%@1728] GR3D_FREQ 0% cpu@57.718C soc2@56.875C soc0@56.437C gpu@58.343C tj@58.343C soc1@57.593C VDD_IN 10131mW/12859mW VDD_CPU_GPU_CV 3615mW/5534mW VDD_SOC 2794mW/3186mW
09-27-2026 09:47:02 RAM 5746/7620MB (lfb 23x4MB) SWAP 503/12002MB (cached 0MB) CPU [44%@1728,96%@1728,39%@1728,7%@1728,52%@1728,60%@1728] GR3D_FREQ 0% cpu@57.843C soc2@56.781C soc0@56.375C gpu@58C tj@58C soc1@57.468C VDD_IN 9635mW/12852mW VDD_CPU_GPU_CV 3340mW/5529mW VDD_SOC 2680mW/3185mW
09-27-2026 09:47:03 RAM 5750/7620MB (lfb 23x4MB) SWAP 503/12002MB (cached 0MB) CPU [44%@1728,97%@1728,41%@1728,8%@1728,54%@1728,57%@1728] GR3D_FREQ 0% cpu@57.656C soc2@56.625C soc0@56.156C gpu@57.875C tj@57.875C soc1@57.468C VDD_IN 9477mW/12845mW VDD_CPU_GPU_CV 3266mW/5524mW VDD_SOC 2641mW/3184mW
09-27-2026 09:47:03 RAM 5592/7620MB (lfb 35x4MB) SWAP 503/12002MB (cached 0MB) CPU [31%@1728,29%@1728,32%@1728,24%@1728,50%@1728,92%@1728] GR3D_FREQ 0% cpu@57.781C soc2@56.531C soc0@56.125C gpu@57.625C tj@57.781C soc1@57.656C VDD_IN 9595mW/12838mW VDD_CPU_GPU_CV 3148mW/5519mW VDD_SOC 2720mW/3183mW
09-27-2026 09:47:04 RAM 5746/7620MB (lfb 24x4MB) SWAP 503/12002MB (cached 0MB) CPU [13%@1728,12%@1728,12%@1728,12%@1728,20%@1728,61%@1728] GR3D_FREQ 0% cpu@57.906C soc2@56.687C soc0@56.156C gpu@58C tj@58C soc1@57.468C VDD_IN 11138mW/12835mW VDD_CPU_GPU_CV 4197mW/5516mW VDD_SOC 2991mW/3182mW
09-27-2026 09:47:04 RAM 5746/7620MB (lfb 24x4MB) SWAP 503/12002MB (cached 0MB) CPU [34%@1728,35%@1728,34%@1728,34%@1728,35%@1728,100%@1728] GR3D_FREQ 0% cpu@57.781C soc2@56.687C soc0@56.156C gpu@57.625C tj@57.781C soc1@57.5C VDD_IN 9934mW/12829mW VDD_CPU_GPU_CV 3458mW/5512mW VDD_SOC 2759mW/3181mW
09-27-2026 09:47:05 RAM 5746/7620MB (lfb 24x4MB) SWAP 503/12002MB (cached 0MB) CPU [36%@1728,36%@1728,35%@1728,37%@1728,35%@1728,100%@1728] GR3D_FREQ 0% cpu@57.656C soc2@56.593C soc0@55.968C gpu@58.093C tj@58.093C soc1@57.375C VDD_IN 9516mW/12822mW VDD_CPU_GPU_CV 3227mW/5507mW VDD_SOC 2680mW/3180mW
09-27-2026 09:47:05 RAM 5585/7620MB (lfb 37x4MB) SWAP 503/12002MB (cached 0MB) CPU [4%@1728,4%@1728,4%@1728,6%@1728,6%@1728,84%@1728] GR3D_FREQ 68% cpu@57.281C soc2@56.5C soc0@56.062C gpu@58.562C tj@58.562C soc1@57.593C VDD_IN 10683mW/12817mW VDD_CPU_GPU_CV 3883mW/5504mW VDD_SOC 2912mW/3180mW
09-27-2026 09:47:06 RAM 5744/7620MB (lfb 24x4MB) SWAP 503/12002MB (cached 0MB) CPU [25%@1728,13%@1728,23%@1728,23%@1728,23%@1728,84%@1728] GR3D_FREQ 0% cpu@57.687C soc2@56.468C soc0@55.968C gpu@58.031C tj@58.031C soc1@57.5C VDD_IN 10447mW/12813mW VDD_CPU_GPU_CV 3772mW/5500mW VDD_SOC 2873mW/3179mW
09-27-2026 09:47:06 RAM 5744/7620MB (lfb 24x4MB) SWAP 503/12002MB (cached 0MB) CPU [33%@1728,32%@1728,34%@1728,33%@1728,30%@1728,98%@1728] GR3D_FREQ 0% cpu@57.687C soc2@56.5C soc0@55.875C gpu@57.687C tj@57.687C soc1@57.343C VDD_IN 9753mW/12806mW VDD_CPU_GPU_CV 3300mW/5496mW VDD_SOC 2720mW/3178mW
09-27-2026 09:47:07 RAM 5744/7620MB (lfb 24x4MB) SWAP 503/12002MB (cached 0MB) CPU [35%@1728,32%@1728,30%@1728,30%@1728,32%@1728,100%@1728] GR3D_FREQ 0% cpu@57.406C soc2@56.468C soc0@56.062C gpu@57.5C tj@57.5C soc1@57.312C VDD_IN 9477mW/12799mW VDD_CPU_GPU_CV 3148mW/5491mW VDD_SOC 2680mW/3177mW
09-27-2026 09:47:07 RAM 5583/7620MB (lfb 37x4MB) SWAP 503/12002MB (cached 0MB) CPU [0%@1728,0%@1728,0%@1728,0%@1728,0%@1728,79%@1728] GR3D_FREQ 67% cpu@57C soc2@56.406C soc0@55.937C gpu@58.406C tj@58.406C soc1@57.468C VDD_IN 11217mW/12796mW VDD_CPU_GPU_CV 4276mW/5489mW VDD_SOC 2986mW/3177mW
09-27-2026 09:47:08 RAM 5743/7620MB (lfb 24x4MB) SWAP 503/12002MB (cached 0MB) CPU [26%@1728,27%@1728,27%@1728,26%@1728,27%@1728,89%@1728] GR3D_FREQ 0% cpu@57.5C soc2@56.375C soc0@55.906C gpu@57.625C tj@57.625C soc1@57.375C VDD_IN 10329mW/12791mW VDD_CPU_GPU_CV 3693mW/5485mW VDD_SOC 2833mW/3176mW
09-27-2026 09:47:08 RAM 5748/7620MB (lfb 23x4MB) SWAP 503/12002MB (cached 0MB) CPU [35%@1728,33%@1728,35%@1728,34%@1728,32%@1728,100%@1728] GR3D_FREQ 0% cpu@57.5C soc2@56.281C soc0@55.875C gpu@57.5C tj@57.5C soc1@57.375C VDD_IN 9674mW/12785mW VDD_CPU_GPU_CV 3300mW/5480mW VDD_SOC 2720mW/3175mW
09-27-2026 09:47:09 RAM 5528/7620MB (lfb 38x4MB) SWAP 503/12002MB (cached 0MB) CPU [21%@1728,23%@1728,21%@1728,21%@1728,24%@1728,100%@1728] GR3D_FREQ 0% cpu@57.218C soc2@56.281C soc0@55.937C gpu@57.593C tj@57.593C soc1@57.25C VDD_IN 9358mW/12778mW VDD_CPU_GPU_CV 2952mW/5475mW VDD_SOC 2680mW/3174mW
09-27-2026 09:47:09 RAM 5743/7620MB (lfb 24x4MB) SWAP 503/12002MB (cached 0MB) CPU [11%@1728,9%@1728,9%@1728,9%@1728,28%@1728,57%@1728] GR3D_FREQ 0% cpu@57.531C soc2@56.468C soc0@56C gpu@57.781C tj@57.781C soc1@57.156C VDD_IN 11375mW/12775mW VDD_CPU_GPU_CV 4393mW/5473mW VDD_SOC 3025mW/3174mW
09-27-2026 09:47:10 RAM 5743/7620MB (lfb 24x4MB) SWAP 503/12002MB (cached 0MB) CPU [31%@1728,33%@1728,34%@1728,33%@1728,100%@1728,32%@1728] GR3D_FREQ 0% cpu@57.531C soc2@56.312C soc0@55.875C gpu@57.531C tj@57.531C soc1@57.343C VDD_IN 9934mW/12769mW VDD_CPU_GPU_CV 3497mW/5469mW VDD_SOC 2759mW/3173mW
09-27-2026 09:47:10 RAM 5743/7620MB (lfb 24x4MB) SWAP 503/12002MB (cached 0MB) CPU [32%@1728,34%@1728,34%@1728,34%@1728,74%@1728,58%@1728] GR3D_FREQ 0% cpu@57.5C soc2@56.218C soc0@55.812C gpu@57.812C tj@57.812C soc1@57.187C VDD_IN 9556mW/12763mW VDD_CPU_GPU_CV 3227mW/5465mW VDD_SOC 2680mW/3172mW
09-27-2026 09:47:11 RAM 5583/7620MB (lfb 37x4MB) SWAP 503/12002MB (cached 0MB) CPU [10%@1728,8%@1728,10%@1728,8%@1728,8%@1728,94%@1728] GR3D_FREQ 66% cpu@56.968C soc2@56.125C soc0@55.718C gpu@58.093C tj@58.093C soc1@57.156C VDD_IN 10210mW/12757mW VDD_CPU_GPU_CV 3536mW/5461mW VDD_SOC 2833mW/3171mW
09-27-2026 09:47:11 RAM 5743/7620MB (lfb 24x4MB) SWAP 503/12002MB (cached 0MB) CPU [2%@1728,32%@1728,31%@1728,33%@1728,42%@1728,84%@1728] GR3D_FREQ 0% cpu@57.406C soc2@56.312C soc0@56C gpu@57.875C tj@57.875C soc1@57.187C VDD_IN 10762mW/12753mW VDD_CPU_GPU_CV 3923mW/5458mW VDD_SOC 2873mW/3171mW
09-27-2026 09:47:12 RAM 5743/7620MB (lfb 24x4MB) SWAP 503/12002MB (cached 0MB) CPU [16%@1728,42%@1728,23%@1728,41%@1728,69%@1728,100%@1728] GR3D_FREQ 0% cpu@57.25C soc2@56.281C soc0@55.781C gpu@57.531C tj@57.531C soc1@57.093C VDD_IN 9737mW/12747mW VDD_CPU_GPU_CV 3458mW/5454mW VDD_SOC 2680mW/3170mW
09-27-2026 09:47:12 RAM 5744/7620MB (lfb 24x4MB) SWAP 503/12002MB (cached 0MB) CPU [35%@1728,35%@1728,35%@1728,34%@1728,35%@1728,100%@1728] GR3D_FREQ 0% cpu@57.437C soc2@56.062C soc0@55.656C gpu@57.406C tj@57.437C soc1@57.156C VDD_IN 9477mW/12741mW VDD_CPU_GPU_CV 3227mW/5449mW VDD_SOC 2641mW/3169mW
09-27-2026 09:47:13 RAM 5583/7620MB (lfb 37x4MB) SWAP 503/12002MB (cached 0MB) CPU [8%@1728,8%@1728,8%@1728,8%@1728,8%@1728,90%@1728] GR3D_FREQ 63% cpu@57.125C soc2@56.156C soc0@55.593C gpu@58.406C tj@58.406C soc1@57.156C VDD_IN 10644mW/12736mW VDD_CPU_GPU_CV 3844mW/5446mW VDD_SOC 2912mW/3168mW
09-27-2026 09:47:13 RAM 5747/7620MB (lfb 23x4MB) SWAP 503/12002MB (cached 0MB) CPU [25%@1728,25%@1728,25%@1728,23%@1728,23%@1728,88%@1728] GR3D_FREQ 0% cpu@57.281C soc2@56.25C soc0@55.656C gpu@57.375C tj@57.375C soc1@57.156C VDD_IN 10565mW/12732mW VDD_CPU_GPU_CV 3844mW/5443mW VDD_SOC 2873mW/3168mW
09-27-2026 09:47:14 RAM 5744/7620MB (lfb 24x4MB) SWAP 503/12002MB (cached 0MB) CPU [34%@1728,34%@1728,32%@1728,34%@1728,32%@1728,100%@1728] GR3D_FREQ 0% cpu@57.218C soc2@56.187C soc0@55.75C gpu@57.218C tj@57.218C soc1@57C VDD_IN 9753mW/12726mW VDD_CPU_GPU_CV 3340mW/5438mW VDD_SOC 2720mW/3167mW
09-27-2026 09:47:14 RAM 5476/7620MB (lfb 45x4MB) SWAP 503/12002MB (cached 0MB) CPU [26%@1728,26%@1728,28%@1728,26%@1728,26%@1728,100%@1728] GR3D_FREQ 0% cpu@56.937C soc2@56.062C soc0@55.562C gpu@57.531C tj@57.531C soc1@57.218C VDD_IN 9398mW/12720mW VDD_CPU_GPU_CV 3070mW/5434mW VDD_SOC 2680mW/3166mW
09-27-2026 09:47:15 RAM 5620/7620MB (lfb 37x4MB) SWAP 503/12002MB (cached 0MB) CPU [1%@1728,0%@1728,0%@1728,1%@1728,1%@1728,69%@1728] GR3D_FREQ 39% cpu@57.031C soc2@56.218C soc0@55.625C gpu@58.406C tj@58.187C soc1@57.125C VDD_IN 11808mW/12718mW VDD_CPU_GPU_CV 4660mW/5432mW VDD_SOC 3104mW/3166mW
09-27-2026 09:47:15 RAM 5746/7620MB (lfb 23x4MB) SWAP 503/12002MB (cached 0MB) CPU [7%@1728,45%@1728,42%@1728,44%@1728,90%@1728,72%@1728] GR3D_FREQ 0% cpu@57.625C soc2@56.093C soc0@55.625C gpu@57.531C tj@57.625C soc1@57.062C VDD_IN 10092mW/12713mW VDD_CPU_GPU_CV 3615mW/5429mW VDD_SOC 2755mW/3165mW
09-27-2026 09:47:16 RAM 5744/7620MB (lfb 24x4MB) SWAP 503/12002MB (cached 0MB) CPU [8%@1728,42%@1728,45%@1728,42%@1728,97%@1728,62%@1728] GR3D_FREQ 0% cpu@57.406C soc2@56.031C soc0@55.718C gpu@57.312C tj@57.406C soc1@57C VDD_IN 9595mW/12706mW VDD_CPU_GPU_CV 3306mW/5424mW VDD_SOC 2680mW/3164mW
09-27-2026 09:47:16 RAM 5432/7620MB (lfb 46x4MB) SWAP 503/12002MB (cached 0MB) CPU [33%@1728,34%@1728,32%@1728,32%@1728,100%@1728,33%@1728] GR3D_FREQ 0% cpu@57.562C soc2@56C soc0@55.562C gpu@57.156C tj@57.562C soc1@56.937C VDD_IN 9437mW/12700mW VDD_CPU_GPU_CV 3148mW/5420mW VDD_SOC 2641mW/3163mW
09-27-2026 09:47:17 RAM 5616/7620MB (lfb 38x4MB) SWAP 503/12002MB (cached 0MB) CPU [0%@1728,0%@1728,0%@1728,0%@1728,94%@1728,0%@1728] GR3D_FREQ 67% cpu@56.781C soc2@55.937C soc0@55.468C gpu@57.656C tj@57.656C soc1@57.156C VDD_IN 9753mW/12694mW VDD_CPU_GPU_CV 3143mW/5415mW VDD_SOC 2799mW/3162mW
09-27-2026 09:47:17 RAM 5749/7620MB (lfb 22x4MB) SWAP 503/12002MB (cached 0MB) CPU [4%@1728,4%@1728,6%@1728,5%@1728,60%@1728,5%@1728] GR3D_FREQ 0% cpu@57.468C soc2@56.125C soc0@55.5C gpu@57.593C tj@57.593C soc1@56.937C VDD_IN 12142mW/12693mW VDD_CPU_GPU_CV 4817mW/5414mW VDD_SOC 3143mW/3162mW
09-27-2026 09:47:18 RAM 5749/7620MB (lfb 22x4MB) SWAP 503/12002MB (cached 0MB) CPU [18%@1728,30%@1728,29%@1728,30%@1728,100%@1728,29%@1728] GR3D_FREQ 0% cpu@57.093C soc2@56.062C soc0@55.593C gpu@57.156C tj@57.156C soc1@56.875C VDD_IN 10053mW/12688mW VDD_CPU_GPU_CV 3536mW/5410mW VDD_SOC 2759mW/3161mW
09-27-2026 09:47:18 RAM 5743/7620MB (lfb 24x4MB) SWAP 503/12002MB (cached 0MB) CPU [28%@1728,32%@1728,31%@1728,32%@1728,98%@1728,31%@1728] GR3D_FREQ 0% cpu@57.218C soc2@56.031C soc0@55.656C gpu@57.468C tj@57.468C soc1@56.906C VDD_IN 9556mW/12682mW VDD_CPU_GPU_CV 3227mW/5406mW VDD_SOC 2680mW/3160mW
09-27-2026 09:47:19 RAM 5499/7620MB (lfb 39x4MB) SWAP 503/12002MB (cached 0MB) CPU [18%@1728,16%@1728,18%@1728,15%@1728,100%@1728,16%@1728] GR3D_FREQ 0% cpu@57.031C soc2@55.843C soc0@55.437C gpu@57.031C tj@57.031C soc1@57.031C VDD_IN 9200mW/12675mW VDD_CPU_GPU_CV 2833mW/5401mW VDD_SOC 2680mW/3159mW
09-27-2026 09:47:19 RAM 5619/7620MB (lfb 38x4MB) SWAP 503/12002MB (cached 0MB) CPU [0%@1728,0%@1728,0%@1728,0%@1728,48%@1728,28%@1728] GR3D_FREQ 66% cpu@56.968C soc2@56.062C soc0@55.406C gpu@58.187C tj@58.187C soc1@56.843C VDD_IN 12181mW/12674mW VDD_CPU_GPU_CV 4974mW/5400mW VDD_SOC 3143mW/3159mW
09-27-2026 09:47:20 RAM 5789/7620MB (lfb 13x4MB) SWAP 503/12002MB (cached 0MB) CPU [21%@1728,22%@1728,20%@1728,22%@1728,22%@1728,90%@1728] GR3D_FREQ 0% cpu@57.281C soc2@55.968C soc0@55.5C gpu@57.531C tj@57.531C soc1@56.843C VDD_IN 10802mW/12670mW VDD_CPU_GPU_CV 4001mW/5398mW VDD_SOC 2912mW/3159mW
09-27-2026 09:47:20 RAM 5783/7620MB (lfb 15x4MB) SWAP 503/12002MB (cached 0MB) CPU [34%@1728,32%@1728,35%@1728,32%@1728,34%@1728,100%@1728] GR3D_FREQ 0% cpu@57.031C soc2@56C soc0@55.656C gpu@57.312C tj@57.031C soc1@56.843C VDD_IN 9832mW/12665mW VDD_CPU_GPU_CV 3379mW/5394mW VDD_SOC 2720mW/3158mW
09-27-2026 09:47:21 RAM 5476/7620MB (lfb 39x4MB) SWAP 503/12002MB (cached 0MB) CPU [25%@1728,24%@1728,24%@1728,25%@1728,24%@1728,100%@1728] GR3D_FREQ 0% cpu@56.687C soc2@55.843C soc0@55.375C gpu@57.281C tj@57.281C soc1@56.812C VDD_IN 9398mW/12658mW VDD_CPU_GPU_CV 3070mW/5389mW VDD_SOC 2680mW/3157mW
09-27-2026 09:47:21 RAM 5658/7620MB (lfb 30x4MB) SWAP 503/12002MB (cached 0MB) CPU [0%@1728,0%@1728,0%@1728,0%@1728,0%@1728,88%@1728] GR3D_FREQ 63% cpu@56.437C soc2@55.812C soc0@55.281C gpu@58.093C tj@58.093C soc1@56.968C VDD_IN 10942mW/12655mW VDD_CPU_GPU_CV 4040mW/5386mW VDD_SOC 2991mW/3157mW
09-27-2026 09:47:22 RAM 5793/7620MB (lfb 13x4MB) SWAP 503/12002MB (cached 0MB) CPU [19%@1728,17%@1728,19%@1728,18%@1728,17%@1728,78%@1728] GR3D_FREQ 0% cpu@57.218C soc2@55.875C soc0@55.468C gpu@57.343C tj@57.343C soc1@56.812C VDD_IN 11375mW/12652mW VDD_CPU_GPU_CV 4433mW/5385mW VDD_SOC 2986mW/3156mW
09-27-2026 09:47:22 RAM 5787/7620MB (lfb 15x4MB) SWAP 503/12002MB (cached 0MB) CPU [37%@1728,37%@1728,37%@1728,37%@1728,36%@1728,100%@1728] GR3D_FREQ 0% cpu@57.062C soc2@55.968C soc0@55.625C gpu@56.968C tj@57.062C soc1@56.875C VDD_IN 10013mW/12647mW VDD_CPU_GPU_CV 3536mW/5381mW VDD_SOC 2759mW/3156mW
09-27-2026 09:47:23 RAM 5787/7620MB (lfb 15x4MB) SWAP 503/12002MB (cached 0MB) CPU [32%@1728,34%@1728,34%@1728,34%@1728,33%@1728,100%@1728] GR3D_FREQ 0% cpu@56.812C soc2@55.843C soc0@55.406C gpu@57C tj@57C soc1@56.812C VDD_IN 9556mW/12641mW VDD_CPU_GPU_CV 3227mW/5377mW VDD_SOC 2680mW/3155mW
09-27-2026 09:47:23 RAM 5663/7620MB (lfb 30x4MB) SWAP 503/12002MB (cached 0MB) CPU [3%@1728,0%@1728,0%@1728,1%@1728,1%@1728,98%@1728] GR3D_FREQ 46% cpu@56.437C soc2@55.75C soc0@55.281C gpu@57.281C tj@57.281C soc1@56.812C VDD_IN 9477mW/12635mW VDD_CPU_GPU_CV 2952mW/5372mW VDD_SOC 2759mW/3154mW
09-27-2026 09:47:24 RAM 5793/7620MB (lfb 13x4MB) SWAP 503/12002MB (cached 0MB) CPU [13%@1728,11%@1728,11%@1728,12%@1728,8%@1728,69%@1728] GR3D_FREQ 0% cpu@57.062C soc2@55.937C soc0@55.343C gpu@57.625C tj@57.625C soc1@56.75C VDD_IN 12063mW/12634mW VDD_CPU_GPU_CV 4935mW/5371mW VDD_SOC 3143mW/3154mW
09-27-2026 09:47:24 RAM 5793/7620MB (lfb 13x4MB) SWAP 503/12002MB (cached 0MB) CPU [29%@1728,32%@1728,29%@1728,30%@1728,32%@1728,100%@1728] GR3D_FREQ 0% cpu@56.843C soc2@55.812C soc0@55.312C gpu@57.125C tj@57.125C soc1@56.718C VDD_IN 10131mW/12629mW VDD_CPU_GPU_CV 3654mW/5368mW VDD_SOC 2794mW/3153mW
09-27-2026 09:47:25 RAM 5787/7620MB (lfb 15x4MB) SWAP 503/12002MB (cached 0MB) CPU [34%@1728,38%@1728,38%@1728,39%@1728,38%@1728,98%@1728] GR3D_FREQ 0% cpu@57C soc2@55.781C soc0@55.437C gpu@57.218C tj@57.218C soc1@56.687C VDD_IN 9595mW/12624mW VDD_CPU_GPU_CV 3266mW/5364mW VDD_SOC 2680mW/3152mW
09-27-2026 09:47:26 RAM 5594/7620MB (lfb 30x4MB) SWAP 503/12002MB (cached 0MB) CPU [13%@1728,11%@1728,12%@1728,12%@1728,10%@1728,100%@1728] GR3D_FREQ 0% cpu@56.468C soc2@55.625C soc0@55.375C gpu@56.937C tj@56.937C soc1@56.875C VDD_IN 9200mW/12617mW VDD_CPU_GPU_CV 2794mW/5359mW VDD_SOC 2680mW/3151mW
09-27-2026 09:47:26 RAM 5662/7620MB (lfb 30x4MB) SWAP 503/12002MB (cached 0MB) CPU [0%@1728,0%@1728,0%@1728,0%@1728,38%@1728,32%@1728] GR3D_FREQ 64% cpu@56.656C soc2@55.875C soc0@55.25C gpu@58.187C tj@58.187C soc1@56.718C VDD_IN 12731mW/12617mW VDD_CPU_GPU_CV 5357mW/5359mW VDD_SOC 3217mW/3152mW
09-27-2026 09:47:27 RAM 5792/7620MB (lfb 13x4MB) SWAP 503/12002MB (cached 0MB) CPU [17%@1728,37%@1728,39%@1728,35%@1728,96%@1728,52%@1728] GR3D_FREQ 0% cpu@57.218C soc2@55.812C soc0@55.343C gpu@56.968C tj@57.218C soc1@56.75C VDD_IN 10526mW/12613mW VDD_CPU_GPU_CV 3890mW/5356mW VDD_SOC 2833mW/3151mW
09-27-2026 09:47:27 RAM 5792/7620MB (lfb 14x4MB) SWAP 503/12002MB (cached 0MB) CPU [1%@1728,45%@1728,42%@1728,47%@1728,96%@1728,69%@1728] GR3D_FREQ 0% cpu@57.25C soc2@55.75C soc0@55.5C gpu@57.093C tj@57.25C soc1@56.687C VDD_IN 9753mW/12608mW VDD_CPU_GPU_CV 3379mW/5353mW VDD_SOC 2680mW/3150mW
09-27-2026 09:47:28 RAM 5792/7620MB (lfb 14x4MB) SWAP 503/12002MB (cached 0MB) CPU [14%@1728,30%@1728,44%@1728,41%@1728,98%@1728,70%@1728] GR3D_FREQ 0% cpu@57C soc2@55.718C soc0@55.312C gpu@56.937C tj@57C soc1@56.562C VDD_IN 9437mW/12602mW VDD_CPU_GPU_CV 3266mW/5349mW VDD_SOC 2641mW/3149mW
09-27-2026 09:47:28 RAM 5601/7620MB (lfb 28x4MB) SWAP 503/12002MB (cached 0MB) CPU [17%@1728,3%@1728,17%@1728,19%@1728,100%@1728,25%@1728] GR3D_FREQ 0% cpu@56.968C soc2@55.531C soc0@55.187C gpu@56.968C tj@56.968C soc1@56.687C VDD_IN 9200mW/12595mW VDD_CPU_GPU_CV 2833mW/5344mW VDD_SOC 2680mW/3148mW
09-27-2026 09:47:29 RAM 5669/7620MB (lfb 28x4MB) SWAP 503/12002MB (cached 0MB) CPU [1%@1728,3%@1728,0%@1728,0%@1728,62%@1728,0%@1728] GR3D_FREQ 66% cpu@56.625C soc2@55.718C soc0@55.187C gpu@58C tj@58C soc1@56.625C VDD_IN 12103mW/12594mW VDD_CPU_GPU_CV 4896mW/5343mW VDD_SOC 3104mW/3148mW
09-27-2026 09:47:29 RAM 5787/7620MB (lfb 15x4MB) SWAP 503/12002MB (cached 0MB) CPU [24%@1728,22%@1728,24%@1728,24%@1728,36%@1728,76%@1728] GR3D_FREQ 0% cpu@57C soc2@55.843C soc0@55.343C gpu@56.937C tj@57C soc1@56.625C VDD_IN 10605mW/12591mW VDD_CPU_GPU_CV 3923mW/5340mW VDD_SOC 2873mW/3148mW
09-27-2026 09:47:30 RAM 5792/7620MB (lfb 14x4MB) SWAP 503/12002MB (cached 0MB) CPU [34%@1728,32%@1728,32%@1728,32%@1728,32%@1728,100%@1728] GR3D_FREQ 0% cpu@56.812C soc2@55.687C soc0@55.156C gpu@56.75C tj@56.812C soc1@56.593C VDD_IN 9777mW/12585mW VDD_CPU_GPU_CV 3379mW/5337mW VDD_SOC 2720mW/3147mW
09-27-2026 09:47:30 RAM 5481/7620MB (lfb 37x4MB) SWAP 503/12002MB (cached 0MB) CPU [25%@1728,26%@1728,24%@1728,24%@1728,24%@1728,100%@1728] GR3D_FREQ 0% cpu@56.375C soc2@55.5C soc0@55.281C gpu@56.687C tj@56.687C soc1@56.656C VDD_IN 9358mW/12579mW VDD_CPU_GPU_CV 3030mW/5332mW VDD_SOC 2680mW/3146mW
09-27-2026 09:47:31 RAM 5667/7620MB (lfb 28x4MB) SWAP 503/12002MB (cached 0MB) CPU [0%@1728,0%@1728,0%@1728,0%@1728,0%@1728,84%@1728] GR3D_FREQ 66% cpu@56.156C soc2@55.593C soc0@55.031C gpu@57.468C tj@57.468C soc1@56.531C VDD_IN 10683mW/12576mW VDD_CPU_GPU_CV 3844mW/5329mW VDD_SOC 2912mW/3146mW
09-27-2026 09:47:31 RAM 5787/7620MB (lfb 15x4MB) SWAP 503/12002MB (cached 0MB) CPU [13%@1728,18%@1728,58%@1728,13%@1728,13%@1728,14%@1728] GR3D_FREQ 0% cpu@57.375C soc2@55.812C soc0@55.187C gpu@57.312C tj@57.375C soc1@56.562C VDD_IN 11532mW/12574mW VDD_CPU_GPU_CV 4504mW/5328mW VDD_SOC 3025mW/3145mW
09-27-2026 09:47:32 RAM 5793/7620MB (lfb 14x4MB) SWAP 503/12002MB (cached 0MB) CPU [32%@1728,31%@1728,100%@1728,31%@1728,30%@1728,30%@1728] GR3D_FREQ 0% cpu@57.375C soc2@55.781C soc0@55.312C gpu@56.906C tj@57.375C soc1@56.5C VDD_IN 10053mW/12569mW VDD_CPU_GPU_CV 3536mW/5325mW VDD_SOC 2794mW/3145mW
09-27-2026 09:47:32 RAM 5793/7620MB (lfb 14x4MB) SWAP 503/12002MB (cached 0MB) CPU [30%@1728,32%@1728,100%@1728,32%@1728,30%@1728,31%@1728] GR3D_FREQ 0% cpu@57.218C soc2@55.625C soc0@55.187C gpu@56.875C tj@57.25C soc1@56.5C VDD_IN 9556mW/12563mW VDD_CPU_GPU_CV 3227mW/5321mW VDD_SOC 2680mW/3144mW
09-27-2026 09:47:33 RAM 5641/7620MB (lfb 28x4MB) SWAP 503/12002MB (cached 0MB) CPU [6%@1728,7%@1728,100%@1728,6%@1728,7%@1728,7%@1728] GR3D_FREQ 0% cpu@57.031C soc2@55.531C soc0@55.031C gpu@56.75C tj@57.031C soc1@56.687C VDD_IN 9161mW/12557mW VDD_CPU_GPU_CV 2715mW/5316mW VDD_SOC 2720mW/3143mW
09-27-2026 09:47:33 RAM 5721/7620MB (lfb 28x4MB) SWAP 503/12002MB (cached 0MB) CPU [0%@1728,0%@1728,56%@1728,0%@1728,0%@1728,0%@1728] GR3D_FREQ 65% cpu@57.25C soc2@55.656C soc0@55.125C gpu@57.593C tj@57.593C soc1@56.5C VDD_IN 12417mW/12557mW VDD_CPU_GPU_CV 5091mW/5315mW VDD_SOC 3177mW/3143mW
09-27-2026 09:47:34 RAM 5787/7620MB (lfb 15x4MB) SWAP 503/12002MB (cached 0MB) CPU [39%@1728,36%@1728,94%@1728,41%@1728,35%@1728,36%@1728] GR3D_FREQ 0% cpu@57.031C soc2@55.687C soc0@55.031C gpu@56.75C tj@57.031C soc1@56.437C VDD_IN 10447mW/12553mW VDD_CPU_GPU_CV 3772mW/5313mW VDD_SOC 2833mW/3142mW
09-27-2026 09:47:34 RAM 5794/7620MB (lfb 14x4MB) SWAP 503/12002MB (cached 0MB) CPU [37%@1728,32%@1728,36%@1728,100%@1728,37%@1728,36%@1728] GR3D_FREQ 0% cpu@57C soc2@55.718C soc0@55.187C gpu@56.593C tj@57C soc1@56.437C VDD_IN 9753mW/12548mW VDD_CPU_GPU_CV 3340mW/5309mW VDD_SOC 2720mW/3142mW
09-27-2026 09:47:35 RAM 5490/7620MB (lfb 36x4MB) SWAP 503/12002MB (cached 0MB) CPU [46%@1728,35%@1728,41%@1728,88%@1728,53%@1728,50%@1728] GR3D_FREQ 0% cpu@56.781C soc2@55.656C soc0@55.125C gpu@57.093C tj@57.093C soc1@56.562C VDD_IN 9753mW/12543mW VDD_CPU_GPU_CV 3384mW/5305mW VDD_SOC 2680mW/3141mW
09-27-2026 09:47:35 RAM 5673/7620MB (lfb 27x4MB) SWAP 503/12002MB (cached 0MB) CPU [0%@1728,0%@1728,0%@1728,89%@1728,0%@1728,0%@1728] GR3D_FREQ 64% cpu@56.75C soc2@55.593C soc0@55.031C gpu@57.781C tj@57.781C soc1@56.593C VDD_IN 10762mW/12539mW VDD_CPU_GPU_CV 3923mW/5303mW VDD_SOC 2952mW/3140mW
09-27-2026 09:47:36 RAM 5790/7620MB (lfb 15x4MB) SWAP 503/12002MB (cached 0MB) CPU [15%@1728,14%@1728,12%@1728,78%@1728,10%@1728,14%@1728] GR3D_FREQ 0% cpu@57.031C soc2@55.718C soc0@55.062C gpu@57.031C tj@57.031C soc1@56.5C VDD_IN 11532mW/12537mW VDD_CPU_GPU_CV 4543mW/5301mW VDD_SOC 3025mW/3140mW
09-27-2026 09:47:36 RAM 5795/7620MB (lfb 14x4MB) SWAP 503/12002MB (cached 0MB) CPU [100%@1728,31%@1728,32%@1728,34%@1728,32%@1728,32%@1728] GR3D_FREQ 0% cpu@57.062C soc2@55.781C soc0@55.25C gpu@56.937C tj@57.062C soc1@56.406C VDD_IN 10013mW/12533mW VDD_CPU_GPU_CV 3536mW/5298mW VDD_SOC 2759mW/3140mW
09-27-2026 09:47:37 RAM 5795/7620MB (lfb 14x4MB) SWAP 503/12002MB (cached 0MB) CPU [100%@1728,34%@1728,34%@1728,34%@1728,35%@1728,35%@1728] GR3D_FREQ 0% cpu@56.75C soc2@55.656C soc0@55.125C gpu@56.687C tj@56.75C soc1@56.406C VDD_IN 9516mW/12527mW VDD_CPU_GPU_CV 3227mW/5294mW VDD_SOC 2680mW/3139mW
09-27-2026 09:47:37 RAM 5639/7620MB (lfb 28x4MB) SWAP 503/12002MB (cached 0MB) CPU [100%@1728,1%@1728,15%@1728,11%@1728,15%@1728,13%@1728] GR3D_FREQ 0% cpu@56.937C soc2@55.562C soc0@55C gpu@56.531C tj@56.656C soc1@56.593C VDD_IN 9161mW/12521mW VDD_CPU_GPU_CV 2715mW/5290mW VDD_SOC 2720mW/3138mW
09-27-2026 09:47:38 RAM 5791/7620MB (lfb 14x4MB) SWAP 503/12002MB (cached 0MB) CPU [66%@1728,1%@1728,3%@1728,2%@1728,3%@1728,2%@1728] GR3D_FREQ 34% cpu@56.5C soc2@55.718C soc0@55C gpu@57.75C tj@57.75C soc1@56.468C VDD_IN 12731mW/12521mW VDD_CPU_GPU_CV 5279mW/5290mW VDD_SOC 3217mW/3138mW
09-27-2026 09:47:38 RAM 5791/7620MB (lfb 14x4MB) SWAP 503/12002MB (cached 0MB) CPU [43%@1728,94%@1728,8%@1728,31%@1728,52%@1728,48%@1728] GR3D_FREQ 0% cpu@56.687C soc2@55.5C soc0@54.875C gpu@56.593C tj@56.687C soc1@56.437C VDD_IN 10329mW/12517mW VDD_CPU_GPU_CV 3851mW/5287mW VDD_SOC 2794mW/3137mW
09-27-2026 09:47:39 RAM 5788/7620MB (lfb 15x4MB) SWAP 503/12002MB (cached 0MB) CPU [41%@1728,100%@1728,42%@1728,0%@1728,53%@1728,51%@1728] GR3D_FREQ 0% cpu@56.468C soc2@55.593C soc0@55.093C gpu@56.937C tj@56.937C soc1@56.437C VDD_IN 9714mW/12512mW VDD_CPU_GPU_CV 3384mW/5283mW VDD_SOC 2680mW/3137mW
09-27-2026 09:47:39 RAM 5788/7620MB (lfb 15x4MB) SWAP 503/12002MB (cached 0MB) CPU [57%@1728,8%@1728,96%@1728,54%@1728,64%@1728,61%@1728] GR3D_FREQ 0% cpu@56.906C soc2@55.375C soc0@55.031C gpu@56.687C tj@57.031C soc1@56.312C VDD_IN 9437mW/12507mW VDD_CPU_GPU_CV 3306mW/5280mW VDD_SOC 2601mW/3136mW
09-27-2026 09:47:40 RAM 5650/7620MB (lfb 30x4MB) SWAP 503/12002MB (cached 0MB) CPU [9%@1728,0%@1728,100%@1728,9%@1728,13%@1728,11%@1728] GR3D_FREQ 0% cpu@56.781C soc2@55.312C soc0@54.843C gpu@56.562C tj@56.781C soc1@56.343C VDD_IN 9121mW/12501mW VDD_CPU_GPU_CV 2755mW/5275mW VDD_SOC 2680mW/3135mW
09-27-2026 09:47:40 RAM 5727/7620MB (lfb 30x4MB) SWAP 503/12002MB (cached 0MB) CPU [0%@1728,1%@1728,54%@1728,0%@1728,0%@1728,0%@1728] GR3D_FREQ 61% cpu@56.781C soc2@55.468C soc0@54.937C gpu@57.187C tj@57.562C soc1@56.406C VDD_IN 12260mW/12500mW VDD_CPU_GPU_CV 5005mW/5275mW VDD_SOC 3182mW/3135mW
09-27-2026 09:47:41 RAM 5787/7620MB (lfb 15x4MB) SWAP 503/12002MB (cached 0MB) CPU [41%@1728,13%@1728,96%@1728,26%@1728,56%@1728,45%@1728] GR3D_FREQ 0% cpu@57.156C soc2@55.593C soc0@55.187C gpu@56.718C tj@57.156C soc1@56.312C VDD_IN 10407mW/12496mW VDD_CPU_GPU_CV 3811mW/5272mW VDD_SOC 2794mW/3134mW
09-27-2026 09:47:41 RAM 5788/7620MB (lfb 15x4MB) SWAP 503/12002MB (cached 0MB) CPU [46%@1728,23%@1728,100%@1728,36%@1728,53%@1728,52%@1728] GR3D_FREQ 0% cpu@57.125C soc2@55.531C soc0@55.062C gpu@56.531C tj@57.125C soc1@56.312C VDD_IN 9674mW/12491mW VDD_CPU_GPU_CV 3340mW/5269mW VDD_SOC 2680mW/3133mW
09-27-2026 09:47:42 RAM 5480/7620MB (lfb 38x4MB) SWAP 503/12002MB (cached 0MB) CPU [31%@1728,30%@1728,100%@1728,32%@1728,31%@1728,31%@1728] GR3D_FREQ 0% cpu@57.187C soc2@55.343C soc0@54.937C gpu@56.843C tj@57.187C soc1@56.5C VDD_IN 9477mW/12486mW VDD_CPU_GPU_CV 3148mW/5265mW VDD_SOC 2680mW/3133mW
09-27-2026 09:47:42 RAM 5664/7620MB (lfb 30x4MB) SWAP 503/12002MB (cached 0MB) CPU [0%@1728,3%@1728,92%@1728,0%@1728,0%@1728,0%@1728] GR3D_FREQ 66% cpu@56.562C soc2@55.312C soc0@54.812C gpu@57.156C tj@57.156C soc1@56.406C VDD_IN 9911mW/12481mW VDD_CPU_GPU_CV 3261mW/5261mW VDD_SOC 2838mW/3132mW
09-27-2026 09:47:43 RAM 5794/7620MB (lfb 13x4MB) SWAP 503/12002MB (cached 0MB) CPU [9%@1728,28%@1728,34%@1728,9%@1728,9%@1728,14%@1728] GR3D_FREQ 0% cpu@56.406C soc2@55.5C soc0@54.812C gpu@57.156C tj@57.156C soc1@56.437C VDD_IN 12004mW/12480mW VDD_CPU_GPU_CV 4817mW/5260mW VDD_SOC 3143mW/3132mW
09-27-2026 09:47:43 RAM 5794/7620MB (lfb 13x4MB) SWAP 503/12002MB (cached 0MB) CPU [26%@1728,46%@1728,98%@1728,27%@1728,51%@1728,64%@1728] GR3D_FREQ 0% cpu@56.843C soc2@55.5C soc0@54.968C gpu@56.687C tj@56.843C soc1@56.312C VDD_IN 10131mW/12476mW VDD_CPU_GPU_CV 3654mW/5258mW VDD_SOC 2755mW/3131mW
09-27-2026 09:47:44 RAM 5788/7620MB (lfb 15x4MB) SWAP 503/12002MB (cached 0MB) CPU [48%@1728,0%@1728,96%@1728,45%@1728,50%@1728,64%@1728] GR3D_FREQ 0% cpu@56.906C soc2@55.312C soc0@54.937C gpu@56.468C tj@56.906C soc1@56.5C VDD_IN 9635mW/12471mW VDD_CPU_GPU_CV 3345mW/5254mW VDD_SOC 2680mW/3131mW
09-27-2026 09:47:44 RAM 5192/7620MB (lfb 51x4MB) SWAP 503/12002MB (cached 0MB) CPU [33%@1728,35%@1728,96%@1728,17%@1728,45%@1728,39%@1728] GR3D_FREQ 0% cpu@56.281C soc2@55.312C soc0@54.875C gpu@56.781C tj@56.781C soc1@56.312C VDD_IN 9319mW/12465mW VDD_CPU_GPU_CV 3109mW/5250mW VDD_SOC 2641mW/3130mW
09-27-2026 09:47:45 RAM 5114/7620MB (lfb 63x4MB) SWAP 503/12002MB (cached 0MB) CPU [0%@1728,4%@1728,94%@1728,4%@1728,10%@1728,0%@1728] GR3D_FREQ 0% cpu@56.281C soc2@55.093C soc0@54.718C gpu@56.5C tj@56.5C soc1@56.312C VDD_IN 8884mW/12459mW VDD_CPU_GPU_CV 2444mW/5245mW VDD_SOC 2724mW/3129mW
09-27-2026 09:47:45 RAM 5091/7620MB (lfb 63x4MB) SWAP 503/12002MB (cached 0MB) CPU [4%@1728,2%@1728,45%@1728,0%@1728,0%@1728,0%@1728] GR3D_FREQ 0% cpu@55.812C soc2@55.125C soc0@54.937C gpu@56.218C tj@56.218C soc1@56.218C VDD_IN 8226mW/12452mW VDD_CPU_GPU_CV 2050mW/5240mW VDD_SOC 2606mW/3128mW
