09-27-2026 08:52:22 RAM 3153/7620MB (lfb 85x4MB) SWAP 122/12002MB (cached 0MB) CPU [32%@1728,30%@1728,28%@1728,26%@1728,30%@1728,100%@1728] GR3D_FREQ 0% cpu@55.5C soc2@54.687C soc0@54.375C gpu@55.937C tj@55.906C soc1@55.906C VDD_IN 8884mW/8884mW VDD_CPU_GPU_CV 2794mW/2794mW VDD_SOC 2566mW/2566mW
09-27-2026 08:52:23 RAM 3212/7620MB (lfb 85x4MB) SWAP 122/12002MB (cached 0MB) CPU [1%@1728,0%@1728,1%@1728,1%@1728,1%@1728,100%@1728] GR3D_FREQ 0% cpu@55.593C soc2@54.468C soc0@54.312C gpu@56.062C tj@56.062C soc1@55.75C VDD_IN 8582mW/8733mW VDD_CPU_GPU_CV 2483mW/2639mW VDD_SOC 2566mW/2566mW
09-27-2026 08:52:23 RAM 3236/7620MB (lfb 85x4MB) SWAP 122/12002MB (cached 0MB) CPU [0%@1728,0%@1728,0%@1728,0%@1728,0%@1728,100%@1728] GR3D_FREQ 0% cpu@55.312C soc2@54.625C soc0@54.5C gpu@55.906C tj@55.906C soc1@55.812C VDD_IN 8464mW/8643mW VDD_CPU_GPU_CV 2404mW/2560mW VDD_SOC 2566mW/2566mW
09-27-2026 08:52:24 RAM 3250/7620MB (lfb 85x4MB) SWAP 122/12002MB (cached 0MB) CPU [0%@1728,0%@1728,0%@1728,0%@1728,0%@1728,100%@1728] GR3D_FREQ 0% cpu@55.281C soc2@54.562C soc0@54.375C gpu@55.781C tj@55.781C soc1@55.718C VDD_IN 8464mW/8599mW VDD_CPU_GPU_CV 2365mW/2512mW VDD_SOC 2566mW/2566mW
09-27-2026 08:52:24 RAM 3332/7620MB (lfb 85x4MB) SWAP 122/12002MB (cached 0MB) CPU [13%@1728,12%@1728,14%@1728,12%@1728,14%@1728,100%@1728] GR3D_FREQ 0% cpu@55.562C soc2@54.593C soc0@54.375C gpu@55.656C tj@55.968C soc1@55.968C VDD_IN 8464mW/8572mW VDD_CPU_GPU_CV 2365mW/2482mW VDD_SOC 2566mW/2566mW
09-27-2026 08:52:25 RAM 3424/7620MB (lfb 85x4MB) SWAP 122/12002MB (cached 0MB) CPU [1%@1728,0%@1728,0%@1728,0%@1728,0%@1728,100%@1728] GR3D_FREQ 0% cpu@55.5C soc2@54.468C soc0@54.312C gpu@56.031C tj@56.031C soc1@56C VDD_IN 8305mW/8527mW VDD_CPU_GPU_CV 2247mW/2443mW VDD_SOC 2566mW/2566mW
09-27-2026 08:52:25 RAM 3537/7620MB (lfb 86x4MB) SWAP 122/12002MB (cached 0MB) CPU [1%@1728,0%@1728,0%@1728,0%@1728,0%@1728,100%@1728] GR3D_FREQ 0% cpu@55.468C soc2@54.593C soc0@54.375C gpu@55.906C tj@55.906C soc1@55.718C VDD_IN 8385mW/8507mW VDD_CPU_GPU_CV 2286mW/2421mW VDD_SOC 2566mW/2566mW
09-27-2026 08:52:26 RAM 3548/7620MB (lfb 86x4MB) SWAP 122/12002MB (cached 0MB) CPU [9%@1728,17%@1728,19%@1728,13%@1728,5%@1728,100%@1728] GR3D_FREQ 0% cpu@55.875C soc2@54.656C soc0@54.343C gpu@55.75C tj@56.031C soc1@55.75C VDD_IN 9279mW/8603mW VDD_CPU_GPU_CV 2715mW/2457mW VDD_SOC 2759mW/2590mW
09-27-2026 08:52:26 RAM 3751/7620MB (lfb 47x4MB) SWAP 122/12002MB (cached 0MB) CPU [16%@1728,2%@1728,11%@1728,2%@1728,4%@1728,96%@1728] GR3D_FREQ 0% cpu@55.593C soc2@54.531C soc0@54.375C gpu@55.937C tj@55.968C soc1@55.968C VDD_IN 9003mW/8648mW VDD_CPU_GPU_CV 2597mW/2473mW VDD_SOC 2685mW/2601mW
09-27-2026 08:52:27 RAM 3948/7620MB (lfb 31x4MB) SWAP 122/12002MB (cached 0MB) CPU [0%@1728,0%@1728,0%@1728,1%@1728,33%@1728,14%@1728] GR3D_FREQ 88% cpu@55.968C soc2@55.156C soc0@54.375C gpu@58.375C tj@58.375C soc1@55.781C VDD_IN 15680mW/9351mW VDD_CPU_GPU_CV 7432mW/2969mW VDD_SOC 3669mW/2708mW
09-27-2026 08:52:27 RAM 4124/7620MB (lfb 31x4MB) SWAP 122/12002MB (cached 0MB) CPU [12%@1728,10%@1728,2%@1728,10%@1728,62%@1728,16%@1728] GR3D_FREQ 0% cpu@56.406C soc2@55.25C soc0@54.687C gpu@56.687C tj@56.687C soc1@55.875C VDD_IN 14296mW/9801mW VDD_CPU_GPU_CV 6508mW/3291mW VDD_SOC 3446mW/2775mW
09-27-2026 08:52:28 RAM 4124/7620MB (lfb 31x4MB) SWAP 122/12002MB (cached 0MB) CPU [34%@1728,33%@1728,1%@1728,33%@1728,100%@1728,52%@1728] GR3D_FREQ 0% cpu@56.281C soc2@55.218C soc0@54.687C gpu@56.625C tj@56.625C soc1@55.968C VDD_IN 10683mW/9874mW VDD_CPU_GPU_CV 4040mW/3353mW VDD_SOC 2833mW/2780mW
09-27-2026 08:52:28 RAM 4123/7620MB (lfb 31x4MB) SWAP 122/12002MB (cached 0MB) CPU [33%@1728,34%@1728,35%@1728,32%@1728,100%@1728,35%@1728] GR3D_FREQ 0% cpu@56.187C soc2@55.062C soc0@54.718C gpu@56.125C tj@56.187C soc1@55.906C VDD_IN 9635mW/9856mW VDD_CPU_GPU_CV 3261mW/3346mW VDD_SOC 2720mW/2775mW
09-27-2026 08:52:29 RAM 4123/7620MB (lfb 31x4MB) SWAP 122/12002MB (cached 0MB) CPU [0%@1728,32%@1728,30%@1728,31%@1728,98%@1728,52%@1728] GR3D_FREQ 0% cpu@56.125C soc2@54.937C soc0@54.593C gpu@56.531C tj@56.531C soc1@56.093C VDD_IN 9319mW/9817mW VDD_CPU_GPU_CV 3109mW/3329mW VDD_SOC 2641mW/2765mW
09-27-2026 08:52:29 RAM 4017/7620MB (lfb 35x4MB) SWAP 122/12002MB (cached 0MB) CPU [1%@1728,12%@1728,14%@1728,12%@1728,100%@1728,20%@1728] GR3D_FREQ 0% cpu@56.437C soc2@54.812C soc0@54.437C gpu@56.187C tj@56.437C soc1@56.031C VDD_IN 9082mW/9768mW VDD_CPU_GPU_CV 2715mW/3288mW VDD_SOC 2680mW/2760mW
09-27-2026 08:52:30 RAM 4208/7620MB (lfb 30x4MB) SWAP 122/12002MB (cached 0MB) CPU [1%@1728,0%@1728,0%@1728,0%@1728,76%@1728,0%@1728] GR3D_FREQ 62% cpu@55.593C soc2@55.125C soc0@54.718C gpu@57.031C tj@57.031C soc1@55.968C VDD_IN 11217mW/9859mW VDD_CPU_GPU_CV 4237mW/3347mW VDD_SOC 2991mW/2774mW
09-27-2026 08:52:30 RAM 4363/7620MB (lfb 30x4MB) SWAP 122/12002MB (cached 0MB) CPU [17%@1728,18%@1728,14%@1728,19%@1728,59%@1728,30%@1728] GR3D_FREQ 0% cpu@56.125C soc2@55.125C soc0@54.625C gpu@56.343C tj@56.343C soc1@55.843C VDD_IN 10981mW/9925mW VDD_CPU_GPU_CV 4197mW/3397mW VDD_SOC 2952mW/2785mW
09-27-2026 08:52:31 RAM 4355/7620MB (lfb 30x4MB) SWAP 122/12002MB (cached 0MB) CPU [35%@1728,35%@1728,34%@1728,35%@1728,35%@1728,100%@1728] GR3D_FREQ 0% cpu@56.031C soc2@55.031C soc0@54.625C gpu@56.156C tj@56.156C soc1@56.093C VDD_IN 9856mW/9921mW VDD_CPU_GPU_CV 3418mW/3399mW VDD_SOC 2759mW/2783mW
09-27-2026 08:52:31 RAM 4355/7620MB (lfb 30x4MB) SWAP 122/12002MB (cached 0MB) CPU [30%@1728,30%@1728,32%@1728,31%@1728,31%@1728,100%@1728] GR3D_FREQ 0% cpu@56.312C soc2@55.062C soc0@54.468C gpu@56.031C tj@56.312C soc1@56.031C VDD_IN 9477mW/9898mW VDD_CPU_GPU_CV 3188mW/3387mW VDD_SOC 2641mW/2776mW
09-27-2026 08:52:32 RAM 4193/7620MB (lfb 31x4MB) SWAP 122/12002MB (cached 0MB) CPU [8%@1728,11%@1728,8%@1728,7%@1728,7%@1728,100%@1728] GR3D_FREQ 0% cpu@55.906C soc2@54.968C soc0@54.75C gpu@56.375C tj@56.375C soc1@56.031C VDD_IN 9121mW/9859mW VDD_CPU_GPU_CV 2715mW/3354mW VDD_SOC 2680mW/2771mW
09-27-2026 08:52:32 RAM 4330/7620MB (lfb 30x4MB) SWAP 122/12002MB (cached 0MB) CPU [3%@1728,0%@1728,0%@1728,0%@1728,0%@1728,66%@1728] GR3D_FREQ 55% cpu@55.812C soc2@55.156C soc0@54.718C gpu@57.343C tj@57.343C soc1@56C VDD_IN 12692mW/9994mW VDD_CPU_GPU_CV 5357mW/3449mW VDD_SOC 3217mW/2792mW
09-27-2026 08:52:33 RAM 4408/7620MB (lfb 23x4MB) SWAP 122/12002MB (cached 0MB) CPU [31%@1728,32%@1728,31%@1728,32%@1728,31%@1728,100%@1728] GR3D_FREQ 0% cpu@56.062C soc2@55.156C soc0@54.75C gpu@56.562C tj@56.562C soc1@56.187C VDD_IN 10329mW/10009mW VDD_CPU_GPU_CV 3772mW/3464mW VDD_SOC 2794mW/2792mW
09-27-2026 08:52:33 RAM 4402/7620MB (lfb 24x4MB) SWAP 122/12002MB (cached 0MB) CPU [32%@1728,33%@1728,33%@1728,32%@1728,33%@1728,100%@1728] GR3D_FREQ 0% cpu@56.468C soc2@55.156C soc0@54.656C gpu@56.281C tj@56.468C soc1@56.093C VDD_IN 9635mW/9993mW VDD_CPU_GPU_CV 3306mW/3457mW VDD_SOC 2680mW/2787mW
09-27-2026 08:52:34 RAM 4149/7620MB (lfb 56x4MB) SWAP 122/12002MB (cached 0MB) CPU [14%@1728,16%@1728,16%@1728,14%@1728,14%@1728,100%@1728] GR3D_FREQ 0% cpu@55.968C soc2@54.937C soc0@54.625C gpu@56.156C tj@56.156C soc1@56.062C VDD_IN 9200mW/9960mW VDD_CPU_GPU_CV 2873mW/3433mW VDD_SOC 2680mW/2783mW
09-27-2026 08:52:34 RAM 4279/7620MB (lfb 24x4MB) SWAP 122/12002MB (cached 0MB) CPU [0%@1728,0%@1728,0%@1728,0%@1728,0%@1728,78%@1728] GR3D_FREQ 66% cpu@55.843C soc2@55.25C soc0@54.812C gpu@57.406C tj@57.406C soc1@56.031C VDD_IN 12044mW/10043mW VDD_CPU_GPU_CV 4856mW/3490mW VDD_SOC 3104mW/2796mW
09-27-2026 08:52:35 RAM 4412/7620MB (lfb 21x4MB) SWAP 122/12002MB (cached 0MB) CPU [26%@1728,25%@1728,25%@1728,24%@1728,24%@1728,88%@1728] GR3D_FREQ 0% cpu@56.218C soc2@55.156C soc0@54.875C gpu@56.656C tj@56.656C soc1@56.281C VDD_IN 10802mW/10072mW VDD_CPU_GPU_CV 4080mW/3512mW VDD_SOC 2912mW/2800mW
09-27-2026 08:52:35 RAM 4409/7620MB (lfb 22x4MB) SWAP 122/12002MB (cached 0MB) CPU [31%@1728,31%@1728,30%@1728,30%@1728,30%@1728,100%@1728] GR3D_FREQ 0% cpu@56.281C soc2@55.125C soc0@54.687C gpu@56.218C tj@56.281C soc1@56.156C VDD_IN 9793mW/10062mW VDD_CPU_GPU_CV 3379mW/3507mW VDD_SOC 2720mW/2797mW
09-27-2026 08:52:36 RAM 4102/7620MB (lfb 68x4MB) SWAP 122/12002MB (cached 0MB) CPU [27%@1728,28%@1728,28%@1728,28%@1728,28%@1728,100%@1728] GR3D_FREQ 0% cpu@56.156C soc2@55C soc0@54.593C gpu@56.5C tj@56.5C soc1@56.062C VDD_IN 9358mW/10037mW VDD_CPU_GPU_CV 3070mW/3492mW VDD_SOC 2680mW/2793mW
09-27-2026 08:52:36 RAM 4283/7620MB (lfb 29x4MB) SWAP 122/12002MB (cached 0MB) CPU [0%@1728,1%@1728,0%@1728,0%@1728,0%@1728,88%@1728] GR3D_FREQ 64% cpu@55.843C soc2@55.187C soc0@54.843C gpu@57.343C tj@57.343C soc1@56.093C VDD_IN 10802mW/10063mW VDD_CPU_GPU_CV 3962mW/3508mW VDD_SOC 2952mW/2799mW
09-27-2026 08:52:37 RAM 4413/7620MB (lfb 21x4MB) SWAP 122/12002MB (cached 0MB) CPU [18%@1728,18%@1728,6%@1728,18%@1728,23%@1728,78%@1728] GR3D_FREQ 0% cpu@56.468C soc2@55.343C soc0@54.781C gpu@56.531C tj@56.531C soc1@56.062C VDD_IN 11414mW/10108mW VDD_CPU_GPU_CV 4511mW/3541mW VDD_SOC 2986mW/2805mW
09-27-2026 08:52:37 RAM 4411/7620MB (lfb 21x4MB) SWAP 122/12002MB (cached 0MB) CPU [33%@1728,53%@1728,52%@1728,28%@1728,74%@1728,100%@1728] GR3D_FREQ 0% cpu@56.312C soc2@55.281C soc0@54.843C gpu@56.312C tj@56.312C soc1@56.218C VDD_IN 9934mW/10103mW VDD_CPU_GPU_CV 3575mW/3542mW VDD_SOC 2720mW/2802mW
09-27-2026 08:52:38 RAM 4407/7620MB (lfb 22x4MB) SWAP 122/12002MB (cached 0MB) CPU [40%@1728,39%@1728,28%@1728,38%@1728,41%@1728,100%@1728] GR3D_FREQ 0% cpu@56.25C soc2@55.156C soc0@54.656C gpu@56.281C tj@56.281C soc1@56.125C VDD_IN 9556mW/10085mW VDD_CPU_GPU_CV 3227mW/3533mW VDD_SOC 2680mW/2798mW
09-27-2026 08:52:38 RAM 4197/7620MB (lfb 49x4MB) SWAP 122/12002MB (cached 0MB) CPU [14%@1728,13%@1728,12%@1728,12%@1728,12%@1728,100%@1728] GR3D_FREQ 0% cpu@56.218C soc2@55.156C soc0@54.843C gpu@56.687C tj@56.687C soc1@56.093C VDD_IN 9161mW/10057mW VDD_CPU_GPU_CV 2794mW/3510mW VDD_SOC 2680mW/2795mW
09-27-2026 08:52:39 RAM 4285/7620MB (lfb 27x4MB) SWAP 122/12002MB (cached 0MB) CPU [0%@1728,0%@1728,0%@1728,0%@1728,0%@1728,64%@1728] GR3D_FREQ 66% cpu@55.812C soc2@55.281C soc0@54.937C gpu@57.593C tj@57.593C soc1@56.062C VDD_IN 11926mW/10112mW VDD_CPU_GPU_CV 4778mW/3548mW VDD_SOC 3104mW/2804mW
09-27-2026 08:52:39 RAM 4411/7620MB (lfb 21x4MB) SWAP 122/12002MB (cached 0MB) CPU [22%@1728,23%@1728,25%@1728,25%@1728,24%@1728,86%@1728] GR3D_FREQ 0% cpu@56.125C soc2@55.312C soc0@54.906C gpu@56.625C tj@56.625C soc1@56.093C VDD_IN 10683mW/10129mW VDD_CPU_GPU_CV 3962mW/3559mW VDD_SOC 2873mW/2806mW
09-27-2026 08:52:40 RAM 4408/7620MB (lfb 22x4MB) SWAP 122/12002MB (cached 0MB) CPU [32%@1728,29%@1728,31%@1728,29%@1728,30%@1728,100%@1728] GR3D_FREQ 0% cpu@56.468C soc2@55.218C soc0@54.75C gpu@56.625C tj@56.625C soc1@56.218C VDD_IN 9753mW/10118mW VDD_CPU_GPU_CV 3379mW/3554mW VDD_SOC 2720mW/2803mW
09-27-2026 08:52:40 RAM 4100/7620MB (lfb 67x4MB) SWAP 122/12002MB (cached 0MB) CPU [26%@1728,26%@1728,26%@1728,26%@1728,26%@1728,100%@1728] GR3D_FREQ 0% cpu@56.25C soc2@55.218C soc0@54.875C gpu@56.375C tj@56.375C soc1@56.218C VDD_IN 9398mW/10099mW VDD_CPU_GPU_CV 3070mW/3541mW VDD_SOC 2680mW/2800mW
09-27-2026 08:52:41 RAM 4285/7620MB (lfb 27x4MB) SWAP 122/12002MB (cached 0MB) CPU [0%@1728,3%@1728,0%@1728,0%@1728,0%@1728,88%@1728] GR3D_FREQ 66% cpu@55.812C soc2@55.156C soc0@54.875C gpu@57.062C tj@57.062C soc1@56.125C VDD_IN 10289mW/10104mW VDD_CPU_GPU_CV 3575mW/3542mW VDD_SOC 2873mW/2802mW
09-27-2026 08:52:41 RAM 4407/7620MB (lfb 22x4MB) SWAP 122/12002MB (cached 0MB) CPU [8%@1728,9%@1728,8%@1728,8%@1728,50%@1728,19%@1728] GR3D_FREQ 0% cpu@56.5C soc2@55.437C soc0@54.906C gpu@57.093C tj@57.093C soc1@56.062C VDD_IN 11729mW/10146mW VDD_CPU_GPU_CV 4621mW/3570mW VDD_SOC 3065mW/2809mW
09-27-2026 08:52:42 RAM 4407/7620MB (lfb 22x4MB) SWAP 122/12002MB (cached 0MB) CPU [29%@1728,27%@1728,29%@1728,30%@1728,100%@1728,27%@1728] GR3D_FREQ 0% cpu@56.562C soc2@55.375C soc0@54.75C gpu@56.531C tj@56.562C soc1@56.406C VDD_IN 10013mW/10142mW VDD_CPU_GPU_CV 3536mW/3569mW VDD_SOC 2759mW/2807mW
09-27-2026 08:52:42 RAM 4409/7620MB (lfb 22x4MB) SWAP 122/12002MB (cached 0MB) CPU [34%@1728,32%@1728,34%@1728,36%@1728,100%@1728,32%@1728] GR3D_FREQ 0% cpu@56.531C soc2@55.25C soc0@54.843C gpu@56.875C tj@56.875C soc1@56.281C VDD_IN 9556mW/10128mW VDD_CPU_GPU_CV 3227mW/3561mW VDD_SOC 2680mW/2804mW
09-27-2026 08:52:43 RAM 4225/7620MB (lfb 42x4MB) SWAP 122/12002MB (cached 0MB) CPU [8%@1728,10%@1728,8%@1728,8%@1728,100%@1728,10%@1728] GR3D_FREQ 0% cpu@56.531C soc2@55.125C soc0@54.75C gpu@56.531C tj@56.531C soc1@56.281C VDD_IN 9161mW/10105mW VDD_CPU_GPU_CV 2755mW/3541mW VDD_SOC 2680mW/2801mW
09-27-2026 08:52:43 RAM 4285/7620MB (lfb 27x4MB) SWAP 122/12002MB (cached 0MB) CPU [1%@1728,0%@1728,0%@1728,0%@1728,60%@1728,0%@1728] GR3D_FREQ 67% cpu@56.125C soc2@55.406C soc0@54.875C gpu@57.562C tj@57.562C soc1@56.187C VDD_IN 12142mW/10152mW VDD_CPU_GPU_CV 4935mW/3574mW VDD_SOC 3143mW/2809mW
09-27-2026 08:52:44 RAM 4405/7620MB (lfb 22x4MB) SWAP 122/12002MB (cached 0MB) CPU [24%@1728,24%@1728,25%@1728,24%@1728,90%@1728,24%@1728] GR3D_FREQ 0% cpu@56.718C soc2@55.437C soc0@54.875C gpu@56.812C tj@56.812C soc1@56.156C VDD_IN 10565mW/10162mW VDD_CPU_GPU_CV 3890mW/3581mW VDD_SOC 2833mW/2810mW
09-27-2026 08:52:44 RAM 4409/7620MB (lfb 21x4MB) SWAP 122/12002MB (cached 0MB) CPU [32%@1728,32%@1728,32%@1728,32%@1728,100%@1728,32%@1728] GR3D_FREQ 0% cpu@56.593C soc2@55.343C soc0@54.968C gpu@56.5C tj@56.593C soc1@56.312C VDD_IN 9714mW/10152mW VDD_CPU_GPU_CV 3340mW/3576mW VDD_SOC 2720mW/2808mW
09-27-2026 08:52:45 RAM 4103/7620MB (lfb 69x4MB) SWAP 122/12002MB (cached 0MB) CPU [24%@1728,24%@1728,24%@1728,22%@1728,100%@1728,22%@1728] GR3D_FREQ 0% cpu@56.687C soc2@55.25C soc0@54.937C gpu@56.375C tj@56.687C soc1@56.281C VDD_IN 9279mW/10133mW VDD_CPU_GPU_CV 2991mW/3563mW VDD_SOC 2641mW/2804mW
09-27-2026 08:52:45 RAM 4283/7620MB (lfb 31x4MB) SWAP 122/12002MB (cached 0MB) CPU [0%@1728,0%@1728,0%@1728,0%@1728,80%@1728,0%@1728] GR3D_FREQ 67% cpu@56.062C soc2@55.312C soc0@55.031C gpu@57.593C tj@57.593C soc1@56.312C VDD_IN 10841mW/10148mW VDD_CPU_GPU_CV 3962mW/3571mW VDD_SOC 2952mW/2807mW
09-27-2026 08:52:46 RAM 4403/7620MB (lfb 22x4MB) SWAP 122/12002MB (cached 0MB) CPU [14%@1728,12%@1728,13%@1728,12%@1728,72%@1728,12%@1728] GR3D_FREQ 0% cpu@56.718C soc2@55.531C soc0@55C gpu@57C tj@57C soc1@56.218C VDD_IN 11414mW/10174mW VDD_CPU_GPU_CV 4386mW/3588mW VDD_SOC 3025mW/2812mW
09-27-2026 08:52:46 RAM 4405/7620MB (lfb 22x4MB) SWAP 122/12002MB (cached 0MB) CPU [37%@1728,36%@1728,37%@1728,35%@1728,100%@1728,36%@1728] GR3D_FREQ 0% cpu@56.656C soc2@55.437C soc0@55C gpu@56.937C tj@56.937C soc1@56.406C VDD_IN 9974mW/10170mW VDD_CPU_GPU_CV 3497mW/3587mW VDD_SOC 2759mW/2811mW
09-27-2026 08:52:47 RAM 4405/7620MB (lfb 22x4MB) SWAP 122/12002MB (cached 0MB) CPU [34%@1728,37%@1728,34%@1728,35%@1728,100%@1728,34%@1728] GR3D_FREQ 0% cpu@56.937C soc2@55.375C soc0@54.875C gpu@56.687C tj@56.937C soc1@56.375C VDD_IN 9516mW/10157mW VDD_CPU_GPU_CV 3188mW/3579mW VDD_SOC 2680mW/2808mW
09-27-2026 08:52:47 RAM 4277/7620MB (lfb 28x4MB) SWAP 122/12002MB (cached 0MB) CPU [4%@1728,2%@1728,4%@1728,4%@1728,100%@1728,4%@1728] GR3D_FREQ 0% cpu@56.718C soc2@55.156C soc0@55.156C gpu@56.468C tj@56.718C soc1@56.25C VDD_IN 9121mW/10137mW VDD_CPU_GPU_CV 2676mW/3561mW VDD_SOC 2680mW/2806mW
09-27-2026 08:52:48 RAM 4402/7620MB (lfb 22x4MB) SWAP 122/12002MB (cached 0MB) CPU [6%@1728,7%@1728,9%@1728,7%@1728,66%@1728,7%@1728] GR3D_FREQ 0% cpu@56.812C soc2@55.468C soc0@55.062C gpu@57.031C tj@57.031C soc1@56.25C VDD_IN 12338mW/10179mW VDD_CPU_GPU_CV 5083mW/3590mW VDD_SOC 3177mW/2813mW
09-27-2026 08:52:48 RAM 4402/7620MB (lfb 22x4MB) SWAP 122/12002MB (cached 0MB) CPU [34%@1728,30%@1728,32%@1728,33%@1728,100%@1728,32%@1728] GR3D_FREQ 0% cpu@56.656C soc2@55.437C soc0@54.937C gpu@56.625C tj@56.656C soc1@56.25C VDD_IN 10210mW/10180mW VDD_CPU_GPU_CV 3654mW/3591mW VDD_SOC 2794mW/2812mW
09-27-2026 08:52:49 RAM 4407/7620MB (lfb 21x4MB) SWAP 122/12002MB (cached 0MB) CPU [34%@1728,34%@1728,33%@1728,32%@1728,100%@1728,32%@1728] GR3D_FREQ 0% cpu@56.843C soc2@55.468C soc0@54.937C gpu@56.562C tj@56.562C soc1@56.468C VDD_IN 9595mW/10169mW VDD_CPU_GPU_CV 3266mW/3585mW VDD_SOC 2680mW/2810mW
09-27-2026 08:52:49 RAM 4197/7620MB (lfb 52x4MB) SWAP 122/12002MB (cached 0MB) CPU [10%@1728,12%@1728,12%@1728,13%@1728,100%@1728,10%@1728] GR3D_FREQ 0% cpu@56.906C soc2@55.25C soc0@54.906C gpu@56.843C tj@56.906C soc1@56.406C VDD_IN 9200mW/10151mW VDD_CPU_GPU_CV 2794mW/3571mW VDD_SOC 2680mW/2808mW
09-27-2026 08:52:50 RAM 4281/7620MB (lfb 31x4MB) SWAP 122/12002MB (cached 0MB) CPU [0%@1728,0%@1728,0%@1728,0%@1728,49%@1728,24%@1728] GR3D_FREQ 66% cpu@56.093C soc2@55.5C soc0@55.156C gpu@57.875C tj@57.875C soc1@56.187C VDD_IN 12574mW/10194mW VDD_CPU_GPU_CV 5239mW/3601mW VDD_SOC 3177mW/2814mW
09-27-2026 08:52:50 RAM 4403/7620MB (lfb 22x4MB) SWAP 122/12002MB (cached 0MB) CPU [30%@1728,30%@1728,28%@1728,28%@1728,29%@1728,94%@1728] GR3D_FREQ 0% cpu@56.437C soc2@55.562C soc0@55.187C gpu@57C tj@57C soc1@56.312C VDD_IN 10565mW/10201mW VDD_CPU_GPU_CV 3883mW/3606mW VDD_SOC 2833mW/2815mW
09-27-2026 08:52:51 RAM 4404/7620MB (lfb 22x4MB) SWAP 122/12002MB (cached 0MB) CPU [36%@1728,34%@1728,33%@1728,35%@1728,33%@1728,100%@1728] GR3D_FREQ 0% cpu@56.531C soc2@55.375C soc0@55.093C gpu@56.687C tj@56.687C soc1@56.5C VDD_IN 9714mW/10193mW VDD_CPU_GPU_CV 3340mW/3601mW VDD_SOC 2720mW/2813mW
09-27-2026 08:52:51 RAM 4110/7620MB (lfb 68x4MB) SWAP 122/12002MB (cached 0MB) CPU [21%@1728,22%@1728,23%@1728,22%@1728,20%@1728,100%@1728] GR3D_FREQ 0% cpu@56.281C soc2@55.281C soc0@55.031C gpu@56.562C tj@56.562C soc1@56.437C VDD_IN 9279mW/10177mW VDD_CPU_GPU_CV 2952mW/3590mW VDD_SOC 2680mW/2811mW
09-27-2026 08:52:52 RAM 4282/7620MB (lfb 29x4MB) SWAP 122/12002MB (cached 0MB) CPU [1%@1728,0%@1728,0%@1728,0%@1728,0%@1728,84%@1728] GR3D_FREQ 64% cpu@56.187C soc2@55.531C soc0@54.875C gpu@57.562C tj@57.562C soc1@56.25C VDD_IN 11493mW/10199mW VDD_CPU_GPU_CV 4433mW/3604mW VDD_SOC 3025mW/2814mW
09-27-2026 08:52:52 RAM 4404/7620MB (lfb 22x4MB) SWAP 122/12002MB (cached 0MB) CPU [20%@1728,21%@1728,21%@1728,23%@1728,23%@1728,82%@1728] GR3D_FREQ 0% cpu@56.593C soc2@55.5C soc0@55.312C gpu@57.062C tj@57.062C soc1@56.281C VDD_IN 11099mW/10214mW VDD_CPU_GPU_CV 4276mW/3615mW VDD_SOC 2952mW/2817mW
09-27-2026 08:52:53 RAM 4404/7620MB (lfb 22x4MB) SWAP 122/12002MB (cached 0MB) CPU [35%@1728,35%@1728,34%@1728,33%@1728,33%@1728,100%@1728] GR3D_FREQ 0% cpu@56.531C soc2@55.593C soc0@55.218C gpu@56.593C tj@56.593C soc1@56.343C VDD_IN 9895mW/10209mW VDD_CPU_GPU_CV 3458mW/3613mW VDD_SOC 2759mW/2816mW
09-27-2026 08:52:54 RAM 4096/7620MB (lfb 67x4MB) SWAP 122/12002MB (cached 0MB) CPU [27%@1728,27%@1728,27%@1728,29%@1728,27%@1728,100%@1728] GR3D_FREQ 0% cpu@56.437C soc2@55.531C soc0@55C gpu@56.875C tj@56.875C soc1@56.5C VDD_IN 9516mW/10198mW VDD_CPU_GPU_CV 3188mW/3606mW VDD_SOC 2680mW/2813mW
09-27-2026 08:52:54 RAM 4280/7620MB (lfb 27x4MB) SWAP 122/12002MB (cached 0MB) CPU [1%@1728,0%@1728,0%@1728,0%@1728,0%@1728,94%@1728] GR3D_FREQ 63% cpu@56.468C soc2@55.343C soc0@54.968C gpu@57.5C tj@57.5C soc1@56.5C VDD_IN 10053mW/10195mW VDD_CPU_GPU_CV 3379mW/3602mW VDD_SOC 2838mW/2814mW
09-27-2026 08:52:55 RAM 4402/7620MB (lfb 22x4MB) SWAP 122/12002MB (cached 0MB) CPU [13%@1728,13%@1728,13%@1728,11%@1728,11%@1728,74%@1728] GR3D_FREQ 0% cpu@56.656C soc2@55.656C soc0@55.125C gpu@57C tj@57C soc1@56.312C VDD_IN 11768mW/10220mW VDD_CPU_GPU_CV 4700mW/3619mW VDD_SOC 3065mW/2818mW
09-27-2026 08:52:55 RAM 4404/7620MB (lfb 22x4MB) SWAP 122/12002MB (cached 0MB) CPU [32%@1728,29%@1728,32%@1728,32%@1728,30%@1728,98%@1728] GR3D_FREQ 0% cpu@56.531C soc2@55.531C soc0@55.031C gpu@56.812C tj@56.812C soc1@56.375C VDD_IN 10092mW/10218mW VDD_CPU_GPU_CV 3575mW/3619mW VDD_SOC 2794mW/2817mW
09-27-2026 08:52:56 RAM 4404/7620MB (lfb 22x4MB) SWAP 122/12002MB (cached 0MB) CPU [31%@1728,30%@1728,30%@1728,27%@1728,29%@1728,100%@1728] GR3D_FREQ 0% cpu@56.5C soc2@55.437C soc0@55.093C gpu@56.625C tj@56.625C soc1@56.5C VDD_IN 9556mW/10208mW VDD_CPU_GPU_CV 3227mW/3613mW VDD_SOC 2680mW/2815mW
09-27-2026 08:52:56 RAM 4594/7620MB (lfb 4x4MB) SWAP 122/12002MB (cached 0MB) CPU [81%@1728,83%@1728,81%@1728,80%@1728,80%@1728,97%@1728] GR3D_FREQ 0% cpu@58.531C soc2@56.031C soc0@55.031C gpu@56.781C tj@58.531C soc1@56.468C VDD_IN 12378mW/10240mW VDD_CPU_GPU_CV 5474mW/3640mW VDD_SOC 2863mW/2816mW
09-27-2026 08:52:57 RAM 4594/7620MB (lfb 4x4MB) SWAP 122/12002MB (cached 0MB) CPU [100%@1728,100%@1728,100%@1728,100%@1728,100%@1728,100%@1728] GR3D_FREQ 0% cpu@59.093C soc2@56.281C soc0@55.125C gpu@56.968C tj@59.093C soc1@56.656C VDD_IN 13809mW/10291mW VDD_CPU_GPU_CV 6976mW/3688mW VDD_SOC 2820mW/2816mW
09-27-2026 08:52:57 RAM 4879/7620MB (lfb 184x1MB) SWAP 122/12002MB (cached 0MB) CPU [100%@1728,100%@1728,100%@1728,100%@1728,100%@1728,100%@1728] GR3D_FREQ 0% cpu@58.218C soc2@56.406C soc0@55.343C gpu@57.156C tj@58.218C soc1@56.625C VDD_IN 13809mW/10342mW VDD_CPU_GPU_CV 6781mW/3733mW VDD_SOC 2898mW/2817mW
09-27-2026 08:52:58 RAM 4771/7620MB (lfb 2x4MB) SWAP 122/12002MB (cached 0MB) CPU [100%@1728,100%@1728,100%@1728,100%@1728,100%@1728,100%@1728] GR3D_FREQ 0% cpu@58.562C soc2@56.437C soc0@55.343C gpu@57.343C tj@58.562C soc1@56.781C VDD_IN 13613mW/10388mW VDD_CPU_GPU_CV 6871mW/3777mW VDD_SOC 2820mW/2817mW
09-27-2026 08:52:58 RAM 4772/7620MB (lfb 2x4MB) SWAP 122/12002MB (cached 0MB) CPU [100%@1728,98%@1728,100%@1728,100%@1728,100%@1728,100%@1728] GR3D_FREQ 0% cpu@58.875C soc2@56.656C soc0@55.468C gpu@57.375C tj@58.781C soc1@57C VDD_IN 13731mW/10434mW VDD_CPU_GPU_CV 6976mW/3821mW VDD_SOC 2820mW/2817mW
09-27-2026 08:52:59 RAM 4772/7620MB (lfb 2x4MB) SWAP 122/12002MB (cached 0MB) CPU [76%@1728,100%@1728,100%@1728,100%@1728,100%@1728,100%@1728] GR3D_FREQ 0% cpu@59.187C soc2@56.687C soc0@55.343C gpu@57.781C tj@59.187C soc1@57.031C VDD_IN 13770mW/10480mW VDD_CPU_GPU_CV 7093mW/3866mW VDD_SOC 2780mW/2817mW
09-27-2026 08:52:59 RAM 4440/7620MB (lfb 15x4MB) SWAP 122/12002MB (cached 0MB) CPU [92%@1728,90%@1728,90%@1728,100%@1728,88%@1728,90%@1728] GR3D_FREQ 0% cpu@59.25C soc2@56.562C soc0@55.375C gpu@57.312C tj@59.25C soc1@56.968C VDD_IN 13142mW/10516mW VDD_CPU_GPU_CV 6168mW/3897mW VDD_SOC 2903mW/2818mW
09-27-2026 08:53:00 RAM 4440/7620MB (lfb 15x4MB) SWAP 122/12002MB (cached 0MB) CPU [100%@1728,100%@1728,100%@1728,100%@1728,100%@1728,100%@1728] GR3D_FREQ 0% cpu@59.375C soc2@56.875C soc0@55.656C gpu@57.781C tj@59.656C soc1@57.031C VDD_IN 14045mW/10563mW VDD_CPU_GPU_CV 7171mW/3941mW VDD_SOC 2859mW/2818mW
09-27-2026 08:53:00 RAM 4440/7620MB (lfb 15x4MB) SWAP 122/12002MB (cached 0MB) CPU [100%@1728,100%@1728,100%@1728,100%@1728,100%@1728,100%@1728] GR3D_FREQ 0% cpu@59.593C soc2@56.937C soc0@55.593C gpu@57.687C tj@59.593C soc1@57.093C VDD_IN 14217mW/10611mW VDD_CPU_GPU_CV 7444mW/3987mW VDD_SOC 2820mW/2819mW
09-27-2026 08:53:01 RAM 4789/7620MB (lfb 4x2MB) SWAP 122/12002MB (cached 0MB) CPU [100%@1728,100%@1728,100%@1728,100%@1728,100%@1728,100%@1728] GR3D_FREQ 0% cpu@59.468C soc2@56.906C soc0@55.593C gpu@58C tj@59.468C soc1@57.031C VDD_IN 14217mW/10658mW VDD_CPU_GPU_CV 7327mW/4030mW VDD_SOC 2859mW/2819mW
09-27-2026 08:53:01 RAM 4789/7620MB (lfb 4x2MB) SWAP 122/12002MB (cached 0MB) CPU [100%@1728,100%@1728,100%@1728,100%@1728,100%@1728,100%@1728] GR3D_FREQ 0% cpu@59.687C soc2@56.906C soc0@55.562C gpu@57.906C tj@59.687C soc1@57.281C VDD_IN 14100mW/10702mW VDD_CPU_GPU_CV 7366mW/4073mW VDD_SOC 2820mW/2819mW
09-27-2026 08:53:02 RAM 4789/7620MB (lfb 4x2MB) SWAP 122/12002MB (cached 0MB) CPU [100%@1728,100%@1728,100%@1728,94%@1728,100%@1728,98%@1728] GR3D_FREQ 0% cpu@58.375C soc2@56.781C soc0@55.687C gpu@57.687C tj@58.375C soc1@57.375C VDD_IN 13181mW/10733mW VDD_CPU_GPU_CV 6519mW/4104mW VDD_SOC 2780mW/2819mW
09-27-2026 08:53:02 RAM 4075/7620MB (lfb 69x4MB) SWAP 122/12002MB (cached 0MB) CPU [32%@1728,32%@1728,32%@1728,86%@1728,33%@1728,32%@1728] GR3D_FREQ 66% cpu@57.562C soc2@56.468C soc0@55.843C gpu@58.5C tj@58.5C soc1@57.25C VDD_IN 12221mW/10752mW VDD_CPU_GPU_CV 5318mW/4119mW VDD_SOC 2942mW/2820mW
09-27-2026 08:53:03 RAM 4225/7620MB (lfb 33x4MB) SWAP 122/12002MB (cached 0MB) CPU [20%@1728,20%@1728,18%@1728,84%@1728,18%@1728,20%@1728] GR3D_FREQ 0% cpu@57.656C soc2@56.5C soc0@55.812C gpu@57.531C tj@57.656C soc1@57.062C VDD_IN 10981mW/10755mW VDD_CPU_GPU_CV 4276mW/4121mW VDD_SOC 2873mW/2821mW
09-27-2026 08:53:03 RAM 4221/7620MB (lfb 34x4MB) SWAP 122/12002MB (cached 0MB) CPU [37%@1728,36%@1728,36%@1728,100%@1728,34%@1728,34%@1728] GR3D_FREQ 0% cpu@57.562C soc2@56.25C soc0@55.625C gpu@57.312C tj@57.562C soc1@57.25C VDD_IN 9856mW/10744mW VDD_CPU_GPU_CV 3458mW/4113mW VDD_SOC 2720mW/2820mW
09-27-2026 08:53:04 RAM 3954/7620MB (lfb 74x4MB) SWAP 122/12002MB (cached 0MB) CPU [32%@1728,35%@1728,33%@1728,100%@1728,34%@1728,32%@1728] GR3D_FREQ 0% cpu@57.187C soc2@56.218C soc0@55.656C gpu@57.531C tj@57.531C soc1@57.093C VDD_IN 9477mW/10728mW VDD_CPU_GPU_CV 3148mW/4101mW VDD_SOC 2680mW/2818mW
09-27-2026 08:53:04 RAM 4099/7620MB (lfb 63x4MB) SWAP 122/12002MB (cached 0MB) CPU [1%@1728,24%@1728,0%@1728,47%@1728,0%@1728,0%@1728] GR3D_FREQ 25% cpu@57C soc2@56.125C soc0@55.656C gpu@58C tj@58C soc1@57C VDD_IN 11611mW/10739mW VDD_CPU_GPU_CV 4582mW/4107mW VDD_SOC 3065mW/2821mW
09-27-2026 08:53:05 RAM 4260/7620MB (lfb 24x4MB) SWAP 122/12002MB (cached 0MB) CPU [32%@1728,98%@1728,31%@1728,31%@1728,30%@1728,31%@1728] GR3D_FREQ 0% cpu@57.625C soc2@56.281C soc0@55.687C gpu@57.593C tj@57.625C soc1@57.031C VDD_IN 10131mW/10732mW VDD_CPU_GPU_CV 3615mW/4101mW VDD_SOC 2794mW/2820mW
09-27-2026 08:53:05 RAM 4256/7620MB (lfb 25x4MB) SWAP 122/12002MB (cached 0MB) CPU [23%@1728,41%@1728,75%@1728,40%@1728,63%@1728,50%@1728] GR3D_FREQ 0% cpu@57.343C soc2@56.031C soc0@55.593C gpu@57.312C tj@57.343C soc1@56.937C VDD_IN 9595mW/10719mW VDD_CPU_GPU_CV 3266mW/4092mW VDD_SOC 2680mW/2819mW
09-27-2026 08:53:06 RAM 3984/7620MB (lfb 68x4MB) SWAP 122/12002MB (cached 0MB) CPU [41%@1728,44%@1728,0%@1728,42%@1728,98%@1728,66%@1728] GR3D_FREQ 0% cpu@57.531C soc2@56C soc0@55.531C gpu@57.187C tj@57.531C soc1@57.156C VDD_IN 9398mW/10703mW VDD_CPU_GPU_CV 3188mW/4081mW VDD_SOC 2641mW/2817mW
09-27-2026 08:53:06 RAM 4098/7620MB (lfb 64x4MB) SWAP 122/12002MB (cached 0MB) CPU [0%@1728,0%@1728,0%@1728,0%@1728,72%@1728,0%@1728] GR3D_FREQ 67% cpu@56.843C soc2@56.156C soc0@55.625C gpu@58.312C tj@58.312C soc1@57.031C VDD_IN 11493mW/10712mW VDD_CPU_GPU_CV 4511mW/4086mW VDD_SOC 3025mW/2819mW
09-27-2026 08:53:07 RAM 4262/7620MB (lfb 24x4MB) SWAP 122/12002MB (cached 0MB) CPU [30%@1728,31%@1728,29%@1728,32%@1728,95%@1728,30%@1728] GR3D_FREQ 0% cpu@57.406C soc2@56.062C soc0@55.5C gpu@57.218C tj@57.312C soc1@57C VDD_IN 10171mW/10706mW VDD_CPU_GPU_CV 3615mW/4081mW VDD_SOC 2794mW/2819mW
09-27-2026 08:53:07 RAM 4263/7620MB (lfb 24x4MB) SWAP 122/12002MB (cached 0MB) CPU [35%@1728,33%@1728,34%@1728,34%@1728,98%@1728,32%@1728] GR3D_FREQ 0% cpu@57.5C soc2@56.156C soc0@55.75C gpu@57.093C tj@57.5C soc1@56.968C VDD_IN 9595mW/10694mW VDD_CPU_GPU_CV 3266mW/4072mW VDD_SOC 2680mW/2817mW
09-27-2026 08:53:08 RAM 4053/7620MB (lfb 64x4MB) SWAP 122/12002MB (cached 0MB) CPU [22%@1728,22%@1728,21%@1728,23%@1728,100%@1728,22%@1728] GR3D_FREQ 0% cpu@57.25C soc2@55.906C soc0@55.625C gpu@57.375C tj@57.375C soc1@56.937C VDD_IN 9319mW/10679mW VDD_CPU_GPU_CV 2952mW/4059mW VDD_SOC 2680mW/2816mW
09-27-2026 08:53:08 RAM 4262/7620MB (lfb 24x4MB) SWAP 122/12002MB (cached 0MB) CPU [6%@1728,7%@1728,6%@1728,4%@1728,70%@1728,4%@1728] GR3D_FREQ 0% cpu@57.75C soc2@56.156C soc0@55.656C gpu@57.312C tj@57.75C soc1@57.031C VDD_IN 11375mW/10686mW VDD_CPU_GPU_CV 4354mW/4063mW VDD_SOC 3025mW/2818mW
09-27-2026 08:53:09 RAM 4262/7620MB (lfb 24x4MB) SWAP 122/12002MB (cached 0MB) CPU [51%@1728,17%@1728,37%@1728,51%@1728,98%@1728,71%@1728] GR3D_FREQ 0% cpu@57.25C soc2@56.031C soc0@55.562C gpu@57.468C tj@57.468C soc1@57C VDD_IN 9895mW/10678mW VDD_CPU_GPU_CV 3497mW/4057mW VDD_SOC 2759mW/2817mW
09-27-2026 08:53:09 RAM 4259/7620MB (lfb 25x4MB) SWAP 122/12002MB (cached 0MB) CPU [22%@1728,32%@1728,49%@1728,50%@1728,100%@1728,72%@1728] GR3D_FREQ 0% cpu@57.437C soc2@56.031C soc0@55.625C gpu@57.218C tj@57.437C soc1@57.031C VDD_IN 9477mW/10665mW VDD_CPU_GPU_CV 3340mW/4049mW VDD_SOC 2680mW/2816mW
09-27-2026 08:53:10 RAM 4259/7620MB (lfb 25x4MB) SWAP 122/12002MB (cached 0MB) CPU [56%@1728,0%@1728,56%@1728,50%@1728,100%@1728,71%@1728] GR3D_FREQ 0% cpu@57.375C soc2@56.062C soc0@55.656C gpu@57.093C tj@57.375C soc1@56.937C VDD_IN 9437mW/10652mW VDD_CPU_GPU_CV 3227mW/4040mW VDD_SOC 2641mW/2814mW
09-27-2026 08:53:10 RAM 4101/7620MB (lfb 64x4MB) SWAP 122/12002MB (cached 0MB) CPU [0%@1728,0%@1728,2%@1728,2%@1728,78%@1728,2%@1728] GR3D_FREQ 66% cpu@56.593C soc2@55.968C soc0@55.562C gpu@58.156C tj@58.156C soc1@57.062C VDD_IN 11296mW/10659mW VDD_CPU_GPU_CV 4315mW/4043mW VDD_SOC 2986mW/2816mW
09-27-2026 08:53:11 RAM 4264/7620MB (lfb 24x4MB) SWAP 122/12002MB (cached 0MB) CPU [24%@1728,24%@1728,24%@1728,22%@1728,89%@1728,24%@1728] GR3D_FREQ 0% cpu@57.343C soc2@55.968C soc0@55.437C gpu@57.187C tj@57.343C soc1@56.968C VDD_IN 10289mW/10655mW VDD_CPU_GPU_CV 3654mW/4039mW VDD_SOC 2833mW/2816mW
09-27-2026 08:53:11 RAM 4265/7620MB (lfb 24x4MB) SWAP 122/12002MB (cached 0MB) CPU [29%@1728,33%@1728,36%@1728,40%@1728,100%@1728,42%@1728] GR3D_FREQ 0% cpu@57.531C soc2@55.875C soc0@55.437C gpu@57.031C tj@57.531C soc1@56.875C VDD_IN 9674mW/10645mW VDD_CPU_GPU_CV 3261mW/4031mW VDD_SOC 2720mW/2815mW
09-27-2026 08:53:12 RAM 4265/7620MB (lfb 24x4MB) SWAP 122/12002MB (cached 0MB) CPU [0%@1728,52%@1728,55%@1728,55%@1728,100%@1728,72%@1728] GR3D_FREQ 0% cpu@57.437C soc2@56.156C soc0@55.656C gpu@57.406C tj@57.437C soc1@56.937C VDD_IN 9477mW/10633mW VDD_CPU_GPU_CV 3188mW/4023mW VDD_SOC 2641mW/2813mW
09-27-2026 08:53:12 RAM 4105/7620MB (lfb 63x4MB) SWAP 122/12002MB (cached 0MB) CPU [0%@1728,7%@1728,5%@1728,7%@1728,67%@1728,19%@1728] GR3D_FREQ 67% cpu@56.625C soc2@56.093C soc0@55.531C gpu@58.187C tj@58.187C soc1@56.937C VDD_IN 11256mW/10640mW VDD_CPU_GPU_CV 4276mW/4025mW VDD_SOC 2986mW/2815mW
09-27-2026 08:53:13 RAM 4260/7620MB (lfb 25x4MB) SWAP 122/12002MB (cached 0MB) CPU [76%@1728,27%@1728,26%@1728,24%@1728,24%@1728,36%@1728] GR3D_FREQ 0% cpu@57.25C soc2@56.156C soc0@55.656C gpu@57.437C tj@57.437C soc1@57.031C VDD_IN 10289mW/10636mW VDD_CPU_GPU_CV 3693mW/4022mW VDD_SOC 2833mW/2815mW
09-27-2026 08:53:13 RAM 4264/7620MB (lfb 24x4MB) SWAP 122/12002MB (cached 0MB) CPU [46%@1728,88%@1728,34%@1728,34%@1728,34%@1728,34%@1728] GR3D_FREQ 0% cpu@57.25C soc2@56.125C soc0@55.468C gpu@57.218C tj@57.25C soc1@56.937C VDD_IN 9635mW/10626mW VDD_CPU_GPU_CV 3261mW/4015mW VDD_SOC 2720mW/2814mW
09-27-2026 08:53:14 RAM 4010/7620MB (lfb 64x4MB) SWAP 122/12002MB (cached 0MB) CPU [28%@1728,100%@1728,31%@1728,30%@1728,28%@1728,26%@1728] GR3D_FREQ 0% cpu@57.093C soc2@56.093C soc0@55.5C gpu@57.031C tj@57.093C soc1@57C VDD_IN 9358mW/10614mW VDD_CPU_GPU_CV 3030mW/4005mW VDD_SOC 2680mW/2813mW
09-27-2026 08:53:14 RAM 4260/7620MB (lfb 25x4MB) SWAP 122/12002MB (cached 0MB) CPU [1%@1728,71%@1728,0%@1728,2%@1728,0%@1728,2%@1728] GR3D_FREQ 0% cpu@57.25C soc2@56.218C soc0@55.656C gpu@57.781C tj@57.781C soc1@56.968C VDD_IN 11768mW/10625mW VDD_CPU_GPU_CV 4582mW/4010mW VDD_SOC 3104mW/2816mW
09-27-2026 08:53:15 RAM 4260/7620MB (lfb 25x4MB) SWAP 122/12002MB (cached 0MB) CPU [6%@1728,98%@1728,48%@1728,43%@1728,55%@1728,51%@1728] GR3D_FREQ 0% cpu@57.125C soc2@56.062C soc0@55.625C gpu@57.218C tj@57.218C soc1@57.156C VDD_IN 10053mW/10620mW VDD_CPU_GPU_CV 3575mW/4006mW VDD_SOC 2755mW/2815mW
09-27-2026 08:53:15 RAM 4264/7620MB (lfb 24x4MB) SWAP 122/12002MB (cached 0MB) CPU [34%@1728,100%@1728,34%@1728,34%@1728,33%@1728,34%@1728] GR3D_FREQ 0% cpu@57.031C soc2@56.125C soc0@55.562C gpu@57.562C tj@57.562C soc1@57.062C VDD_IN 9595mW/10610mW VDD_CPU_GPU_CV 3266mW/3999mW VDD_SOC 2680mW/2814mW
09-27-2026 08:53:16 RAM 4038/7620MB (lfb 64x4MB) SWAP 122/12002MB (cached 0MB) CPU [24%@1728,100%@1728,23%@1728,22%@1728,22%@1728,22%@1728] GR3D_FREQ 0% cpu@57.125C soc2@55.906C soc0@55.5C gpu@57.281C tj@57.281C soc1@57C VDD_IN 9319mW/10598mW VDD_CPU_GPU_CV 2952mW/3990mW VDD_SOC 2680mW/2813mW
09-27-2026 08:53:16 RAM 4259/7620MB (lfb 25x4MB) SWAP 122/12002MB (cached 0MB) CPU [19%@1728,68%@1728,8%@1728,9%@1728,8%@1728,7%@1728] GR3D_FREQ 0% cpu@57.312C soc2@56.281C soc0@55.687C gpu@57.781C tj@57.781C soc1@57C VDD_IN 11453mW/10606mW VDD_CPU_GPU_CV 4347mW/3993mW VDD_SOC 3025mW/2815mW
09-27-2026 08:53:17 RAM 4259/7620MB (lfb 25x4MB) SWAP 122/12002MB (cached 0MB) CPU [100%@1728,34%@1728,35%@1728,33%@1728,34%@1728,34%@1728] GR3D_FREQ 0% cpu@57.343C soc2@56.218C soc0@55.656C gpu@57.343C tj@57.343C soc1@57C VDD_IN 9934mW/10600mW VDD_CPU_GPU_CV 3458mW/3988mW VDD_SOC 2759mW/2814mW
09-27-2026 08:53:17 RAM 4267/7620MB (lfb 23x4MB) SWAP 122/12002MB (cached 0MB) CPU [100%@1728,32%@1728,31%@1728,30%@1728,32%@1728,30%@1728] GR3D_FREQ 0% cpu@57.125C soc2@56.25C soc0@55.562C gpu@57.156C tj@57.156C soc1@56.937C VDD_IN 9516mW/10590mW VDD_CPU_GPU_CV 3188mW/3981mW VDD_SOC 2680mW/2813mW
09-27-2026 08:53:18 RAM 4107/7620MB (lfb 62x4MB) SWAP 122/12002MB (cached 0MB) CPU [90%@1728,12%@1728,11%@1728,12%@1728,11%@1728,12%@1728] GR3D_FREQ 63% cpu@56.906C soc2@56.25C soc0@55.562C gpu@58.5C tj@58.5C soc1@57.031C VDD_IN 10605mW/10590mW VDD_CPU_GPU_CV 3805mW/3979mW VDD_SOC 2912mW/2814mW
09-27-2026 08:53:18 RAM 4259/7620MB (lfb 25x4MB) SWAP 122/12002MB (cached 0MB) CPU [77%@1728,29%@1728,20%@1728,18%@1728,20%@1728,20%@1728] GR3D_FREQ 0% cpu@57.531C soc2@56.218C soc0@55.687C gpu@57.625C tj@57.625C soc1@56.937C VDD_IN 10565mW/10590mW VDD_CPU_GPU_CV 3844mW/3978mW VDD_SOC 2873mW/2814mW
09-27-2026 08:53:19 RAM 4263/7620MB (lfb 24x4MB) SWAP 122/12002MB (cached 0MB) CPU [35%@1728,100%@1728,35%@1728,34%@1728,32%@1728,33%@1728] GR3D_FREQ 0% cpu@57.25C soc2@56.25C soc0@55.843C gpu@57.625C tj@57.625C soc1@56.968C VDD_IN 9737mW/10582mW VDD_CPU_GPU_CV 3340mW/3972mW VDD_SOC 2720mW/2814mW
09-27-2026 08:53:19 RAM 3992/7620MB (lfb 64x4MB) SWAP 122/12002MB (cached 0MB) CPU [29%@1728,28%@1728,100%@1728,29%@1728,29%@1728,28%@1728] GR3D_FREQ 0% cpu@57.25C soc2@56.031C soc0@55.593C gpu@57.375C tj@57.375C soc1@56.843C VDD_IN 9437mW/10572mW VDD_CPU_GPU_CV 3070mW/3964mW VDD_SOC 2680mW/2812mW
09-27-2026 08:53:20 RAM 4141/7620MB (lfb 54x4MB) SWAP 122/12002MB (cached 0MB) CPU [0%@1728,0%@1728,70%@1728,0%@1728,0%@1728,0%@1728] GR3D_FREQ 42% cpu@57.281C soc2@56.062C soc0@55.531C gpu@58.218C tj@58.218C soc1@57.093C VDD_IN 11729mW/10582mW VDD_CPU_GPU_CV 4621mW/3970mW VDD_SOC 3104mW/2815mW
09-27-2026 08:53:20 RAM 4263/7620MB (lfb 24x4MB) SWAP 122/12002MB (cached 0MB) CPU [32%@1728,34%@1728,98%@1728,32%@1728,32%@1728,30%@1728] GR3D_FREQ 0% cpu@57.593C soc2@56.25C soc0@55.437C gpu@57.281C tj@57.593C soc1@57C VDD_IN 10131mW/10578mW VDD_CPU_GPU_CV 3575mW/3967mW VDD_SOC 2794mW/2815mW
09-27-2026 08:53:21 RAM 4263/7620MB (lfb 24x4MB) SWAP 122/12002MB (cached 0MB) CPU [34%@1728,32%@1728,98%@1728,31%@1728,30%@1728,30%@1728] GR3D_FREQ 0% cpu@57.562C soc2@56C soc0@55.531C gpu@57.281C tj@57.562C soc1@57C VDD_IN 9595mW/10570mW VDD_CPU_GPU_CV 3222mW/3960mW VDD_SOC 2720mW/2814mW
09-27-2026 08:53:21 RAM 4080/7620MB (lfb 65x4MB) SWAP 122/12002MB (cached 0MB) CPU [100%@1728,18%@1728,16%@1728,18%@1728,18%@1728,16%@1728] GR3D_FREQ 0% cpu@57.125C soc2@56.187C soc0@55.718C gpu@57.093C tj@57.25C soc1@56.968C VDD_IN 9279mW/10559mW VDD_CPU_GPU_CV 2873mW/3951mW VDD_SOC 2720mW/2813mW
09-27-2026 08:53:22 RAM 4261/7620MB (lfb 24x4MB) SWAP 122/12002MB (cached 0MB) CPU [69%@1728,8%@1728,8%@1728,11%@1728,6%@1728,8%@1728] GR3D_FREQ 0% cpu@57.218C soc2@56.281C soc0@55.593C gpu@57.843C tj@57.843C soc1@57.156C VDD_IN 11178mW/10564mW VDD_CPU_GPU_CV 4237mW/3953mW VDD_SOC 2986mW/2815mW
09-27-2026 08:53:22 RAM 4261/7620MB (lfb 24x4MB) SWAP 122/12002MB (cached 0MB) CPU [36%@1728,36%@1728,98%@1728,33%@1728,38%@1728,35%@1728] GR3D_FREQ 0% cpu@57.468C soc2@56.156C soc0@55.5C gpu@57.343C tj@57.468C soc1@57.031C VDD_IN 9856mW/10558mW VDD_CPU_GPU_CV 3418mW/3949mW VDD_SOC 2720mW/2814mW
09-27-2026 08:53:23 RAM 4265/7620MB (lfb 23x4MB) SWAP 122/12002MB (cached 0MB) CPU [0%@1728,41%@1728,98%@1728,39%@1728,59%@1728,52%@1728] GR3D_FREQ 0% cpu@57.75C soc2@56.062C soc0@55.5C gpu@57.5C tj@57.75C soc1@57.031C VDD_IN 9516mW/10550mW VDD_CPU_GPU_CV 3266mW/3943mW VDD_SOC 2641mW/2812mW
09-27-2026 08:53:23 RAM 4035/7620MB (lfb 63x4MB) SWAP 122/12002MB (cached 0MB) CPU [0%@1728,32%@1728,98%@1728,31%@1728,48%@1728,33%@1728] GR3D_FREQ 0% cpu@57.593C soc2@56.031C soc0@55.625C gpu@57.343C tj@57.593C soc1@56.875C VDD_IN 9319mW/10540mW VDD_CPU_GPU_CV 2991mW/3936mW VDD_SOC 2680mW/2811mW
09-27-2026 08:53:24 RAM 4261/7620MB (lfb 24x4MB) SWAP 122/12002MB (cached 0MB) CPU [5%@1728,9%@1728,35%@1728,36%@1728,7%@1728,6%@1728] GR3D_FREQ 0% cpu@57.25C soc2@56.125C soc0@55.625C gpu@57.656C tj@57.656C soc1@56.937C VDD_IN 11532mW/10548mW VDD_CPU_GPU_CV 4472mW/3940mW VDD_SOC 3065mW/2813mW
09-27-2026 08:53:24 RAM 4261/7620MB (lfb 24x4MB) SWAP 122/12002MB (cached 0MB) CPU [3%@1728,46%@1728,43%@1728,98%@1728,50%@1728,60%@1728] GR3D_FREQ 0% cpu@57.187C soc2@56.093C soc0@55.468C gpu@57.218C tj@57.218C soc1@57.062C VDD_IN 9974mW/10543mW VDD_CPU_GPU_CV 3575mW/3937mW VDD_SOC 2759mW/2813mW
09-27-2026 08:53:25 RAM 4265/7620MB (lfb 23x4MB) SWAP 122/12002MB (cached 0MB) CPU [12%@1728,32%@1728,41%@1728,96%@1728,55%@1728,54%@1728] GR3D_FREQ 0% cpu@57.562C soc2@56.031C soc0@55.593C gpu@57.5C tj@57.562C soc1@57C VDD_IN 9556mW/10535mW VDD_CPU_GPU_CV 3306mW/3932mW VDD_SOC 2680mW/2812mW
09-27-2026 08:53:25 RAM 4265/7620MB (lfb 23x4MB) SWAP 122/12002MB (cached 0MB) CPU [9%@1728,40%@1728,42%@1728,100%@1728,54%@1728,50%@1728] GR3D_FREQ 0% cpu@57.531C soc2@56C soc0@55.468C gpu@57.093C tj@57.531C soc1@57C VDD_IN 9398mW/10526mW VDD_CPU_GPU_CV 3188mW/3926mW VDD_SOC 2641mW/2810mW
09-27-2026 08:53:26 RAM 4473/7620MB (lfb 17x4MB) SWAP 122/12002MB (cached 0MB) CPU [88%@1728,87%@1728,80%@1728,81%@1728,96%@1728,85%@1728] GR3D_FREQ 0% cpu@59.062C soc2@56.593C soc0@55.781C gpu@57.593C tj@59.062C soc1@57C VDD_IN 12338mW/10540mW VDD_CPU_GPU_CV 5513mW/3939mW VDD_SOC 2863mW/2811mW
09-27-2026 08:53:26 RAM 4473/7620MB (lfb 17x4MB) SWAP 122/12002MB (cached 0MB) CPU [100%@1728,100%@1728,100%@1728,100%@1728,100%@1728,100%@1728] GR3D_FREQ 0% cpu@59.281C soc2@56.812C soc0@55.781C gpu@57.781C tj@59.281C soc1@57.093C VDD_IN 13809mW/10566mW VDD_CPU_GPU_CV 6976mW/3962mW VDD_SOC 2820mW/2811mW
09-27-2026 08:53:27 RAM 4824/7620MB (lfb 1x2MB) SWAP 122/12002MB (cached 0MB) CPU [100%@1728,100%@1728,100%@1728,100%@1728,100%@1728,100%@1728] GR3D_FREQ 0% cpu@59.468C soc2@56.875C soc0@55.75C gpu@58C tj@59.468C soc1@57.375C VDD_IN 14100mW/10593mW VDD_CPU_GPU_CV 6976mW/3986mW VDD_SOC 2976mW/2812mW
09-27-2026 08:53:27 RAM 4824/7620MB (lfb 1x2MB) SWAP 122/12002MB (cached 0MB) CPU [100%@1728,100%@1728,100%@1728,100%@1728,100%@1728,100%@1728] GR3D_FREQ 0% cpu@60C soc2@57C soc0@55.781C gpu@58C tj@60C soc1@57.437C VDD_IN 14296mW/10622mW VDD_CPU_GPU_CV 7444mW/4012mW VDD_SOC 2854mW/2813mW
09-27-2026 08:53:28 RAM 4824/7620MB (lfb 1x2MB) SWAP 122/12002MB (cached 0MB) CPU [100%@1728,100%@1728,100%@1728,100%@1728,100%@1728,100%@1728] GR3D_FREQ 0% cpu@59.656C soc2@57.125C soc0@55.812C gpu@57.843C tj@59.656C soc1@57.437C VDD_IN 14374mW/10650mW VDD_CPU_GPU_CV 7561mW/4039mW VDD_SOC 2815mW/2813mW
09-27-2026 08:53:28 RAM 4471/7620MB (lfb 19x4MB) SWAP 122/12002MB (cached 0MB) CPU [92%@1728,92%@1728,92%@1728,100%@1728,90%@1728,86%@1728] GR3D_FREQ 0% cpu@59.562C soc2@57.093C soc0@55.812C gpu@57.843C tj@59.562C soc1@57.437C VDD_IN 13338mW/10671mW VDD_CPU_GPU_CV 6285mW/4056mW VDD_SOC 2937mW/2814mW
09-27-2026 08:53:29 RAM 4471/7620MB (lfb 19x4MB) SWAP 122/12002MB (cached 0MB) CPU [100%@1728,100%@1728,100%@1728,100%@1728,100%@1728,100%@1728] GR3D_FREQ 0% cpu@59.812C soc2@57.343C soc0@56C gpu@57.968C tj@59.812C soc1@57.468C VDD_IN 14100mW/10697mW VDD_CPU_GPU_CV 7210mW/4080mW VDD_SOC 2859mW/2814mW
09-27-2026 08:53:30 RAM 4472/7620MB (lfb 19x4MB) SWAP 122/12002MB (cached 0MB) CPU [100%@1728,100%@1728,100%@1728,100%@1728,86%@1728,100%@1728] GR3D_FREQ 0% cpu@59.781C soc2@57.375C soc0@56.031C gpu@58.406C tj@59.781C soc1@57.437C VDD_IN 13966mW/10721mW VDD_CPU_GPU_CV 7132mW/4103mW VDD_SOC 2820mW/2814mW
09-27-2026 08:53:30 RAM 4826/7620MB (lfb 1x2MB) SWAP 122/12002MB (cached 0MB) CPU [100%@1728,100%@1728,100%@1728,100%@1728,100%@1728,88%@1728] GR3D_FREQ 0% cpu@59.687C soc2@57.312C soc0@56C gpu@58.125C tj@59.687C soc1@57.625C VDD_IN 13691mW/10743mW VDD_CPU_GPU_CV 6781mW/4123mW VDD_SOC 2898mW/2815mW
09-27-2026 08:53:31 RAM 4828/7620MB (lfb 1x4MB) SWAP 122/12002MB (cached 0MB) CPU [100%@1728,100%@1728,100%@1728,100%@1728,100%@1728,100%@1728] GR3D_FREQ 0% cpu@60C soc2@57.375C soc0@56.093C gpu@58.437C tj@60C soc1@57.593C VDD_IN 14022mW/10767mW VDD_CPU_GPU_CV 7249mW/4146mW VDD_SOC 2820mW/2815mW
09-27-2026 08:53:31 RAM 4829/7620MB (lfb 1x4MB) SWAP 122/12002MB (cached 0MB) CPU [100%@1728,100%@1728,100%@1728,100%@1728,100%@1728,100%@1728] GR3D_FREQ 0% cpu@60.25C soc2@57.5C soc0@56.125C gpu@58.343C tj@60.25C soc1@57.656C VDD_IN 14296mW/10793mW VDD_CPU_GPU_CV 7483mW/4170mW VDD_SOC 2815mW/2815mW
09-27-2026 08:53:32 RAM 4016/7620MB (lfb 72x4MB) SWAP 122/12002MB (cached 0MB) CPU [75%@1728,74%@1728,76%@1728,94%@1728,76%@1728,75%@1728] GR3D_FREQ 0% cpu@58.437C soc2@57.031C soc0@56.187C gpu@58.093C tj@58.437C soc1@57.656C VDD_IN 12181mW/10803mW VDD_CPU_GPU_CV 5435mW/4179mW VDD_SOC 2824mW/2815mW
09-27-2026 08:53:32 RAM 4237/7620MB (lfb 30x4MB) SWAP 122/12002MB (cached 0MB) CPU [11%@1728,10%@1728,9%@1728,76%@1728,9%@1728,10%@1728] GR3D_FREQ 0% cpu@58.187C soc2@56.906C soc0@56.125C gpu@58.156C tj@58.187C soc1@57.687C VDD_IN 12378mW/10814mW VDD_CPU_GPU_CV 5083mW/4186mW VDD_SOC 3099mW/2817mW
09-27-2026 08:53:33 RAM 4076/7620MB (lfb 69x4MB) SWAP 122/12002MB (cached 0MB) CPU [42%@1728,42%@1728,42%@1728,91%@1728,42%@1728,41%@1728] GR3D_FREQ 63% cpu@57.718C soc2@56.812C soc0@56.093C gpu@58.781C tj@58.781C soc1@57.562C VDD_IN 11532mW/10819mW VDD_CPU_GPU_CV 4465mW/4188mW VDD_SOC 3025mW/2818mW
09-27-2026 08:53:33 RAM 4004/7620MB (lfb 61x4MB) SWAP 122/12002MB (cached 0MB) CPU [52%@1728,50%@1728,50%@1728,88%@1728,50%@1728,52%@1728] GR3D_FREQ 0% cpu@58.406C soc2@56.781C soc0@56.156C gpu@57.968C tj@58.406C soc1@57.468C VDD_IN 11296mW/10823mW VDD_CPU_GPU_CV 4354mW/4189mW VDD_SOC 2986mW/2819mW
09-27-2026 08:53:34 RAM 4250/7620MB (lfb 27x4MB) SWAP 122/12002MB (cached 0MB) CPU [0%@1728,0%@1728,0%@1728,78%@1728,0%@1728,0%@1728] GR3D_FREQ 0% cpu@57.812C soc2@56.843C soc0@56.281C gpu@58.562C tj@58.562C soc1@57.437C VDD_IN 12299mW/10833mW VDD_CPU_GPU_CV 4974mW/4194mW VDD_SOC 3177mW/2822mW
09-27-2026 08:53:34 RAM 4112/7620MB (lfb 60x4MB) SWAP 122/12002MB (cached 0MB) CPU [52%@1728,50%@1728,52%@1728,97%@1728,50%@1728,52%@1728] GR3D_FREQ 65% cpu@57.562C soc2@56.625C soc0@56.187C gpu@58.625C tj@58.625C soc1@57.375C VDD_IN 10824mW/10833mW VDD_CPU_GPU_CV 3923mW/4192mW VDD_SOC 2952mW/2823mW
09-27-2026 08:53:35 RAM 4001/7620MB (lfb 61x4MB) SWAP 122/12002MB (cached 0MB) CPU [43%@1728,43%@1728,42%@1728,82%@1728,43%@1728,42%@1728] GR3D_FREQ 0% cpu@58.25C soc2@56.781C soc0@56.156C gpu@58.312C tj@58.312C soc1@57.531C VDD_IN 11532mW/10838mW VDD_CPU_GPU_CV 4425mW/4194mW VDD_SOC 3025mW/2824mW
09-27-2026 08:53:35 RAM 4150/7620MB (lfb 51x4MB) SWAP 122/12002MB (cached 0MB) CPU [10%@1728,8%@1728,9%@1728,79%@1728,8%@1728,9%@1728] GR3D_FREQ 67% cpu@57.875C soc2@56.75C soc0@56.031C gpu@59.031C tj@59.031C soc1@57.468C VDD_IN 12535mW/10850mW VDD_CPU_GPU_CV 5239mW/4201mW VDD_SOC 3217mW/2827mW
09-27-2026 08:53:36 RAM 4107/7620MB (lfb 61x4MB) SWAP 122/12002MB (cached 0MB) CPU [52%@1728,52%@1728,50%@1728,98%@1728,52%@1728,50%@1728] GR3D_FREQ 0% cpu@57.843C soc2@56.687C soc0@56.312C gpu@57.781C tj@57.843C soc1@57.468C VDD_IN 10526mW/10847mW VDD_CPU_GPU_CV 3687mW/4198mW VDD_SOC 2912mW/2828mW
09-27-2026 08:53:36 RAM 4272/7620MB (lfb 21x4MB) SWAP 122/12002MB (cached 0MB) CPU [33%@1728,33%@1728,32%@1728,79%@1728,32%@1728,32%@1728] GR3D_FREQ 0% cpu@58.187C soc2@56.843C soc0@56.25C gpu@57.968C tj@58.187C soc1@57.437C VDD_IN 11650mW/10853mW VDD_CPU_GPU_CV 4504mW/4200mW VDD_SOC 3065mW/2829mW
09-27-2026 08:53:37 RAM 4112/7620MB (lfb 60x4MB) SWAP 122/12002MB (cached 0MB) CPU [20%@1728,21%@1728,19%@1728,83%@1728,18%@1728,19%@1728] GR3D_FREQ 63% cpu@57.5C soc2@56.781C soc0@56.218C gpu@58.906C tj@58.906C soc1@57.562C VDD_IN 12338mW/10863mW VDD_CPU_GPU_CV 5044mW/4206mW VDD_SOC 3177mW/2831mW
09-27-2026 08:53:37 RAM 4075/7620MB (lfb 61x4MB) SWAP 122/12002MB (cached 0MB) CPU [52%@1728,52%@1728,52%@1728,96%@1728,50%@1728,52%@1728] GR3D_FREQ 0% cpu@57.75C soc2@56.625C soc0@56.187C gpu@57.875C tj@57.875C soc1@57.468C VDD_IN 10762mW/10862mW VDD_CPU_GPU_CV 3844mW/4203mW VDD_SOC 2912mW/2832mW
09-27-2026 08:53:38 RAM 4272/7620MB (lfb 21x4MB) SWAP 122/12002MB (cached 0MB) CPU [20%@1728,21%@1728,20%@1728,80%@1728,21%@1728,20%@1728] GR3D_FREQ 0% cpu@58.218C soc2@56.75C soc0@56.125C gpu@58.437C tj@58.437C soc1@57.468C VDD_IN 11749mW/10868mW VDD_CPU_GPU_CV 4621mW/4206mW VDD_SOC 3104mW/2834mW
09-27-2026 08:53:38 RAM 4114/7620MB (lfb 60x4MB) SWAP 122/12002MB (cached 0MB) CPU [30%@1728,28%@1728,28%@1728,86%@1728,28%@1728,29%@1728] GR3D_FREQ 64% cpu@57.656C soc2@56.906C soc0@56.281C gpu@58.937C tj@58.937C soc1@57.468C VDD_IN 12142mW/10877mW VDD_CPU_GPU_CV 4896mW/4210mW VDD_SOC 3138mW/2836mW
09-27-2026 08:53:39 RAM 4061/7620MB (lfb 60x4MB) SWAP 122/12002MB (cached 0MB) CPU [50%@1728,50%@1728,52%@1728,92%@1728,52%@1728,50%@1728] GR3D_FREQ 0% cpu@58C soc2@56.781C soc0@56.281C gpu@57.937C tj@58C soc1@57.437C VDD_IN 10863mW/10876mW VDD_CPU_GPU_CV 3923mW/4209mW VDD_SOC 2952mW/2837mW
09-27-2026 08:53:39 RAM 4274/7620MB (lfb 21x4MB) SWAP 122/12002MB (cached 0MB) CPU [19%@1728,16%@1728,16%@1728,80%@1728,15%@1728,16%@1728] GR3D_FREQ 0% cpu@58.531C soc2@56.875C soc0@56.25C gpu@58.5C tj@58.531C soc1@57.625C VDD_IN 11867mW/10883mW VDD_CPU_GPU_CV 4700mW/4212mW VDD_SOC 3104mW/2838mW
09-27-2026 08:53:40 RAM 4114/7620MB (lfb 60x4MB) SWAP 122/12002MB (cached 0MB) CPU [36%@1728,36%@1728,35%@1728,90%@1728,37%@1728,35%@1728] GR3D_FREQ 63% cpu@57.375C soc2@56.75C soc0@56.25C gpu@58.812C tj@58.812C soc1@57.5C VDD_IN 11729mW/10888mW VDD_CPU_GPU_CV 4582mW/4214mW VDD_SOC 3065mW/2840mW
09-27-2026 08:53:40 RAM 4026/7620MB (lfb 62x4MB) SWAP 122/12002MB (cached 0MB) CPU [83%@1728,52%@1728,56%@1728,58%@1728,50%@1728,52%@1728] GR3D_FREQ 0% cpu@58.187C soc2@56.968C soc0@56.218C gpu@58.281C tj@58.281C soc1@57.437C VDD_IN 11099mW/10890mW VDD_CPU_GPU_CV 4158mW/4214mW VDD_SOC 2947mW/2841mW
09-27-2026 08:53:41 RAM 4272/7620MB (lfb 22x4MB) SWAP 122/12002MB (cached 0MB) CPU [78%@1728,4%@1728,4%@1728,4%@1728,4%@1728,4%@1728] GR3D_FREQ 0% cpu@57.968C soc2@56.906C soc0@56.375C gpu@58.375C tj@58.375C soc1@57.468C VDD_IN 12063mW/10897mW VDD_CPU_GPU_CV 4778mW/4217mW VDD_SOC 3182mW/2843mW
09-27-2026 08:53:41 RAM 4478/7620MB (lfb 19x4MB) SWAP 122/12002MB (cached 0MB) CPU [100%@1728,100%@1728,100%@1728,100%@1728,100%@1728,100%@1728] GR3D_FREQ 0% cpu@59.656C soc2@57.187C soc0@56.312C gpu@58.062C tj@59.656C soc1@57.5C VDD_IN 12849mW/10910mW VDD_CPU_GPU_CV 5630mW/4226mW VDD_SOC 3060mW/2844mW
09-27-2026 08:53:42 RAM 4478/7620MB (lfb 19x4MB) SWAP 122/12002MB (cached 0MB) CPU [100%@1728,100%@1728,100%@1728,100%@1728,100%@1728,100%@1728] GR3D_FREQ 0% cpu@59.906C soc2@57.437C soc0@56.343C gpu@58.406C tj@59.906C soc1@57.781C VDD_IN 13966mW/10929mW VDD_CPU_GPU_CV 7015mW/4244mW VDD_SOC 2898mW/2844mW
09-27-2026 08:53:42 RAM 4509/7620MB (lfb 19x4MB) SWAP 122/12002MB (cached 0MB) CPU [100%@1728,100%@1728,100%@1728,100%@1728,100%@1728,100%@1728] GR3D_FREQ 0% cpu@60.25C soc2@57.562C soc0@56.312C gpu@58.406C tj@60.25C soc1@57.781C VDD_IN 14178mW/10949mW VDD_CPU_GPU_CV 7366mW/4264mW VDD_SOC 2859mW/2845mW
09-27-2026 08:53:43 RAM 4829/7620MB (lfb 2x2MB) SWAP 122/12002MB (cached 0MB) CPU [100%@1728,100%@1728,100%@1728,100%@1728,100%@1728,100%@1728] GR3D_FREQ 0% cpu@60.406C soc2@57.656C soc0@56.312C gpu@58.531C tj@60.406C soc1@57.875C VDD_IN 14296mW/10970mW VDD_CPU_GPU_CV 7405mW/4283mW VDD_SOC 2893mW/2845mW
09-27-2026 08:53:43 RAM 4829/7620MB (lfb 2x2MB) SWAP 122/12002MB (cached 0MB) CPU [100%@1728,100%@1728,100%@1728,100%@1728,100%@1728,100%@1728] GR3D_FREQ 0% cpu@60.281C soc2@57.781C soc0@56.593C gpu@58.437C tj@60.281C soc1@57.937C VDD_IN 14374mW/10992mW VDD_CPU_GPU_CV 7561mW/4304mW VDD_SOC 2854mW/2845mW
09-27-2026 08:53:44 RAM 4475/7620MB (lfb 19x4MB) SWAP 122/12002MB (cached 0MB) CPU [98%@1728,98%@1728,98%@1728,96%@1728,97%@1728,98%@1728] GR3D_FREQ 0% cpu@59.906C soc2@57.593C soc0@56.593C gpu@58.75C tj@59.906C soc1@57.875C VDD_IN 13495mW/11007mW VDD_CPU_GPU_CV 6324mW/4316mW VDD_SOC 2976mW/2846mW
09-27-2026 08:53:44 RAM 4475/7620MB (lfb 19x4MB) SWAP 122/12002MB (cached 0MB) CPU [100%@1728,100%@1728,100%@1728,100%@1728,100%@1728,100%@1728] GR3D_FREQ 0% cpu@60.218C soc2@57.812C soc0@56.468C gpu@58.687C tj@60.218C soc1@58.125C VDD_IN 14139mW/11026mW VDD_CPU_GPU_CV 7210mW/4334mW VDD_SOC 2859mW/2846mW
09-27-2026 08:53:45 RAM 4475/7620MB (lfb 19x4MB) SWAP 122/12002MB (cached 0MB) CPU [100%@1728,100%@1728,100%@1728,100%@1728,100%@1728,100%@1728] GR3D_FREQ 0% cpu@60.687C soc2@57.906C soc0@56.531C gpu@58.875C tj@60.687C soc1@58.156C VDD_IN 14335mW/11046mW VDD_CPU_GPU_CV 7522mW/4353mW VDD_SOC 2854mW/2846mW
09-27-2026 08:53:45 RAM 4825/7620MB (lfb 1x4MB) SWAP 122/12002MB (cached 0MB) CPU [100%@1728,100%@1728,100%@1728,100%@1728,100%@1728,100%@1728] GR3D_FREQ 0% cpu@60.437C soc2@57.812C soc0@56.531C gpu@58.687C tj@60.437C soc1@58.125C VDD_IN 14296mW/11066mW VDD_CPU_GPU_CV 7327mW/4371mW VDD_SOC 2893mW/2846mW
09-27-2026 08:53:46 RAM 4825/7620MB (lfb 1x4MB) SWAP 122/12002MB (cached 0MB) CPU [100%@1728,100%@1728,100%@1728,100%@1728,100%@1728,100%@1728] GR3D_FREQ 0% cpu@60.625C soc2@58C soc0@56.531C gpu@58.656C tj@60.625C soc1@58.125C VDD_IN 14374mW/11086mW VDD_CPU_GPU_CV 7561mW/4391mW VDD_SOC 2854mW/2846mW
09-27-2026 08:53:46 RAM 4825/7620MB (lfb 1x4MB) SWAP 122/12002MB (cached 0MB) CPU [100%@1728,100%@1728,100%@1728,100%@1728,100%@1728,100%@1728] GR3D_FREQ 0% cpu@59.531C soc2@57.906C soc0@56.687C gpu@58.687C tj@59.531C soc1@58.187C VDD_IN 13652mW/11101mW VDD_CPU_GPU_CV 6898mW/4406mW VDD_SOC 2820mW/2846mW
09-27-2026 08:53:47 RAM 4072/7620MB (lfb 70x4MB) SWAP 122/12002MB (cached 0MB) CPU [40%@1728,40%@1728,39%@1728,94%@1728,38%@1728,39%@1728] GR3D_FREQ 18% cpu@58.75C soc2@57.375C soc0@56.656C gpu@58.718C tj@58.718C soc1@58.343C VDD_IN 11138mW/11102mW VDD_CPU_GPU_CV 4504mW/4406mW VDD_SOC 2790mW/2846mW
09-27-2026 08:53:47 RAM 4231/7620MB (lfb 31x4MB) SWAP 122/12002MB (cached 0MB) CPU [12%@1728,12%@1728,13%@1728,77%@1728,13%@1728,13%@1728] GR3D_FREQ 0% cpu@58.718C soc2@57.343C soc0@56.593C gpu@58.562C tj@58.718C soc1@58.093C VDD_IN 11650mW/11105mW VDD_CPU_GPU_CV 4621mW/4408mW VDD_SOC 3025mW/2847mW
09-27-2026 08:53:48 RAM 4089/7620MB (lfb 66x4MB) SWAP 122/12002MB (cached 0MB) CPU [40%@1728,39%@1728,39%@1728,96%@1728,39%@1728,40%@1728] GR3D_FREQ 57% cpu@58.281C soc2@57.25C soc0@56.593C gpu@59.375C tj@59.375C soc1@58.031C VDD_IN 11414mW/11107mW VDD_CPU_GPU_CV 4386mW/4407mW VDD_SOC 3025mW/2848mW
09-27-2026 08:53:48 RAM 3999/7620MB (lfb 62x4MB) SWAP 122/12002MB (cached 0MB) CPU [52%@1728,52%@1728,52%@1728,91%@1728,52%@1728,50%@1728] GR3D_FREQ 0% cpu@58.656C soc2@57.375C soc0@56.781C gpu@58.593C tj@58.656C soc1@57.875C VDD_IN 11296mW/11108mW VDD_CPU_GPU_CV 4315mW/4407mW VDD_SOC 2986mW/2849mW
09-27-2026 08:53:49 RAM 4268/7620MB (lfb 22x4MB) SWAP 122/12002MB (cached 0MB) CPU [8%@1728,1%@1728,0%@1728,77%@1728,0%@1728,0%@1728] GR3D_FREQ 25% cpu@58.187C soc2@57.281C soc0@56.687C gpu@58.968C tj@59.156C soc1@57.875C VDD_IN 12535mW/11116mW VDD_CPU_GPU_CV 5083mW/4411mW VDD_SOC 3217mW/2851mW
09-27-2026 08:53:49 RAM 4112/7620MB (lfb 60x4MB) SWAP 122/12002MB (cached 0MB) CPU [100%@1728,52%@1728,52%@1728,52%@1728,52%@1728,50%@1728] GR3D_FREQ 2% cpu@58.125C soc2@57.312C soc0@56.656C gpu@58.812C tj@58.812C soc1@57.968C VDD_IN 10644mW/11113mW VDD_CPU_GPU_CV 3766mW/4407mW VDD_SOC 2912mW/2851mW
09-27-2026 08:53:50 RAM 4266/7620MB (lfb 22x4MB) SWAP 122/12002MB (cached 0MB) CPU [86%@1728,36%@1728,36%@1728,35%@1728,35%@1728,36%@1728] GR3D_FREQ 0% cpu@58.812C soc2@57.343C soc0@56.625C gpu@58.5C tj@58.812C soc1@57.968C VDD_IN 11611mW/11116mW VDD_CPU_GPU_CV 4504mW/4408mW VDD_SOC 3025mW/2852mW
09-27-2026 08:53:50 RAM 4144/7620MB (lfb 52x4MB) SWAP 122/12002MB (cached 0MB) CPU [90%@1728,17%@1728,16%@1728,16%@1728,17%@1728,16%@1728] GR3D_FREQ 57% cpu@58.25C soc2@57.343C soc0@56.781C gpu@59.656C tj@59.656C soc1@57.937C VDD_IN 12338mW/11123mW VDD_CPU_GPU_CV 5005mW/4411mW VDD_SOC 3177mW/2854mW
09-27-2026 08:53:51 RAM 4073/7620MB (lfb 62x4MB) SWAP 122/12002MB (cached 0MB) CPU [98%@1728,50%@1728,50%@1728,50%@1728,50%@1728,50%@1728] GR3D_FREQ 0% cpu@58.406C soc2@57.375C soc0@56.75C gpu@58.656C tj@58.468C soc1@57.906C VDD_IN 10745mW/11121mW VDD_CPU_GPU_CV 3844mW/4408mW VDD_SOC 2952mW/2854mW
09-27-2026 08:53:51 RAM 4270/7620MB (lfb 21x4MB) SWAP 122/12002MB (cached 0MB) CPU [58%@1728,20%@1728,20%@1728,48%@1728,20%@1728,19%@1728] GR3D_FREQ 0% cpu@58.625C soc2@57.25C soc0@56.718C gpu@58.906C tj@58.906C soc1@57.875C VDD_IN 11867mW/11125mW VDD_CPU_GPU_CV 4700mW/4409mW VDD_SOC 3104mW/2856mW
09-27-2026 08:53:52 RAM 4134/7620MB (lfb 55x4MB) SWAP 122/12002MB (cached 0MB) CPU [34%@1728,32%@1728,32%@1728,92%@1728,31%@1728,32%@1728] GR3D_FREQ 58% cpu@58.312C soc2@57.218C soc0@56.593C gpu@59.531C tj@59.531C soc1@58C VDD_IN 11808mW/11129mW VDD_CPU_GPU_CV 4660mW/4411mW VDD_SOC 3099mW/2857mW
09-27-2026 08:53:52 RAM 4027/7620MB (lfb 61x4MB) SWAP 122/12002MB (cached 0MB) CPU [52%@1728,52%@1728,52%@1728,94%@1728,52%@1728,50%@1728] GR3D_FREQ 0% cpu@58.656C soc2@57.093C soc0@56.687C gpu@58.593C tj@58.656C soc1@57.968C VDD_IN 11099mW/11129mW VDD_CPU_GPU_CV 4197mW/4410mW VDD_SOC 2986mW/2858mW
09-27-2026 08:53:53 RAM 4269/7620MB (lfb 22x4MB) SWAP 122/12002MB (cached 0MB) CPU [26%@1728,3%@1728,3%@1728,61%@1728,2%@1728,4%@1728] GR3D_FREQ 0% cpu@58.343C soc2@57.281C soc0@56.968C gpu@58.875C tj@58.875C soc1@57.937C VDD_IN 12221mW/11135mW VDD_CPU_GPU_CV 4896mW/4412mW VDD_SOC 3177mW/2860mW
09-27-2026 08:53:53 RAM 4122/7620MB (lfb 58x4MB) SWAP 122/12002MB (cached 0MB) CPU [96%@1728,47%@1728,48%@1728,46%@1728,46%@1728,46%@1728] GR3D_FREQ 59% cpu@58.125C soc2@57.375C soc0@56.687C gpu@59.437C tj@59.437C soc1@57.906C VDD_IN 11335mW/11136mW VDD_CPU_GPU_CV 4308mW/4412mW VDD_SOC 3025mW/2861mW
09-27-2026 08:53:54 RAM 3997/7620MB (lfb 61x4MB) SWAP 122/12002MB (cached 0MB) CPU [90%@1728,50%@1728,50%@1728,50%@1728,52%@1728,50%@1728] GR3D_FREQ 0% cpu@58.468C soc2@57.406C soc0@56.781C gpu@58.906C tj@58.906C soc1@58.093C VDD_IN 11375mW/11137mW VDD_CPU_GPU_CV 4347mW/4411mW VDD_SOC 2986mW/2861mW
09-27-2026 08:53:54 RAM 4264/7620MB (lfb 23x4MB) SWAP 122/12002MB (cached 0MB) CPU [87%@1728,1%@1728,0%@1728,0%@1728,0%@1728,0%@1728] GR3D_FREQ 25% cpu@58.531C soc2@57.343C soc0@56.593C gpu@59.25C tj@59.25C soc1@58C VDD_IN 12614mW/11145mW VDD_CPU_GPU_CV 5122mW/4415mW VDD_SOC 3217mW/2863mW
09-27-2026 08:53:55 RAM 4112/7620MB (lfb 60x4MB) SWAP 122/12002MB (cached 0MB) CPU [98%@1728,52%@1728,50%@1728,50%@1728,52%@1728,50%@1728] GR3D_FREQ 15% cpu@58.218C soc2@57.25C soc0@56.593C gpu@58.781C tj@58.781C soc1@57.968C VDD_IN 10644mW/11143mW VDD_CPU_GPU_CV 3727mW/4412mW VDD_SOC 2952mW/2864mW
09-27-2026 08:53:55 RAM 4270/7620MB (lfb 21x4MB) SWAP 122/12002MB (cached 0MB) CPU [50%@1728,36%@1728,36%@1728,74%@1728,36%@1728,36%@1728] GR3D_FREQ 0% cpu@58.812C soc2@57.437C soc0@56.906C gpu@58.5C tj@58.812C soc1@57.937C VDD_IN 11650mW/11145mW VDD_CPU_GPU_CV 4504mW/4412mW VDD_SOC 3065mW/2865mW
09-27-2026 08:53:56 RAM 4146/7620MB (lfb 52x4MB) SWAP 122/12002MB (cached 0MB) CPU [90%@1728,15%@1728,16%@1728,15%@1728,16%@1728,15%@1728] GR3D_FREQ 57% cpu@58C soc2@57.312C soc0@56.781C gpu@59.468C tj@59.468C soc1@57.906C VDD_IN 12338mW/11152mW VDD_CPU_GPU_CV 5044mW/4415mW VDD_SOC 3177mW/2867mW
09-27-2026 08:53:56 RAM 4472/7620MB (lfb 19x4MB) SWAP 122/12002MB (cached 0MB) CPU [93%@1728,74%@1728,78%@1728,74%@1728,76%@1728,78%@1728] GR3D_FREQ 0% cpu@60C soc2@57.437C soc0@56.687C gpu@58.468C tj@60C soc1@58.031C VDD_IN 12221mW/11158mW VDD_CPU_GPU_CV 4817mW/4418mW VDD_SOC 3138mW/2868mW
09-27-2026 08:53:57 RAM 4472/7620MB (lfb 19x4MB) SWAP 122/12002MB (cached 0MB) CPU [100%@1728,100%@1728,100%@1728,100%@1728,100%@1728,100%@1728] GR3D_FREQ 0% cpu@60.343C soc2@57.875C soc0@56.656C gpu@59.062C tj@60.343C soc1@58.125C VDD_IN 13770mW/11172mW VDD_CPU_GPU_CV 6781mW/4430mW VDD_SOC 2937mW/2868mW
09-27-2026 08:53:57 RAM 4472/7620MB (lfb 19x4MB) SWAP 122/12002MB (cached 0MB) CPU [100%@1728,100%@1728,100%@1728,100%@1728,100%@1728,100%@1728] GR3D_FREQ 0% cpu@60.625C soc2@57.937C soc0@56.781C gpu@58.75C tj@60.625C soc1@58.187C VDD_IN 14217mW/11188mW VDD_CPU_GPU_CV 7366mW/4446mW VDD_SOC 2854mW/2868mW
09-27-2026 08:53:58 RAM 4829/7620MB (lfb 1x2MB) SWAP 122/12002MB (cached 0MB) CPU [100%@1728,100%@1728,100%@1728,100%@1728,100%@1728,100%@1728] GR3D_FREQ 0% cpu@60.562C soc2@58.031C soc0@56.968C gpu@59.187C tj@60.562C soc1@58.218C VDD_IN 14296mW/11204mW VDD_CPU_GPU_CV 7327mW/4461mW VDD_SOC 2893mW/2868mW
09-27-2026 08:53:58 RAM 4829/7620MB (lfb 1x2MB) SWAP 122/12002MB (cached 0MB) CPU [100%@1728,100%@1728,100%@1728,100%@1728,100%@1728,100%@1728] GR3D_FREQ 0% cpu@60.75C soc2@58.125C soc0@56.937C gpu@59C tj@60.75C soc1@58.343C VDD_IN 14374mW/11221mW VDD_CPU_GPU_CV 7522mW/4477mW VDD_SOC 2854mW/2868mW
09-27-2026 08:53:59 RAM 4829/7620MB (lfb 1x2MB) SWAP 122/12002MB (cached 0MB) CPU [100%@1728,100%@1728,96%@1728,98%@1728,98%@1728,98%@1728] GR3D_FREQ 0% cpu@59.75C soc2@57.968C soc0@56.875C gpu@58.937C tj@59.75C soc1@58.437C VDD_IN 13338mW/11232mW VDD_CPU_GPU_CV 6558mW/4488mW VDD_SOC 2820mW/2868mW
09-27-2026 08:53:59 RAM 4475/7620MB (lfb 18x4MB) SWAP 122/12002MB (cached 0MB) CPU [100%@1728,98%@1728,98%@1728,98%@1728,98%@1728,98%@1728] GR3D_FREQ 0% cpu@60.781C soc2@58.125C soc0@56.937C gpu@59.406C tj@60.781C soc1@58.437C VDD_IN 13982mW/11246mW VDD_CPU_GPU_CV 7054mW/4501mW VDD_SOC 2898mW/2868mW
09-27-2026 08:54:00 RAM 4475/7620MB (lfb 18x4MB) SWAP 122/12002MB (cached 0MB) CPU [100%@1728,100%@1728,100%@1728,100%@1728,100%@1728,100%@1728] GR3D_FREQ 0% cpu@61C soc2@58.218C soc0@56.906C gpu@59.031C tj@61C soc1@58.437C VDD_IN 14296mW/11262mW VDD_CPU_GPU_CV 7444mW/4516mW VDD_SOC 2854mW/2868mW
09-27-2026 08:54:00 RAM 4827/7620MB (lfb 2x2MB) SWAP 122/12002MB (cached 0MB) CPU [100%@1728,100%@1728,100%@1728,100%@1728,100%@1728,100%@1728] GR3D_FREQ 0% cpu@60.812C soc2@58.312C soc0@57.031C gpu@59.468C tj@60.812C soc1@58.437C VDD_IN 14296mW/11277mW VDD_CPU_GPU_CV 7210mW/4530mW VDD_SOC 2932mW/2869mW
09-27-2026 08:54:01 RAM 4827/7620MB (lfb 2x2MB) SWAP 122/12002MB (cached 0MB) CPU [100%@1728,100%@1728,100%@1728,100%@1728,100%@1728,100%@1728] GR3D_FREQ 0% cpu@60.843C soc2@58.406C soc0@57.125C gpu@59.281C tj@60.906C soc1@58.437C VDD_IN 14374mW/11293mW VDD_CPU_GPU_CV 7522mW/4545mW VDD_SOC 2854mW/2868mW
09-27-2026 08:54:01 RAM 4832/7620MB (lfb 2x2MB) SWAP 122/12002MB (cached 0MB) CPU [100%@1728,100%@1728,100%@1728,100%@1728,100%@1728,100%@1728] GR3D_FREQ 0% cpu@60.812C soc2@58.375C soc0@57.125C gpu@59.5C tj@60.812C soc1@58.531C VDD_IN 14178mW/11308mW VDD_CPU_GPU_CV 7366mW/4560mW VDD_SOC 2854mW/2868mW
09-27-2026 08:54:02 RAM 4022/7620MB (lfb 63x4MB) SWAP 122/12002MB (cached 0MB) CPU [89%@1728,94%@1728,86%@1728,93%@1728,94%@1728,85%@1728] GR3D_FREQ 0% cpu@60.406C soc2@58.187C soc0@57.093C gpu@59.218C tj@60.406C soc1@58.625C VDD_IN 12574mW/11314mW VDD_CPU_GPU_CV 5904mW/4566mW VDD_SOC 2785mW/2868mW
09-27-2026 08:54:02 RAM 4114/7620MB (lfb 61x4MB) SWAP 122/12002MB (cached 0MB) CPU [11%@1728,12%@1728,11%@1728,12%@1728,80%@1728,9%@1728] GR3D_FREQ 68% cpu@58.843C soc2@57.75C soc0@57.031C gpu@60.437C tj@60.437C soc1@58.437C VDD_IN 12456mW/11320mW VDD_CPU_GPU_CV 5122mW/4569mW VDD_SOC 3256mW/2870mW
09-27-2026 08:54:03 RAM 3999/7620MB (lfb 71x4MB) SWAP 122/12002MB (cached 0MB) CPU [54%@1728,54%@1728,54%@1728,54%@1728,88%@1728,52%@1728] GR3D_FREQ 0% cpu@59.281C soc2@57.687C soc0@56.968C gpu@58.968C tj@59.281C soc1@58.375C VDD_IN 11138mW/11319mW VDD_CPU_GPU_CV 4119mW/4567mW VDD_SOC 3025mW/2871mW
09-27-2026 08:54:04 RAM 4299/7620MB (lfb 19x4MB) SWAP 122/12002MB (cached 0MB) CPU [18%@1728,18%@1728,17%@1728,17%@1728,78%@1728,16%@1728] GR3D_FREQ 0% cpu@59.062C soc2@57.687C soc0@57.062C gpu@59.062C tj@59.062C soc1@58.343C VDD_IN 12299mW/11324mW VDD_CPU_GPU_CV 4731mW/4568mW VDD_SOC 3334mW/2873mW
09-27-2026 08:54:04 RAM 4178/7620MB (lfb 48x4MB) SWAP 122/12002MB (cached 0MB) CPU [38%@1728,36%@1728,36%@1728,36%@1728,84%@1728,36%@1728] GR3D_FREQ 72% cpu@58.562C soc2@57.625C soc0@56.906C gpu@59.937C tj@59.937C soc1@58.468C VDD_IN 12614mW/11330mW VDD_CPU_GPU_CV 4927mW/4570mW VDD_SOC 3452mW/2876mW
09-27-2026 08:54:05 RAM 4110/7620MB (lfb 59x4MB) SWAP 122/12002MB (cached 0MB) CPU [52%@1728,52%@1728,54%@1728,52%@1728,94%@1728,54%@1728] GR3D_FREQ 0% cpu@59.031C soc2@57.625C soc0@56.937C gpu@59.218C tj@59.218C soc1@58.375C VDD_IN 11020mW/11329mW VDD_CPU_GPU_CV 3883mW/4566mW VDD_SOC 3065mW/2877mW
09-27-2026 08:54:05 RAM 4248/7620MB (lfb 32x4MB) SWAP 122/12002MB (cached 0MB) CPU [42%@1728,41%@1728,41%@1728,41%@1728,78%@1728,41%@1728] GR3D_FREQ 0% cpu@59.281C soc2@57.593C soc0@57C gpu@58.906C tj@59.281C soc1@58.218C VDD_IN 11945mW/11332mW VDD_CPU_GPU_CV 4543mW/4566mW VDD_SOC 3261mW/2879mW
09-27-2026 08:54:06 RAM 4308/7620MB (lfb 20x4MB) SWAP 122/12002MB (cached 0MB) CPU [15%@1728,15%@1728,15%@1728,16%@1728,78%@1728,15%@1728] GR3D_FREQ 0% cpu@58.625C soc2@57.656C soc0@57.062C gpu@59.5C tj@59.5C soc1@58.187C VDD_IN 12907mW/11339mW VDD_CPU_GPU_CV 5044mW/4568mW VDD_SOC 3530mW/2882mW
09-27-2026 08:54:06 RAM 4162/7620MB (lfb 52x4MB) SWAP 122/12002MB (cached 0MB) CPU [51%@1728,51%@1728,52%@1728,50%@1728,94%@1728,50%@1728] GR3D_FREQ 71% cpu@58.281C soc2@57.656C soc0@57C gpu@59.75C tj@59.75C soc1@58.156C VDD_IN 11611mW/11341mW VDD_CPU_GPU_CV 4269mW/4567mW VDD_SOC 3222mW/2883mW
09-27-2026 08:54:07 RAM 4064/7620MB (lfb 60x4MB) SWAP 122/12002MB (cached 0MB) CPU [54%@1728,54%@1728,54%@1728,54%@1728,84%@1728,54%@1728] GR3D_FREQ 0% cpu@58.906C soc2@57.625C soc0@56.968C gpu@58.781C tj@58.906C soc1@58.343C VDD_IN 11414mW/11341mW VDD_CPU_GPU_CV 4230mW/4565mW VDD_SOC 3143mW/2885mW
09-27-2026 08:54:07 RAM 4306/7620MB (lfb 20x4MB) SWAP 122/12002MB (cached 0MB) CPU [25%@1728,24%@1728,24%@1728,25%@1728,78%@1728,24%@1728] GR3D_FREQ 0% cpu@59.312C soc2@57.593C soc0@56.906C gpu@59.156C tj@59.312C soc1@58.406C VDD_IN 12299mW/11346mW VDD_CPU_GPU_CV 4692mW/4566mW VDD_SOC 3373mW/2887mW
09-27-2026 08:54:08 RAM 4184/7620MB (lfb 46x4MB) SWAP 122/12002MB (cached 0MB) CPU [30%@1728,29%@1728,29%@1728,28%@1728,80%@1728,30%@1728] GR3D_FREQ 71% cpu@58.531C soc2@57.656C soc0@57.156C gpu@60.125C tj@60.125C soc1@58.312C VDD_IN 13221mW/11355mW VDD_CPU_GPU_CV 5270mW/4569mW VDD_SOC 3564mW/2890mW
09-27-2026 08:54:08 RAM 4136/7620MB (lfb 57x4MB) SWAP 122/12002MB (cached 0MB) CPU [54%@1728,54%@1728,54%@1728,54%@1728,98%@1728,52%@1728] GR3D_FREQ 0% cpu@58.781C soc2@57.531C soc0@57.031C gpu@58.781C tj@58.781C soc1@58.25C VDD_IN 10863mW/11352mW VDD_CPU_GPU_CV 3805mW/4566mW VDD_SOC 3030mW/2891mW
09-27-2026 08:54:09 RAM 4035/7620MB (lfb 60x4MB) SWAP 122/12002MB (cached 0MB) CPU [50%@1728,50%@1728,49%@1728,48%@1728,78%@1728,49%@1728] GR3D_FREQ 0% cpu@59.031C soc2@57.656C soc0@57.062C gpu@59.156C tj@59.156C soc1@58.437C VDD_IN 11867mW/11355mW VDD_CPU_GPU_CV 4465mW/4565mW VDD_SOC 3222mW/2893mW
09-27-2026 08:54:09 RAM 4306/7620MB (lfb 20x4MB) SWAP 122/12002MB (cached 0MB) CPU [15%@1728,15%@1728,15%@1728,17%@1728,77%@1728,15%@1728] GR3D_FREQ 0% cpu@59.312C soc2@57.562C soc0@56.968C gpu@58.937C tj@59.312C soc1@58.218C VDD_IN 12731mW/11361mW VDD_CPU_GPU_CV 4927mW/4567mW VDD_SOC 3452mW/2895mW
09-27-2026 08:54:10 RAM 4168/7620MB (lfb 50x4MB) SWAP 122/12002MB (cached 0MB) CPU [44%@1728,44%@1728,44%@1728,43%@1728,88%@1728,43%@1728] GR3D_FREQ 67% cpu@58.593C soc2@57.656C soc0@57.187C gpu@60.062C tj@60.062C soc1@58.343C VDD_IN 12221mW/11365mW VDD_CPU_GPU_CV 4700mW/4567mW VDD_SOC 3373mW/2897mW
09-27-2026 08:54:10 RAM 4086/7620MB (lfb 61x4MB) SWAP 122/12002MB (cached 0MB) CPU [55%@1728,54%@1728,56%@1728,56%@1728,90%@1728,54%@1728] GR3D_FREQ 0% cpu@58.937C soc2@57.562C soc0@57.125C gpu@58.906C tj@58.937C soc1@58.218C VDD_IN 11217mW/11364mW VDD_CPU_GPU_CV 4080mW/4565mW VDD_SOC 3104mW/2898mW
09-27-2026 08:54:11 RAM 4308/7620MB (lfb 20x4MB) SWAP 122/12002MB (cached 0MB) CPU [33%@1728,32%@1728,32%@1728,32%@1728,78%@1728,33%@1728] GR3D_FREQ 0% cpu@59.031C soc2@57.687C soc0@57.062C gpu@58.906C tj@59.031C soc1@58.125C VDD_IN 12142mW/11368mW VDD_CPU_GPU_CV 4660mW/4566mW VDD_SOC 3295mW/2900mW
09-27-2026 08:54:11 RAM 4502/7620MB (lfb 19x4MB) SWAP 122/12002MB (cached 0MB) CPU [97%@1728,94%@1728,96%@1728,94%@1728,98%@1728,100%@1728] GR3D_FREQ 0% cpu@60.718C soc2@58.031C soc0@57.031C gpu@58.968C tj@60.718C soc1@58.437C VDD_IN 13299mW/11377mW VDD_CPU_GPU_CV 6051mW/4573mW VDD_SOC 3055mW/2901mW
09-27-2026 08:54:12 RAM 4502/7620MB (lfb 19x4MB) SWAP 122/12002MB (cached 0MB) CPU [100%@1728,100%@1728,100%@1728,100%@1728,100%@1728,100%@1728] GR3D_FREQ 0% cpu@60.718C soc2@58.218C soc0@57C gpu@59C tj@60.718C soc1@58.468C VDD_IN 14061mW/11389mW VDD_CPU_GPU_CV 7132mW/4584mW VDD_SOC 2898mW/2901mW
09-27-2026 08:54:12 RAM 4854/7620MB (lfb 2x2MB) SWAP 122/12002MB (cached 0MB) CPU [100%@1728,100%@1728,100%@1728,100%@1728,100%@1728,100%@1728] GR3D_FREQ 0% cpu@60.687C soc2@58.343C soc0@57.031C gpu@59.031C tj@60.687C soc1@58.437C VDD_IN 14178mW/11402mW VDD_CPU_GPU_CV 7054mW/4596mW VDD_SOC 2971mW/2901mW
09-27-2026 08:54:13 RAM 4856/7620MB (lfb 4x2MB) SWAP 122/12002MB (cached 0MB) CPU [100%@1728,100%@1728,100%@1728,100%@1728,100%@1728,100%@1728] GR3D_FREQ 0% cpu@60.937C soc2@58.406C soc0@57.218C gpu@59.406C tj@60.937C soc1@58.437C VDD_IN 14296mW/11415mW VDD_CPU_GPU_CV 7405mW/4608mW VDD_SOC 2854mW/2901mW
09-27-2026 08:54:13 RAM 4856/7620MB (lfb 4x2MB) SWAP 122/12002MB (cached 0MB) CPU [100%@1728,100%@1728,100%@1728,100%@1728,100%@1728,100%@1728] GR3D_FREQ 0% cpu@61.031C soc2@58.593C soc0@57.25C gpu@59.187C tj@61.031C soc1@58.812C VDD_IN 14374mW/11429mW VDD_CPU_GPU_CV 7561mW/4622mW VDD_SOC 2854mW/2901mW
09-27-2026 08:54:14 RAM 4500/7620MB (lfb 19x4MB) SWAP 122/12002MB (cached 0MB) CPU [96%@1728,98%@1728,98%@1728,98%@1728,100%@1728,96%@1728] GR3D_FREQ 0% cpu@61.187C soc2@58.375C soc0@57.125C gpu@59.312C tj@61.187C soc1@58.875C VDD_IN 13613mW/11439mW VDD_CPU_GPU_CV 6519mW/4630mW VDD_SOC 2976mW/2901mW
09-27-2026 08:54:14 RAM 4500/7620MB (lfb 19x4MB) SWAP 122/12002MB (cached 0MB) CPU [100%@1728,100%@1728,100%@1728,100%@1728,100%@1728,100%@1728] GR3D_FREQ 0% cpu@61.156C soc2@58.625C soc0@57.218C gpu@59.375C tj@61.093C soc1@58.781C VDD_IN 14178mW/11451mW VDD_CPU_GPU_CV 7288mW/4642mW VDD_SOC 2859mW/2901mW
09-27-2026 08:54:15 RAM 4500/7620MB (lfb 19x4MB) SWAP 122/12002MB (cached 0MB) CPU [100%@1728,100%@1728,100%@1728,100%@1728,100%@1728,100%@1728] GR3D_FREQ 0% cpu@61.343C soc2@58.687C soc0@57.343C gpu@59.25C tj@61.343C soc1@58.718C VDD_IN 14335mW/11464mW VDD_CPU_GPU_CV 7522mW/4655mW VDD_SOC 2854mW/2901mW
09-27-2026 08:54:15 RAM 4853/7620MB (lfb 219x1MB) SWAP 122/12002MB (cached 0MB) CPU [100%@1728,100%@1728,100%@1728,100%@1728,100%@1728,100%@1728] GR3D_FREQ 0% cpu@61.156C soc2@58.718C soc0@57.375C gpu@59.656C tj@61.156C soc1@58.812C VDD_IN 14296mW/11477mW VDD_CPU_GPU_CV 7366mW/4667mW VDD_SOC 2893mW/2901mW
09-27-2026 08:54:16 RAM 4853/7620MB (lfb 219x1MB) SWAP 122/12002MB (cached 0MB) CPU [100%@1728,100%@1728,100%@1728,100%@1728,100%@1728,100%@1728] GR3D_FREQ 0% cpu@61.125C soc2@58.75C soc0@57.375C gpu@59.406C tj@61.125C soc1@58.75C VDD_IN 14413mW/11490mW VDD_CPU_GPU_CV 7561mW/4680mW VDD_SOC 2854mW/2901mW
09-27-2026 08:54:16 RAM 4853/7620MB (lfb 219x1MB) SWAP 122/12002MB (cached 0MB) CPU [100%@1728,98%@1728,98%@1728,98%@1728,100%@1728,100%@1728] GR3D_FREQ 0% cpu@60.75C soc2@58.468C soc0@57.343C gpu@59.687C tj@60.687C soc1@58.937C VDD_IN 13338mW/11498mW VDD_CPU_GPU_CV 6597mW/4689mW VDD_SOC 2820mW/2900mW
09-27-2026 08:54:17 RAM 4024/7620MB (lfb 71x4MB) SWAP 122/12002MB (cached 0MB) CPU [27%@1728,26%@1728,26%@1728,28%@1728,76%@1728,28%@1728] GR3D_FREQ 92% cpu@59.156C soc2@58.25C soc0@57.343C gpu@60.656C tj@60.656C soc1@58.843C VDD_IN 14061mW/11509mW VDD_CPU_GPU_CV 6392mW/4696mW VDD_SOC 3446mW/2903mW
09-27-2026 08:54:17 RAM 3990/7620MB (lfb 71x4MB) SWAP 122/12002MB (cached 0MB) CPU [54%@1728,54%@1728,54%@1728,52%@1728,96%@1728,52%@1728] GR3D_FREQ 53% cpu@58.75C soc2@58.125C soc0@57.5C gpu@60.093C tj@60.093C soc1@58.687C VDD_IN 11828mW/11511mW VDD_CPU_GPU_CV 4621mW/4696mW VDD_SOC 3143mW/2904mW
09-27-2026 08:54:18 RAM 4035/7620MB (lfb 71x4MB) SWAP 122/12002MB (cached 0MB) CPU [53%@1728,55%@1728,52%@1728,54%@1728,80%@1728,54%@1728] GR3D_FREQ 0% cpu@59.5C soc2@58.062C soc0@57.25C gpu@59.281C tj@59.5C soc1@58.656C VDD_IN 11571mW/11511mW VDD_CPU_GPU_CV 4347mW/4694mW VDD_SOC 3143mW/2905mW
09-27-2026 08:54:18 RAM 4038/7620MB (lfb 71x4MB) SWAP 122/12002MB (cached 0MB) CPU [48%@1728,47%@1728,49%@1728,47%@1728,78%@1728,47%@1728] GR3D_FREQ 0% cpu@59.625C soc2@58.062C soc0@57.343C gpu@59.312C tj@59.625C soc1@58.75C VDD_IN 12103mW/11513mW VDD_CPU_GPU_CV 4700mW/4694mW VDD_SOC 3256mW/2906mW
09-27-2026 08:54:19 RAM 4156/7620MB (lfb 56x4MB) SWAP 122/12002MB (cached 0MB) CPU [36%@1728,37%@1728,37%@1728,37%@1728,78%@1728,37%@1728] GR3D_FREQ 0% cpu@59.75C soc2@58.062C soc0@57.281C gpu@59.5C tj@59.75C soc1@58.687C VDD_IN 12378mW/11517mW VDD_CPU_GPU_CV 4888mW/4695mW VDD_SOC 3295mW/2908mW
09-27-2026 08:54:19 RAM 4154/7620MB (lfb 57x4MB) SWAP 122/12002MB (cached 0MB) CPU [35%@1728,34%@1728,34%@1728,34%@1728,78%@1728,34%@1728] GR3D_FREQ 0% cpu@59.468C soc2@57.937C soc0@57.281C gpu@59.593C tj@59.593C soc1@58.562C VDD_IN 12907mW/11523mW VDD_CPU_GPU_CV 5200mW/4698mW VDD_SOC 3452mW/2910mW
09-27-2026 08:54:20 RAM 4156/7620MB (lfb 56x4MB) SWAP 122/12002MB (cached 0MB) CPU [41%@1728,40%@1728,39%@1728,39%@1728,78%@1728,39%@1728] GR3D_FREQ 0% cpu@59C soc2@58.093C soc0@57.437C gpu@59.968C tj@59.968C soc1@58.593C VDD_IN 13691mW/11532mW VDD_CPU_GPU_CV 5699mW/4702mW VDD_SOC 3603mW/2913mW
09-27-2026 08:54:20 RAM 4038/7620MB (lfb 71x4MB) SWAP 122/12002MB (cached 0MB) CPU [52%@1728,52%@1728,52%@1728,54%@1728,90%@1728,54%@1728] GR3D_FREQ 99% cpu@58.687C soc2@58.031C soc0@57.343C gpu@60.437C tj@60.437C soc1@58.437C VDD_IN 12535mW/11537mW VDD_CPU_GPU_CV 5005mW/4703mW VDD_SOC 3373mW/2915mW
09-27-2026 08:54:21 RAM 4038/7620MB (lfb 71x4MB) SWAP 122/12002MB (cached 0MB) CPU [53%@1728,52%@1728,56%@1728,52%@1728,86%@1728,52%@1728] GR3D_FREQ 0% cpu@59.75C soc2@57.875C soc0@57.281C gpu@59.437C tj@59.75C soc1@58.656C VDD_IN 11414mW/11536mW VDD_CPU_GPU_CV 4190mW/4701mW VDD_SOC 3104mW/2916mW
09-27-2026 08:54:21 RAM 4038/7620MB (lfb 71x4MB) SWAP 122/12002MB (cached 0MB) CPU [55%@1728,54%@1728,54%@1728,54%@1728,78%@1728,54%@1728] GR3D_FREQ 0% cpu@59.718C soc2@57.937C soc0@57.25C gpu@59.125C tj@59.718C soc1@58.625C VDD_IN 11945mW/11538mW VDD_CPU_GPU_CV 4621mW/4701mW VDD_SOC 3182mW/2917mW
09-27-2026 08:54:22 RAM 4154/7620MB (lfb 57x4MB) SWAP 122/12002MB (cached 0MB) CPU [37%@1728,37%@1728,37%@1728,37%@1728,77%@1728,36%@1728] GR3D_FREQ 0% cpu@59.656C soc2@58.031C soc0@57.5C gpu@59.5C tj@59.656C soc1@58.562C VDD_IN 12299mW/11541mW VDD_CPU_GPU_CV 4848mW/4701mW VDD_SOC 3295mW/2919mW
09-27-2026 08:54:22 RAM 4156/7620MB (lfb 56x4MB) SWAP 122/12002MB (cached 0MB) CPU [34%@1728,34%@1728,34%@1728,35%@1728,76%@1728,34%@1728] GR3D_FREQ 0% cpu@59.437C soc2@58C soc0@57.406C gpu@59.5C tj@59.5C soc1@58.562C VDD_IN 12828mW/11547mW VDD_CPU_GPU_CV 5122mW/4703mW VDD_SOC 3413mW/2921mW
09-27-2026 08:54:23 RAM 4142/7620MB (lfb 59x4MB) SWAP 122/12002MB (cached 0MB) CPU [36%@1728,36%@1728,36%@1728,36%@1728,77%@1728,36%@1728] GR3D_FREQ 0% cpu@59.25C soc2@57.968C soc0@57.312C gpu@59.75C tj@59.75C soc1@58.718C VDD_IN 13535mW/11555mW VDD_CPU_GPU_CV 5504mW/4706mW VDD_SOC 3603mW/2924mW
09-27-2026 08:54:23 RAM 4038/7620MB (lfb 71x4MB) SWAP 122/12002MB (cached 0MB) CPU [54%@1728,53%@1728,52%@1728,54%@1728,86%@1728,54%@1728] GR3D_FREQ 99% cpu@58.937C soc2@57.968C soc0@57.281C gpu@60.562C tj@60.718C soc1@58.625C VDD_IN 12907mW/11560mW VDD_CPU_GPU_CV 5239mW/4709mW VDD_SOC 3452mW/2926mW
09-27-2026 08:54:24 RAM 4508/7620MB (lfb 19x4MB) SWAP 122/12002MB (cached 0MB) CPU [74%@1728,76%@1728,73%@1728,74%@1728,90%@1728,75%@1728] GR3D_FREQ 0% cpu@60.312C soc2@58.125C soc0@57.312C gpu@59.187C tj@60.312C soc1@58.593C VDD_IN 12496mW/11564mW VDD_CPU_GPU_CV 4848mW/4709mW VDD_SOC 3334mW/2928mW
09-27-2026 08:54:24 RAM 4508/7620MB (lfb 19x4MB) SWAP 122/12002MB (cached 0MB) CPU [100%@1728,100%@1728,100%@1728,100%@1728,100%@1728,100%@1728] GR3D_FREQ 0% cpu@60.968C soc2@58.5C soc0@57.375C gpu@59.281C tj@60.968C soc1@58.656C VDD_IN 13848mW/11574mW VDD_CPU_GPU_CV 6781mW/4718mW VDD_SOC 2976mW/2928mW
09-27-2026 08:54:25 RAM 4508/7620MB (lfb 19x4MB) SWAP 122/12002MB (cached 0MB) CPU [100%@1728,100%@1728,100%@1728,100%@1728,100%@1728,100%@1728] GR3D_FREQ 0% cpu@61.156C soc2@58.625C soc0@57.375C gpu@59.625C tj@61.156C soc1@59C VDD_IN 14257mW/11585mW VDD_CPU_GPU_CV 7366mW/4729mW VDD_SOC 2854mW/2927mW
09-27-2026 08:54:25 RAM 4859/7620MB (lfb 2x2MB) SWAP 122/12002MB (cached 0MB) CPU [100%@1728,100%@1728,100%@1728,100%@1728,100%@1728,100%@1728] GR3D_FREQ 0% cpu@61.125C soc2@58.718C soc0@57.437C gpu@59.812C tj@61.125C soc1@58.906C VDD_IN 14296mW/11596mW VDD_CPU_GPU_CV 7288mW/4739mW VDD_SOC 2893mW/2927mW
09-27-2026 08:54:26 RAM 4859/7620MB (lfb 2x2MB) SWAP 122/12002MB (cached 0MB) CPU [100%@1728,100%@1728,100%@1728,100%@1728,100%@1728,100%@1728] GR3D_FREQ 0% cpu@61.375C soc2@58.781C soc0@57.375C gpu@59.812C tj@61.375C soc1@58.937C VDD_IN 14413mW/11607mW VDD_CPU_GPU_CV 7510mW/4750mW VDD_SOC 2854mW/2927mW
09-27-2026 08:54:26 RAM 4859/7620MB (lfb 2x2MB) SWAP 122/12002MB (cached 0MB) CPU [100%@1728,100%@1728,100%@1728,100%@1728,100%@1728,100%@1728] GR3D_FREQ 0% cpu@60.562C soc2@58.781C soc0@57.343C gpu@59.593C tj@60.562C soc1@58.906C VDD_IN 13731mW/11616mW VDD_CPU_GPU_CV 6976mW/4759mW VDD_SOC 2820mW/2927mW
09-27-2026 08:54:27 RAM 4508/7620MB (lfb 20x4MB) SWAP 122/12002MB (cached 0MB) CPU [98%@1728,96%@1728,96%@1728,96%@1728,98%@1728,98%@1728] GR3D_FREQ 0% cpu@61.281C soc2@58.812C soc0@57.625C gpu@59.75C tj@61.281C soc1@58.937C VDD_IN 13943mW/11626mW VDD_CPU_GPU_CV 6976mW/4768mW VDD_SOC 2898mW/2926mW
09-27-2026 08:54:27 RAM 4508/7620MB (lfb 20x4MB) SWAP 122/12002MB (cached 0MB) CPU [100%@1728,100%@1728,100%@1728,100%@1728,100%@1728,100%@1728] GR3D_FREQ 0% cpu@61.312C soc2@58.75C soc0@57.562C gpu@59.656C tj@61.312C soc1@59.093C VDD_IN 14296mW/11636mW VDD_CPU_GPU_CV 7444mW/4779mW VDD_SOC 2854mW/2926mW
09-27-2026 08:54:28 RAM 4861/7620MB (lfb 1x2MB) SWAP 122/12002MB (cached 0MB) CPU [100%@1728,100%@1728,100%@1728,100%@1728,100%@1728,100%@1728] GR3D_FREQ 0% cpu@61.5C soc2@58.812C soc0@57.468C gpu@59.625C tj@61.5C soc1@59.093C VDD_IN 14257mW/11647mW VDD_CPU_GPU_CV 7171mW/4789mW VDD_SOC 2971mW/2926mW
09-27-2026 08:54:28 RAM 4861/7620MB (lfb 1x2MB) SWAP 122/12002MB (cached 0MB) CPU [100%@1728,100%@1728,100%@1728,100%@1728,100%@1728,100%@1728] GR3D_FREQ 0% cpu@61.718C soc2@58.968C soc0@57.531C gpu@60.093C tj@61.718C soc1@59.093C VDD_IN 14374mW/11658mW VDD_CPU_GPU_CV 7483mW/4800mW VDD_SOC 2854mW/2926mW
09-27-2026 08:54:29 RAM 4861/7620MB (lfb 1x2MB) SWAP 122/12002MB (cached 0MB) CPU [100%@1728,100%@1728,100%@1728,100%@1728,100%@1728,100%@1728] GR3D_FREQ 0% cpu@61.531C soc2@58.968C soc0@57.75C gpu@59.781C tj@61.781C soc1@59.093C VDD_IN 14413mW/11669mW VDD_CPU_GPU_CV 7587mW/4811mW VDD_SOC 2854mW/2926mW
09-27-2026 08:54:29 RAM 4000/7620MB (lfb 77x4MB) SWAP 122/12002MB (cached 0MB) CPU [78%@1728,77%@1728,76%@1728,78%@1728,94%@1728,76%@1728] GR3D_FREQ 0% cpu@60.218C soc2@58.531C soc0@57.687C gpu@59.593C tj@60.437C soc1@58.968C VDD_IN 12378mW/11672mW VDD_CPU_GPU_CV 5552mW/4814mW VDD_SOC 2824mW/2925mW
09-27-2026 08:54:30 RAM 4317/7620MB (lfb 68x4MB) SWAP 122/12002MB (cached 0MB) CPU [0%@1728,0%@1728,0%@1728,0%@1728,45%@1728,0%@1728] GR3D_FREQ 0% cpu@58.843C soc2@58.218C soc0@57.75C gpu@59.593C tj@59.593C soc1@59.062C VDD_IN 11335mW/11670mW VDD_CPU_GPU_CV 4269mW/4811mW VDD_SOC 3104mW/2926mW
09-27-2026 08:54:30 RAM 4467/7620MB (lfb 61x4MB) SWAP 122/12002MB (cached 0MB) CPU [1%@1728,1%@1728,0%@1728,0%@1728,62%@1728,0%@1728] GR3D_FREQ 99% cpu@59.25C soc2@58.312C soc0@57.562C gpu@60.937C tj@60.937C soc1@58.968C VDD_IN 13299mW/11677mW VDD_CPU_GPU_CV 5465mW/4814mW VDD_SOC 3564mW/2929mW
09-27-2026 08:54:31 RAM 4500/7620MB (lfb 50x4MB) SWAP 122/12002MB (cached 0MB) CPU [0%@1728,0%@1728,0%@1728,0%@1728,66%@1728,1%@1728] GR3D_FREQ 59% cpu@59.437C soc2@58.375C soc0@57.562C gpu@60.687C tj@60.687C soc1@58.906C VDD_IN 14335mW/11687mW VDD_CPU_GPU_CV 5846mW/4818mW VDD_SOC 3871mW/2932mW
09-27-2026 08:54:31 RAM 4500/7620MB (lfb 50x4MB) SWAP 122/12002MB (cached 0MB) CPU [2%@1728,0%@1728,0%@1728,0%@1728,70%@1728,0%@1728] GR3D_FREQ 0% cpu@59.562C soc2@58.281C soc0@57.687C gpu@59.968C tj@59.968C soc1@58.781C VDD_IN 13613mW/11695mW VDD_CPU_GPU_CV 5348mW/4820mW VDD_SOC 3720mW/2935mW
09-27-2026 08:54:32 RAM 4500/7620MB (lfb 50x4MB) SWAP 122/12002MB (cached 0MB) CPU [0%@1728,4%@1728,0%@1728,0%@1728,72%@1728,0%@1728] GR3D_FREQ 0% cpu@59.687C soc2@58.218C soc0@57.75C gpu@59.656C tj@59.687C soc1@59C VDD_IN 12789mW/11699mW VDD_CPU_GPU_CV 4848mW/4820mW VDD_SOC 3530mW/2938mW
09-27-2026 08:54:32 RAM 4500/7620MB (lfb 50x4MB) SWAP 122/12002MB (cached 0MB) CPU [0%@1728,0%@1728,1%@1728,0%@1728,54%@1728,0%@1728] GR3D_FREQ 99% cpu@59.312C soc2@58.375C soc0@57.687C gpu@61.406C tj@61.406C soc1@58.937C VDD_IN 14531mW/11710mW VDD_CPU_GPU_CV 6158mW/4825mW VDD_SOC 3871mW/2941mW
09-27-2026 08:54:33 RAM 4560/7620MB (lfb 44x4MB) SWAP 122/12002MB (cached 0MB) CPU [0%@1728,0%@1728,0%@1728,0%@1728,60%@1728,1%@1728] GR3D_FREQ 65% cpu@59.312C soc2@58.343C soc0@57.656C gpu@60.968C tj@60.968C soc1@58.906C VDD_IN 15094mW/11723mW VDD_CPU_GPU_CV 6342mW/4831mW VDD_SOC 4027mW/2945mW
09-27-2026 08:54:33 RAM 4508/7620MB (lfb 50x4MB) SWAP 122/12002MB (cached 0MB) CPU [20%@1728,26%@1728,14%@1728,13%@1728,56%@1728,4%@1728] GR3D_FREQ 0% cpu@59.906C soc2@58.562C soc0@57.843C gpu@60.031C tj@60.031C soc1@58.843C VDD_IN 14452mW/11733mW VDD_CPU_GPU_CV 5924mW/4836mW VDD_SOC 3832mW/2949mW
09-27-2026 08:54:34 RAM 4504/7620MB (lfb 50x4MB) SWAP 122/12002MB (cached 0MB) CPU [15%@1728,17%@1728,4%@1728,0%@1728,64%@1728,6%@1728] GR3D_FREQ 0% cpu@59.781C soc2@58.437C soc0@57.75C gpu@60.25C tj@60.25C soc1@58.843C VDD_IN 13535mW/11740mW VDD_CPU_GPU_CV 5348mW/4837mW VDD_SOC 3681mW/2952mW
09-27-2026 08:54:34 RAM 4504/7620MB (lfb 50x4MB) SWAP 122/12002MB (cached 0MB) CPU [2%@1728,0%@1728,1%@1728,1%@1728,68%@1728,0%@1728] GR3D_FREQ 93% cpu@59.468C soc2@58.437C soc0@57.75C gpu@60.687C tj@60.625C soc1@58.937C VDD_IN 13260mW/11746mW VDD_CPU_GPU_CV 5192mW/4839mW VDD_SOC 3642mW/2954mW
09-27-2026 08:54:35 RAM 4975/7620MB (lfb 2x4MB) SWAP 122/12002MB (cached 0MB) CPU [63%@1728,64%@1728,64%@1728,64%@1728,71%@1728,61%@1728] GR3D_FREQ 0% cpu@61.156C soc2@58.843C soc0@57.718C gpu@60.218C tj@61.156C soc1@59C VDD_IN 14609mW/11757mW VDD_CPU_GPU_CV 6576mW/4845mW VDD_SOC 3519mW/2956mW
09-27-2026 08:54:35 RAM 4973/7620MB (lfb 2x4MB) SWAP 122/12002MB (cached 0MB) CPU [100%@1728,100%@1728,100%@1728,100%@1728,100%@1728,100%@1728] GR3D_FREQ 0% cpu@61.625C soc2@59.031C soc0@57.781C gpu@60.031C tj@61.625C soc1@59.156C VDD_IN 14492mW/11767mW VDD_CPU_GPU_CV 7315mW/4855mW VDD_SOC 3050mW/2957mW
09-27-2026 08:54:36 RAM 5114/7620MB (lfb 1x4MB) SWAP 122/12002MB (cached 0MB) CPU [100%@1728,100%@1728,100%@1728,100%@1728,100%@1728,100%@1728] GR3D_FREQ 0% cpu@61.562C soc2@59.187C soc0@57.781C gpu@60.281C tj@61.562C soc1@59.093C VDD_IN 14374mW/11777mW VDD_CPU_GPU_CV 7327mW/4864mW VDD_SOC 2932mW/2957mW
09-27-2026 08:54:36 RAM 5302/7620MB (lfb 1x4MB) SWAP 122/12002MB (cached 0MB) CPU [100%@1728,100%@1728,100%@1728,100%@1728,100%@1728,100%@1728] GR3D_FREQ 0% cpu@61.625C soc2@59.187C soc0@57.906C gpu@59.937C tj@61.625C soc1@59.062C VDD_IN 14178mW/11786mW VDD_CPU_GPU_CV 7327mW/4873mW VDD_SOC 2854mW/2956mW
09-27-2026 08:54:37 RAM 5308/7620MB (lfb 1x4MB) SWAP 122/12002MB (cached 0MB) CPU [100%@1728,100%@1728,100%@1728,100%@1728,100%@1728,100%@1728] GR3D_FREQ 0% cpu@61.593C soc2@59.156C soc0@57.906C gpu@59.968C tj@61.593C soc1@59.156C VDD_IN 14257mW/11795mW VDD_CPU_GPU_CV 7444mW/4883mW VDD_SOC 2854mW/2956mW
09-27-2026 08:54:37 RAM 4718/7620MB (lfb 18x4MB) SWAP 122/12002MB (cached 0MB) CPU [94%@1728,96%@1728,96%@1728,96%@1728,96%@1728,96%@1728] GR3D_FREQ 0% cpu@60.812C soc2@58.906C soc0@57.875C gpu@60.031C tj@60.812C soc1@59.5C VDD_IN 13103mW/11800mW VDD_CPU_GPU_CV 6246mW/4888mW VDD_SOC 2898mW/2956mW
09-27-2026 08:54:38 RAM 4970/7620MB (lfb 2x2MB) SWAP 122/12002MB (cached 0MB) CPU [100%@1728,100%@1728,100%@1728,100%@1728,100%@1728,100%@1728] GR3D_FREQ 0% cpu@61.875C soc2@59.187C soc0@57.812C gpu@60.25C tj@61.875C soc1@59.343C VDD_IN 14022mW/11809mW VDD_CPU_GPU_CV 7093mW/4896mW VDD_SOC 2898mW/2956mW
09-27-2026 08:54:38 RAM 4970/7620MB (lfb 2x2MB) SWAP 122/12002MB (cached 0MB) CPU [100%@1728,100%@1728,100%@1728,100%@1728,100%@1728,100%@1728] GR3D_FREQ 0% cpu@61.781C soc2@59.25C soc0@57.843C gpu@60.125C tj@61.781C soc1@59.406C VDD_IN 14335mW/11818mW VDD_CPU_GPU_CV 7483mW/4906mW VDD_SOC 2854mW/2955mW
09-27-2026 08:54:39 RAM 5315/7620MB (lfb 3x2MB) SWAP 122/12002MB (cached 0MB) CPU [100%@1728,100%@1728,100%@1728,100%@1728,100%@1728,100%@1728] GR3D_FREQ 0% cpu@61.718C soc2@59.281C soc0@58.062C gpu@59.875C tj@61.718C soc1@59.375C VDD_IN 14178mW/11827mW VDD_CPU_GPU_CV 7210mW/4914mW VDD_SOC 2893mW/2955mW
09-27-2026 08:54:40 RAM 5315/7620MB (lfb 3x2MB) SWAP 122/12002MB (cached 0MB) CPU [100%@1728,100%@1728,100%@1728,100%@1728,100%@1728,100%@1728] GR3D_FREQ 0% cpu@61.781C soc2@59.312C soc0@57.968C gpu@60.437C tj@61.781C soc1@59.375C VDD_IN 14335mW/11836mW VDD_CPU_GPU_CV 7483mW/4924mW VDD_SOC 2854mW/2955mW
09-27-2026 08:54:40 RAM 5315/7620MB (lfb 3x2MB) SWAP 122/12002MB (cached 0MB) CPU [100%@1728,100%@1728,100%@1728,100%@1728,100%@1728,100%@1728] GR3D_FREQ 0% cpu@61.843C soc2@59.406C soc0@58.093C gpu@60.062C tj@61.562C soc1@59.375C VDD_IN 14335mW/11845mW VDD_CPU_GPU_CV 7522mW/4933mW VDD_SOC 2854mW/2954mW
09-27-2026 08:54:41 RAM 4788/7620MB (lfb 16x4MB) SWAP 122/12002MB (cached 0MB) CPU [57%@1728,56%@1728,56%@1728,56%@1728,71%@1728,56%@1728] GR3D_FREQ 96% cpu@59.718C soc2@59.093C soc0@57.937C gpu@61.656C tj@61.656C soc1@59.343C VDD_IN 15055mW/11857mW VDD_CPU_GPU_CV 7198mW/4942mW VDD_SOC 3519mW/2956mW
09-27-2026 08:54:41 RAM 5197/7620MB (lfb 16x4MB) SWAP 122/12002MB (cached 0MB) CPU [0%@1728,0%@1728,0%@1728,0%@1728,50%@1728,0%@1728] GR3D_FREQ 99% cpu@59.5C soc2@58.968C soc0@58.062C gpu@61.656C tj@61.656C soc1@59.343C VDD_IN 15967mW/11872mW VDD_CPU_GPU_CV 7148mW/4950mW VDD_SOC 4099mW/2960mW
09-27-2026 08:54:42 RAM 5197/7620MB (lfb 16x4MB) SWAP 122/12002MB (cached 0MB) CPU [1%@1728,0%@1728,1%@1728,0%@1728,21%@1728,7%@1728] GR3D_FREQ 99% cpu@59.812C soc2@59.125C soc0@58.156C gpu@62.5C tj@62.5C soc1@59.343C VDD_IN 17977mW/11894mW VDD_CPU_GPU_CV 8324mW/4962mW VDD_SOC 4591mW/2966mW
09-27-2026 08:54:42 RAM 5257/7620MB (lfb 16x4MB) SWAP 122/12002MB (cached 0MB) CPU [0%@1728,0%@1728,0%@1728,0%@1728,0%@1728,34%@1728] GR3D_FREQ 35% cpu@59.687C soc2@59.281C soc0@58.343C gpu@61.843C tj@61.843C soc1@59.343C VDD_IN 18249mW/11917mW VDD_CPU_GPU_CV 8311mW/4974mW VDD_SOC 4700mW/2973mW
09-27-2026 08:54:43 RAM 5197/7620MB (lfb 16x4MB) SWAP 122/12002MB (cached 0MB) CPU [1%@1728,0%@1728,1%@1728,0%@1728,0%@1728,37%@1728] GR3D_FREQ 66% cpu@59.875C soc2@59.25C soc0@58.406C gpu@61.75C tj@61.75C soc1@59.281C VDD_IN 18171mW/11939mW VDD_CPU_GPU_CV 8195mW/4986mW VDD_SOC 4661mW/2979mW
09-27-2026 08:54:43 RAM 5197/7620MB (lfb 16x4MB) SWAP 122/12002MB (cached 0MB) CPU [0%@1728,0%@1728,4%@1728,1%@1728,0%@1728,36%@1728] GR3D_FREQ 14% cpu@59.906C soc2@59.281C soc0@58.437C gpu@61.75C tj@61.75C soc1@59.406C VDD_IN 17782mW/11960mW VDD_CPU_GPU_CV 7976mW/4996mW VDD_SOC 4630mW/2985mW
09-27-2026 08:54:44 RAM 5658/7620MB (lfb 2x2MB) SWAP 122/12002MB (cached 0MB) CPU [60%@1728,60%@1728,62%@1728,62%@1728,60%@1728,70%@1728] GR3D_FREQ 0% cpu@62.125C soc2@59.593C soc0@58.375C gpu@60.687C tj@62.125C soc1@59.437C VDD_IN 15928mW/11974mW VDD_CPU_GPU_CV 7381mW/5005mW VDD_SOC 3825mW/2988mW
09-27-2026 08:54:44 RAM 5658/7620MB (lfb 2x2MB) SWAP 122/12002MB (cached 0MB) CPU [100%@1728,100%@1728,100%@1728,100%@1728,100%@1728,100%@1728] GR3D_FREQ 0% cpu@62.406C soc2@59.656C soc0@58.343C gpu@60.875C tj@62.406C soc1@59.531C VDD_IN 14820mW/11984mW VDD_CPU_GPU_CV 7548mW/5014mW VDD_SOC 3128mW/2988mW
09-27-2026 08:54:45 RAM 5726/7620MB (lfb 1x4MB) SWAP 122/12002MB (cached 0MB) CPU [100%@1728,100%@1728,100%@1728,100%@1728,100%@1728,100%@1728] GR3D_FREQ 0% cpu@61.906C soc2@59.75C soc0@58.562C gpu@60.687C tj@61.906C soc1@59.625C VDD_IN 14374mW/11993mW VDD_CPU_GPU_CV 7393mW/5022mW VDD_SOC 2932mW/2988mW
09-27-2026 08:54:45 RAM 5938/7620MB (lfb 1x4MB) SWAP 205/12002MB (cached 0MB) CPU [94%@1728,100%@1728,94%@1728,94%@1728,94%@1728,94%@1728] GR3D_FREQ 0% cpu@61.968C soc2@59.562C soc0@58.312C gpu@60.5C tj@61.968C soc1@59.593C VDD_IN 13691mW/11999mW VDD_CPU_GPU_CV 6859mW/5029mW VDD_SOC 2859mW/2987mW
09-27-2026 08:54:46 RAM 5937/7620MB (lfb 1x4MB) SWAP 205/12002MB (cached 0MB) CPU [100%@1728,100%@1728,100%@1728,100%@1728,100%@1728,100%@1728] GR3D_FREQ 0% cpu@62.281C soc2@59.718C soc0@58.312C gpu@60.531C tj@62.031C soc1@59.843C VDD_IN 14061mW/12006mW VDD_CPU_GPU_CV 7288mW/5037mW VDD_SOC 2820mW/2987mW
09-27-2026 08:54:46 RAM 5937/7620MB (lfb 1x4MB) SWAP 205/12002MB (cached 0MB) CPU [100%@1728,100%@1728,100%@1728,100%@1728,100%@1728,94%@1728] GR3D_FREQ 0% cpu@61.968C soc2@59.687C soc0@58.343C gpu@60.531C tj@61.968C soc1@59.812C VDD_IN 14022mW/12013mW VDD_CPU_GPU_CV 7288mW/5045mW VDD_SOC 2820mW/2986mW
09-27-2026 08:54:47 RAM 5593/7620MB (lfb 1x2MB) SWAP 205/12002MB (cached 0MB) CPU [81%@1728,78%@1728,78%@1728,78%@1728,88%@1728,72%@1728] GR3D_FREQ 0% cpu@61.843C soc2@59.437C soc0@58.25C gpu@60.312C tj@61.843C soc1@59.687C VDD_IN 12907mW/12016mW VDD_CPU_GPU_CV 5973mW/5048mW VDD_SOC 2903mW/2986mW
09-27-2026 08:54:47 RAM 5593/7620MB (lfb 1x2MB) SWAP 205/12002MB (cached 0MB) CPU [100%@1728,100%@1728,100%@1728,100%@1728,100%@1728,100%@1728] GR3D_FREQ 0% cpu@62.187C soc2@59.625C soc0@58.375C gpu@60.406C tj@62.187C soc1@59.625C VDD_IN 13982mW/12023mW VDD_CPU_GPU_CV 7132mW/5055mW VDD_SOC 2859mW/2985mW
09-27-2026 08:54:48 RAM 5593/7620MB (lfb 1x2MB) SWAP 205/12002MB (cached 0MB) CPU [100%@1728,100%@1728,100%@1728,100%@1728,100%@1728,100%@1728] GR3D_FREQ 0% cpu@62.187C soc2@59.687C soc0@58.375C gpu@60.375C tj@62.187C soc1@59.656C VDD_IN 14296mW/12031mW VDD_CPU_GPU_CV 7483mW/5064mW VDD_SOC 2854mW/2985mW
09-27-2026 08:54:48 RAM 5941/7620MB (lfb 4x2MB) SWAP 205/12002MB (cached 0MB) CPU [100%@1728,100%@1728,100%@1728,100%@1728,100%@1728,100%@1728] GR3D_FREQ 0% cpu@62.406C soc2@59.625C soc0@58.312C gpu@60.562C tj@62.406C soc1@59.812C VDD_IN 14061mW/12038mW VDD_CPU_GPU_CV 7249mW/5071mW VDD_SOC 2859mW/2985mW
09-27-2026 08:54:49 RAM 5941/7620MB (lfb 4x2MB) SWAP 205/12002MB (cached 0MB) CPU [100%@1728,100%@1728,100%@1728,100%@1728,100%@1728,100%@1728] GR3D_FREQ 0% cpu@62.25C soc2@59.656C soc0@58.343C gpu@60.406C tj@62.062C soc1@59.812C VDD_IN 14296mW/12046mW VDD_CPU_GPU_CV 7483mW/5079mW VDD_SOC 2854mW/2984mW
09-27-2026 08:54:49 RAM 5941/7620MB (lfb 4x2MB) SWAP 205/12002MB (cached 0MB) CPU [98%@1728,98%@1728,96%@1728,98%@1728,98%@1728,98%@1728] GR3D_FREQ 0% cpu@61.812C soc2@59.468C soc0@58.25C gpu@60.437C tj@61.812C soc1@59.843C VDD_IN 13260mW/12050mW VDD_CPU_GPU_CV 6480mW/5084mW VDD_SOC 2820mW/2984mW
09-27-2026 08:54:50 RAM 5123/7620MB (lfb 17x4MB) SWAP 205/12002MB (cached 0MB) CPU [27%@1728,41%@1728,27%@1728,25%@1728,27%@1728,26%@1728] GR3D_FREQ 71% cpu@60.093C soc2@59.281C soc0@58.5C gpu@61C tj@61C soc1@59.656C VDD_IN 13731mW/12056mW VDD_CPU_GPU_CV 6090mW/5088mW VDD_SOC 3407mW/2985mW
09-27-2026 08:54:50 RAM 5243/7620MB (lfb 18x4MB) SWAP 205/12002MB (cached 0MB) CPU [0%@1728,35%@1728,0%@1728,1%@1728,0%@1728,0%@1728] GR3D_FREQ 24% cpu@60.156C soc2@59.468C soc0@58.468C gpu@61.437C tj@61.437C soc1@59.531C VDD_IN 16826mW/12072mW VDD_CPU_GPU_CV 7601mW/5096mW VDD_SOC 4326mW/2990mW
09-27-2026 08:54:51 RAM 5243/7620MB (lfb 18x4MB) SWAP 205/12002MB (cached 0MB) CPU [0%@1728,26%@1728,0%@1728,0%@1728,0%@1728,0%@1728] GR3D_FREQ 99% cpu@60.406C soc2@59.656C soc0@58.625C gpu@62.843C tj@62.843C soc1@59.781C VDD_IN 18444mW/12094mW VDD_CPU_GPU_CV 8581mW/5108mW VDD_SOC 4700mW/2995mW
09-27-2026 08:54:51 RAM 5243/7620MB (lfb 18x4MB) SWAP 205/12002MB (cached 0MB) CPU [0%@1728,22%@1728,0%@1728,1%@1728,0%@1728,0%@1728] GR3D_FREQ 89% cpu@60.281C soc2@59.75C soc0@58.781C gpu@62.812C tj@62.812C soc1@59.718C VDD_IN 19268mW/12118mW VDD_CPU_GPU_CV 9030mW/5121mW VDD_SOC 4886mW/3002mW
09-27-2026 08:54:52 RAM 5243/7620MB (lfb 18x4MB) SWAP 205/12002MB (cached 0MB) CPU [1%@1728,30%@1728,0%@1728,0%@1728,0%@1728,0%@1728] GR3D_FREQ 26% cpu@60.5C soc2@59.75C soc0@58.781C gpu@62.718C tj@62.718C soc1@59.718C VDD_IN 18677mW/12140mW VDD_CPU_GPU_CV 8542mW/5133mW VDD_SOC 4778mW/3008mW
09-27-2026 08:54:52 RAM 5718/7620MB (lfb 121x1MB) SWAP 205/12002MB (cached 0MB) CPU [23%@1728,41%@1728,24%@1728,22%@1728,22%@1728,23%@1728] GR3D_FREQ 0% cpu@61.437C soc2@59.843C soc0@58.906C gpu@61.5C tj@61.5C soc1@59.781C VDD_IN 17305mW/12158mW VDD_CPU_GPU_CV 7589mW/5141mW VDD_SOC 4474mW/3013mW
09-27-2026 08:54:53 RAM 5718/7620MB (lfb 121x1MB) SWAP 205/12002MB (cached 0MB) CPU [100%@1728,100%@1728,100%@1728,100%@1728,100%@1728,100%@1728] GR3D_FREQ 0% cpu@62.406C soc2@60.031C soc0@58.781C gpu@61C tj@62.406C soc1@60.031C VDD_IN 15289mW/12168mW VDD_CPU_GPU_CV 7575mW/5149mW VDD_SOC 3318mW/3014mW
09-27-2026 08:54:53 RAM 5718/7620MB (lfb 121x1MB) SWAP 205/12002MB (cached 0MB) CPU [100%@1728,100%@1728,100%@1728,100%@1728,100%@1728,100%@1728] GR3D_FREQ 0% cpu@62.656C soc2@60.062C soc0@58.718C gpu@60.843C tj@62.656C soc1@60.062C VDD_IN 14688mW/12177mW VDD_CPU_GPU_CV 7587mW/5158mW VDD_SOC 2971mW/3014mW
09-27-2026 08:54:54 RAM 6059/7620MB (lfb 3x2MB) SWAP 205/12002MB (cached 0MB) CPU [100%@1728,100%@1728,100%@1728,100%@1728,100%@1728,98%@1728] GR3D_FREQ 0% cpu@62.687C soc2@60C soc0@58.687C gpu@60.843C tj@62.687C soc1@60C VDD_IN 14139mW/12183mW VDD_CPU_GPU_CV 7210mW/5164mW VDD_SOC 2893mW/3013mW
09-27-2026 08:54:54 RAM 6065/7620MB (lfb 3x2MB) SWAP 205/12002MB (cached 0MB) CPU [100%@1728,100%@1728,100%@1728,100%@1728,100%@1728,100%@1728] GR3D_FREQ 0% cpu@62.562C soc2@60.093C soc0@58.718C gpu@60.968C tj@62.843C soc1@59.937C VDD_IN 14257mW/12190mW VDD_CPU_GPU_CV 7444mW/5172mW VDD_SOC 2854mW/3013mW
09-27-2026 08:54:55 RAM 6065/7620MB (lfb 3x2MB) SWAP 205/12002MB (cached 0MB) CPU [100%@1728,100%@1728,100%@1728,100%@1728,100%@1728,100%@1728] GR3D_FREQ 0% cpu@62.531C soc2@60.156C soc0@58.718C gpu@60.968C tj@62.531C soc1@60C VDD_IN 14257mW/12197mW VDD_CPU_GPU_CV 7483mW/5180mW VDD_SOC 2815mW/3012mW
09-27-2026 08:54:55 RAM 5717/7620MB (lfb 114x1MB) SWAP 205/12002MB (cached 0MB) CPU [86%@1728,96%@1728,86%@1728,88%@1728,86%@1728,88%@1728] GR3D_FREQ 0% cpu@62.156C soc2@59.906C soc0@58.718C gpu@60.625C tj@62.156C soc1@59.937C VDD_IN 13221mW/12200mW VDD_CPU_GPU_CV 6324mW/5183mW VDD_SOC 2898mW/3012mW
09-27-2026 08:54:56 RAM 5717/7620MB (lfb 114x1MB) SWAP 205/12002MB (cached 0MB) CPU [100%@1728,100%@1728,100%@1728,100%@1728,100%@1728,100%@1728] GR3D_FREQ 0% cpu@62.687C soc2@60C soc0@58.718C gpu@60.625C tj@62.687C soc1@60.156C VDD_IN 14061mW/12206mW VDD_CPU_GPU_CV 7249mW/5190mW VDD_SOC 2859mW/3011mW
09-27-2026 08:54:56 RAM 5717/7620MB (lfb 114x1MB) SWAP 205/12002MB (cached 0MB) CPU [100%@1728,100%@1728,100%@1728,100%@1728,100%@1728,100%@1728] GR3D_FREQ 0% cpu@62.843C soc2@59.968C soc0@58.656C gpu@60.843C tj@62.843C soc1@60.156C VDD_IN 14335mW/12213mW VDD_CPU_GPU_CV 7510mW/5198mW VDD_SOC 2854mW/3011mW
09-27-2026 08:54:57 RAM 6063/7620MB (lfb 4x2MB) SWAP 205/12002MB (cached 0MB) CPU [100%@1728,100%@1728,100%@1728,100%@1728,100%@1728,100%@1728] GR3D_FREQ 0% cpu@62.531C soc2@60.062C soc0@58.843C gpu@60.718C tj@62.531C soc1@60.062C VDD_IN 14139mW/12220mW VDD_CPU_GPU_CV 7288mW/5205mW VDD_SOC 2854mW/3010mW
09-27-2026 08:54:57 RAM 6063/7620MB (lfb 4x2MB) SWAP 205/12002MB (cached 0MB) CPU [100%@1728,100%@1728,100%@1728,100%@1728,100%@1728,100%@1728] GR3D_FREQ 0% cpu@62.5C soc2@60.062C soc0@58.75C gpu@61.062C tj@62.5C soc1@59.968C VDD_IN 14335mW/12227mW VDD_CPU_GPU_CV 7471mW/5212mW VDD_SOC 2854mW/3010mW
09-27-2026 08:54:58 RAM 6063/7620MB (lfb 4x2MB) SWAP 205/12002MB (cached 0MB) CPU [98%@1728,94%@1728,100%@1728,98%@1728,98%@1728,98%@1728] GR3D_FREQ 0% cpu@61.906C soc2@59.812C soc0@58.687C gpu@60.687C tj@61.906C soc1@60.218C VDD_IN 13221mW/12230mW VDD_CPU_GPU_CV 6441mW/5216mW VDD_SOC 2820mW/3009mW
09-27-2026 08:54:58 RAM 5237/7620MB (lfb 17x4MB) SWAP 205/12002MB (cached 0MB) CPU [34%@1728,24%@1728,54%@1728,35%@1728,50%@1728,35%@1728] GR3D_FREQ 86% cpu@60.75C soc2@59.687C soc0@58.75C gpu@62.531C tj@62.531C soc1@60.156C VDD_IN 15680mW/12241mW VDD_CPU_GPU_CV 7342mW/5223mW VDD_SOC 3786mW/3012mW
09-27-2026 08:54:59 RAM 5273/7620MB (lfb 17x4MB) SWAP 205/12002MB (cached 0MB) CPU [13%@1728,0%@1728,12%@1728,0%@1728,0%@1728,0%@1728] GR3D_FREQ 99% cpu@60.562C soc2@59.937C soc0@58.75C gpu@63.031C tj@63.031C soc1@60C VDD_IN 18716mW/12262mW VDD_CPU_GPU_CV 8929mW/5235mW VDD_SOC 4661mW/3017mW
09-27-2026 08:54:59 RAM 5273/7620MB (lfb 17x4MB) SWAP 205/12002MB (cached 0MB) CPU [1%@1728,36%@1728,0%@1728,0%@1728,0%@1728,0%@1728] GR3D_FREQ 75% cpu@60.687C soc2@60.125C soc0@59.093C gpu@62.687C tj@62.687C soc1@59.968C VDD_IN 19074mW/12284mW VDD_CPU_GPU_CV 8876mW/5247mW VDD_SOC 4848mW/3023mW
09-27-2026 08:55:00 RAM 5273/7620MB (lfb 17x4MB) SWAP 205/12002MB (cached 0MB) CPU [1%@1728,24%@1728,0%@1728,1%@1728,0%@1728,0%@1728] GR3D_FREQ 99% cpu@60.718C soc2@60.187C soc0@59.062C gpu@63.25C tj@63.25C soc1@59.906C VDD_IN 19818mW/12308mW VDD_CPU_GPU_CV 9400mW/5260mW VDD_SOC 5003mW/3029mW
09-27-2026 08:55:00 RAM 5273/7620MB (lfb 17x4MB) SWAP 205/12002MB (cached 0MB) CPU [1%@1728,34%@1728,0%@1728,0%@1728,0%@1728,1%@1728] GR3D_FREQ 97% cpu@61C soc2@60.218C soc0@59.25C gpu@62.968C tj@62.968C soc1@60.125C VDD_IN 19462mW/12331mW VDD_CPU_GPU_CV 9069mW/5272mW VDD_SOC 4925mW/3035mW
09-27-2026 08:55:01 RAM 5735/7620MB (lfb 116x1MB) SWAP 205/12002MB (cached 0MB) CPU [64%@1728,71%@1728,64%@1728,62%@1728,60%@1728,58%@1728] GR3D_FREQ 0% cpu@62.781C soc2@60.343C soc0@59.125C gpu@61.406C tj@62.781C soc1@60.156C VDD_IN 16006mW/12342mW VDD_CPU_GPU_CV 7497mW/5279mW VDD_SOC 3819mW/3038mW
09-27-2026 08:55:01 RAM 5735/7620MB (lfb 116x1MB) SWAP 205/12002MB (cached 0MB) CPU [100%@1728,100%@1728,100%@1728,100%@1728,100%@1728,100%@1728] GR3D_FREQ 0% cpu@63.093C soc2@60.406C soc0@59C gpu@61.468C tj@63.093C soc1@60.187C VDD_IN 14859mW/12350mW VDD_CPU_GPU_CV 7548mW/5286mW VDD_SOC 3128mW/3038mW
09-27-2026 08:55:02 RAM 5735/7620MB (lfb 116x1MB) SWAP 205/12002MB (cached 0MB) CPU [100%@1728,100%@1728,100%@1728,100%@1728,100%@1728,100%@1728] GR3D_FREQ 0% cpu@62.906C soc2@60.437C soc0@59.218C gpu@61.593C tj@62.906C soc1@60.25C VDD_IN 14570mW/12357mW VDD_CPU_GPU_CV 7587mW/5294mW VDD_SOC 2932mW/3038mW
09-27-2026 08:55:02 RAM 6080/7620MB (lfb 3x2MB) SWAP 205/12002MB (cached 0MB) CPU [100%@1728,100%@1728,100%@1728,100%@1728,100%@1728,100%@1728] GR3D_FREQ 0% cpu@62.781C soc2@60.343C soc0@59.031C gpu@61.406C tj@62.781C soc1@60.437C VDD_IN 14257mW/12363mW VDD_CPU_GPU_CV 7405mW/5300mW VDD_SOC 2854mW/3037mW
09-27-2026 08:55:03 RAM 6082/7620MB (lfb 3x2MB) SWAP 205/12002MB (cached 0MB) CPU [100%@1728,100%@1728,100%@1728,100%@1728,100%@1728,100%@1728] GR3D_FREQ 0% cpu@63C soc2@60.343C soc0@59.031C gpu@61.156C tj@63C soc1@60.375C VDD_IN 14335mW/12370mW VDD_CPU_GPU_CV 7510mW/5307mW VDD_SOC 2854mW/3036mW
09-27-2026 08:55:03 RAM 5672/7620MB (lfb 11x4MB) SWAP 205/12002MB (cached 0MB) CPU [94%@1728,94%@1728,93%@1728,94%@1728,94%@1728,94%@1728] GR3D_FREQ 0% cpu@61.718C soc2@60.125C soc0@58.937C gpu@61.093C tj@61.718C soc1@60.375C VDD_IN 12985mW/12372mW VDD_CPU_GPU_CV 6246mW/5310mW VDD_SOC 2820mW/3036mW
09-27-2026 08:55:04 RAM 5735/7620MB (lfb 115x1MB) SWAP 205/12002MB (cached 0MB) CPU [93%@1728,100%@1728,94%@1728,94%@1728,94%@1728,94%@1728] GR3D_FREQ 0% cpu@62.781C soc2@60.312C soc0@59.125C gpu@61.062C tj@62.781C soc1@60.312C VDD_IN 13731mW/12376mW VDD_CPU_GPU_CV 6820mW/5315mW VDD_SOC 2859mW/3035mW
09-27-2026 08:55:04 RAM 5735/7620MB (lfb 115x1MB) SWAP 205/12002MB (cached 0MB) CPU [100%@1728,100%@1728,100%@1728,100%@1728,100%@1728,100%@1728] GR3D_FREQ 0% cpu@62.718C soc2@60.343C soc0@59.062C gpu@61.187C tj@62.718C soc1@60.312C VDD_IN 14257mW/12382mW VDD_CPU_GPU_CV 7405mW/5321mW VDD_SOC 2854mW/3035mW
09-27-2026 08:55:05 RAM 6083/7620MB (lfb 1x4MB) SWAP 205/12002MB (cached 0MB) CPU [100%@1728,100%@1728,100%@1728,100%@1728,100%@1728,100%@1728] GR3D_FREQ 0% cpu@62.656C soc2@60.187C soc0@59.031C gpu@61.25C tj@62.656C soc1@60.531C VDD_IN 13943mW/12387mW VDD_CPU_GPU_CV 7054mW/5327mW VDD_SOC 2898mW/3034mW
09-27-2026 08:55:05 RAM 6088/7620MB (lfb 1x4MB) SWAP 205/12002MB (cached 0MB) CPU [100%@1728,100%@1728,94%@1728,100%@1728,100%@1728,100%@1728] GR3D_FREQ 0% cpu@63C soc2@60.25C soc0@59C gpu@61.187C tj@63C soc1@60.437C VDD_IN 13982mW/12391mW VDD_CPU_GPU_CV 7132mW/5332mW VDD_SOC 2859mW/3034mW
09-27-2026 08:55:06 RAM 6086/7620MB (lfb 1x4MB) SWAP 205/12002MB (cached 0MB) CPU [100%@1728,100%@1728,100%@1728,100%@1728,100%@1728,100%@1728] GR3D_FREQ 0% cpu@63.031C soc2@60.281C soc0@59.031C gpu@61.125C tj@63.031C soc1@60.375C VDD_IN 13613mW/12395mW VDD_CPU_GPU_CV 6898mW/5337mW VDD_SOC 2820mW/3033mW
09-27-2026 08:55:06 RAM 5874/7620MB (lfb 11x4MB) SWAP 205/12002MB (cached 0MB) CPU [98%@1728,96%@1728,98%@1728,98%@1728,98%@1728,96%@1728] GR3D_FREQ 0% cpu@62.062C soc2@60.156C soc0@59.187C gpu@60.968C tj@62.062C soc1@60.343C VDD_IN 13064mW/12397mW VDD_CPU_GPU_CV 6324mW/5340mW VDD_SOC 2820mW/3032mW
09-27-2026 08:55:07 RAM 5708/7620MB (lfb 19x1MB) SWAP 205/12002MB (cached 0MB) CPU [28%@1728,68%@1728,24%@1728,26%@1728,24%@1728,26%@1728] GR3D_FREQ 60% cpu@60.718C soc2@60.031C soc0@59.156C gpu@61.968C tj@61.968C soc1@60.281C VDD_IN 14413mW/12403mW VDD_CPU_GPU_CV 6353mW/5343mW VDD_SOC 3597mW/3034mW
09-27-2026 08:55:07 RAM 5736/7620MB (lfb 22x1MB) SWAP 205/12002MB (cached 0MB) CPU [0%@1728,28%@1728,1%@1728,1%@1728,1%@1728,0%@1728] GR3D_FREQ 99% cpu@61C soc2@60.156C soc0@59.218C gpu@63.562C tj@63.562C soc1@60.312C VDD_IN 18444mW/12422mW VDD_CPU_GPU_CV 8697mW/5354mW VDD_SOC 4622mW/3039mW
09-27-2026 08:55:08 RAM 5736/7620MB (lfb 22x1MB) SWAP 205/12002MB (cached 0MB) CPU [1%@1728,28%@1728,0%@1728,0%@1728,0%@1728,1%@1728] GR3D_FREQ 97% cpu@61.093C soc2@60.343C soc0@59.218C gpu@63.468C tj@63.468C soc1@60.25C VDD_IN 19540mW/12444mW VDD_CPU_GPU_CV 9184mW/5365mW VDD_SOC 4964mW/3045mW
09-27-2026 08:55:08 RAM 5736/7620MB (lfb 22x1MB) SWAP 205/12002MB (cached 0MB) CPU [1%@1728,20%@1728,0%@1728,1%@1728,0%@1728,0%@1728] GR3D_FREQ 99% cpu@61.125C soc2@60.593C soc0@59.343C gpu@63.312C tj@63.312C soc1@60.218C VDD_IN 20051mW/12467mW VDD_CPU_GPU_CV 9516mW/5378mW VDD_SOC 5072mW/3051mW
09-27-2026 08:55:09 RAM 5737/7620MB (lfb 22x1MB) SWAP 205/12002MB (cached 0MB) CPU [0%@1728,27%@1728,0%@1728,3%@1728,0%@1728,0%@1728] GR3D_FREQ 99% cpu@60.968C soc2@60.656C soc0@59.531C gpu@63.593C tj@63.593C soc1@60.375C VDD_IN 20284mW/12490mW VDD_CPU_GPU_CV 9709mW/5391mW VDD_SOC 5111mW/3057mW
09-27-2026 08:55:09 RAM 6148/7620MB (lfb 1x2MB) SWAP 277/12002MB (cached 0MB) CPU [80%@1728,88%@1728,82%@1728,81%@1728,80%@1728,78%@1728] GR3D_FREQ 0% cpu@63.25C soc2@60.625C soc0@59.562C gpu@61.781C tj@62.937C soc1@60.375C VDD_IN 15602mW/12500mW VDD_CPU_GPU_CV 7342mW/5397mW VDD_SOC 3669mW/3059mW
09-27-2026 08:55:10 RAM 6138/7620MB (lfb 2x2MB) SWAP 287/12002MB (cached 0MB) CPU [100%@1728,100%@1728,100%@1728,100%@1728,100%@1728,100%@1728] GR3D_FREQ 0% cpu@63.062C soc2@60.718C soc0@59.343C gpu@61.468C tj@63.062C soc1@60.625C VDD_IN 14492mW/12506mW VDD_CPU_GPU_CV 7315mW/5403mW VDD_SOC 3050mW/3059mW
09-27-2026 08:55:10 RAM 6142/7620MB (lfb 3x4MB) SWAP 287/12002MB (cached 0MB) CPU [100%@1728,100%@1728,100%@1728,100%@1728,100%@1728,100%@1728] GR3D_FREQ 0% cpu@63.218C soc2@60.625C soc0@59.312C gpu@61.75C tj@63.218C soc1@60.593C VDD_IN 14178mW/12511mW VDD_CPU_GPU_CV 7288mW/5408mW VDD_SOC 2893mW/3059mW
09-27-2026 08:55:11 RAM 6429/7620MB (lfb 1x4MB) SWAP 333/12002MB (cached 0MB) CPU [100%@1728,100%@1728,100%@1728,100%@1728,100%@1728,100%@1728] GR3D_FREQ 0% cpu@63C soc2@60.625C soc0@59.437C gpu@61.406C tj@63C soc1@60.5C VDD_IN 13787mW/12515mW VDD_CPU_GPU_CV 6898mW/5413mW VDD_SOC 2859mW/3058mW
09-27-2026 08:55:11 RAM 6391/7620MB (lfb 1x4MB) SWAP 450/12002MB (cached 0MB) CPU [100%@1728,100%@1728,100%@1728,100%@1728,100%@1728,100%@1728] GR3D_FREQ 0% cpu@62.625C soc2@60.5C soc0@59.375C gpu@61.687C tj@62.687C soc1@60.593C VDD_IN 13181mW/12517mW VDD_CPU_GPU_CV 6558mW/5416mW VDD_SOC 2780mW/3057mW
09-27-2026 08:55:12 RAM 6384/7620MB (lfb 1x4MB) SWAP 459/12002MB (cached 0MB) CPU [100%@1728,100%@1728,100%@1728,100%@1728,100%@1728,100%@1728] GR3D_FREQ 0% cpu@62.968C soc2@60.593C soc0@59.312C gpu@61.5C tj@62.968C soc1@60.75C VDD_IN 13904mW/12521mW VDD_CPU_GPU_CV 7210mW/5422mW VDD_SOC 2820mW/3056mW
09-27-2026 08:55:12 RAM 6387/7620MB (lfb 1x4MB) SWAP 459/12002MB (cached 0MB) CPU [92%@1728,100%@1728,92%@1728,92%@1728,94%@1728,90%@1728] GR3D_FREQ 0% cpu@61.5C soc2@60.218C soc0@59.25C gpu@61.406C tj@61.5C soc1@60.687C VDD_IN 12711mW/12521mW VDD_CPU_GPU_CV 6012mW/5423mW VDD_SOC 2785mW/3056mW
09-27-2026 08:55:13 RAM 6039/7620MB (lfb 7x4MB) SWAP 459/12002MB (cached 0MB) CPU [78%@1728,80%@1728,81%@1728,81%@1728,80%@1728,100%@1728] GR3D_FREQ 0% cpu@63.281C soc2@60.343C soc0@59.218C gpu@61.406C tj@63.281C soc1@60.5C VDD_IN 13142mW/12523mW VDD_CPU_GPU_CV 6246mW/5426mW VDD_SOC 2859mW/3055mW
09-27-2026 08:55:14 RAM 6039/7620MB (lfb 7x4MB) SWAP 459/12002MB (cached 0MB) CPU [100%@1728,100%@1728,100%@1728,100%@1728,100%@1728,100%@1728] GR3D_FREQ 0% cpu@63.218C soc2@60.625C soc0@59.281C gpu@61.343C tj@63.218C soc1@60.531C VDD_IN 13904mW/12527mW VDD_CPU_GPU_CV 7132mW/5431mW VDD_SOC 2820mW/3054mW
09-27-2026 08:55:14 RAM 6040/7620MB (lfb 7x4MB) SWAP 459/12002MB (cached 0MB) CPU [100%@1728,100%@1728,100%@1728,100%@1728,100%@1728,100%@1728] GR3D_FREQ 0% cpu@63.093C soc2@60.562C soc0@59.218C gpu@61.281C tj@63.093C soc1@60.437C VDD_IN 14296mW/12533mW VDD_CPU_GPU_CV 7522mW/5437mW VDD_SOC 2815mW/3054mW
09-27-2026 08:55:15 RAM 6415/7620MB (lfb 1x4MB) SWAP 459/12002MB (cached 0MB) CPU [100%@1728,100%@1728,100%@1728,100%@1728,100%@1728,100%@1728] GR3D_FREQ 0% cpu@63.312C soc2@60.562C soc0@59.25C gpu@61.406C tj@63.312C soc1@60.656C VDD_IN 14296mW/12538mW VDD_CPU_GPU_CV 7393mW/5443mW VDD_SOC 2854mW/3053mW
09-27-2026 08:55:15 RAM 6413/7620MB (lfb 1x4MB) SWAP 459/12002MB (cached 0MB) CPU [100%@1728,100%@1728,100%@1728,100%@1728,100%@1728,100%@1728] GR3D_FREQ 0% cpu@63.437C soc2@60.593C soc0@59.156C gpu@61.375C tj@63.437C soc1@60.625C VDD_IN 14374mW/12543mW VDD_CPU_GPU_CV 7548mW/5449mW VDD_SOC 2854mW/3052mW
09-27-2026 08:55:16 RAM 6056/7620MB (lfb 4x4MB) SWAP 459/12002MB (cached 0MB) CPU [100%@1728,90%@1728,90%@1728,90%@1728,91%@1728,90%@1728] GR3D_FREQ 0% cpu@61.593C soc2@60.437C soc0@59.218C gpu@61.281C tj@61.593C soc1@60.656C VDD_IN 12907mW/12544mW VDD_CPU_GPU_CV 6168mW/5451mW VDD_SOC 2824mW/3052mW
09-27-2026 08:55:16 RAM 5549/7620MB (lfb 10x4MB) SWAP 459/12002MB (cached 0MB) CPU [45%@1728,27%@1728,24%@1728,26%@1728,26%@1728,24%@1728] GR3D_FREQ 96% cpu@61C soc2@60.343C soc0@59.406C gpu@63.062C tj@63.062C soc1@60.531C VDD_IN 15094mW/12552mW VDD_CPU_GPU_CV 6848mW/5455mW VDD_SOC 3747mW/3054mW
09-27-2026 08:55:17 RAM 5586/7620MB (lfb 10x4MB) SWAP 459/12002MB (cached 0MB) CPU [24%@1728,1%@1728,1%@1728,0%@1728,0%@1728,1%@1728] GR3D_FREQ 99% cpu@60.937C soc2@60.437C soc0@59.406C gpu@63.343C tj@63.343C soc1@60.531C VDD_IN 18483mW/12569mW VDD_CPU_GPU_CV 8736mW/5464mW VDD_SOC 4661mW/3058mW
09-27-2026 08:55:17 RAM 5586/7620MB (lfb 10x4MB) SWAP 459/12002MB (cached 0MB) CPU [28%@1728,0%@1728,0%@1728,0%@1728,0%@1728,0%@1728] GR3D_FREQ 99% cpu@61.5C soc2@60.531C soc0@59.468C gpu@63.812C tj@63.812C soc1@60.593C VDD_IN 19618mW/12589mW VDD_CPU_GPU_CV 9246mW/5475mW VDD_SOC 4964mW/3064mW
09-27-2026 08:55:18 RAM 5586/7620MB (lfb 10x4MB) SWAP 459/12002MB (cached 0MB) CPU [26%@1728,0%@1728,0%@1728,0%@1728,0%@1728,0%@1728] GR3D_FREQ 77% cpu@61.531C soc2@60.656C soc0@59.781C gpu@63.5C tj@63.5C soc1@60.531C VDD_IN 20090mW/12611mW VDD_CPU_GPU_CV 9477mW/5487mW VDD_SOC 5072mW/3070mW
09-27-2026 08:55:18 RAM 5586/7620MB (lfb 10x4MB) SWAP 459/12002MB (cached 0MB) CPU [23%@1728,0%@1728,0%@1728,0%@1728,0%@1728,0%@1728] GR3D_FREQ 99% cpu@61.25C soc2@60.906C soc0@59.718C gpu@63.875C tj@63.875C soc1@60.531C VDD_IN 20361mW/12633mW VDD_CPU_GPU_CV 9747mW/5499mW VDD_SOC 5111mW/3076mW
09-27-2026 08:55:19 RAM 5628/7620MB (lfb 10x4MB) SWAP 459/12002MB (cached 0MB) CPU [35%@1728,0%@1728,3%@1728,0%@1728,0%@1728,0%@1728] GR3D_FREQ 11% cpu@61.468C soc2@60.843C soc0@59.843C gpu@63.281C tj@63.281C soc1@60.531C VDD_IN 19346mW/12652mW VDD_CPU_GPU_CV 8953mW/5509mW VDD_SOC 4925mW/3081mW
09-27-2026 08:55:19 RAM 5628/7620MB (lfb 10x4MB) SWAP 459/12002MB (cached 0MB) CPU [22%@1728,0%@1728,0%@1728,0%@1728,0%@1728,0%@1728] GR3D_FREQ 99% cpu@61.531C soc2@60.906C soc0@59.812C gpu@64.093C tj@64.093C soc1@60.781C VDD_IN 19973mW/12673mW VDD_CPU_GPU_CV 9516mW/5521mW VDD_SOC 5033mW/3087mW
09-27-2026 08:55:20 RAM 5628/7620MB (lfb 10x4MB) SWAP 459/12002MB (cached 0MB) CPU [38%@1728,2%@1728,1%@1728,0%@1728,0%@1728,0%@1728] GR3D_FREQ 50% cpu@61.656C soc2@60.937C soc0@59.875C gpu@63.468C tj@63.468C soc1@60.656C VDD_IN 19462mW/12692mW VDD_CPU_GPU_CV 9069mW/5531mW VDD_SOC 4964mW/3092mW
09-27-2026 08:55:20 RAM 5626/7620MB (lfb 10x4MB) SWAP 459/12002MB (cached 0MB) CPU [24%@1728,3%@1728,1%@1728,1%@1728,0%@1728,0%@1728] GR3D_FREQ 99% cpu@61.656C soc2@61.125C soc0@60.187C gpu@64.437C tj@64.437C soc1@60.718C VDD_IN 19973mW/12713mW VDD_CPU_GPU_CV 9554mW/5542mW VDD_SOC 5033mW/3097mW
09-27-2026 08:55:21 RAM 5590/7620MB (lfb 10x4MB) SWAP 459/12002MB (cached 0MB) CPU [35%@1728,0%@1728,0%@1728,2%@1728,0%@1728,0%@1728] GR3D_FREQ 96% cpu@61.625C soc2@61.125C soc0@60.187C gpu@63.687C tj@63.687C soc1@60.687C VDD_IN 19113mW/12731mW VDD_CPU_GPU_CV 8837mW/5551mW VDD_SOC 4886mW/3102mW
09-27-2026 08:55:21 RAM 5626/7620MB (lfb 10x4MB) SWAP 459/12002MB (cached 0MB) CPU [24%@1728,0%@1728,0%@1728,0%@1728,0%@1728,0%@1728] GR3D_FREQ 99% cpu@61.781C soc2@61.125C soc0@60.031C gpu@64.406C tj@64.406C soc1@60.968C VDD_IN 19190mW/12750mW VDD_CPU_GPU_CV 8991mW/5561mW VDD_SOC 4886mW/3107mW
09-27-2026 08:55:22 RAM 5626/7620MB (lfb 10x4MB) SWAP 459/12002MB (cached 0MB) CPU [24%@1728,1%@1728,0%@1728,1%@1728,0%@1728,0%@1728] GR3D_FREQ 73% cpu@61.75C soc2@61.125C soc0@60.062C gpu@63.843C tj@63.843C soc1@60.906C VDD_IN 19268mW/12768mW VDD_CPU_GPU_CV 8953mW/5571mW VDD_SOC 4886mW/3113mW
09-27-2026 08:55:22 RAM 5626/7620MB (lfb 10x4MB) SWAP 459/12002MB (cached 0MB) CPU [3%@1728,0%@1728,0%@1728,0%@1728,24%@1728,0%@1728] GR3D_FREQ 96% cpu@61.75C soc2@61.156C soc0@60.125C gpu@63.812C tj@63.812C soc1@60.937C VDD_IN 18841mW/12785mW VDD_CPU_GPU_CV 8683mW/5579mW VDD_SOC 4817mW/3117mW
09-27-2026 08:55:23 RAM 5626/7620MB (lfb 10x4MB) SWAP 459/12002MB (cached 0MB) CPU [0%@1728,0%@1728,0%@1728,1%@1728,26%@1728,0%@1728] GR3D_FREQ 99% cpu@61.625C soc2@61.218C soc0@60.25C gpu@64.281C tj@64.281C soc1@60.843C VDD_IN 19385mW/12803mW VDD_CPU_GPU_CV 9184mW/5589mW VDD_SOC 4925mW/3122mW
09-27-2026 08:55:23 RAM 5590/7620MB (lfb 11x4MB) SWAP 459/12002MB (cached 0MB) CPU [0%@1728,1%@1728,1%@1728,0%@1728,28%@1728,0%@1728] GR3D_FREQ 41% cpu@61.812C soc2@61.156C soc0@60.312C gpu@63.406C tj@63.406C soc1@61.093C VDD_IN 18802mW/12820mW VDD_CPU_GPU_CV 8644mW/5598mW VDD_SOC 4817mW/3127mW
09-27-2026 08:55:24 RAM 5622/7620MB (lfb 10x4MB) SWAP 458/12002MB (cached 0MB) CPU [0%@1728,2%@1728,0%@1728,0%@1728,37%@1728,1%@1728] GR3D_FREQ 56% cpu@61.781C soc2@61.125C soc0@60.281C gpu@63.593C tj@63.593C soc1@61.031C VDD_IN 17977mW/12835mW VDD_CPU_GPU_CV 8040mW/5605mW VDD_SOC 4661mW/3131mW
09-27-2026 08:55:24 RAM 5622/7620MB (lfb 10x4MB) SWAP 458/12002MB (cached 0MB) CPU [0%@1728,0%@1728,0%@1728,0%@1728,28%@1728,0%@1728] GR3D_FREQ 99% cpu@61.843C soc2@61.187C soc0@60.25C gpu@64.343C tj@64.343C soc1@61C VDD_IN 18327mW/12850mW VDD_CPU_GPU_CV 8349mW/5612mW VDD_SOC 4739mW/3136mW
09-27-2026 08:55:25 RAM 5622/7620MB (lfb 10x4MB) SWAP 458/12002MB (cached 0MB) CPU [0%@1728,0%@1728,0%@1728,0%@1728,31%@1728,0%@1728] GR3D_FREQ 99% cpu@61.781C soc2@61.25C soc0@60.375C gpu@64.406C tj@64.406C soc1@61C VDD_IN 18608mW/12866mW VDD_CPU_GPU_CV 8620mW/5621mW VDD_SOC 4778mW/3140mW
09-27-2026 08:55:25 RAM 5682/7620MB (lfb 10x4MB) SWAP 458/12002MB (cached 0MB) CPU [0%@1728,0%@1728,0%@1728,0%@1728,35%@1728,0%@1728] GR3D_FREQ 47% cpu@61.718C soc2@61.312C soc0@60.343C gpu@63.718C tj@63.718C soc1@61C VDD_IN 18522mW/12881mW VDD_CPU_GPU_CV 8504mW/5629mW VDD_SOC 4778mW/3145mW
09-27-2026 08:55:26 RAM 5683/7620MB (lfb 10x4MB) SWAP 458/12002MB (cached 0MB) CPU [0%@1728,1%@1728,0%@1728,0%@1728,32%@1728,0%@1728] GR3D_FREQ 67% cpu@61.937C soc2@61.312C soc0@60.375C gpu@63.781C tj@63.781C soc1@61.218C VDD_IN 18327mW/12896mW VDD_CPU_GPU_CV 8311mW/5636mW VDD_SOC 4739mW/3149mW
09-27-2026 08:55:26 RAM 5588/7620MB (lfb 10x4MB) SWAP 458/12002MB (cached 0MB) CPU [1%@1728,0%@1728,0%@1728,0%@1728,60%@1728,0%@1728] GR3D_FREQ 99% cpu@62.062C soc2@61.031C soc0@60.312C gpu@63.625C tj@63.625C soc1@61.156C VDD_IN 15367mW/12903mW VDD_CPU_GPU_CV 6565mW/5639mW VDD_SOC 4099mW/3152mW
09-27-2026 08:55:27 RAM 5673/7620MB (lfb 10x4MB) SWAP 458/12002MB (cached 0MB) CPU [0%@1728,0%@1728,0%@1728,1%@1728,56%@1728,1%@1728] GR3D_FREQ 97% cpu@61.687C soc2@61.093C soc0@60.437C gpu@63.218C tj@63.218C soc1@61.125C VDD_IN 15459mW/12910mW VDD_CPU_GPU_CV 6643mW/5641mW VDD_SOC 4099mW/3154mW
09-27-2026 08:55:27 RAM 5622/7620MB (lfb 10x4MB) SWAP 458/12002MB (cached 0MB) CPU [0%@1728,0%@1728,0%@1728,0%@1728,65%@1728,0%@1728] GR3D_FREQ 0% cpu@61.906C soc2@60.875C soc0@60.312C gpu@62.843C tj@62.843C soc1@61.031C VDD_IN 14859mW/12916mW VDD_CPU_GPU_CV 6109mW/5643mW VDD_SOC 3982mW/3157mW
09-27-2026 08:55:28 RAM 5622/7620MB (lfb 10x4MB) SWAP 458/12002MB (cached 0MB) CPU [0%@1728,1%@1728,0%@1728,0%@1728,70%@1728,0%@1728] GR3D_FREQ 0% cpu@62C soc2@60.812C soc0@60.25C gpu@62.468C tj@62.468C soc1@61.156C VDD_IN 13669mW/12918mW VDD_CPU_GPU_CV 5378mW/5642mW VDD_SOC 3720mW/3158mW
09-27-2026 08:55:28 RAM 5622/7620MB (lfb 10x4MB) SWAP 458/12002MB (cached 0MB) CPU [0%@1728,1%@1728,0%@1728,0%@1728,71%@1728,0%@1728] GR3D_FREQ 0% cpu@62.093C soc2@60.656C soc0@60.187C gpu@62.343C tj@62.343C soc1@61.062C VDD_IN 12828mW/12917mW VDD_CPU_GPU_CV 4880mW/5640mW VDD_SOC 3564mW/3159mW
09-27-2026 08:55:29 RAM 5622/7620MB (lfb 10x4MB) SWAP 458/12002MB (cached 0MB) CPU [0%@1728,0%@1728,0%@1728,0%@1728,53%@1728,0%@1728] GR3D_FREQ 99% cpu@61.531C soc2@60.937C soc0@60.25C gpu@63.5C tj@63.5C soc1@61.062C VDD_IN 14703mW/12922mW VDD_CPU_GPU_CV 6225mW/5642mW VDD_SOC 3949mW/3162mW
09-27-2026 08:55:29 RAM 5622/7620MB (lfb 10x4MB) SWAP 458/12002MB (cached 0MB) CPU [0%@1728,0%@1728,0%@1728,0%@1728,61%@1728,0%@1728] GR3D_FREQ 72% cpu@61.406C soc2@61C soc0@60.187C gpu@63.125C tj@63.125C soc1@60.968C VDD_IN 15172mW/12928mW VDD_CPU_GPU_CV 6342mW/5643mW VDD_SOC 4060mW/3164mW
09-27-2026 08:55:30 RAM 5622/7620MB (lfb 10x4MB) SWAP 458/12002MB (cached 0MB) CPU [1%@1728,0%@1728,0%@1728,0%@1728,72%@1728,1%@1728] GR3D_FREQ 0% cpu@62C soc2@60.718C soc0@60.093C gpu@62.187C tj@62.187C soc1@61.062C VDD_IN 14022mW/12931mW VDD_CPU_GPU_CV 5573mW/5643mW VDD_SOC 3793mW/3166mW
09-27-2026 08:55:30 RAM 5622/7620MB (lfb 10x4MB) SWAP 458/12002MB (cached 0MB) CPU [0%@1728,3%@1728,0%@1728,0%@1728,72%@1728,0%@1728] GR3D_FREQ 0% cpu@62.125C soc2@60.625C soc0@60.093C gpu@62.375C tj@62.375C soc1@61.062C VDD_IN 13103mW/12932mW VDD_CPU_GPU_CV 4997mW/5641mW VDD_SOC 3603mW/3167mW
09-27-2026 08:55:31 RAM 5622/7620MB (lfb 10x4MB) SWAP 458/12002MB (cached 0MB) CPU [0%@1728,2%@1728,0%@1728,0%@1728,60%@1728,0%@1728] GR3D_FREQ 99% cpu@61.562C soc2@60.812C soc0@60.156C gpu@63.375C tj@63.375C soc1@61.031C VDD_IN 14022mW/12935mW VDD_CPU_GPU_CV 5690mW/5642mW VDD_SOC 3793mW/3169mW
09-27-2026 08:55:31 RAM 5646/7620MB (lfb 11x4MB) SWAP 458/12002MB (cached 0MB) CPU [0%@1728,1%@1728,0%@1728,0%@1728,54%@1728,0%@1728] GR3D_FREQ 0% cpu@61.406C soc2@60.906C soc0@60.156C gpu@62.843C tj@62.843C soc1@60.968C VDD_IN 14781mW/12940mW VDD_CPU_GPU_CV 6187mW/5643mW VDD_SOC 3949mW/3171mW
09-27-2026 08:55:32 RAM 5587/7620MB (lfb 12x4MB) SWAP 458/12002MB (cached 0MB) CPU [52%@1728,52%@1728,52%@1728,84%@1728,60%@1728,52%@1728] GR3D_FREQ 36% cpu@61.406C soc2@60.625C soc0@60.031C gpu@62.843C tj@62.843C soc1@60.968C VDD_IN 12024mW/12937mW VDD_CPU_GPU_CV 4536mW/5640mW VDD_SOC 3295mW/3171mW
09-27-2026 08:55:32 RAM 5626/7620MB (lfb 11x4MB) SWAP 458/12002MB (cached 0MB) CPU [53%@1728,52%@1728,52%@1728,80%@1728,52%@1728,52%@1728] GR3D_FREQ 0% cpu@61.937C soc2@60.531C soc0@60.062C gpu@61.812C tj@61.937C soc1@61.062C VDD_IN 11631mW/12934mW VDD_CPU_GPU_CV 4308mW/5637mW VDD_SOC 3182mW/3171mW
09-27-2026 08:55:33 RAM 5626/7620MB (lfb 11x4MB) SWAP 458/12002MB (cached 0MB) CPU [48%@1728,50%@1728,50%@1728,78%@1728,49%@1728,49%@1728] GR3D_FREQ 0% cpu@62.343C soc2@60.656C soc0@59.937C gpu@61.75C tj@62.343C soc1@61C VDD_IN 12142mW/12931mW VDD_CPU_GPU_CV 4731mW/5634mW VDD_SOC 3256mW/3171mW
09-27-2026 08:55:33 RAM 5742/7620MB (lfb 1x4MB) SWAP 458/12002MB (cached 0MB) CPU [35%@1728,32%@1728,34%@1728,76%@1728,35%@1728,34%@1728] GR3D_FREQ 0% cpu@62.062C soc2@60.75C soc0@60.125C gpu@62.062C tj@62.062C soc1@60.906C VDD_IN 12456mW/12930mW VDD_CPU_GPU_CV 4966mW/5632mW VDD_SOC 3334mW/3172mW
09-27-2026 08:55:34 RAM 5742/7620MB (lfb 1x4MB) SWAP 458/12002MB (cached 0MB) CPU [34%@1728,34%@1728,34%@1728,77%@1728,34%@1728,34%@1728] GR3D_FREQ 0% cpu@61.937C soc2@60.593C soc0@60.031C gpu@61.937C tj@61.937C soc1@60.875C VDD_IN 13025mW/12930mW VDD_CPU_GPU_CV 5231mW/5631mW VDD_SOC 3485mW/3172mW
09-27-2026 08:55:34 RAM 5686/7620MB (lfb 12x4MB) SWAP 458/12002MB (cached 0MB) CPU [40%@1728,39%@1728,40%@1728,76%@1728,40%@1728,42%@1728] GR3D_FREQ 0% cpu@61.5C soc2@60.625C soc0@59.968C gpu@62.656C tj@62.656C soc1@61.062C VDD_IN 13747mW/12933mW VDD_CPU_GPU_CV 5729mW/5632mW VDD_SOC 3642mW/3174mW
09-27-2026 08:55:35 RAM 5625/7620MB (lfb 11x4MB) SWAP 458/12002MB (cached 0MB) CPU [52%@1728,52%@1728,52%@1728,88%@1728,50%@1728,52%@1728] GR3D_FREQ 99% cpu@61.312C soc2@60.531C soc0@59.718C gpu@63.125C tj@63.125C soc1@61.031C VDD_IN 12828mW/12932mW VDD_CPU_GPU_CV 5192mW/5630mW VDD_SOC 3452mW/3174mW
09-27-2026 08:55:35 RAM 5626/7620MB (lfb 11x4MB) SWAP 458/12002MB (cached 0MB) CPU [51%@1728,52%@1728,51%@1728,90%@1728,52%@1728,52%@1728] GR3D_FREQ 0% cpu@61.687C soc2@60.375C soc0@59.781C gpu@61.562C tj@61.687C soc1@60.906C VDD_IN 11375mW/12928mW VDD_CPU_GPU_CV 4190mW/5627mW VDD_SOC 3104mW/3174mW
09-27-2026 08:55:36 RAM 5625/7620MB (lfb 11x4MB) SWAP 458/12002MB (cached 0MB) CPU [52%@1728,52%@1728,53%@1728,78%@1728,52%@1728,52%@1728] GR3D_FREQ 0% cpu@61.906C soc2@60.531C soc0@59.843C gpu@61.781C tj@61.906C soc1@60.875C VDD_IN 11828mW/12925mW VDD_CPU_GPU_CV 4504mW/5624mW VDD_SOC 3177mW/3174mW
09-27-2026 08:55:36 RAM 5626/7620MB (lfb 11x4MB) SWAP 458/12002MB (cached 0MB) CPU [42%@1728,41%@1728,42%@1728,76%@1728,42%@1728,41%@1728] GR3D_FREQ 0% cpu@61.968C soc2@60.406C soc0@59.843C gpu@61.593C tj@61.968C soc1@61.062C VDD_IN 12260mW/12924mW VDD_CPU_GPU_CV 4809mW/5622mW VDD_SOC 3256mW/3174mW
09-27-2026 08:55:37 RAM 5742/7620MB (lfb 1x4MB) SWAP 458/12002MB (cached 0MB) CPU [35%@1728,35%@1728,34%@1728,77%@1728,35%@1728,34%@1728] GR3D_FREQ 0% cpu@62.093C soc2@60.437C soc0@59.687C gpu@62.187C tj@62.187C soc1@60.937C VDD_IN 12671mW/12923mW VDD_CPU_GPU_CV 5044mW/5620mW VDD_SOC 3413mW/3175mW
09-27-2026 08:55:37 RAM 5748/7620MB (lfb 1x4MB) SWAP 458/12002MB (cached 0MB) CPU [42%@1728,44%@1728,62%@1728,82%@1728,38%@1728,40%@1728] GR3D_FREQ 0% cpu@61.656C soc2@60.5C soc0@59.687C gpu@61.968C tj@61.968C soc1@60.843C VDD_IN 13848mW/12925mW VDD_CPU_GPU_CV 5660mW/5620mW VDD_SOC 3603mW/3176mW
09-27-2026 08:55:38 RAM 5632/7620MB (lfb 11x4MB) SWAP 458/12002MB (cached 0MB) CPU [68%@1728,68%@1728,68%@1728,100%@1728,68%@1728,68%@1728] GR3D_FREQ 0% cpu@61.625C soc2@60.375C soc0@59.687C gpu@62.281C tj@62.281C soc1@60.843C VDD_IN 11335mW/12921mW VDD_CPU_GPU_CV 4190mW/5617mW VDD_SOC 3104mW/3176mW
09-27-2026 08:55:38 RAM 5632/7620MB (lfb 11x4MB) SWAP 458/12002MB (cached 0MB) CPU [52%@1728,52%@1728,52%@1728,78%@1728,50%@1728,52%@1728] GR3D_FREQ 0% cpu@61.5C soc2@60.343C soc0@59.75C gpu@61.687C tj@61.687C soc1@60.843C VDD_IN 11553mW/12918mW VDD_CPU_GPU_CV 4347mW/5613mW VDD_SOC 3143mW/3176mW
09-27-2026 08:55:39 RAM 5833/7620MB (lfb 78x1MB) SWAP 458/12002MB (cached 0MB) CPU [20%@1728,23%@1728,21%@1728,78%@1728,22%@1728,20%@1728] GR3D_FREQ 0% cpu@61.968C soc2@60.375C soc0@59.75C gpu@61.593C tj@61.75C soc1@60.937C VDD_IN 12181mW/12916mW VDD_CPU_GPU_CV 4653mW/5611mW VDD_SOC 3334mW/3176mW
09-27-2026 08:55:39 RAM 5710/7620MB (lfb 2x4MB) SWAP 458/12002MB (cached 0MB) CPU [33%@1728,31%@1728,33%@1728,81%@1728,31%@1728,32%@1728] GR3D_FREQ 71% cpu@61C soc2@60.343C soc0@59.625C gpu@62.75C tj@62.75C soc1@60.875C VDD_IN 12946mW/12916mW VDD_CPU_GPU_CV 5114mW/5610mW VDD_SOC 3564mW/3177mW
09-27-2026 08:55:40 RAM 5643/7620MB (lfb 12x4MB) SWAP 458/12002MB (cached 0MB) CPU [53%@1728,52%@1728,50%@1728,96%@1728,52%@1728,52%@1728] GR3D_FREQ 0% cpu@61.5C soc2@60.156C soc0@59.562C gpu@61.437C tj@61.5C soc1@60.812C VDD_IN 11020mW/12911mW VDD_CPU_GPU_CV 3923mW/5605mW VDD_SOC 3065mW/3177mW
09-27-2026 08:55:40 RAM 5874/7620MB (lfb 79x1MB) SWAP 458/12002MB (cached 0MB) CPU [27%@1728,28%@1728,28%@1728,78%@1728,27%@1728,26%@1728] GR3D_FREQ 0% cpu@61.625C soc2@60.25C soc0@59.781C gpu@61.468C tj@61.625C soc1@60.687C VDD_IN 12142mW/12909mW VDD_CPU_GPU_CV 4614mW/5603mW VDD_SOC 3334mW/3177mW
09-27-2026 08:55:41 RAM 5752/7620MB (lfb 10x4MB) SWAP 458/12002MB (cached 0MB) CPU [26%@1728,26%@1728,25%@1728,78%@1728,26%@1728,26%@1728] GR3D_FREQ 65% cpu@60.906C soc2@60.312C soc0@59.625C gpu@63.031C tj@63.031C soc1@60.656C VDD_IN 13456mW/12911mW VDD_CPU_GPU_CV 5426mW/5602mW VDD_SOC 3642mW/3179mW
09-27-2026 08:55:41 RAM 5708/7620MB (lfb 11x4MB) SWAP 458/12002MB (cached 0MB) CPU [52%@1728,50%@1728,52%@1728,100%@1728,52%@1728,51%@1728] GR3D_FREQ 0% cpu@61.156C soc2@60.093C soc0@59.625C gpu@61.25C tj@61.25C soc1@60.75C VDD_IN 10824mW/12905mW VDD_CPU_GPU_CV 3727mW/5597mW VDD_SOC 3065mW/3178mW
09-27-2026 08:55:42 RAM 5607/7620MB (lfb 9x4MB) SWAP 458/12002MB (cached 0MB) CPU [50%@1728,50%@1728,50%@1728,78%@1728,49%@1728,50%@1728] GR3D_FREQ 0% cpu@61.75C soc2@60.156C soc0@59.625C gpu@61.656C tj@61.75C soc1@60.781C VDD_IN 11828mW/12903mW VDD_CPU_GPU_CV 4465mW/5595mW VDD_SOC 3217mW/3178mW
09-27-2026 08:55:42 RAM 5876/7620MB (lfb 79x1MB) SWAP 458/12002MB (cached 0MB) CPU [14%@1728,14%@1728,16%@1728,78%@1728,16%@1728,17%@1728] GR3D_FREQ 0% cpu@61.531C soc2@60.218C soc0@59.718C gpu@61.781C tj@61.812C soc1@60.656C VDD_IN 12750mW/12902mW VDD_CPU_GPU_CV 4966mW/5593mW VDD_SOC 3491mW/3179mW
09-27-2026 08:55:43 RAM 5736/7620MB (lfb 9x4MB) SWAP 458/12002MB (cached 0MB) CPU [42%@1728,44%@1728,43%@1728,88%@1728,44%@1728,42%@1728] GR3D_FREQ 68% cpu@61.093C soc2@60.156C soc0@59.625C gpu@62.218C tj@62.218C soc1@60.531C VDD_IN 12181mW/12900mW VDD_CPU_GPU_CV 4614mW/5591mW VDD_SOC 3373mW/3180mW
09-27-2026 08:55:43 RAM 5660/7620MB (lfb 9x4MB) SWAP 458/12002MB (cached 0MB) CPU [52%@1728,52%@1728,52%@1728,90%@1728,50%@1728,52%@1728] GR3D_FREQ 0% cpu@61.218C soc2@60.062C soc0@59.5C gpu@61.437C tj@61.437C soc1@60.531C VDD_IN 11256mW/12896mW VDD_CPU_GPU_CV 4073mW/5587mW VDD_SOC 3104mW/3179mW
09-27-2026 08:55:44 RAM 5877/7620MB (lfb 79x1MB) SWAP 458/12002MB (cached 0MB) CPU [32%@1728,32%@1728,33%@1728,78%@1728,34%@1728,33%@1728] GR3D_FREQ 0% cpu@61.812C soc2@60.062C soc0@59.531C gpu@61.406C tj@61.812C soc1@60.75C VDD_IN 12142mW/12894mW VDD_CPU_GPU_CV 4653mW/5584mW VDD_SOC 3334mW/3180mW
09-27-2026 08:55:44 RAM 5829/7620MB (lfb 1x4MB) SWAP 458/12002MB (cached 0MB) CPU [19%@1728,19%@1728,20%@1728,78%@1728,19%@1728,18%@1728] GR3D_FREQ 0% cpu@61.375C soc2@60.093C soc0@59.437C gpu@61.781C tj@61.781C soc1@60.593C VDD_IN 13299mW/12895mW VDD_CPU_GPU_CV 5231mW/5584mW VDD_SOC 3603mW/3181mW
09-27-2026 08:55:45 RAM 5721/7620MB (lfb 9x4MB) SWAP 458/12002MB (cached 0MB) CPU [52%@1728,52%@1728,50%@1728,96%@1728,50%@1728,52%@1728] GR3D_FREQ 41% cpu@61.031C soc2@59.968C soc0@59.625C gpu@62.031C tj@62.031C soc1@60.562C VDD_IN 11138mW/12891mW VDD_CPU_GPU_CV 3962mW/5579mW VDD_SOC 3143mW/3181mW
09-27-2026 08:55:45 RAM 5616/7620MB (lfb 9x4MB) SWAP 458/12002MB (cached 0MB) CPU [54%@1728,52%@1728,54%@1728,82%@1728,53%@1728,52%@1728] GR3D_FREQ 0% cpu@61.25C soc2@60.125C soc0@59.531C gpu@61.156C tj@61.25C soc1@60.437C VDD_IN 11592mW/12888mW VDD_CPU_GPU_CV 4347mW/5576mW VDD_SOC 3182mW/3181mW
09-27-2026 08:55:46 RAM 5877/7620MB (lfb 79x1MB) SWAP 458/12002MB (cached 0MB) CPU [19%@1728,20%@1728,18%@1728,78%@1728,19%@1728,18%@1728] GR3D_FREQ 0% cpu@61.718C soc2@60.125C soc0@59.5C gpu@61.625C tj@61.625C soc1@60.656C VDD_IN 12456mW/12887mW VDD_CPU_GPU_CV 4809mW/5574mW VDD_SOC 3413mW/3181mW
09-27-2026 08:55:46 RAM 5749/7620MB (lfb 9x4MB) SWAP 458/12002MB (cached 0MB) CPU [33%@1728,33%@1728,33%@1728,82%@1728,32%@1728,33%@1728] GR3D_FREQ 70% cpu@61C soc2@60.031C soc0@59.375C gpu@62.375C tj@62.375C soc1@60.593C VDD_IN 12946mW/12887mW VDD_CPU_GPU_CV 5122mW/5573mW VDD_SOC 3564mW/3182mW
09-27-2026 08:55:47 RAM 5654/7620MB (lfb 11x4MB) SWAP 458/12002MB (cached 0MB) CPU [52%@1728,52%@1728,52%@1728,94%@1728,52%@1728,52%@1728] GR3D_FREQ 0% cpu@61.187C soc2@59.875C soc0@59.375C gpu@61.125C tj@61.187C soc1@60.468C VDD_IN 10942mW/12882mW VDD_CPU_GPU_CV 3844mW/5569mW VDD_SOC 3065mW/3182mW
09-27-2026 08:55:47 RAM 5841/7620MB (lfb 1x4MB) SWAP 458/12002MB (cached 0MB) CPU [49%@1728,14%@1728,12%@1728,42%@1728,13%@1728,14%@1728] GR3D_FREQ 0% cpu@61.281C soc2@59.937C soc0@59.437C gpu@61.375C tj@61.375C soc1@60.406C VDD_IN 11945mW/12880mW VDD_CPU_GPU_CV 4660mW/5567mW VDD_SOC 3177mW/3182mW
09-27-2026 08:55:48 RAM 5696/7620MB (lfb 11x4MB) SWAP 458/12002MB (cached 0MB) CPU [38%@1728,38%@1728,38%@1728,92%@1728,39%@1728,39%@1728] GR3D_FREQ 57% cpu@60.75C soc2@59.781C soc0@59.312C gpu@61.781C tj@61.781C soc1@60.593C VDD_IN 11414mW/12876mW VDD_CPU_GPU_CV 4308mW/5564mW VDD_SOC 3065mW/3182mW
09-27-2026 08:55:48 RAM 5605/7620MB (lfb 3x4MB) SWAP 458/12002MB (cached 0MB) CPU [52%@1728,52%@1728,52%@1728,92%@1728,50%@1728,50%@1728] GR3D_FREQ 0% cpu@61.125C soc2@59.906C soc0@59.375C gpu@61.093C tj@61.125C soc1@60.562C VDD_IN 11414mW/12872mW VDD_CPU_GPU_CV 4308mW/5561mW VDD_SOC 3025mW/3181mW
09-27-2026 08:55:49 RAM 5861/7620MB (lfb 1x4MB) SWAP 458/12002MB (cached 0MB) CPU [1%@1728,0%@1728,0%@1728,85%@1728,0%@1728,0%@1728] GR3D_FREQ 40% cpu@61C soc2@59.843C soc0@59.281C gpu@61.968C tj@61.968C soc1@60.437C VDD_IN 12632mW/12872mW VDD_CPU_GPU_CV 5200mW/5560mW VDD_SOC 3256mW/3182mW
09-27-2026 08:55:49 RAM 5633/7620MB (lfb 13x4MB) SWAP 458/12002MB (cached 0MB) CPU [82%@1728,84%@1728,84%@1728,100%@1728,82%@1728,82%@1728] GR3D_FREQ 0% cpu@61C soc2@59.843C soc0@59.5C gpu@60.937C tj@61.25C soc1@60.375C VDD_IN 10863mW/12867mW VDD_CPU_GPU_CV 4001mW/5556mW VDD_SOC 2907mW/3181mW
09-27-2026 08:55:50 RAM 5878/7620MB (lfb 13x4MB) SWAP 458/12002MB (cached 0MB) CPU [4%@1728,2%@1728,3%@1728,83%@1728,2%@1728,2%@1728] GR3D_FREQ 0% cpu@61.031C soc2@59.875C soc0@59.25C gpu@61.531C tj@61.531C soc1@60.312C VDD_IN 12221mW/12865mW VDD_CPU_GPU_CV 4848mW/5554mW VDD_SOC 3177mW/3181mW
09-27-2026 08:55:50 RAM 5728/7620MB (lfb 14x4MB) SWAP 458/12002MB (cached 0MB) CPU [50%@1728,49%@1728,48%@1728,96%@1728,50%@1728,49%@1728] GR3D_FREQ 59% cpu@60.625C soc2@59.687C soc0@59.218C gpu@61.687C tj@61.687C soc1@60.156C VDD_IN 11020mW/12861mW VDD_CPU_GPU_CV 4080mW/5551mW VDD_SOC 2986mW/3180mW
09-27-2026 08:55:51 RAM 5607/7620MB (lfb 14x4MB) SWAP 458/12002MB (cached 0MB) CPU [44%@1728,44%@1728,46%@1728,90%@1728,43%@1728,45%@1728] GR3D_FREQ 0% cpu@61.562C soc2@59.843C soc0@59.156C gpu@60.968C tj@61.562C soc1@60.468C VDD_IN 11513mW/12858mW VDD_CPU_GPU_CV 4465mW/5548mW VDD_SOC 3065mW/3180mW
09-27-2026 08:55:51 RAM 5756/7620MB (lfb 14x4MB) SWAP 458/12002MB (cached 0MB) CPU [8%@1728,7%@1728,8%@1728,87%@1728,8%@1728,8%@1728] GR3D_FREQ 51% cpu@61C soc2@59.687C soc0@59.187C gpu@61.906C tj@61.906C soc1@60.312C VDD_IN 12692mW/12857mW VDD_CPU_GPU_CV 5200mW/5547mW VDD_SOC 3217mW/3180mW
09-27-2026 08:55:52 RAM 5707/7620MB (lfb 14x4MB) SWAP 458/12002MB (cached 0MB) CPU [52%@1728,52%@1728,50%@1728,98%@1728,50%@1728,52%@1728] GR3D_FREQ 0% cpu@60.812C soc2@59.687C soc0@59.312C gpu@60.875C tj@60.875C soc1@60.25C VDD_IN 10666mW/12852mW VDD_CPU_GPU_CV 3727mW/5543mW VDD_SOC 2952mW/3180mW
09-27-2026 08:55:52 RAM 5880/7620MB (lfb 14x4MB) SWAP 458/12002MB (cached 0MB) CPU [29%@1728,27%@1728,26%@1728,86%@1728,28%@1728,26%@1728] GR3D_FREQ 0% cpu@61.125C soc2@59.75C soc0@59.218C gpu@60.968C tj@61.125C soc1@60.187C VDD_IN 11828mW/12850mW VDD_CPU_GPU_CV 4621mW/5541mW VDD_SOC 3099mW/3179mW
09-27-2026 08:55:53 RAM 5746/7620MB (lfb 14x4MB) SWAP 458/12002MB (cached 0MB) CPU [27%@1728,26%@1728,29%@1728,91%@1728,25%@1728,25%@1728] GR3D_FREQ 59% cpu@60.781C soc2@59.687C soc0@59.062C gpu@61.875C tj@61.875C soc1@60.343C VDD_IN 12142mW/12848mW VDD_CPU_GPU_CV 4770mW/5539mW VDD_SOC 3138mW/3179mW
09-27-2026 08:55:53 RAM 5655/7620MB (lfb 14x4MB) SWAP 458/12002MB (cached 0MB) CPU [50%@1728,50%@1728,52%@1728,94%@1728,52%@1728,50%@1728] GR3D_FREQ 0% cpu@60.718C soc2@59.562C soc0@59.031C gpu@60.812C tj@60.812C soc1@60.25C VDD_IN 11020mW/12843mW VDD_CPU_GPU_CV 4034mW/5535mW VDD_SOC 2986mW/3179mW
09-27-2026 08:55:54 RAM 5881/7620MB (lfb 14x4MB) SWAP 458/12002MB (cached 0MB) CPU [10%@1728,8%@1728,10%@1728,88%@1728,8%@1728,10%@1728] GR3D_FREQ 0% cpu@61.031C soc2@59.75C soc0@59.343C gpu@61.218C tj@61.218C soc1@60.218C VDD_IN 12142mW/12842mW VDD_CPU_GPU_CV 4809mW/5533mW VDD_SOC 3177mW/3179mW
09-27-2026 08:55:54 RAM 5734/7620MB (lfb 14x4MB) SWAP 458/12002MB (cached 0MB) CPU [43%@1728,42%@1728,41%@1728,94%@1728,43%@1728,42%@1728] GR3D_FREQ 59% cpu@60.562C soc2@59.625C soc0@59.125C gpu@61.562C tj@61.562C soc1@60.218C VDD_IN 11375mW/12838mW VDD_CPU_GPU_CV 4308mW/5531mW VDD_SOC 3065mW/3179mW
09-27-2026 08:55:55 RAM 5609/7620MB (lfb 14x4MB) SWAP 458/12002MB (cached 0MB) CPU [51%@1728,50%@1728,52%@1728,91%@1728,50%@1728,52%@1728] GR3D_FREQ 0% cpu@60.843C soc2@59.718C soc0@59.125C gpu@60.875C tj@60.875C soc1@60.343C VDD_IN 11453mW/12835mW VDD_CPU_GPU_CV 4347mW/5528mW VDD_SOC 3025mW/3178mW
09-27-2026 08:55:55 RAM 5821/7620MB (lfb 14x4MB) SWAP 458/12002MB (cached 0MB) CPU [0%@1728,1%@1728,0%@1728,86%@1728,0%@1728,0%@1728] GR3D_FREQ 0% cpu@60.593C soc2@59.687C soc0@59.218C gpu@61.375C tj@61.375C soc1@60.156C VDD_IN 12554mW/12834mW VDD_CPU_GPU_CV 5122mW/5527mW VDD_SOC 3256mW/3178mW
09-27-2026 08:55:56 RAM 5724/7620MB (lfb 14x4MB) SWAP 458/12002MB (cached 0MB) CPU [52%@1728,52%@1728,52%@1728,100%@1728,50%@1728,50%@1728] GR3D_FREQ 3% cpu@60.437C soc2@59.468C soc0@59.031C gpu@61.093C tj@61.093C soc1@60.125C VDD_IN 10705mW/12829mW VDD_CPU_GPU_CV 3805mW/5523mW VDD_SOC 2952mW/3178mW
09-27-2026 08:55:57 RAM 5879/7620MB (lfb 14x4MB) SWAP 458/12002MB (cached 0MB) CPU [36%@1728,37%@1728,36%@1728,86%@1728,36%@1728,36%@1728] GR3D_FREQ 0% cpu@61.062C soc2@59.656C soc0@59.062C gpu@61.25C tj@61.25C soc1@60.343C VDD_IN 11689mW/12827mW VDD_CPU_GPU_CV 4504mW/5520mW VDD_SOC 3065mW/3178mW
09-27-2026 08:55:57 RAM 5683/7620MB (lfb 14x4MB) SWAP 458/12002MB (cached 0MB) CPU [15%@1728,15%@1728,15%@1728,76%@1728,15%@1728,15%@1728] GR3D_FREQ 63% cpu@60.656C soc2@59.5C soc0@58.906C gpu@61.812C tj@61.812C soc1@60.187C VDD_IN 12181mW/12825mW VDD_CPU_GPU_CV 4888mW/5519mW VDD_SOC 3138mW/3178mW
09-27-2026 08:55:58 RAM 5638/7620MB (lfb 14x4MB) SWAP 458/12002MB (cached 0MB) CPU [52%@1728,52%@1728,52%@1728,96%@1728,52%@1728,51%@1728] GR3D_FREQ 0% cpu@60.718C soc2@59.375C soc0@58.906C gpu@61.031C tj@61.031C soc1@60.125C VDD_IN 10784mW/12820mW VDD_CPU_GPU_CV 3883mW/5515mW VDD_SOC 2947mW/3177mW
09-27-2026 08:55:58 RAM 5885/7620MB (lfb 9x4MB) SWAP 458/12002MB (cached 0MB) CPU [16%@1728,15%@1728,15%@1728,78%@1728,16%@1728,16%@1728] GR3D_FREQ 0% cpu@61.031C soc2@59.593C soc0@59.125C gpu@61.031C tj@61.031C soc1@60.062C VDD_IN 11906mW/12818mW VDD_CPU_GPU_CV 4621mW/5513mW VDD_SOC 3138mW/3177mW
09-27-2026 08:55:59 RAM 5723/7620MB (lfb 14x4MB) SWAP 458/12002MB (cached 0MB) CPU [36%@1728,36%@1728,36%@1728,90%@1728,35%@1728,36%@1728] GR3D_FREQ 66% cpu@60.187C soc2@59.437C soc0@59C gpu@61.593C tj@61.593C soc1@59.937C VDD_IN 11729mW/12816mW VDD_CPU_GPU_CV 4543mW/5511mW VDD_SOC 3104mW/3177mW
09-27-2026 08:55:59 RAM 5653/7620MB (lfb 14x4MB) SWAP 458/12002MB (cached 0MB) CPU [52%@1728,52%@1728,52%@1728,90%@1728,52%@1728,52%@1728] GR3D_FREQ 0% cpu@60.687C soc2@59.406C soc0@58.937C gpu@60.625C tj@60.687C soc1@60.125C VDD_IN 11178mW/12812mW VDD_CPU_GPU_CV 4197mW/5508mW VDD_SOC 2986mW/3176mW
09-27-2026 08:56:00 RAM 5903/7620MB (lfb 6x4MB) SWAP 458/12002MB (cached 0MB) CPU [7%@1728,4%@1728,2%@1728,78%@1728,3%@1728,2%@1728] GR3D_FREQ 5% cpu@60.656C soc2@59.406C soc0@58.906C gpu@61C tj@61C soc1@60.062C VDD_IN 12181mW/12810mW VDD_CPU_GPU_CV 4848mW/5506mW VDD_SOC 3217mW/3176mW
09-27-2026 08:56:00 RAM 5742/7620MB (lfb 14x4MB) SWAP 458/12002MB (cached 0MB) CPU [48%@1728,49%@1728,49%@1728,96%@1728,48%@1728,49%@1728] GR3D_FREQ 65% cpu@60.343C soc2@59.375C soc0@59C gpu@61.187C tj@61.187C soc1@60C VDD_IN 11138mW/12806mW VDD_CPU_GPU_CV 4112mW/5503mW VDD_SOC 3025mW/3176mW
09-27-2026 08:56:01 RAM 5629/7620MB (lfb 14x4MB) SWAP 458/12002MB (cached 0MB) CPU [70%@1728,48%@1728,47%@1728,61%@1728,47%@1728,47%@1728] GR3D_FREQ 0% cpu@60.687C soc2@59.562C soc0@59C gpu@60.968C tj@60.968C soc1@59.906C VDD_IN 11493mW/12803mW VDD_CPU_GPU_CV 4386mW/5500mW VDD_SOC 3025mW/3176mW
09-27-2026 08:56:01 RAM 5867/7620MB (lfb 14x4MB) SWAP 458/12002MB (cached 0MB) CPU [80%@1728,3%@1728,4%@1728,4%@1728,4%@1728,4%@1728] GR3D_FREQ 18% cpu@60.187C soc2@59.468C soc0@58.843C gpu@61.375C tj@61.375C soc1@60.187C VDD_IN 12574mW/12803mW VDD_CPU_GPU_CV 5161mW/5499mW VDD_SOC 3256mW/3176mW
09-27-2026 08:56:02 RAM 5700/7620MB (lfb 16x4MB) SWAP 458/12002MB (cached 0MB) CPU [100%@1728,52%@1728,52%@1728,52%@1728,50%@1728,52%@1728] GR3D_FREQ 0% cpu@60.25C soc2@59.437C soc0@58.75C gpu@61C tj@61C soc1@60.031C VDD_IN 10509mW/12798mW VDD_CPU_GPU_CV 3687mW/5495mW VDD_SOC 2912mW/3175mW
09-27-2026 08:56:02 RAM 5888/7620MB (lfb 13x4MB) SWAP 458/12002MB (cached 0MB) CPU [78%@1728,32%@1728,32%@1728,33%@1728,32%@1728,32%@1728] GR3D_FREQ 0% cpu@60.906C soc2@59.468C soc0@58.781C gpu@60.781C tj@60.906C soc1@59.968C VDD_IN 11611mW/12795mW VDD_CPU_GPU_CV 4465mW/5493mW VDD_SOC 3065mW/3175mW
09-27-2026 08:56:03 RAM 5726/7620MB (lfb 16x4MB) SWAP 458/12002MB (cached 0MB) CPU [84%@1728,21%@1728,19%@1728,19%@1728,20%@1728,19%@1728] GR3D_FREQ 64% cpu@60.062C soc2@59.531C soc0@58.937C gpu@61.562C tj@61.562C soc1@59.937C VDD_IN 12378mW/12794mW VDD_CPU_GPU_CV 5044mW/5492mW VDD_SOC 3177mW/3175mW
09-27-2026 08:56:03 RAM 5689/7620MB (lfb 16x4MB) SWAP 458/12002MB (cached 0MB) CPU [96%@1728,52%@1728,52%@1728,52%@1728,50%@1728,52%@1728] GR3D_FREQ 0% cpu@60.437C soc2@59.5C soc0@58.843C gpu@60.468C tj@60.593C soc1@60.187C VDD_IN 10784mW/12789mW VDD_CPU_GPU_CV 3844mW/5488mW VDD_SOC 2947mW/3175mW
09-27-2026 08:56:04 RAM 5887/7620MB (lfb 13x4MB) SWAP 458/12002MB (cached 0MB) CPU [80%@1728,21%@1728,20%@1728,20%@1728,21%@1728,21%@1728] GR3D_FREQ 0% cpu@60.656C soc2@59.437C soc0@58.812C gpu@60.687C tj@60.687C soc1@60.062C VDD_IN 11788mW/12787mW VDD_CPU_GPU_CV 4621mW/5486mW VDD_SOC 3104mW/3174mW
09-27-2026 08:56:04 RAM 5729/7620MB (lfb 16x4MB) SWAP 458/12002MB (cached 0MB) CPU [88%@1728,30%@1728,31%@1728,31%@1728,30%@1728,30%@1728] GR3D_FREQ 64% cpu@60.25C soc2@59.312C soc0@58.718C gpu@61.312C tj@61.312C soc1@59.906C VDD_IN 11945mW/12785mW VDD_CPU_GPU_CV 4739mW/5484mW VDD_SOC 3138mW/3174mW
09-27-2026 08:56:05 RAM 5661/7620MB (lfb 16x4MB) SWAP 458/12002MB (cached 0MB) CPU [90%@1728,52%@1728,52%@1728,52%@1728,51%@1728,52%@1728] GR3D_FREQ 0% cpu@60.468C soc2@59.531C soc0@58.718C gpu@60.781C tj@60.781C soc1@59.843C VDD_IN 10981mW/12781mW VDD_CPU_GPU_CV 4080mW/5481mW VDD_SOC 2986mW/3174mW
09-27-2026 08:56:05 RAM 5898/7620MB (lfb 11x4MB) SWAP 458/12002MB (cached 0MB) CPU [80%@1728,9%@1728,9%@1728,8%@1728,8%@1728,8%@1728] GR3D_FREQ 0% cpu@60.562C soc2@59.5C soc0@58.812C gpu@60.781C tj@60.781C soc1@59.906C VDD_IN 12103mW/12779mW VDD_CPU_GPU_CV 4731mW/5479mW VDD_SOC 3177mW/3174mW
09-27-2026 08:56:06 RAM 5738/7620MB (lfb 16x4MB) SWAP 458/12002MB (cached 0MB) CPU [90%@1728,40%@1728,41%@1728,40%@1728,40%@1728,40%@1728] GR3D_FREQ 63% cpu@59.875C soc2@59.312C soc0@58.875C gpu@61.25C tj@61.25C soc1@59.781C VDD_IN 11689mW/12777mW VDD_CPU_GPU_CV 4543mW/5477mW VDD_SOC 3065mW/3174mW
09-27-2026 08:56:06 RAM 5607/7620MB (lfb 23x4MB) SWAP 458/12002MB (cached 0MB) CPU [90%@1728,52%@1728,50%@1728,52%@1728,52%@1728,52%@1728] GR3D_FREQ 0% cpu@60.531C soc2@59.343C soc0@58.718C gpu@60.781C tj@60.781C soc1@59.968C VDD_IN 11178mW/12773mW VDD_CPU_GPU_CV 4190mW/5474mW VDD_SOC 2986mW/3173mW
09-27-2026 08:56:07 RAM 5868/7620MB (lfb 16x4MB) SWAP 458/12002MB (cached 0MB) CPU [72%@1728,2%@1728,2%@1728,2%@1728,3%@1728,2%@1728] GR3D_FREQ 0% cpu@60.437C soc2@59.281C soc0@58.656C gpu@60.625C tj@60.625C soc1@59.906C VDD_IN 12181mW/12772mW VDD_CPU_GPU_CV 4778mW/5473mW VDD_SOC 3177mW/3173mW
09-27-2026 08:56:07 RAM 5868/7620MB (lfb 16x4MB) SWAP 458/12002MB (cached 0MB) CPU [34%@1728,100%@1728,35%@1728,35%@1728,35%@1728,34%@1728] GR3D_FREQ 0% cpu@60.5C soc2@59.312C soc0@58.875C gpu@60.593C tj@60.593C soc1@59.843C VDD_IN 10210mW/12766mW VDD_CPU_GPU_CV 3615mW/5469mW VDD_SOC 2794mW/3172mW
09-27-2026 08:56:08 RAM 5862/7620MB (lfb 18x4MB) SWAP 458/12002MB (cached 0MB) CPU [34%@1728,30%@1728,100%@1728,30%@1728,32%@1728,30%@1728] GR3D_FREQ 0% cpu@60.625C soc2@59.187C soc0@58.781C gpu@60.406C tj@60.625C soc1@59.843C VDD_IN 9619mW/12759mW VDD_CPU_GPU_CV 3261mW/5464mW VDD_SOC 2720mW/3171mW
09-27-2026 08:56:08 RAM 5695/7620MB (lfb 24x4MB) SWAP 458/12002MB (cached 0MB) CPU [16%@1728,16%@1728,100%@1728,16%@1728,16%@1728,16%@1728] GR3D_FREQ 0% cpu@60.562C soc2@58.968C soc0@58.562C gpu@60.406C tj@60.562C soc1@59.906C VDD_IN 9319mW/12752mW VDD_CPU_GPU_CV 2873mW/5458mW VDD_SOC 2720mW/3170mW
09-27-2026 08:56:09 RAM 5902/7620MB (lfb 13x4MB) SWAP 458/12002MB (cached 0MB) CPU [10%@1728,11%@1728,70%@1728,10%@1728,10%@1728,10%@1728] GR3D_FREQ 0% cpu@60.5C soc2@59.031C soc0@58.562C gpu@60.468C tj@60.5C soc1@59.843C VDD_IN 11099mW/12748mW VDD_CPU_GPU_CV 4158mW/5455mW VDD_SOC 2986mW/3170mW
09-27-2026 08:56:09 RAM 5909/7620MB (lfb 13x4MB) SWAP 458/12002MB (cached 0MB) CPU [51%@1728,50%@1728,72%@1728,47%@1728,57%@1728,62%@1728] GR3D_FREQ 0% cpu@60.906C soc2@58.968C soc0@58.5C gpu@60.156C tj@60.906C soc1@59.843C VDD_IN 10250mW/12742mW VDD_CPU_GPU_CV 3733mW/5451mW VDD_SOC 2794mW/3169mW
09-27-2026 08:56:10 RAM 5911/7620MB (lfb 13x4MB) SWAP 458/12002MB (cached 0MB) CPU [32%@1728,31%@1728,100%@1728,31%@1728,30%@1728,30%@1728] GR3D_FREQ 0% cpu@60.656C soc2@59.031C soc0@58.718C gpu@60C tj@60.656C soc1@59.687C VDD_IN 9658mW/12735mW VDD_CPU_GPU_CV 3300mW/5446mW VDD_SOC 2680mW/3168mW
09-27-2026 08:56:10 RAM 5686/7620MB (lfb 20x4MB) SWAP 458/12002MB (cached 0MB) CPU [21%@1728,34%@1728,26%@1728,93%@1728,38%@1728,30%@1728] GR3D_FREQ 0% cpu@59.968C soc2@58.875C soc0@58.531C gpu@60.062C tj@60.062C soc1@59.656C VDD_IN 9398mW/12728mW VDD_CPU_GPU_CV 2991mW/5441mW VDD_SOC 2680mW/3167mW
09-27-2026 08:56:11 RAM 5906/7620MB (lfb 13x4MB) SWAP 458/12002MB (cached 0MB) CPU [2%@1728,4%@1728,2%@1728,69%@1728,4%@1728,4%@1728] GR3D_FREQ 0% cpu@60.093C soc2@58.968C soc0@58.343C gpu@60.343C tj@60.343C soc1@59.812C VDD_IN 11571mW/12725mW VDD_CPU_GPU_CV 4465mW/5439mW VDD_SOC 3065mW/3167mW
09-27-2026 08:56:11 RAM 5906/7620MB (lfb 13x4MB) SWAP 458/12002MB (cached 0MB) CPU [35%@1728,33%@1728,33%@1728,100%@1728,35%@1728,33%@1728] GR3D_FREQ 0% cpu@60.218C soc2@58.906C soc0@58.406C gpu@60.312C tj@60.312C soc1@59.718C VDD_IN 10013mW/12719mW VDD_CPU_GPU_CV 3497mW/5435mW VDD_SOC 2755mW/3166mW
09-27-2026 08:56:12 RAM 5911/7620MB (lfb 12x4MB) SWAP 458/12002MB (cached 0MB) CPU [37%@1728,86%@1728,37%@1728,50%@1728,34%@1728,36%@1728] GR3D_FREQ 0% cpu@60.125C soc2@58.718C soc0@58.25C gpu@59.937C tj@60.125C soc1@59.687C VDD_IN 9580mW/12713mW VDD_CPU_GPU_CV 3222mW/5430mW VDD_SOC 2680mW/3165mW
09-27-2026 08:56:12 RAM 5748/7620MB (lfb 21x4MB) SWAP 458/12002MB (cached 0MB) CPU [15%@1728,98%@1728,15%@1728,17%@1728,17%@1728,16%@1728] GR3D_FREQ 48% cpu@59.406C soc2@58.781C soc0@58.406C gpu@60.562C tj@60.562C soc1@59.531C VDD_IN 9540mW/12706mW VDD_CPU_GPU_CV 3025mW/5424mW VDD_SOC 2759mW/3164mW
09-27-2026 08:56:13 RAM 5901/7620MB (lfb 17x4MB) SWAP 458/12002MB (cached 0MB) CPU [18%@1728,16%@1728,58%@1728,16%@1728,23%@1728,27%@1728] GR3D_FREQ 0% cpu@60.281C soc2@58.906C soc0@58.406C gpu@60.281C tj@60.281C soc1@59.562C VDD_IN 10981mW/12702mW VDD_CPU_GPU_CV 4119mW/5422mW VDD_SOC 2947mW/3163mW
09-27-2026 08:56:13 RAM 5901/7620MB (lfb 17x4MB) SWAP 458/12002MB (cached 0MB) CPU [32%@1728,16%@1728,100%@1728,14%@1728,56%@1728,48%@1728] GR3D_FREQ 0% cpu@60.187C soc2@58.843C soc0@58.25C gpu@59.937C tj@60.187C soc1@59.531C VDD_IN 9856mW/12696mW VDD_CPU_GPU_CV 3458mW/5417mW VDD_SOC 2715mW/3162mW
09-27-2026 08:56:14 RAM 5906/7620MB (lfb 16x4MB) SWAP 458/12002MB (cached 0MB) CPU [58%@1728,43%@1728,100%@1728,21%@1728,66%@1728,63%@1728] GR3D_FREQ 0% cpu@60.5C soc2@58.781C soc0@58.25C gpu@59.937C tj@60.5C soc1@59.593C VDD_IN 9595mW/12689mW VDD_CPU_GPU_CV 3222mW/5412mW VDD_SOC 2680mW/3161mW
09-27-2026 08:56:14 RAM 5645/7620MB (lfb 21x4MB) SWAP 458/12002MB (cached 0MB) CPU [0%@1728,50%@1728,100%@1728,51%@1728,59%@1728,54%@1728] GR3D_FREQ 0% cpu@60.406C soc2@58.656C soc0@58.218C gpu@59.843C tj@60.406C soc1@59.531C VDD_IN 9319mW/12681mW VDD_CPU_GPU_CV 3143mW/5408mW VDD_SOC 2641mW/3160mW
09-27-2026 08:56:15 RAM 5837/7620MB (lfb 21x4MB) SWAP 458/12002MB (cached 0MB) CPU [2%@1728,0%@1728,69%@1728,0%@1728,0%@1728,0%@1728] GR3D_FREQ 71% cpu@59.812C soc2@58.843C soc0@58.312C gpu@61.031C tj@61.031C soc1@59.406C VDD_IN 11828mW/12680mW VDD_CPU_GPU_CV 4700mW/5406mW VDD_SOC 3104mW/3160mW
09-27-2026 08:56:15 RAM 5907/7620MB (lfb 15x4MB) SWAP 458/12002MB (cached 0MB) CPU [30%@1728,32%@1728,100%@1728,32%@1728,32%@1728,33%@1728] GR3D_FREQ 0% cpu@60.187C soc2@58.687C soc0@58.312C gpu@60.093C tj@60.187C soc1@59.406C VDD_IN 10092mW/12674mW VDD_CPU_GPU_CV 3575mW/5402mW VDD_SOC 2794mW/3159mW
09-27-2026 08:56:16 RAM 5904/7620MB (lfb 16x4MB) SWAP 458/12002MB (cached 0MB) CPU [36%@1728,35%@1728,100%@1728,33%@1728,34%@1728,33%@1728] GR3D_FREQ 0% cpu@60.375C soc2@58.593C soc0@58.312C gpu@59.687C tj@60.187C soc1@59.531C VDD_IN 9580mW/12667mW VDD_CPU_GPU_CV 3222mW/5397mW VDD_SOC 2680mW/3158mW
09-27-2026 08:56:16 RAM 5744/7620MB (lfb 22x4MB) SWAP 458/12002MB (cached 0MB) CPU [88%@1728,17%@1728,29%@1728,17%@1728,16%@1728,17%@1728] GR3D_FREQ 0% cpu@60C soc2@58.625C soc0@58.062C gpu@59.625C tj@60C soc1@59.531C VDD_IN 9319mW/12660mW VDD_CPU_GPU_CV 2873mW/5392mW VDD_SOC 2720mW/3157mW
09-27-2026 08:56:17 RAM 5909/7620MB (lfb 15x4MB) SWAP 458/12002MB (cached 0MB) CPU [70%@1728,12%@1728,11%@1728,10%@1728,11%@1728,11%@1728] GR3D_FREQ 0% cpu@59.875C soc2@58.812C soc0@58.125C gpu@59.968C tj@59.968C soc1@59.468C VDD_IN 11099mW/12657mW VDD_CPU_GPU_CV 4158mW/5389mW VDD_SOC 2986mW/3157mW
09-27-2026 08:56:17 RAM 5914/7620MB (lfb 14x4MB) SWAP 458/12002MB (cached 0MB) CPU [100%@1728,32%@1728,32%@1728,35%@1728,34%@1728,32%@1728] GR3D_FREQ 0% cpu@60.062C soc2@58.718C soc0@58.187C gpu@59.687C tj@60.062C soc1@59.375C VDD_IN 9934mW/12651mW VDD_CPU_GPU_CV 3458mW/5385mW VDD_SOC 2755mW/3156mW
09-27-2026 08:56:18 RAM 5914/7620MB (lfb 14x4MB) SWAP 458/12002MB (cached 0MB) CPU [97%@1728,15%@1728,47%@1728,30%@1728,58%@1728,55%@1728] GR3D_FREQ 0% cpu@59.687C soc2@58.718C soc0@58.156C gpu@59.875C tj@59.875C soc1@59.531C VDD_IN 9501mW/12644mW VDD_CPU_GPU_CV 3261mW/5380mW VDD_SOC 2680mW/3155mW
09-27-2026 08:56:18 RAM 5705/7620MB (lfb 22x4MB) SWAP 458/12002MB (cached 0MB) CPU [98%@1728,0%@1728,32%@1728,29%@1728,37%@1728,38%@1728] GR3D_FREQ 0% cpu@59.5C soc2@58.593C soc0@58.062C gpu@60.031C tj@60.031C soc1@59.406C VDD_IN 9279mW/12637mW VDD_CPU_GPU_CV 2991mW/5375mW VDD_SOC 2680mW/3154mW
09-27-2026 08:56:19 RAM 5911/7620MB (lfb 15x4MB) SWAP 458/12002MB (cached 0MB) CPU [70%@1728,7%@1728,7%@1728,9%@1728,6%@1728,7%@1728] GR3D_FREQ 0% cpu@59.781C soc2@58.687C soc0@58.062C gpu@60.156C tj@60.156C soc1@59.406C VDD_IN 11375mW/12634mW VDD_CPU_GPU_CV 4347mW/5373mW VDD_SOC 3025mW/3154mW
09-27-2026 08:56:19 RAM 5911/7620MB (lfb 15x4MB) SWAP 458/12002MB (cached 0MB) CPU [100%@1728,32%@1728,30%@1728,30%@1728,32%@1728,30%@1728] GR3D_FREQ 0% cpu@59.843C soc2@58.812C soc0@58.093C gpu@59.781C tj@59.843C soc1@59.343C VDD_IN 9974mW/12629mW VDD_CPU_GPU_CV 3458mW/5369mW VDD_SOC 2755mW/3153mW
09-27-2026 08:56:20 RAM 5912/7620MB (lfb 15x4MB) SWAP 458/12002MB (cached 0MB) CPU [59%@1728,33%@1728,74%@1728,35%@1728,34%@1728,35%@1728] GR3D_FREQ 0% cpu@60.125C soc2@58.656C soc0@58.125C gpu@59.75C tj@60.125C soc1@59.281C VDD_IN 9580mW/12622mW VDD_CPU_GPU_CV 3222mW/5364mW VDD_SOC 2680mW/3152mW
09-27-2026 08:56:20 RAM 5704/7620MB (lfb 22x4MB) SWAP 458/12002MB (cached 0MB) CPU [12%@1728,12%@1728,96%@1728,12%@1728,11%@1728,11%@1728] GR3D_FREQ 65% cpu@59.406C soc2@58.468C soc0@58.031C gpu@60.312C tj@60.312C soc1@59.406C VDD_IN 9974mW/12616mW VDD_CPU_GPU_CV 3379mW/5360mW VDD_SOC 2833mW/3151mW
09-27-2026 08:56:21 RAM 5893/7620MB (lfb 18x4MB) SWAP 458/12002MB (cached 0MB) CPU [19%@1728,19%@1728,82%@1728,18%@1728,18%@1728,18%@1728] GR3D_FREQ 0% cpu@60.375C soc2@58.625C soc0@58.062C gpu@59.75C tj@60.062C soc1@59.343C VDD_IN 10784mW/12613mW VDD_CPU_GPU_CV 3962mW/5357mW VDD_SOC 2912mW/3151mW
09-27-2026 08:56:21 RAM 5894/7620MB (lfb 18x4MB) SWAP 458/12002MB (cached 0MB) CPU [35%@1728,35%@1728,100%@1728,34%@1728,34%@1728,33%@1728] GR3D_FREQ 0% cpu@60.187C soc2@58.343C soc0@57.843C gpu@60.062C tj@60.187C soc1@59.25C VDD_IN 9856mW/12607mW VDD_CPU_GPU_CV 3379mW/5353mW VDD_SOC 2759mW/3150mW
09-27-2026 08:56:22 RAM 5624/7620MB (lfb 22x4MB) SWAP 458/12002MB (cached 0MB) CPU [34%@1728,33%@1728,100%@1728,34%@1728,34%@1728,35%@1728] GR3D_FREQ 0% cpu@60C soc2@58.437C soc0@58.156C gpu@59.531C tj@60C soc1@59.156C VDD_IN 9516mW/12600mW VDD_CPU_GPU_CV 3182mW/5349mW VDD_SOC 2680mW/3149mW
09-27-2026 08:56:22 RAM 5773/7620MB (lfb 22x4MB) SWAP 458/12002MB (cached 0MB) CPU [0%@1728,0%@1728,82%@1728,0%@1728,0%@1728,0%@1728] GR3D_FREQ 50% cpu@59.687C soc2@58.468C soc0@57.968C gpu@60.781C tj@60.781C soc1@59.093C VDD_IN 11768mW/12598mW VDD_CPU_GPU_CV 4660mW/5347mW VDD_SOC 3104mW/3149mW
09-27-2026 08:56:23 RAM 5893/7620MB (lfb 18x4MB) SWAP 458/12002MB (cached 0MB) CPU [33%@1728,33%@1728,62%@1728,66%@1728,33%@1728,33%@1728] GR3D_FREQ 0% cpu@59.625C soc2@58.437C soc0@57.968C gpu@59.718C tj@59.718C soc1@59.343C VDD_IN 10250mW/12594mW VDD_CPU_GPU_CV 3654mW/5344mW VDD_SOC 2794mW/3148mW
09-27-2026 08:56:23 RAM 5891/7620MB (lfb 19x4MB) SWAP 458/12002MB (cached 0MB) CPU [36%@1728,35%@1728,35%@1728,100%@1728,33%@1728,34%@1728] GR3D_FREQ 0% cpu@59.906C soc2@58.375C soc0@57.906C gpu@59.468C tj@59.906C soc1@59.218C VDD_IN 9658mW/12587mW VDD_CPU_GPU_CV 3261mW/5339mW VDD_SOC 2720mW/3147mW
09-27-2026 08:56:24 RAM 5703/7620MB (lfb 23x4MB) SWAP 458/12002MB (cached 0MB) CPU [18%@1728,21%@1728,66%@1728,52%@1728,19%@1728,20%@1728] GR3D_FREQ 0% cpu@59.875C soc2@58.218C soc0@57.75C gpu@59.656C tj@59.875C soc1@59.093C VDD_IN 9358mW/12581mW VDD_CPU_GPU_CV 2912mW/5334mW VDD_SOC 2720mW/3146mW
09-27-2026 08:56:24 RAM 5897/7620MB (lfb 17x4MB) SWAP 458/12002MB (cached 0MB) CPU [12%@1728,8%@1728,65%@1728,10%@1728,6%@1728,6%@1728] GR3D_FREQ 0% cpu@59.531C soc2@58.5C soc0@57.906C gpu@59.687C tj@59.687C soc1@58.968C VDD_IN 11256mW/12578mW VDD_CPU_GPU_CV 4276mW/5332mW VDD_SOC 3025mW/3146mW
09-27-2026 08:56:25 RAM 5897/7620MB (lfb 17x4MB) SWAP 458/12002MB (cached 0MB) CPU [69%@1728,66%@1728,34%@1728,34%@1728,34%@1728,34%@1728] GR3D_FREQ 0% cpu@59.375C soc2@58.375C soc0@57.937C gpu@59.468C tj@59.468C soc1@58.968C VDD_IN 9895mW/12572mW VDD_CPU_GPU_CV 3458mW/5328mW VDD_SOC 2755mW/3145mW
09-27-2026 08:56:25 RAM 5890/7620MB (lfb 19x4MB) SWAP 458/12002MB (cached 0MB) CPU [35%@1728,98%@1728,35%@1728,35%@1728,35%@1728,34%@1728] GR3D_FREQ 0% cpu@59.5C soc2@58.281C soc0@57.781C gpu@59.812C tj@59.812C soc1@59.187C VDD_IN 9540mW/12566mW VDD_CPU_GPU_CV 3222mW/5324mW VDD_SOC 2680mW/3144mW
09-27-2026 08:56:26 RAM 5745/7620MB (lfb 24x4MB) SWAP 458/12002MB (cached 0MB) CPU [9%@1728,92%@1728,10%@1728,8%@1728,8%@1728,9%@1728] GR3D_FREQ 67% cpu@59C soc2@58.218C soc0@57.781C gpu@59.968C tj@59.968C soc1@59.125C VDD_IN 10289mW/12561mW VDD_CPU_GPU_CV 3575mW/5320mW VDD_SOC 2873mW/3144mW
09-27-2026 08:56:26 RAM 5913/7620MB (lfb 13x4MB) SWAP 458/12002MB (cached 0MB) CPU [19%@1728,78%@1728,22%@1728,19%@1728,21%@1728,18%@1728] GR3D_FREQ 0% cpu@59.593C soc2@58.343C soc0@57.906C gpu@59.812C tj@59.812C soc1@59C VDD_IN 10666mW/12557mW VDD_CPU_GPU_CV 3923mW/5317mW VDD_SOC 2912mW/3143mW
09-27-2026 08:56:27 RAM 5906/7620MB (lfb 15x4MB) SWAP 458/12002MB (cached 0MB) CPU [37%@1728,100%@1728,34%@1728,35%@1728,34%@1728,35%@1728] GR3D_FREQ 0% cpu@59.312C soc2@58.25C soc0@57.75C gpu@59.468C tj@59.468C soc1@59.031C VDD_IN 9816mW/12552mW VDD_CPU_GPU_CV 3379mW/5313mW VDD_SOC 2759mW/3142mW
09-27-2026 08:56:27 RAM 5767/7620MB (lfb 24x4MB) SWAP 458/12002MB (cached 0MB) CPU [33%@1728,33%@1728,33%@1728,100%@1728,34%@1728,34%@1728] GR3D_FREQ 0% cpu@59.406C soc2@58.218C soc0@57.781C gpu@59.562C tj@59.562C soc1@59.187C VDD_IN 9516mW/12545mW VDD_CPU_GPU_CV 3188mW/5309mW VDD_SOC 2680mW/3141mW
09-27-2026 08:56:28 RAM 5782/7620MB (lfb 24x4MB) SWAP 458/12002MB (cached 0MB) CPU [1%@1728,24%@1728,1%@1728,58%@1728,0%@1728,0%@1728] GR3D_FREQ 38% cpu@58.937C soc2@58.218C soc0@57.593C gpu@60.218C tj@60.218C soc1@59.125C VDD_IN 11788mW/12544mW VDD_CPU_GPU_CV 4660mW/5307mW VDD_SOC 3104mW/3141mW
09-27-2026 08:56:28 RAM 5908/7620MB (lfb 14x4MB) SWAP 458/12002MB (cached 0MB) CPU [45%@1728,96%@1728,43%@1728,0%@1728,49%@1728,59%@1728] GR3D_FREQ 0% cpu@59.5C soc2@58.218C soc0@57.781C gpu@59.406C tj@59.5C soc1@59C VDD_IN 10250mW/12539mW VDD_CPU_GPU_CV 3733mW/5304mW VDD_SOC 2794mW/3141mW
09-27-2026 08:56:29 RAM 5909/7620MB (lfb 14x4MB) SWAP 458/12002MB (cached 0MB) CPU [47%@1728,98%@1728,0%@1728,44%@1728,55%@1728,58%@1728] GR3D_FREQ 0% cpu@59C soc2@58.25C soc0@57.75C gpu@59.218C tj@59.218C soc1@58.937C VDD_IN 9658mW/12533mW VDD_CPU_GPU_CV 3379mW/5300mW VDD_SOC 2680mW/3140mW
09-27-2026 08:56:29 RAM 5909/7620MB (lfb 14x4MB) SWAP 458/12002MB (cached 0MB) CPU [42%@1728,98%@1728,22%@1728,19%@1728,56%@1728,55%@1728] GR3D_FREQ 0% cpu@59.125C soc2@58.218C soc0@57.593C gpu@59.531C tj@59.531C soc1@58.968C VDD_IN 9477mW/12527mW VDD_CPU_GPU_CV 3227mW/5296mW VDD_SOC 2641mW/3139mW
09-27-2026 08:56:30 RAM 5691/7620MB (lfb 25x4MB) SWAP 458/12002MB (cached 0MB) CPU [19%@1728,98%@1728,3%@1728,18%@1728,27%@1728,18%@1728] GR3D_FREQ 0% cpu@58.781C soc2@58.031C soc0@57.562C gpu@59.093C tj@59.093C soc1@59.156C VDD_IN 9200mW/12520mW VDD_CPU_GPU_CV 2833mW/5291mW VDD_SOC 2680mW/3138mW
09-27-2026 08:56:30 RAM 5770/7620MB (lfb 25x4MB) SWAP 458/12002MB (cached 0MB) CPU [1%@1728,69%@1728,0%@1728,0%@1728,0%@1728,0%@1728] GR3D_FREQ 62% cpu@59.031C soc2@58.156C soc0@57.687C gpu@60.437C tj@60.437C soc1@59C VDD_IN 11729mW/12519mW VDD_CPU_GPU_CV 4621mW/5290mW VDD_SOC 3065mW/3138mW
09-27-2026 08:56:31 RAM 5907/7620MB (lfb 17x4MB) SWAP 458/12002MB (cached 0MB) CPU [22%@1728,82%@1728,2%@1728,25%@1728,33%@1728,38%@1728] GR3D_FREQ 0% cpu@59.187C soc2@58.281C soc0@57.531C gpu@59.468C tj@59.468C soc1@58.937C VDD_IN 10824mW/12515mW VDD_CPU_GPU_CV 4080mW/5287mW VDD_SOC 2912mW/3137mW
09-27-2026 08:56:31 RAM 5907/7620MB (lfb 17x4MB) SWAP 458/12002MB (cached 0MB) CPU [11%@1728,97%@1728,34%@1728,44%@1728,52%@1728,60%@1728] GR3D_FREQ 0% cpu@59.093C soc2@58.156C soc0@57.75C gpu@59.281C tj@59.281C soc1@58.875C VDD_IN 9777mW/12510mW VDD_CPU_GPU_CV 3458mW/5283mW VDD_SOC 2720mW/3136mW
09-27-2026 08:56:32 RAM 5913/7620MB (lfb 16x4MB) SWAP 458/12002MB (cached 0MB) CPU [2%@1728,45%@1728,46%@1728,94%@1728,54%@1728,57%@1728] GR3D_FREQ 0% cpu@59.281C soc2@58.093C soc0@57.593C gpu@59.343C tj@59.343C soc1@58.906C VDD_IN 9540mW/12504mW VDD_CPU_GPU_CV 3300mW/5279mW VDD_SOC 2641mW/3135mW
09-27-2026 08:56:32 RAM 5606/7620MB (lfb 26x4MB) SWAP 458/12002MB (cached 0MB) CPU [3%@1728,31%@1728,32%@1728,98%@1728,40%@1728,43%@1728] GR3D_FREQ 0% cpu@59.281C soc2@57.937C soc0@57.5C gpu@59.218C tj@59.281C soc1@58.968C VDD_IN 9279mW/12497mW VDD_CPU_GPU_CV 3030mW/5275mW VDD_SOC 2641mW/3134mW
09-27-2026 08:56:33 RAM 5787/7620MB (lfb 26x4MB) SWAP 458/12002MB (cached 0MB) CPU [0%@1728,8%@1728,0%@1728,74%@1728,0%@1728,0%@1728] GR3D_FREQ 63% cpu@58.781C soc2@57.968C soc0@57.437C gpu@59.937C tj@59.937C soc1@58.875C VDD_IN 10942mW/12494mW VDD_CPU_GPU_CV 4040mW/5272mW VDD_SOC 2952mW/3134mW
09-27-2026 08:56:33 RAM 5956/7620MB (lfb 5x4MB) SWAP 458/12002MB (cached 0MB) CPU [21%@1728,39%@1728,1%@1728,60%@1728,29%@1728,22%@1728] GR3D_FREQ 0% cpu@59.343C soc2@58.125C soc0@57.875C gpu@59.656C tj@59.656C soc1@58.843C VDD_IN 11414mW/12492mW VDD_CPU_GPU_CV 4425mW/5271mW VDD_SOC 2986mW/3134mW
09-27-2026 08:56:34 RAM 5956/7620MB (lfb 5x4MB) SWAP 458/12002MB (cached 0MB) CPU [14%@1728,44%@1728,33%@1728,97%@1728,52%@1728,60%@1728] GR3D_FREQ 0% cpu@59.281C soc2@58.062C soc0@57.718C gpu@59.343C tj@59.343C soc1@58.781C VDD_IN 9974mW/12487mW VDD_CPU_GPU_CV 3536mW/5267mW VDD_SOC 2715mW/3133mW
09-27-2026 08:56:34 RAM 5953/7620MB (lfb 6x4MB) SWAP 458/12002MB (cached 0MB) CPU [17%@1728,43%@1728,31%@1728,98%@1728,54%@1728,59%@1728] GR3D_FREQ 0% cpu@59.125C soc2@57.968C soc0@57.531C gpu@59.281C tj@59.281C soc1@58.937C VDD_IN 9580mW/12481mW VDD_CPU_GPU_CV 3300mW/5263mW VDD_SOC 2680mW/3132mW
09-27-2026 08:56:35 RAM 5645/7620MB (lfb 21x4MB) SWAP 458/12002MB (cached 0MB) CPU [4%@1728,40%@1728,36%@1728,98%@1728,48%@1728,56%@1728] GR3D_FREQ 0% cpu@59.156C soc2@57.875C soc0@57.468C gpu@59.125C tj@59.156C soc1@58.843C VDD_IN 9437mW/12475mW VDD_CPU_GPU_CV 3148mW/5259mW VDD_SOC 2680mW/3131mW
09-27-2026 08:56:35 RAM 5779/7620MB (lfb 21x4MB) SWAP 458/12002MB (cached 0MB) CPU [0%@1728,0%@1728,0%@1728,90%@1728,0%@1728,0%@1728] GR3D_FREQ 67% cpu@58.781C soc2@58.062C soc0@57.593C gpu@59.687C tj@59.687C soc1@58.781C VDD_IN 10013mW/12470mW VDD_CPU_GPU_CV 3379mW/5255mW VDD_SOC 2833mW/3130mW
09-27-2026 08:56:36 RAM 5954/7620MB (lfb 7x4MB) SWAP 458/12002MB (cached 0MB) CPU [2%@1728,6%@1728,4%@1728,60%@1728,8%@1728,7%@1728] GR3D_FREQ 0% cpu@59.156C soc2@57.937C soc0@57.593C gpu@59.437C tj@59.437C soc1@58.625C VDD_IN 12024mW/12469mW VDD_CPU_GPU_CV 4817mW/5254mW VDD_SOC 3138mW/3130mW
09-27-2026 08:56:37 RAM 5954/7620MB (lfb 7x4MB) SWAP 458/12002MB (cached 0MB) CPU [15%@1728,43%@1728,32%@1728,98%@1728,61%@1728,50%@1728] GR3D_FREQ 0% cpu@58.968C soc2@58C soc0@57.406C gpu@59.093C tj@59.093C soc1@58.937C VDD_IN 10171mW/12464mW VDD_CPU_GPU_CV 3654mW/5251mW VDD_SOC 2755mW/3130mW
09-27-2026 08:56:37 RAM 5955/7620MB (lfb 7x4MB) SWAP 458/12002MB (cached 0MB) CPU [40%@1728,49%@1728,14%@1728,89%@1728,47%@1728,44%@1728] GR3D_FREQ 0% cpu@58.937C soc2@58.031C soc0@57.343C gpu@58.906C tj@58.906C soc1@58.906C VDD_IN 9619mW/12459mW VDD_CPU_GPU_CV 3300mW/5247mW VDD_SOC 2680mW/3129mW
09-27-2026 08:56:38 RAM 5615/7620MB (lfb 20x4MB) SWAP 458/12002MB (cached 0MB) CPU [22%@1728,100%@1728,26%@1728,24%@1728,24%@1728,24%@1728] GR3D_FREQ 0% cpu@58.718C soc2@57.906C soc0@57.312C gpu@59.25C tj@59.25C soc1@58.718C VDD_IN 9358mW/12453mW VDD_CPU_GPU_CV 3030mW/5243mW VDD_SOC 2680mW/3128mW
09-27-2026 08:56:38 RAM 5802/7620MB (lfb 20x4MB) SWAP 458/12002MB (cached 0MB) CPU [3%@1728,86%@1728,0%@1728,0%@1728,0%@1728,0%@1728] GR3D_FREQ 66% cpu@58.625C soc2@57.875C soc0@57.5C gpu@59.906C tj@59.906C soc1@58.75C VDD_IN 10486mW/12449mW VDD_CPU_GPU_CV 3687mW/5240mW VDD_SOC 2912mW/3127mW
09-27-2026 08:56:39 RAM 5952/7620MB (lfb 1x4MB) SWAP 458/12002MB (cached 0MB) CPU [13%@1728,72%@1728,13%@1728,13%@1728,13%@1728,11%@1728] GR3D_FREQ 0% cpu@59.125C soc2@58.031C soc0@57.531C gpu@59.5C tj@59.5C soc1@58.656C VDD_IN 11729mW/12447mW VDD_CPU_GPU_CV 4582mW/5239mW VDD_SOC 3065mW/3127mW
09-27-2026 08:56:39 RAM 5952/7620MB (lfb 1x4MB) SWAP 458/12002MB (cached 0MB) CPU [32%@1728,100%@1728,32%@1728,28%@1728,33%@1728,34%@1728] GR3D_FREQ 0% cpu@58.937C soc2@57.968C soc0@57.5C gpu@59.125C tj@59.125C soc1@58.875C VDD_IN 10013mW/12442mW VDD_CPU_GPU_CV 3575mW/5235mW VDD_SOC 2755mW/3127mW
09-27-2026 08:56:40 RAM 5957/7620MB (lfb 2x4MB) SWAP 458/12002MB (cached 0MB) CPU [40%@1728,96%@1728,3%@1728,46%@1728,49%@1728,63%@1728] GR3D_FREQ 0% cpu@59.156C soc2@57.875C soc0@57.468C gpu@58.968C tj@59.156C soc1@58.718C VDD_IN 9595mW/12437mW VDD_CPU_GPU_CV 3300mW/5231mW VDD_SOC 2680mW/3126mW
09-27-2026 08:56:40 RAM 5620/7620MB (lfb 20x4MB) SWAP 458/12002MB (cached 0MB) CPU [0%@1728,100%@1728,32%@1728,31%@1728,37%@1728,41%@1728] GR3D_FREQ 0% cpu@58.656C soc2@57.781C soc0@57.406C gpu@59.343C tj@59.343C soc1@58.718C VDD_IN 9279mW/12431mW VDD_CPU_GPU_CV 2991mW/5227mW VDD_SOC 2641mW/3125mW
09-27-2026 08:56:41 RAM 5807/7620MB (lfb 20x4MB) SWAP 458/12002MB (cached 0MB) CPU [10%@1728,70%@1728,4%@1728,23%@1728,27%@1728,10%@1728] GR3D_FREQ 66% cpu@58.875C soc2@57.906C soc0@57.468C gpu@59.906C tj@59.906C soc1@58.625C VDD_IN 11453mW/12429mW VDD_CPU_GPU_CV 4465mW/5226mW VDD_SOC 2986mW/3124mW
09-27-2026 08:56:41 RAM 5961/7620MB (lfb 2x4MB) SWAP 458/12002MB (cached 0MB) CPU [12%@1728,24%@1728,63%@1728,18%@1728,16%@1728,14%@1728] GR3D_FREQ 0% cpu@59.187C soc2@57.937C soc0@57.406C gpu@59.687C tj@59.687C soc1@58.531C VDD_IN 11650mW/12427mW VDD_CPU_GPU_CV 4582mW/5224mW VDD_SOC 3025mW/3124mW
09-27-2026 08:56:42 RAM 5956/7620MB (lfb 3x4MB) SWAP 458/12002MB (cached 0MB) CPU [31%@1728,29%@1728,31%@1728,100%@1728,31%@1728,31%@1728] GR3D_FREQ 0% cpu@59.531C soc2@57.875C soc0@57.25C gpu@59.25C tj@59.531C soc1@58.781C VDD_IN 10131mW/12423mW VDD_CPU_GPU_CV 3575mW/5221mW VDD_SOC 2794mW/3124mW
09-27-2026 08:56:42 RAM 5956/7620MB (lfb 3x4MB) SWAP 458/12002MB (cached 0MB) CPU [18%@1728,34%@1728,33%@1728,100%@1728,38%@1728,40%@1728] GR3D_FREQ 0% cpu@59.093C soc2@57.75C soc0@57.25C gpu@59.375C tj@59.375C soc1@58.687C VDD_IN 9595mW/12417mW VDD_CPU_GPU_CV 3261mW/5217mW VDD_SOC 2680mW/3123mW
09-27-2026 08:56:43 RAM 5772/7620MB (lfb 23x4MB) SWAP 458/12002MB (cached 0MB) CPU [9%@1728,8%@1728,10%@1728,100%@1728,11%@1728,9%@1728] GR3D_FREQ 0% cpu@58.937C soc2@57.718C soc0@57.437C gpu@59.031C tj@59.031C soc1@58.656C VDD_IN 9200mW/12411mW VDD_CPU_GPU_CV 2794mW/5213mW VDD_SOC 2720mW/3122mW
09-27-2026 08:56:43 RAM 5829/7620MB (lfb 23x4MB) SWAP 458/12002MB (cached 0MB) CPU [1%@1728,0%@1728,0%@1728,60%@1728,0%@1728,0%@1728] GR3D_FREQ 66% cpu@58.593C soc2@57.906C soc0@57.312C gpu@59.937C tj@59.937C soc1@58.531C VDD_IN 12260mW/12411mW VDD_CPU_GPU_CV 5005mW/5212mW VDD_SOC 3138mW/3122mW
09-27-2026 08:56:44 RAM 5956/7620MB (lfb 2x4MB) SWAP 458/12002MB (cached 0MB) CPU [91%@1728,28%@1728,28%@1728,26%@1728,26%@1728,28%@1728] GR3D_FREQ 0% cpu@59.093C soc2@58.031C soc0@57.406C gpu@59C tj@59.093C soc1@58.562C VDD_IN 10565mW/12407mW VDD_CPU_GPU_CV 3883mW/5210mW VDD_SOC 2873mW/3122mW
09-27-2026 08:56:44 RAM 5955/7620MB (lfb 3x4MB) SWAP 458/12002MB (cached 0MB) CPU [100%@1728,29%@1728,30%@1728,29%@1728,29%@1728,29%@1728] GR3D_FREQ 0% cpu@58.937C soc2@57.812C soc0@57.218C gpu@58.968C tj@58.968C soc1@58.656C VDD_IN 9737mW/12402mW VDD_CPU_GPU_CV 3340mW/5206mW VDD_SOC 2720mW/3121mW
09-27-2026 08:56:45 RAM 5613/7620MB (lfb 22x4MB) SWAP 458/12002MB (cached 0MB) CPU [100%@1728,24%@1728,24%@1728,24%@1728,24%@1728,22%@1728] GR3D_FREQ 0% cpu@58.843C soc2@57.781C soc0@57.25C gpu@58.781C tj@58.843C soc1@58.593C VDD_IN 9319mW/12396mW VDD_CPU_GPU_CV 2991mW/5202mW VDD_SOC 2680mW/3120mW
09-27-2026 08:56:45 RAM 5798/7620MB (lfb 22x4MB) SWAP 458/12002MB (cached 0MB) CPU [82%@1728,0%@1728,0%@1728,0%@1728,0%@1728,0%@1728] GR3D_FREQ 66% cpu@58.375C soc2@57.875C soc0@57.406C gpu@60.093C tj@60.093C soc1@58.5C VDD_IN 10863mW/12393mW VDD_CPU_GPU_CV 3962mW/5199mW VDD_SOC 2952mW/3120mW
09-27-2026 08:56:46 RAM 5957/7620MB (lfb 2x4MB) SWAP 458/12002MB (cached 0MB) CPU [69%@1728,11%@1728,13%@1728,12%@1728,11%@1728,11%@1728] GR3D_FREQ 0% cpu@59.031C soc2@57.875C soc0@57.312C gpu@59.218C tj@59.031C soc1@58.468C VDD_IN 11453mW/12391mW VDD_CPU_GPU_CV 4425mW/5198mW VDD_SOC 3025mW/3119mW
09-27-2026 08:56:46 RAM 5954/7620MB (lfb 3x4MB) SWAP 458/12002MB (cached 0MB) CPU [100%@1728,31%@1728,34%@1728,32%@1728,32%@1728,32%@1728] GR3D_FREQ 0% cpu@58.875C soc2@57.937C soc0@57.281C gpu@59.312C tj@59.312C soc1@58.718C VDD_IN 10053mW/12387mW VDD_CPU_GPU_CV 3497mW/5195mW VDD_SOC 2794mW/3119mW
09-27-2026 08:56:47 RAM 5954/7620MB (lfb 3x4MB) SWAP 458/12002MB (cached 0MB) CPU [35%@1728,30%@1728,52%@1728,73%@1728,27%@1728,27%@1728] GR3D_FREQ 0% cpu@59.281C soc2@57.687C soc0@57.125C gpu@58.968C tj@59.281C soc1@58.656C VDD_IN 9556mW/12381mW VDD_CPU_GPU_CV 3222mW/5191mW VDD_SOC 2680mW/3118mW
09-27-2026 08:56:47 RAM 5803/7620MB (lfb 21x4MB) SWAP 458/12002MB (cached 0MB) CPU [5%@1728,7%@1728,7%@1728,100%@1728,7%@1728,7%@1728] GR3D_FREQ 0% cpu@58.593C soc2@57.5C soc0@57.156C gpu@58.718C tj@58.968C soc1@58.531C VDD_IN 9161mW/12375mW VDD_CPU_GPU_CV 2715mW/5186mW VDD_SOC 2720mW/3117mW
09-27-2026 08:56:48 RAM 5831/7620MB (lfb 21x4MB) SWAP 458/12002MB (cached 0MB) CPU [1%@1728,0%@1728,0%@1728,54%@1728,0%@1728,0%@1728] GR3D_FREQ 68% cpu@58.468C soc2@57.75C soc0@57.281C gpu@60C tj@60C soc1@58.5C VDD_IN 12417mW/12375mW VDD_CPU_GPU_CV 5122mW/5186mW VDD_SOC 3177mW/3117mW
09-27-2026 08:56:48 RAM 5958/7620MB (lfb 2x4MB) SWAP 458/12002MB (cached 0MB) CPU [30%@1728,30%@1728,30%@1728,98%@1728,28%@1728,30%@1728] GR3D_FREQ 0% cpu@58.875C soc2@57.718C soc0@57.468C gpu@58.968C tj@58.968C soc1@58.437C VDD_IN 10447mW/12372mW VDD_CPU_GPU_CV 3805mW/5183mW VDD_SOC 2833mW/3117mW
09-27-2026 08:56:49 RAM 5956/7620MB (lfb 3x4MB) SWAP 458/12002MB (cached 0MB) CPU [59%@1728,29%@1728,29%@1728,70%@1728,30%@1728,27%@1728] GR3D_FREQ 0% cpu@59.062C soc2@57.781C soc0@57.093C gpu@58.75C tj@58.937C soc1@58.656C VDD_IN 9698mW/12367mW VDD_CPU_GPU_CV 3340mW/5180mW VDD_SOC 2720mW/3116mW
09-27-2026 08:56:49 RAM 5615/7620MB (lfb 24x4MB) SWAP 458/12002MB (cached 0MB) CPU [100%@1728,36%@1728,0%@1728,38%@1728,45%@1728,44%@1728] GR3D_FREQ 0% cpu@58.875C soc2@57.718C soc0@57.093C gpu@59.062C tj@59.062C soc1@58.5C VDD_IN 9358mW/12361mW VDD_CPU_GPU_CV 3070mW/5176mW VDD_SOC 2680mW/3115mW
09-27-2026 08:56:50 RAM 5799/7620MB (lfb 24x4MB) SWAP 458/12002MB (cached 0MB) CPU [88%@1728,0%@1728,0%@1728,0%@1728,0%@1728,0%@1728] GR3D_FREQ 63% cpu@58.343C soc2@57.781C soc0@57.125C gpu@59.531C tj@59.531C soc1@58.437C VDD_IN 10723mW/12358mW VDD_CPU_GPU_CV 3883mW/5173mW VDD_SOC 2952mW/3115mW
09-27-2026 08:56:50 RAM 5958/7620MB (lfb 2x4MB) SWAP 458/12002MB (cached 0MB) CPU [77%@1728,16%@1728,1%@1728,16%@1728,20%@1728,23%@1728] GR3D_FREQ 0% cpu@58.718C soc2@57.843C soc0@57.406C gpu@59.312C tj@59.312C soc1@58.437C VDD_IN 11532mW/12356mW VDD_CPU_GPU_CV 4543mW/5172mW VDD_SOC 3025mW/3115mW
09-27-2026 08:56:51 RAM 5958/7620MB (lfb 2x4MB) SWAP 458/12002MB (cached 0MB) CPU [97%@1728,30%@1728,14%@1728,46%@1728,60%@1728,52%@1728] GR3D_FREQ 0% cpu@59.062C soc2@57.718C soc0@57.25C gpu@58.937C tj@58.937C soc1@58.625C VDD_IN 9974mW/12352mW VDD_CPU_GPU_CV 3575mW/5169mW VDD_SOC 2755mW/3114mW
09-27-2026 08:56:51 RAM 5959/7620MB (lfb 2x4MB) SWAP 458/12002MB (cached 0MB) CPU [98%@1728,18%@1728,38%@1728,38%@1728,45%@1728,48%@1728] GR3D_FREQ 0% cpu@58.718C soc2@57.718C soc0@57.062C gpu@58.718C tj@58.718C soc1@58.5C VDD_IN 9556mW/12347mW VDD_CPU_GPU_CV 3261mW/5166mW VDD_SOC 2680mW/3113mW
09-27-2026 08:56:52 RAM 5618/7620MB (lfb 20x4MB) SWAP 458/12002MB (cached 0MB) CPU [21%@1728,35%@1728,34%@1728,35%@1728,86%@1728,50%@1728] GR3D_FREQ 0% cpu@58.75C soc2@57.437C soc0@57.156C gpu@58.75C tj@58.75C soc1@58.468C VDD_IN 9358mW/12341mW VDD_CPU_GPU_CV 3030mW/5162mW VDD_SOC 2641mW/3112mW
09-27-2026 08:56:52 RAM 5804/7620MB (lfb 20x4MB) SWAP 458/12002MB (cached 0MB) CPU [0%@1728,0%@1728,1%@1728,0%@1728,86%@1728,0%@1728] GR3D_FREQ 68% cpu@58.093C soc2@57.531C soc0@57.218C gpu@59.468C tj@59.468C soc1@58.406C VDD_IN 10565mW/12338mW VDD_CPU_GPU_CV 3766mW/5159mW VDD_SOC 2912mW/3112mW
09-27-2026 08:56:53 RAM 5954/7620MB (lfb 1x4MB) SWAP 458/12002MB (cached 0MB) CPU [56%@1728,13%@1728,11%@1728,22%@1728,11%@1728,9%@1728] GR3D_FREQ 0% cpu@59.031C soc2@57.718C soc0@57.062C gpu@58.937C tj@59.031C soc1@58.312C VDD_IN 11650mW/12336mW VDD_CPU_GPU_CV 4543mW/5158mW VDD_SOC 3065mW/3112mW
09-27-2026 08:56:53 RAM 5954/7620MB (lfb 1x4MB) SWAP 458/12002MB (cached 0MB) CPU [54%@1728,33%@1728,32%@1728,78%@1728,30%@1728,32%@1728] GR3D_FREQ 0% cpu@58.781C soc2@57.718C soc0@57.125C gpu@58.968C tj@58.968C soc1@58.562C VDD_IN 10013mW/12332mW VDD_CPU_GPU_CV 3536mW/5155mW VDD_SOC 2755mW/3111mW
09-27-2026 08:56:54 RAM 5958/7620MB (lfb 2x4MB) SWAP 458/12002MB (cached 0MB) CPU [34%@1728,35%@1728,19%@1728,37%@1728,98%@1728,34%@1728] GR3D_FREQ 0% cpu@58.906C soc2@57.406C soc0@56.968C gpu@58.531C tj@58.906C soc1@58.375C VDD_IN 9358mW/12326mW VDD_CPU_GPU_CV 3109mW/5151mW VDD_SOC 2641mW/3110mW
09-27-2026 08:56:54 RAM 5958/7620MB (lfb 2x4MB) SWAP 458/12002MB (cached 0MB) CPU [37%@1728,0%@1728,36%@1728,35%@1728,100%@1728,35%@1728] GR3D_FREQ 0% cpu@58.687C soc2@57.375C soc0@57.093C gpu@58.812C tj@58.812C soc1@58.375C VDD_IN 9082mW/12320mW VDD_CPU_GPU_CV 2952mW/5147mW VDD_SOC 2601mW/3109mW
09-27-2026 08:56:55 RAM 5802/7620MB (lfb 22x4MB) SWAP 458/12002MB (cached 0MB) CPU [2%@1728,0%@1728,2%@1728,2%@1728,100%@1728,2%@1728] GR3D_FREQ 0% cpu@58.468C soc2@57.25C soc0@57.031C gpu@58.531C tj@58.531C soc1@58.343C VDD_IN 9003mW/12314mW VDD_CPU_GPU_CV 2597mW/5142mW VDD_SOC 2680mW/3109mW
09-27-2026 08:56:55 RAM 5955/7620MB (lfb 3x4MB) SWAP 458/12002MB (cached 0MB) CPU [1%@1728,0%@1728,50%@1728,2%@1728,9%@1728,2%@1728] GR3D_FREQ 55% cpu@58.531C soc2@57.531C soc0@57.031C gpu@59.375C tj@59.375C soc1@58.437C VDD_IN 12574mW/12315mW VDD_CPU_GPU_CV 5083mW/5142mW VDD_SOC 3217mW/3109mW
09-27-2026 08:56:56 RAM 5955/7620MB (lfb 3x4MB) SWAP 458/12002MB (cached 0MB) CPU [46%@1728,5%@1728,100%@1728,41%@1728,58%@1728,58%@1728] GR3D_FREQ 0% cpu@59.25C soc2@57.437C soc0@57.031C gpu@58.625C tj@59.25C soc1@58.437C VDD_IN 10289mW/12311mW VDD_CPU_GPU_CV 3772mW/5140mW VDD_SOC 2794mW/3108mW
09-27-2026 08:56:56 RAM 5963/7620MB (lfb 1x4MB) SWAP 458/12002MB (cached 0MB) CPU [41%@1728,7%@1728,98%@1728,41%@1728,52%@1728,50%@1728] GR3D_FREQ 0% cpu@59.187C soc2@57.437C soc0@57.031C gpu@58.5C tj@59.156C soc1@58.437C VDD_IN 9619mW/12306mW VDD_CPU_GPU_CV 3340mW/5136mW VDD_SOC 2680mW/3107mW
09-27-2026 08:56:57 RAM 5963/7620MB (lfb 1x4MB) SWAP 458/12002MB (cached 0MB) CPU [40%@1728,8%@1728,100%@1728,42%@1728,48%@1728,50%@1728] GR3D_FREQ 0% cpu@58.875C soc2@57.437C soc0@56.937C gpu@58.531C tj@58.875C soc1@58.375C VDD_IN 9477mW/12301mW VDD_CPU_GPU_CV 3266mW/5133mW VDD_SOC 2641mW/3107mW
09-27-2026 08:56:57 RAM 5838/7620MB (lfb 19x4MB) SWAP 458/12002MB (cached 0MB) CPU [2%@1728,1%@1728,96%@1728,0%@1728,0%@1728,0%@1728] GR3D_FREQ 55% cpu@58.5C soc2@57.375C soc0@56.875C gpu@58.875C tj@58.875C soc1@58.25C VDD_IN 9358mW/12295mW VDD_CPU_GPU_CV 2873mW/5129mW VDD_SOC 2720mW/3106mW
09-27-2026 08:56:58 RAM 5958/7620MB (lfb 2x4MB) SWAP 458/12002MB (cached 0MB) CPU [2%@1728,6%@1728,24%@1728,2%@1728,22%@1728,3%@1728] GR3D_FREQ 39% cpu@58.437C soc2@57.562C soc0@57.156C gpu@59.468C tj@59.468C soc1@58.218C VDD_IN 12378mW/12296mW VDD_CPU_GPU_CV 5005mW/5128mW VDD_SOC 3177mW/3106mW
09-27-2026 08:56:58 RAM 5958/7620MB (lfb 2x4MB) SWAP 458/12002MB (cached 0MB) CPU [32%@1728,33%@1728,30%@1728,34%@1728,100%@1728,30%@1728] GR3D_FREQ 0% cpu@58.656C soc2@57.562C soc0@57C gpu@58.75C tj@58.75C soc1@58.437C VDD_IN 10250mW/12292mW VDD_CPU_GPU_CV 3693mW/5126mW VDD_SOC 2794mW/3105mW
09-27-2026 08:56:59 RAM 5955/7620MB (lfb 3x4MB) SWAP 458/12002MB (cached 0MB) CPU [36%@1728,34%@1728,36%@1728,35%@1728,100%@1728,36%@1728] GR3D_FREQ 0% cpu@58.718C soc2@57.281C soc0@57C gpu@58.75C tj@58.75C soc1@58.375C VDD_IN 9619mW/12287mW VDD_CPU_GPU_CV 3261mW/5122mW VDD_SOC 2720mW/3105mW
09-27-2026 08:56:59 RAM 5242/7620MB (lfb 34x4MB) SWAP 445/12002MB (cached 0MB) CPU [36%@1728,20%@1728,19%@1728,19%@1728,92%@1728,21%@1728] GR3D_FREQ 0% cpu@58.531C soc2@57.218C soc0@56.906C gpu@58.625C tj@58.625C soc1@58.218C VDD_IN 9279mW/12281mW VDD_CPU_GPU_CV 2833mW/5118mW VDD_SOC 2720mW/3104mW
09-27-2026 08:57:00 RAM 5225/7620MB (lfb 35x4MB) SWAP 443/12002MB (cached 0MB) CPU [3%@1728,1%@1728,0%@1728,0%@1728,78%@1728,1%@1728] GR3D_FREQ 0% cpu@57.781C soc2@57.218C soc0@57.062C gpu@58.343C tj@58.343C soc1@58.218C VDD_IN 8608mW/12275mW VDD_CPU_GPU_CV 2247mW/5113mW VDD_SOC 2685mW/3103mW
09-27-2026 08:57:00 RAM 4271/7620MB (lfb 77x4MB) SWAP 335/12002MB (cached 0MB) CPU [1%@1728,0%@1728,38%@1728,0%@1728,42%@1728,0%@1728] GR3D_FREQ 0% cpu@58.218C soc2@57.187C soc0@56.812C gpu@58.312C tj@58.312C soc1@58.093C VDD_IN 8385mW/12268mW VDD_CPU_GPU_CV 2168mW/5108mW VDD_SOC 2606mW/3102mW
