09-26-2026 20:53:02 RAM 2593/7620MB (lfb 70x4MB) SWAP 8/12002MB (cached 0MB) CPU [36%@1728,30%@1728,27%@1728,32%@1728,30%@1728,92%@1728] GR3D_FREQ 0% cpu@52.343C soc2@51.687C soc0@51.187C gpu@52.906C tj@52.906C soc1@52.687C VDD_IN 8780mW/8780mW VDD_CPU_GPU_CV 2680mW/2680mW VDD_SOC 2606mW/2606mW
09-26-2026 20:53:02 RAM 2654/7620MB (lfb 70x4MB) SWAP 8/12002MB (cached 0MB) CPU [0%@1728,0%@1728,2%@1728,0%@1728,0%@1728,100%@1728] GR3D_FREQ 0% cpu@52.687C soc2@51.437C soc0@51.375C gpu@52.625C tj@52.687C soc1@52.625C VDD_IN 8582mW/8681mW VDD_CPU_GPU_CV 2444mW/2562mW VDD_SOC 2606mW/2606mW
09-26-2026 20:53:03 RAM 2678/7620MB (lfb 70x4MB) SWAP 8/12002MB (cached 0MB) CPU [0%@1728,0%@1728,0%@1728,0%@1728,0%@1728,100%@1728] GR3D_FREQ 0% cpu@52.562C soc2@51.5C soc0@51.312C gpu@52.562C tj@52.656C soc1@52.656C VDD_IN 8503mW/8622mW VDD_CPU_GPU_CV 2404mW/2509mW VDD_SOC 2606mW/2606mW
09-26-2026 20:53:03 RAM 2692/7620MB (lfb 70x4MB) SWAP 8/12002MB (cached 0MB) CPU [3%@1728,0%@1728,3%@1728,0%@1728,0%@1728,100%@1728] GR3D_FREQ 0% cpu@52.312C soc2@51.437C soc0@51.312C gpu@52.5C tj@52.562C soc1@52.625C VDD_IN 8503mW/8592mW VDD_CPU_GPU_CV 2365mW/2473mW VDD_SOC 2606mW/2606mW
09-26-2026 20:53:04 RAM 2770/7620MB (lfb 70x4MB) SWAP 8/12002MB (cached 0MB) CPU [14%@1728,13%@1728,13%@1728,13%@1728,13%@1728,94%@1728] GR3D_FREQ 0% cpu@52.281C soc2@51.406C soc0@51.312C gpu@52.562C tj@52.812C soc1@52.812C VDD_IN 8424mW/8558mW VDD_CPU_GPU_CV 2326mW/2444mW VDD_SOC 2606mW/2606mW
09-26-2026 20:53:04 RAM 2867/7620MB (lfb 56x4MB) SWAP 8/12002MB (cached 0MB) CPU [0%@1728,3%@1728,2%@1728,2%@1728,2%@1728,100%@1728] GR3D_FREQ 0% cpu@52.531C soc2@51.437C soc0@51.25C gpu@52.562C tj@52.625C soc1@52.625C VDD_IN 8385mW/8530mW VDD_CPU_GPU_CV 2326mW/2424mW VDD_SOC 2610mW/2607mW
09-26-2026 20:53:05 RAM 3010/7620MB (lfb 24x4MB) SWAP 8/12002MB (cached 0MB) CPU [0%@1728,0%@1728,1%@1728,0%@1728,0%@1728,100%@1728] GR3D_FREQ 0% cpu@52.718C soc2@51.468C soc0@51.281C gpu@52.781C tj@52.781C soc1@52.75C VDD_IN 8503mW/8526mW VDD_CPU_GPU_CV 2286mW/2404mW VDD_SOC 2645mW/2612mW
09-26-2026 20:53:05 RAM 3321/7620MB (lfb 24x4MB) SWAP 8/12002MB (cached 0MB) CPU [3%@1728,1%@1728,3%@1728,1%@1728,1%@1728,96%@1728] GR3D_FREQ 5% cpu@52.5C soc2@51.562C soc0@51.437C gpu@52.75C tj@52.75C soc1@52.593C VDD_IN 8740mW/8553mW VDD_CPU_GPU_CV 2404mW/2404mW VDD_SOC 2685mW/2621mW
09-26-2026 20:53:06 RAM 3398/7620MB (lfb 25x4MB) SWAP 8/12002MB (cached 0MB) CPU [21%@1728,12%@1728,15%@1728,16%@1728,30%@1728,36%@1728] GR3D_FREQ 85% cpu@53.156C soc2@52.281C soc0@51.5C gpu@55.343C tj@55.343C soc1@52.656C VDD_IN 16580mW/9444mW VDD_CPU_GPU_CV 8119mW/3039mW VDD_SOC 3864mW/2759mW
09-26-2026 20:53:06 RAM 3569/7620MB (lfb 25x4MB) SWAP 8/12002MB (cached 0MB) CPU [14%@1728,61%@1728,13%@1728,27%@1728,22%@1728,14%@1728] GR3D_FREQ 0% cpu@54.093C soc2@52.437C soc0@51.687C gpu@53.75C tj@54.093C soc1@53C VDD_IN 13770mW/9877mW VDD_CPU_GPU_CV 6129mW/3348mW VDD_SOC 3407mW/2824mW
09-26-2026 20:53:07 RAM 3569/7620MB (lfb 25x4MB) SWAP 8/12002MB (cached 0MB) CPU [30%@1728,34%@1728,20%@1728,82%@1728,50%@1728,42%@1728] GR3D_FREQ 0% cpu@53.437C soc2@52.218C soc0@51.687C gpu@53.343C tj@53.437C soc1@52.875C VDD_IN 10526mW/9936mW VDD_CPU_GPU_CV 3929mW/3401mW VDD_SOC 2873mW/2829mW
09-26-2026 20:53:07 RAM 3575/7620MB (lfb 24x4MB) SWAP 8/12002MB (cached 0MB) CPU [32%@1728,98%@1728,10%@1728,32%@1728,36%@1728,42%@1728] GR3D_FREQ 0% cpu@53.156C soc2@52.125C soc0@51.812C gpu@53.093C tj@53.156C soc1@53.031C VDD_IN 9635mW/9911mW VDD_CPU_GPU_CV 3266mW/3390mW VDD_SOC 2720mW/2820mW
09-26-2026 20:53:08 RAM 3575/7620MB (lfb 24x4MB) SWAP 8/12002MB (cached 0MB) CPU [21%@1728,98%@1728,14%@1728,33%@1728,43%@1728,52%@1728] GR3D_FREQ 0% cpu@53.281C soc2@52.187C soc0@51.562C gpu@53.125C tj@53.281C soc1@53.187C VDD_IN 9358mW/9868mW VDD_CPU_GPU_CV 3109mW/3368mW VDD_SOC 2685mW/2809mW
09-26-2026 20:53:08 RAM 3471/7620MB (lfb 24x4MB) SWAP 8/12002MB (cached 0MB) CPU [1%@1728,94%@1728,8%@1728,6%@1728,10%@1728,6%@1728] GR3D_FREQ 0% cpu@53.25C soc2@52.062C soc0@51.656C gpu@53.312C tj@53.312C soc1@53.125C VDD_IN 9017mW/9808mW VDD_CPU_GPU_CV 2601mW/3313mW VDD_SOC 2724mW/2803mW
09-26-2026 20:53:09 RAM 3600/7620MB (lfb 25x4MB) SWAP 8/12002MB (cached 0MB) CPU [3%@1728,72%@1728,0%@1728,10%@1728,0%@1728,0%@1728] GR3D_FREQ 26% cpu@52.75C soc2@51.937C soc0@51.687C gpu@53C tj@53.031C soc1@53.031C VDD_IN 8820mW/9742mW VDD_CPU_GPU_CV 2523mW/3261mW VDD_SOC 2685mW/2795mW
09-26-2026 20:53:09 RAM 3841/7620MB (lfb 25x4MB) SWAP 8/12002MB (cached 0MB) CPU [0%@1728,0%@1728,0%@1728,84%@1728,0%@1728,0%@1728] GR3D_FREQ 2% cpu@53.031C soc2@51.937C soc0@51.812C gpu@53.25C tj@53.25C soc1@52.937C VDD_IN 8701mW/9677mW VDD_CPU_GPU_CV 2444mW/3210mW VDD_SOC 2645mW/2786mW
09-26-2026 20:53:10 RAM 4138/7620MB (lfb 24x4MB) SWAP 8/12002MB (cached 0MB) CPU [0%@1728,0%@1728,0%@1728,100%@1728,0%@1728,0%@1728] GR3D_FREQ 2% cpu@52.937C soc2@52.062C soc0@51.687C gpu@53.093C tj@53.093C soc1@52.906C VDD_IN 8701mW/9619mW VDD_CPU_GPU_CV 2483mW/3167mW VDD_SOC 2645mW/2778mW
09-26-2026 20:53:10 RAM 4466/7620MB (lfb 25x4MB) SWAP 8/12002MB (cached 0MB) CPU [0%@1728,0%@1728,0%@1728,100%@1728,0%@1728,0%@1728] GR3D_FREQ 4% cpu@52.875C soc2@51.937C soc0@51.718C gpu@53.031C tj@53.125C soc1@53.125C VDD_IN 8740mW/9570mW VDD_CPU_GPU_CV 2483mW/3129mW VDD_SOC 2645mW/2770mW
09-26-2026 20:53:11 RAM 4707/7620MB (lfb 24x4MB) SWAP 8/12002MB (cached 0MB) CPU [3%@1728,0%@1728,13%@1728,74%@1728,0%@1728,0%@1728] GR3D_FREQ 69% cpu@52.875C soc2@52C soc0@51.562C gpu@53.937C tj@53.937C soc1@53.031C VDD_IN 10368mW/9612mW VDD_CPU_GPU_CV 3733mW/3161mW VDD_SOC 2799mW/2772mW
09-26-2026 20:53:11 RAM 4729/7620MB (lfb 25x4MB) SWAP 8/12002MB (cached 0MB) CPU [0%@1728,0%@1728,30%@1728,0%@1728,26%@1728,27%@1728] GR3D_FREQ 0% cpu@53.031C soc2@52.031C soc0@51.843C gpu@53.437C tj@53.437C soc1@53C VDD_IN 11117mW/9688mW VDD_CPU_GPU_CV 4315mW/3218mW VDD_SOC 2873mW/2777mW
09-26-2026 20:53:12 RAM 4757/7620MB (lfb 25x4MB) SWAP 8/12002MB (cached 0MB) CPU [0%@1728,0%@1728,34%@1728,0%@1728,0%@1728,66%@1728] GR3D_FREQ 0% cpu@53C soc2@52.156C soc0@51.906C gpu@53.375C tj@53.375C soc1@53.062C VDD_IN 11296mW/9764mW VDD_CPU_GPU_CV 4315mW/3271mW VDD_SOC 2952mW/2785mW
09-26-2026 20:53:12 RAM 4782/7620MB (lfb 25x4MB) SWAP 8/12002MB (cached 0MB) CPU [0%@1728,0%@1728,0%@1728,0%@1728,0%@1728,100%@1728] GR3D_FREQ 0% cpu@52.812C soc2@52.062C soc0@51.75C gpu@53.593C tj@53.593C soc1@53.187C VDD_IN 9319mW/9744mW VDD_CPU_GPU_CV 2952mW/3256mW VDD_SOC 2685mW/2781mW
09-26-2026 20:53:13 RAM 4807/7620MB (lfb 24x4MB) SWAP 8/12002MB (cached 0MB) CPU [0%@1728,0%@1728,1%@1728,0%@1728,0%@1728,100%@1728] GR3D_FREQ 0% cpu@53.062C soc2@51.937C soc0@51.906C gpu@53.218C tj@53.218C soc1@53.125C VDD_IN 8740mW/9700mW VDD_CPU_GPU_CV 2523mW/3224mW VDD_SOC 2645mW/2775mW
09-26-2026 20:53:13 RAM 4855/7620MB (lfb 25x4MB) SWAP 8/12002MB (cached 0MB) CPU [0%@1728,0%@1728,2%@1728,0%@1728,0%@1728,70%@1728] GR3D_FREQ 57% cpu@53.031C soc2@52.062C soc0@51.718C gpu@54.031C tj@54.031C soc1@53.093C VDD_IN 10881mW/9750mW VDD_CPU_GPU_CV 3811mW/3249mW VDD_SOC 3070mW/2787mW
09-26-2026 20:53:14 RAM 4867/7620MB (lfb 25x4MB) SWAP 8/12002MB (cached 0MB) CPU [0%@1728,0%@1728,0%@1728,0%@1728,3%@1728,75%@1728] GR3D_FREQ 0% cpu@52.843C soc2@52.312C soc0@51.937C gpu@53.375C tj@53.375C soc1@53.093C VDD_IN 10605mW/9784mW VDD_CPU_GPU_CV 3654mW/3265mW VDD_SOC 2991mW/2795mW
09-26-2026 20:53:14 RAM 4939/7620MB (lfb 24x4MB) SWAP 8/12002MB (cached 0MB) CPU [0%@1728,0%@1728,1%@1728,0%@1728,0%@1728,100%@1728] GR3D_FREQ 0% cpu@52.781C soc2@51.937C soc0@51.968C gpu@53.25C tj@53.312C soc1@53.312C VDD_IN 9017mW/9754mW VDD_CPU_GPU_CV 2720mW/3244mW VDD_SOC 2685mW/2791mW
09-26-2026 20:53:15 RAM 5023/7620MB (lfb 3x4MB) SWAP 8/12002MB (cached 0MB) CPU [0%@1728,0%@1728,0%@1728,0%@1728,0%@1728,100%@1728] GR3D_FREQ 0% cpu@53.031C soc2@52.062C soc0@51.75C gpu@53.125C tj@53.218C soc1@53.218C VDD_IN 8582mW/9711mW VDD_CPU_GPU_CV 2404mW/3213mW VDD_SOC 2606mW/2784mW
09-26-2026 20:53:15 RAM 5027/7620MB (lfb 2x4MB) SWAP 8/12002MB (cached 0MB) CPU [1%@1728,0%@1728,1%@1728,0%@1728,0%@1728,100%@1728] GR3D_FREQ 0% cpu@52.968C soc2@52C soc0@51.718C gpu@53.437C tj@53.437C soc1@53.125C VDD_IN 8424mW/9665mW VDD_CPU_GPU_CV 2365mW/3183mW VDD_SOC 2606mW/2778mW
09-26-2026 20:53:16 RAM 5029/7620MB (lfb 3x4MB) SWAP 8/12002MB (cached 0MB) CPU [0%@1728,0%@1728,0%@1728,0%@1728,0%@1728,100%@1728] GR3D_FREQ 0% cpu@52.812C soc2@52.093C soc0@51.937C gpu@53.156C tj@53.156C soc1@53.125C VDD_IN 8424mW/9622mW VDD_CPU_GPU_CV 2404mW/3156mW VDD_SOC 2606mW/2772mW
09-26-2026 20:53:16 RAM 5029/7620MB (lfb 3x4MB) SWAP 8/12002MB (cached 0MB) CPU [0%@1728,1%@1728,4%@1728,1%@1728,0%@1728,100%@1728] GR3D_FREQ 0% cpu@52.781C soc2@51.937C soc0@51.812C gpu@53.062C tj@53.093C soc1@53.093C VDD_IN 8424mW/9582mW VDD_CPU_GPU_CV 2365mW/3129mW VDD_SOC 2566mW/2765mW
09-26-2026 20:53:17 RAM 5029/7620MB (lfb 3x4MB) SWAP 8/12002MB (cached 0MB) CPU [0%@1728,0%@1728,0%@1728,0%@1728,0%@1728,100%@1728] GR3D_FREQ 0% cpu@53.093C soc2@52.031C soc0@51.781C gpu@53.031C tj@53.218C soc1@53.218C VDD_IN 8424mW/9545mW VDD_CPU_GPU_CV 2286mW/3102mW VDD_SOC 2606mW/2760mW
09-26-2026 20:53:17 RAM 5029/7620MB (lfb 3x4MB) SWAP 8/12002MB (cached 0MB) CPU [0%@1728,0%@1728,0%@1728,0%@1728,0%@1728,100%@1728] GR3D_FREQ 0% cpu@53.031C soc2@51.937C soc0@51.687C gpu@53.312C tj@53.312C soc1@53.125C VDD_IN 8385mW/9509mW VDD_CPU_GPU_CV 2326mW/3078mW VDD_SOC 2570mW/2754mW
09-26-2026 20:53:18 RAM 5029/7620MB (lfb 3x4MB) SWAP 8/12002MB (cached 0MB) CPU [0%@1728,0%@1728,0%@1728,0%@1728,0%@1728,100%@1728] GR3D_FREQ 0% cpu@53.031C soc2@52C soc0@51.875C gpu@53.031C tj@53.125C soc1@53.125C VDD_IN 8424mW/9476mW VDD_CPU_GPU_CV 2365mW/3056mW VDD_SOC 2566mW/2748mW
09-26-2026 20:53:18 RAM 5029/7620MB (lfb 3x4MB) SWAP 8/12002MB (cached 0MB) CPU [0%@1728,0%@1728,0%@1728,0%@1728,1%@1728,100%@1728] GR3D_FREQ 0% cpu@52.875C soc2@51.937C soc0@51.906C gpu@53.281C tj@53.281C soc1@53.25C VDD_IN 8385mW/9444mW VDD_CPU_GPU_CV 2326mW/3035mW VDD_SOC 2566mW/2743mW
09-26-2026 20:53:19 RAM 5029/7620MB (lfb 3x4MB) SWAP 8/12002MB (cached 0MB) CPU [0%@1728,0%@1728,1%@1728,0%@1728,0%@1728,100%@1728] GR3D_FREQ 0% cpu@53.125C soc2@51.906C soc0@51.781C gpu@53.156C tj@53.187C soc1@53.187C VDD_IN 8424mW/9414mW VDD_CPU_GPU_CV 2286mW/3013mW VDD_SOC 2606mW/2739mW
09-26-2026 20:53:19 RAM 5029/7620MB (lfb 3x4MB) SWAP 8/12002MB (cached 0MB) CPU [0%@1728,1%@1728,0%@1728,0%@1728,0%@1728,100%@1728] GR3D_FREQ 0% cpu@53.093C soc2@52.031C soc0@51.687C gpu@53.156C tj@53.187C soc1@53.187C VDD_IN 8385mW/9386mW VDD_CPU_GPU_CV 2326mW/2994mW VDD_SOC 2570mW/2734mW
09-26-2026 20:53:20 RAM 5029/7620MB (lfb 3x4MB) SWAP 8/12002MB (cached 0MB) CPU [0%@1728,0%@1728,1%@1728,0%@1728,0%@1728,100%@1728] GR3D_FREQ 0% cpu@52.875C soc2@52C soc0@51.875C gpu@53C tj@53.125C soc1@53.125C VDD_IN 8385mW/9359mW VDD_CPU_GPU_CV 2365mW/2977mW VDD_SOC 2570mW/2730mW
09-26-2026 20:53:20 RAM 5029/7620MB (lfb 3x4MB) SWAP 8/12002MB (cached 0MB) CPU [0%@1728,0%@1728,0%@1728,0%@1728,0%@1728,100%@1728] GR3D_FREQ 0% cpu@52.75C soc2@52.125C soc0@51.843C gpu@53.312C tj@53.312C soc1@53.312C VDD_IN 8385mW/9333mW VDD_CPU_GPU_CV 2326mW/2960mW VDD_SOC 2566mW/2725mW
09-26-2026 20:53:21 RAM 5029/7620MB (lfb 3x4MB) SWAP 8/12002MB (cached 0MB) CPU [0%@1728,0%@1728,0%@1728,0%@1728,0%@1728,100%@1728] GR3D_FREQ 0% cpu@53.031C soc2@51.968C soc0@51.718C gpu@53.156C tj@53.187C soc1@53.187C VDD_IN 8424mW/9310mW VDD_CPU_GPU_CV 2286mW/2943mW VDD_SOC 2610mW/2722mW
09-26-2026 20:53:21 RAM 5029/7620MB (lfb 3x4MB) SWAP 8/12002MB (cached 0MB) CPU [0%@1728,0%@1728,0%@1728,0%@1728,0%@1728,100%@1728] GR3D_FREQ 0% cpu@53.25C soc2@51.968C soc0@51.687C gpu@53.343C tj@53.343C soc1@53.156C VDD_IN 8424mW/9288mW VDD_CPU_GPU_CV 2365mW/2928mW VDD_SOC 2606mW/2720mW
09-26-2026 20:53:22 RAM 5029/7620MB (lfb 3x4MB) SWAP 8/12002MB (cached 0MB) CPU [0%@1728,0%@1728,0%@1728,0%@1728,0%@1728,98%@1728] GR3D_FREQ 0% cpu@52.843C soc2@52.093C soc0@51.937C gpu@53.25C tj@53.25C soc1@53.156C VDD_IN 8424mW/9267mW VDD_CPU_GPU_CV 2365mW/2915mW VDD_SOC 2570mW/2716mW
09-26-2026 20:53:22 RAM 5029/7620MB (lfb 3x4MB) SWAP 8/12002MB (cached 0MB) CPU [0%@1728,0%@1728,0%@1728,0%@1728,0%@1728,100%@1728] GR3D_FREQ 0% cpu@52.781C soc2@51.937C soc0@51.875C gpu@53.062C tj@53.156C soc1@53.156C VDD_IN 8385mW/9246mW VDD_CPU_GPU_CV 2326mW/2901mW VDD_SOC 2570mW/2712mW
09-26-2026 20:53:23 RAM 5029/7620MB (lfb 3x4MB) SWAP 8/12002MB (cached 0MB) CPU [0%@1728,0%@1728,0%@1728,0%@1728,0%@1728,100%@1728] GR3D_FREQ 0% cpu@53.093C soc2@52.031C soc0@51.687C gpu@52.968C tj@53.218C soc1@53.218C VDD_IN 8424mW/9227mW VDD_CPU_GPU_CV 2326mW/2887mW VDD_SOC 2610mW/2710mW
09-26-2026 20:53:23 RAM 5029/7620MB (lfb 3x4MB) SWAP 8/12002MB (cached 0MB) CPU [0%@1728,0%@1728,0%@1728,1%@1728,0%@1728,100%@1728] GR3D_FREQ 0% cpu@52.937C soc2@52.031C soc0@51.718C gpu@53.312C tj@53.312C soc1@53.093C VDD_IN 8503mW/9210mW VDD_CPU_GPU_CV 2404mW/2876mW VDD_SOC 2606mW/2708mW
09-26-2026 20:53:24 RAM 5029/7620MB (lfb 3x4MB) SWAP 8/12002MB (cached 0MB) CPU [0%@1728,1%@1728,0%@1728,0%@1728,0%@1728,100%@1728] GR3D_FREQ 0% cpu@52.906C soc2@52.062C soc0@51.875C gpu@53.156C tj@53.187C soc1@53.187C VDD_IN 8385mW/9192mW VDD_CPU_GPU_CV 2326mW/2864mW VDD_SOC 2570mW/2705mW
09-26-2026 20:53:24 RAM 5029/7620MB (lfb 3x4MB) SWAP 8/12002MB (cached 0MB) CPU [0%@1728,0%@1728,0%@1728,0%@1728,0%@1728,100%@1728] GR3D_FREQ 0% cpu@52.75C soc2@52.062C soc0@51.937C gpu@53.062C tj@53.312C soc1@53.312C VDD_IN 8424mW/9175mW VDD_CPU_GPU_CV 2326mW/2852mW VDD_SOC 2606mW/2703mW
09-26-2026 20:53:25 RAM 5029/7620MB (lfb 3x4MB) SWAP 8/12002MB (cached 0MB) CPU [0%@1728,1%@1728,0%@1728,0%@1728,0%@1728,100%@1728] GR3D_FREQ 0% cpu@53.156C soc2@52C soc0@51.781C gpu@53.156C tj@53.312C soc1@53.312C VDD_IN 8385mW/9158mW VDD_CPU_GPU_CV 2326mW/2841mW VDD_SOC 2570mW/2700mW
09-26-2026 20:53:25 RAM 5029/7620MB (lfb 3x4MB) SWAP 8/12002MB (cached 0MB) CPU [0%@1728,0%@1728,0%@1728,0%@1728,0%@1728,100%@1728] GR3D_FREQ 0% cpu@52.968C soc2@52.031C soc0@51.843C gpu@53.031C tj@53.156C soc1@53.156C VDD_IN 8385mW/9142mW VDD_CPU_GPU_CV 2365mW/2831mW VDD_SOC 2570mW/2697mW
09-26-2026 20:53:26 RAM 5029/7620MB (lfb 3x4MB) SWAP 8/12002MB (cached 0MB) CPU [0%@1728,0%@1728,0%@1728,0%@1728,0%@1728,100%@1728] GR3D_FREQ 0% cpu@52.937C soc2@52.125C soc0@51.843C gpu@53.625C tj@53.625C soc1@53.093C VDD_IN 8385mW/9127mW VDD_CPU_GPU_CV 2326mW/2821mW VDD_SOC 2566mW/2694mW
09-26-2026 20:53:26 RAM 5029/7620MB (lfb 3x4MB) SWAP 8/12002MB (cached 0MB) CPU [0%@1728,0%@1728,0%@1728,0%@1728,0%@1728,100%@1728] GR3D_FREQ 0% cpu@52.937C soc2@51.968C soc0@51.781C gpu@53.312C tj@53.312C soc1@53.125C VDD_IN 8424mW/9113mW VDD_CPU_GPU_CV 2326mW/2811mW VDD_SOC 2570mW/2692mW
09-26-2026 20:53:27 RAM 5030/7620MB (lfb 3x4MB) SWAP 8/12002MB (cached 0MB) CPU [0%@1728,0%@1728,0%@1728,0%@1728,1%@1728,100%@1728] GR3D_FREQ 0% cpu@52.937C soc2@51.937C soc0@51.656C gpu@53.218C tj@53.25C soc1@53.25C VDD_IN 8424mW/9099mW VDD_CPU_GPU_CV 2326mW/2802mW VDD_SOC 2610mW/2690mW
09-26-2026 20:53:27 RAM 5030/7620MB (lfb 3x4MB) SWAP 8/12002MB (cached 0MB) CPU [0%@1728,0%@1728,1%@1728,0%@1728,0%@1728,98%@1728] GR3D_FREQ 0% cpu@53.062C soc2@52C soc0@51.843C gpu@53.093C tj@53.125C soc1@53.125C VDD_IN 8464mW/9087mW VDD_CPU_GPU_CV 2404mW/2794mW VDD_SOC 2606mW/2689mW
09-26-2026 20:53:28 RAM 5030/7620MB (lfb 3x4MB) SWAP 8/12002MB (cached 0MB) CPU [0%@1728,0%@1728,0%@1728,0%@1728,0%@1728,100%@1728] GR3D_FREQ 0% cpu@53.031C soc2@52.156C soc0@52.062C gpu@53.625C tj@53.625C soc1@53.218C VDD_IN 8385mW/9074mW VDD_CPU_GPU_CV 2326mW/2785mW VDD_SOC 2566mW/2686mW
09-26-2026 20:53:28 RAM 5030/7620MB (lfb 3x4MB) SWAP 8/12002MB (cached 0MB) CPU [0%@1728,0%@1728,0%@1728,0%@1728,0%@1728,100%@1728] GR3D_FREQ 0% cpu@52.812C soc2@52.062C soc0@51.906C gpu@53.093C tj@53.187C soc1@53.187C VDD_IN 8424mW/9062mW VDD_CPU_GPU_CV 2286mW/2776mW VDD_SOC 2606mW/2685mW
09-26-2026 20:53:29 RAM 5030/7620MB (lfb 3x4MB) SWAP 8/12002MB (cached 0MB) CPU [0%@1728,0%@1728,0%@1728,0%@1728,0%@1728,100%@1728] GR3D_FREQ 0% cpu@53.031C soc2@51.937C soc0@51.875C gpu@53.5C tj@53.5C soc1@53.343C VDD_IN 8385mW/9049mW VDD_CPU_GPU_CV 2326mW/2768mW VDD_SOC 2566mW/2683mW
09-26-2026 20:53:29 RAM 5030/7620MB (lfb 3x4MB) SWAP 8/12002MB (cached 0MB) CPU [0%@1728,0%@1728,0%@1728,0%@1728,0%@1728,100%@1728] GR3D_FREQ 0% cpu@53.281C soc2@51.906C soc0@51.781C gpu@53.406C tj@53.406C soc1@53.281C VDD_IN 8424mW/9038mW VDD_CPU_GPU_CV 2365mW/2761mW VDD_SOC 2566mW/2681mW
09-26-2026 20:53:30 RAM 5030/7620MB (lfb 3x4MB) SWAP 8/12002MB (cached 0MB) CPU [0%@1728,0%@1728,0%@1728,0%@1728,0%@1728,100%@1728] GR3D_FREQ 0% cpu@53.031C soc2@52.031C soc0@52.031C gpu@53.156C tj@53.187C soc1@53.187C VDD_IN 8385mW/9027mW VDD_CPU_GPU_CV 2326mW/2753mW VDD_SOC 2570mW/2679mW
09-26-2026 20:53:30 RAM 5030/7620MB (lfb 3x4MB) SWAP 8/12002MB (cached 0MB) CPU [0%@1728,0%@1728,0%@1728,0%@1728,0%@1728,100%@1728] GR3D_FREQ 0% cpu@52.843C soc2@52.125C soc0@51.781C gpu@53.125C tj@53.375C soc1@53.375C VDD_IN 8424mW/9016mW VDD_CPU_GPU_CV 2286mW/2745mW VDD_SOC 2606mW/2677mW
09-26-2026 20:53:31 RAM 5030/7620MB (lfb 3x4MB) SWAP 8/12002MB (cached 0MB) CPU [0%@1728,0%@1728,0%@1728,0%@1728,0%@1728,100%@1728] GR3D_FREQ 0% cpu@53.125C soc2@52.031C soc0@51.843C gpu@53.468C tj@53.468C soc1@53.312C VDD_IN 8385mW/9006mW VDD_CPU_GPU_CV 2365mW/2738mW VDD_SOC 2566mW/2675mW
09-26-2026 20:53:31 RAM 5030/7620MB (lfb 3x4MB) SWAP 8/12002MB (cached 0MB) CPU [0%@1728,0%@1728,0%@1728,0%@1728,0%@1728,100%@1728] GR3D_FREQ 14% cpu@53.125C soc2@52.062C soc0@51.812C gpu@53.406C tj@53.406C soc1@53.25C VDD_IN 8424mW/8996mW VDD_CPU_GPU_CV 2326mW/2732mW VDD_SOC 2606mW/2674mW
09-26-2026 20:53:32 RAM 5030/7620MB (lfb 3x4MB) SWAP 8/12002MB (cached 0MB) CPU [1%@1728,0%@1728,0%@1728,0%@1728,0%@1728,100%@1728] GR3D_FREQ 0% cpu@52.875C soc2@52.125C soc0@52.031C gpu@53.625C tj@53.625C soc1@53.25C VDD_IN 8385mW/8986mW VDD_CPU_GPU_CV 2326mW/2725mW VDD_SOC 2566mW/2673mW
09-26-2026 20:53:32 RAM 5030/7620MB (lfb 3x4MB) SWAP 8/12002MB (cached 0MB) CPU [0%@1728,0%@1728,1%@1728,0%@1728,0%@1728,100%@1728] GR3D_FREQ 0% cpu@52.718C soc2@52.156C soc0@51.781C gpu@53.281C tj@53.281C soc1@53.125C VDD_IN 8424mW/8977mW VDD_CPU_GPU_CV 2286mW/2718mW VDD_SOC 2606mW/2671mW
09-26-2026 20:53:33 RAM 5030/7620MB (lfb 3x4MB) SWAP 8/12002MB (cached 0MB) CPU [0%@1728,0%@1728,0%@1728,0%@1728,0%@1728,100%@1728] GR3D_FREQ 0% cpu@53.218C soc2@52.093C soc0@51.75C gpu@53.25C tj@53.312C soc1@53.312C VDD_IN 8385mW/8967mW VDD_CPU_GPU_CV 2326mW/2712mW VDD_SOC 2606mW/2670mW
09-26-2026 20:53:33 RAM 5030/7620MB (lfb 3x4MB) SWAP 8/12002MB (cached 0MB) CPU [0%@1728,0%@1728,0%@1728,0%@1728,0%@1728,98%@1728] GR3D_FREQ 0% cpu@53.062C soc2@52.093C soc0@51.937C gpu@53.062C tj@53.156C soc1@53.218C VDD_IN 8424mW/8959mW VDD_CPU_GPU_CV 2365mW/2706mW VDD_SOC 2566mW/2669mW
09-26-2026 20:53:34 RAM 5030/7620MB (lfb 3x4MB) SWAP 8/12002MB (cached 0MB) CPU [0%@1728,0%@1728,0%@1728,0%@1728,0%@1728,100%@1728] GR3D_FREQ 0% cpu@53.031C soc2@52.156C soc0@52.031C gpu@53.562C tj@53.562C soc1@53.218C VDD_IN 8424mW/8951mW VDD_CPU_GPU_CV 2326mW/2700mW VDD_SOC 2610mW/2668mW
09-26-2026 20:53:34 RAM 5030/7620MB (lfb 3x4MB) SWAP 8/12002MB (cached 0MB) CPU [0%@1728,0%@1728,0%@1728,0%@1728,0%@1728,100%@1728] GR3D_FREQ 0% cpu@52.875C soc2@52.031C soc0@51.937C gpu@53.281C tj@53.281C soc1@53.156C VDD_IN 8424mW/8943mW VDD_CPU_GPU_CV 2326mW/2695mW VDD_SOC 2606mW/2667mW
09-26-2026 20:53:35 RAM 5030/7620MB (lfb 3x4MB) SWAP 8/12002MB (cached 0MB) CPU [0%@1728,0%@1728,1%@1728,0%@1728,0%@1728,100%@1728] GR3D_FREQ 0% cpu@53C soc2@52.156C soc0@51.781C gpu@53.218C tj@53.312C soc1@53.343C VDD_IN 8385mW/8934mW VDD_CPU_GPU_CV 2326mW/2689mW VDD_SOC 2570mW/2666mW
09-26-2026 20:53:35 RAM 5030/7620MB (lfb 3x4MB) SWAP 8/12002MB (cached 0MB) CPU [0%@1728,0%@1728,0%@1728,0%@1728,0%@1728,100%@1728] GR3D_FREQ 0% cpu@53.125C soc2@52.093C soc0@51.937C gpu@53.125C tj@53.218C soc1@53.218C VDD_IN 8385mW/8926mW VDD_CPU_GPU_CV 2326mW/2684mW VDD_SOC 2570mW/2664mW
09-26-2026 20:53:36 RAM 5031/7620MB (lfb 3x4MB) SWAP 8/12002MB (cached 0MB) CPU [1%@1728,0%@1728,0%@1728,0%@1728,0%@1728,100%@1728] GR3D_FREQ 0% cpu@53.031C soc2@52.187C soc0@52C gpu@53.156C tj@53.281C soc1@53.281C VDD_IN 8424mW/8919mW VDD_CPU_GPU_CV 2286mW/2678mW VDD_SOC 2606mW/2663mW
09-26-2026 20:53:36 RAM 5031/7620MB (lfb 3x4MB) SWAP 8/12002MB (cached 0MB) CPU [0%@1728,0%@1728,0%@1728,0%@1728,0%@1728,92%@1728] GR3D_FREQ 53% cpu@52.906C soc2@52.218C soc0@52C gpu@53.656C tj@53.656C soc1@53.218C VDD_IN 9437mW/8927mW VDD_CPU_GPU_CV 2912mW/2681mW VDD_SOC 2803mW/2665mW
09-26-2026 20:53:37 RAM 5035/7620MB (lfb 1x4MB) SWAP 8/12002MB (cached 0MB) CPU [30%@1728,24%@1728,14%@1728,23%@1728,70%@1728,13%@1728] GR3D_FREQ 34% cpu@53.531C soc2@52.406C soc0@51.937C gpu@54.062C tj@54.062C soc1@53.312C VDD_IN 10723mW/8952mW VDD_CPU_GPU_CV 3733mW/2696mW VDD_SOC 2991mW/2670mW
09-26-2026 20:53:37 RAM 5035/7620MB (lfb 1x4MB) SWAP 8/12002MB (cached 0MB) CPU [0%@1728,0%@1728,0%@1728,0%@1728,88%@1728,4%@1728] GR3D_FREQ 0% cpu@53.531C soc2@52.406C soc0@52.031C gpu@53.593C tj@53.593C soc1@53.312C VDD_IN 9714mW/8962mW VDD_CPU_GPU_CV 3070mW/2701mW VDD_SOC 2838mW/2672mW
09-26-2026 20:53:38 RAM 5035/7620MB (lfb 1x4MB) SWAP 8/12002MB (cached 0MB) CPU [0%@1728,0%@1728,0%@1728,0%@1728,100%@1728,0%@1728] GR3D_FREQ 0% cpu@53.625C soc2@52.343C soc0@51.968C gpu@53.468C tj@53.625C soc1@53.218C VDD_IN 8820mW/8960mW VDD_CPU_GPU_CV 2562mW/2699mW VDD_SOC 2645mW/2672mW
09-26-2026 20:53:38 RAM 5038/7620MB (lfb 2x4MB) SWAP 8/12002MB (cached 0MB) CPU [0%@1728,0%@1728,0%@1728,0%@1728,100%@1728,0%@1728] GR3D_FREQ 0% cpu@53.281C soc2@52.406C soc0@52.062C gpu@53.25C tj@53.375C soc1@53.218C VDD_IN 8543mW/8955mW VDD_CPU_GPU_CV 2365mW/2695mW VDD_SOC 2606mW/2671mW
09-26-2026 20:53:39 RAM 5038/7620MB (lfb 2x4MB) SWAP 8/12002MB (cached 0MB) CPU [1%@1728,0%@1728,0%@1728,0%@1728,100%@1728,0%@1728] GR3D_FREQ 0% cpu@53.531C soc2@52.25C soc0@52C gpu@53.343C tj@53.531C soc1@53.437C VDD_IN 8464mW/8948mW VDD_CPU_GPU_CV 2365mW/2691mW VDD_SOC 2606mW/2670mW
09-26-2026 20:53:39 RAM 5073/7620MB (lfb 2x4MB) SWAP 8/12002MB (cached 0MB) CPU [0%@1728,3%@1728,3%@1728,23%@1728,80%@1728,0%@1728] GR3D_FREQ 0% cpu@53.281C soc2@52.156C soc0@51.968C gpu@53.218C tj@53.406C soc1@53.406C VDD_IN 8464mW/8942mW VDD_CPU_GPU_CV 2365mW/2686mW VDD_SOC 2606mW/2669mW
09-26-2026 20:53:40 RAM 5136/7620MB (lfb 2x4MB) SWAP 8/12002MB (cached 0MB) CPU [0%@1728,0%@1728,0%@1728,100%@1728,0%@1728,0%@1728] GR3D_FREQ 0% cpu@53.593C soc2@52.312C soc0@52.125C gpu@53.593C tj@53.593C soc1@53.312C VDD_IN 8385mW/8935mW VDD_CPU_GPU_CV 2326mW/2682mW VDD_SOC 2566mW/2668mW
09-26-2026 20:53:40 RAM 5229/7620MB (lfb 1x4MB) SWAP 8/12002MB (cached 0MB) CPU [0%@1728,0%@1728,0%@1728,100%@1728,0%@1728,0%@1728] GR3D_FREQ 0% cpu@53.437C soc2@52.375C soc0@52.156C gpu@53.468C tj@53.468C soc1@53.187C VDD_IN 8385mW/8928mW VDD_CPU_GPU_CV 2326mW/2677mW VDD_SOC 2570mW/2667mW
09-26-2026 20:53:41 RAM 5271/7620MB (lfb 2x4MB) SWAP 8/12002MB (cached 0MB) CPU [0%@1728,0%@1728,5%@1728,100%@1728,62%@1728,0%@1728] GR3D_FREQ 0% cpu@53.625C soc2@52.375C soc0@52C gpu@53.312C tj@53.625C soc1@53.437C VDD_IN 8820mW/8926mW VDD_CPU_GPU_CV 2680mW/2677mW VDD_SOC 2606mW/2666mW
09-26-2026 20:53:41 RAM 5357/7620MB (lfb 1x4MB) SWAP 8/12002MB (cached 0MB) CPU [1%@1728,0%@1728,0%@1728,100%@1728,100%@1728,0%@1728] GR3D_FREQ 0% cpu@54.125C soc2@52.25C soc0@51.937C gpu@53.5C tj@54.125C soc1@53.437C VDD_IN 9121mW/8929mW VDD_CPU_GPU_CV 2956mW/2681mW VDD_SOC 2606mW/2665mW
09-26-2026 20:53:42 RAM 5415/7620MB (lfb 2x4MB) SWAP 8/12002MB (cached 0MB) CPU [0%@1728,14%@1728,0%@1728,56%@1728,100%@1728,0%@1728] GR3D_FREQ 0% cpu@53.875C soc2@52.156C soc0@52.031C gpu@53.343C tj@53.875C soc1@53.375C VDD_IN 9017mW/8930mW VDD_CPU_GPU_CV 2759mW/2682mW VDD_SOC 2645mW/2665mW
09-26-2026 20:53:42 RAM 5467/7620MB (lfb 1x4MB) SWAP 9/12002MB (cached 0MB) CPU [4%@1728,100%@1728,0%@1728,0%@1728,100%@1728,0%@1728] GR3D_FREQ 0% cpu@53.687C soc2@52.437C soc0@52.031C gpu@53.281C tj@53.687C soc1@53.375C VDD_IN 9161mW/8933mW VDD_CPU_GPU_CV 2996mW/2685mW VDD_SOC 2606mW/2664mW
09-26-2026 20:53:43 RAM 5543/7620MB (lfb 1x4MB) SWAP 9/12002MB (cached 0MB) CPU [7%@1728,100%@1728,1%@1728,0%@1728,100%@1728,0%@1728] GR3D_FREQ 0% cpu@53.375C soc2@52.375C soc0@52.093C gpu@53.656C tj@53.656C soc1@53.593C VDD_IN 9200mW/8936mW VDD_CPU_GPU_CV 2991mW/2689mW VDD_SOC 2645mW/2664mW
09-26-2026 20:53:43 RAM 5550/7620MB (lfb 1x4MB) SWAP 9/12002MB (cached 0MB) CPU [0%@1728,42%@1728,0%@1728,62%@1728,70%@1728,0%@1728] GR3D_FREQ 0% cpu@54.062C soc2@52.375C soc0@51.937C gpu@53.562C tj@54.062C soc1@53.5C VDD_IN 9136mW/8938mW VDD_CPU_GPU_CV 2912mW/2692mW VDD_SOC 2645mW/2664mW
09-26-2026 20:53:44 RAM 5551/7620MB (lfb 1x4MB) SWAP 9/12002MB (cached 0MB) CPU [0%@1728,0%@1728,1%@1728,100%@1728,100%@1728,2%@1728] GR3D_FREQ 0% cpu@53.875C soc2@52.375C soc0@51.968C gpu@53.687C tj@53.875C soc1@53.406C VDD_IN 9240mW/8942mW VDD_CPU_GPU_CV 3030mW/2696mW VDD_SOC 2645mW/2663mW
09-26-2026 20:53:44 RAM 5552/7620MB (lfb 1x4MB) SWAP 9/12002MB (cached 0MB) CPU [0%@1728,0%@1728,0%@1728,100%@1728,52%@1728,0%@1728] GR3D_FREQ 0% cpu@53.812C soc2@52.406C soc0@52.093C gpu@53.562C tj@53.812C soc1@53.343C VDD_IN 9017mW/8943mW VDD_CPU_GPU_CV 2838mW/2697mW VDD_SOC 2645mW/2663mW
09-26-2026 20:53:45 RAM 5552/7620MB (lfb 1x4MB) SWAP 9/12002MB (cached 0MB) CPU [1%@1728,0%@1728,1%@1728,100%@1728,100%@1728,0%@1728] GR3D_FREQ 0% cpu@53.812C soc2@52.406C soc0@52.218C gpu@53.468C tj@53.812C soc1@53.343C VDD_IN 9200mW/8946mW VDD_CPU_GPU_CV 2991mW/2701mW VDD_SOC 2645mW/2663mW
09-26-2026 20:53:45 RAM 5552/7620MB (lfb 1x4MB) SWAP 9/12002MB (cached 0MB) CPU [13%@1728,0%@1728,1%@1728,82%@1728,88%@1728,26%@1728] GR3D_FREQ 0% cpu@53.625C soc2@52.5C soc0@52.218C gpu@53.375C tj@53.625C soc1@53.593C VDD_IN 9279mW/8949mW VDD_CPU_GPU_CV 2991mW/2704mW VDD_SOC 2645mW/2663mW
09-26-2026 20:53:46 RAM 5552/7620MB (lfb 1x4MB) SWAP 9/12002MB (cached 0MB) CPU [100%@1728,0%@1728,0%@1728,0%@1728,0%@1728,100%@1728] GR3D_FREQ 0% cpu@54.062C soc2@52.593C soc0@51.937C gpu@53.468C tj@54.062C soc1@53.5C VDD_IN 9279mW/8953mW VDD_CPU_GPU_CV 3030mW/2708mW VDD_SOC 2645mW/2663mW
09-26-2026 20:53:46 RAM 5552/7620MB (lfb 1x4MB) SWAP 9/12002MB (cached 0MB) CPU [41%@1728,0%@1728,0%@1728,0%@1728,0%@1728,100%@1728] GR3D_FREQ 0% cpu@53.343C soc2@52.562C soc0@52.25C gpu@53.312C tj@53.468C soc1@53.468C VDD_IN 8859mW/8952mW VDD_CPU_GPU_CV 2641mW/2707mW VDD_SOC 2645mW/2662mW
09-26-2026 20:53:47 RAM 5552/7620MB (lfb 1x4MB) SWAP 9/12002MB (cached 0MB) CPU [4%@1728,0%@1728,0%@1728,0%@1728,0%@1728,100%@1728] GR3D_FREQ 0% cpu@53.187C soc2@52.406C soc0@52.25C gpu@53.593C tj@53.593C soc1@53.343C VDD_IN 8543mW/8948mW VDD_CPU_GPU_CV 2483mW/2704mW VDD_SOC 2606mW/2662mW
09-26-2026 20:53:47 RAM 5552/7620MB (lfb 1x4MB) SWAP 9/12002MB (cached 0MB) CPU [0%@1728,1%@1728,0%@1728,0%@1728,32%@1728,56%@1728] GR3D_FREQ 0% cpu@53.062C soc2@52.312C soc0@52.156C gpu@53.468C tj@53.593C soc1@53.593C VDD_IN 8622mW/8944mW VDD_CPU_GPU_CV 2444mW/2702mW VDD_SOC 2606mW/2661mW
09-26-2026 20:53:48 RAM 5552/7620MB (lfb 1x4MB) SWAP 9/12002MB (cached 0MB) CPU [0%@1728,0%@1728,0%@1728,0%@1728,100%@1728,0%@1728] GR3D_FREQ 0% cpu@53.406C soc2@52.218C soc0@52.218C gpu@53.437C tj@53.531C soc1@53.531C VDD_IN 8424mW/8938mW VDD_CPU_GPU_CV 2365mW/2698mW VDD_SOC 2606mW/2661mW
09-26-2026 20:53:49 RAM 5552/7620MB (lfb 1x4MB) SWAP 9/12002MB (cached 0MB) CPU [0%@1728,0%@1728,0%@1728,0%@1728,100%@1728,0%@1728] GR3D_FREQ 0% cpu@53.437C soc2@52.312C soc0@52C gpu@53.281C tj@53.437C soc1@53.406C VDD_IN 8385mW/8933mW VDD_CPU_GPU_CV 2365mW/2694mW VDD_SOC 2566mW/2660mW
09-26-2026 20:53:49 RAM 5552/7620MB (lfb 1x4MB) SWAP 9/12002MB (cached 0MB) CPU [0%@1728,1%@1728,0%@1728,0%@1728,100%@1728,0%@1728] GR3D_FREQ 0% cpu@53.156C soc2@52.406C soc0@52.156C gpu@53.656C tj@53.656C soc1@53.406C VDD_IN 8385mW/8927mW VDD_CPU_GPU_CV 2365mW/2691mW VDD_SOC 2566mW/2659mW
09-26-2026 20:53:50 RAM 5552/7620MB (lfb 1x4MB) SWAP 9/12002MB (cached 0MB) CPU [0%@1728,0%@1728,0%@1728,0%@1728,100%@1728,0%@1728] GR3D_FREQ 0% cpu@53.375C soc2@52.218C soc0@52.093C gpu@53.312C tj@53.531C soc1@53.531C VDD_IN 8345mW/8921mW VDD_CPU_GPU_CV 2326mW/2687mW VDD_SOC 2566mW/2658mW
09-26-2026 20:53:50 RAM 5552/7620MB (lfb 1x4MB) SWAP 9/12002MB (cached 0MB) CPU [0%@1728,0%@1728,0%@1728,0%@1728,100%@1728,0%@1728] GR3D_FREQ 0% cpu@53.343C soc2@52.375C soc0@52.062C gpu@53.593C tj@53.593C soc1@53.531C VDD_IN 8385mW/8915mW VDD_CPU_GPU_CV 2326mW/2683mW VDD_SOC 2570mW/2657mW
09-26-2026 20:53:51 RAM 5552/7620MB (lfb 1x4MB) SWAP 9/12002MB (cached 0MB) CPU [0%@1728,0%@1728,1%@1728,0%@1728,100%@1728,0%@1728] GR3D_FREQ 0% cpu@53.625C soc2@52.281C soc0@51.968C gpu@53.5C tj@53.625C soc1@53.406C VDD_IN 8385mW/8910mW VDD_CPU_GPU_CV 2365mW/2680mW VDD_SOC 2566mW/2656mW
09-26-2026 20:53:51 RAM 5552/7620MB (lfb 1x4MB) SWAP 9/12002MB (cached 0MB) CPU [0%@1728,0%@1728,0%@1728,0%@1728,100%@1728,0%@1728] GR3D_FREQ 0% cpu@53.437C soc2@52.218C soc0@52.062C gpu@53.437C tj@53.437C soc1@53.406C VDD_IN 8385mW/8904mW VDD_CPU_GPU_CV 2326mW/2677mW VDD_SOC 2570mW/2655mW
09-26-2026 20:53:52 RAM 5552/7620MB (lfb 1x4MB) SWAP 9/12002MB (cached 0MB) CPU [1%@1728,0%@1728,0%@1728,0%@1728,100%@1728,0%@1728] GR3D_FREQ 0% cpu@53.218C soc2@52.343C soc0@52.093C gpu@53.281C tj@53.531C soc1@53.281C VDD_IN 8385mW/8899mW VDD_CPU_GPU_CV 2326mW/2673mW VDD_SOC 2570mW/2654mW
09-26-2026 20:53:52 RAM 5552/7620MB (lfb 1x4MB) SWAP 9/12002MB (cached 0MB) CPU [0%@1728,0%@1728,0%@1728,0%@1728,100%@1728,0%@1728] GR3D_FREQ 0% cpu@53.593C soc2@52.25C soc0@51.937C gpu@53.593C tj@53.593C soc1@53.375C VDD_IN 8385mW/8894mW VDD_CPU_GPU_CV 2365mW/2670mW VDD_SOC 2570mW/2653mW
09-26-2026 20:53:53 RAM 5552/7620MB (lfb 1x4MB) SWAP 9/12002MB (cached 0MB) CPU [0%@1728,0%@1728,0%@1728,0%@1728,94%@1728,0%@1728] GR3D_FREQ 0% cpu@53.5C soc2@52.281C soc0@51.937C gpu@53.5C tj@53.5C soc1@53.375C VDD_IN 9176mW/8897mW VDD_CPU_GPU_CV 2759mW/2671mW VDD_SOC 2764mW/2654mW
09-26-2026 20:53:53 RAM 5552/7620MB (lfb 1x4MB) SWAP 9/12002MB (cached 0MB) CPU [0%@1728,0%@1728,0%@1728,0%@1728,100%@1728,0%@1728] GR3D_FREQ 7% cpu@53.375C soc2@52.406C soc0@52.125C gpu@53.593C tj@53.593C soc1@53.406C VDD_IN 8701mW/8895mW VDD_CPU_GPU_CV 2483mW/2669mW VDD_SOC 2645mW/2654mW
09-26-2026 20:53:54 RAM 5552/7620MB (lfb 1x4MB) SWAP 9/12002MB (cached 0MB) CPU [0%@1728,3%@1728,0%@1728,0%@1728,100%@1728,0%@1728] GR3D_FREQ 0% cpu@53.312C soc2@52.218C soc0@52.062C gpu@53.5C tj@53.5C soc1@53.375C VDD_IN 8503mW/8891mW VDD_CPU_GPU_CV 2404mW/2667mW VDD_SOC 2606mW/2654mW
09-26-2026 20:53:54 RAM 5552/7620MB (lfb 1x4MB) SWAP 9/12002MB (cached 0MB) CPU [0%@1728,0%@1728,0%@1728,0%@1728,100%@1728,0%@1728] GR3D_FREQ 0% cpu@53.562C soc2@52.343C soc0@52.093C gpu@53.375C tj@53.562C soc1@53.468C VDD_IN 8424mW/8887mW VDD_CPU_GPU_CV 2365mW/2664mW VDD_SOC 2566mW/2653mW
09-26-2026 20:53:55 RAM 5552/7620MB (lfb 1x4MB) SWAP 9/12002MB (cached 0MB) CPU [0%@1728,0%@1728,0%@1728,0%@1728,100%@1728,0%@1728] GR3D_FREQ 0% cpu@53.656C soc2@52.125C soc0@51.937C gpu@53.25C tj@53.656C soc1@53.343C VDD_IN 8385mW/8882mW VDD_CPU_GPU_CV 2365mW/2661mW VDD_SOC 2566mW/2652mW
09-26-2026 20:53:55 RAM 5548/7620MB (lfb 1x2MB) SWAP 9/12002MB (cached 0MB) CPU [2%@1728,17%@1728,0%@1728,0%@1728,78%@1728,0%@1728] GR3D_FREQ 5% cpu@53.406C soc2@52.406C soc0@52.156C gpu@53.812C tj@53.812C soc1@53.375C VDD_IN 9872mW/8891mW VDD_CPU_GPU_CV 3070mW/2665mW VDD_SOC 2917mW/2655mW
09-26-2026 20:53:56 RAM 5549/7620MB (lfb 1x2MB) SWAP 10/12002MB (cached 0MB) CPU [2%@1728,17%@1728,0%@1728,0%@1728,86%@1728,0%@1728] GR3D_FREQ 71% cpu@53.437C soc2@52.593C soc0@52.156C gpu@55.156C tj@55.156C soc1@53.375C VDD_IN 11432mW/8915mW VDD_CPU_GPU_CV 3962mW/2677mW VDD_SOC 3266mW/2660mW
09-26-2026 20:53:56 RAM 5551/7620MB (lfb 1x4MB) SWAP 10/12002MB (cached 0MB) CPU [1%@1728,1%@1728,0%@1728,0%@1728,37%@1728,0%@1728] GR3D_FREQ 72% cpu@53.625C soc2@52.968C soc0@52.25C gpu@55.906C tj@55.906C soc1@53.593C VDD_IN 16580mW/8985mW VDD_CPU_GPU_CV 7225mW/2718mW VDD_SOC 4255mW/2675mW
09-26-2026 20:53:57 RAM 5551/7620MB (lfb 1x4MB) SWAP 10/12002MB (cached 0MB) CPU [0%@1728,0%@1728,1%@1728,0%@1728,39%@1728,0%@1728] GR3D_FREQ 69% cpu@54.156C soc2@53.281C soc0@52.468C gpu@56.218C tj@56.218C soc1@53.593C VDD_IN 18240mW/9069mW VDD_CPU_GPU_CV 8324mW/2769mW VDD_SOC 4552mW/2692mW
09-26-2026 20:53:57 RAM 5551/7620MB (lfb 1x4MB) SWAP 10/12002MB (cached 0MB) CPU [0%@1728,1%@1728,0%@1728,0%@1728,40%@1728,0%@1728] GR3D_FREQ 70% cpu@54.218C soc2@53.5C soc0@52.656C gpu@56.312C tj@56.312C soc1@53.75C VDD_IN 18708mW/9156mW VDD_CPU_GPU_CV 8557mW/2822mW VDD_SOC 4591mW/2709mW
09-26-2026 20:53:58 RAM 5546/7620MB (lfb 2x2MB) SWAP 10/12002MB (cached 0MB) CPU [16%@1728,20%@1728,16%@1728,19%@1728,63%@1728,19%@1728] GR3D_FREQ 2% cpu@55C soc2@53.75C soc0@52.781C gpu@55.093C tj@55.093C soc1@53.781C VDD_IN 15485mW/9213mW VDD_CPU_GPU_CV 6848mW/2858mW VDD_SOC 3832mW/2719mW
09-26-2026 20:53:58 RAM 5565/7620MB (lfb 3x512kB) SWAP 10/12002MB (cached 0MB) CPU [5%@1728,4%@1728,0%@1728,0%@1728,0%@1728,94%@1728] GR3D_FREQ 2% cpu@54.156C soc2@53.187C soc0@52.781C gpu@54.468C tj@54.468C soc1@53.812C VDD_IN 10723mW/9226mW VDD_CPU_GPU_CV 3772mW/2866mW VDD_SOC 2991mW/2722mW
09-26-2026 20:53:59 RAM 5588/7620MB (lfb 2x1MB) SWAP 10/12002MB (cached 0MB) CPU [5%@1728,1%@1728,0%@1728,0%@1728,0%@1728,100%@1728] GR3D_FREQ 2% cpu@54C soc2@53.062C soc0@52.656C gpu@54.656C tj@54.656C soc1@53.937C VDD_IN 9358mW/9227mW VDD_CPU_GPU_CV 2912mW/2866mW VDD_SOC 2720mW/2722mW
09-26-2026 20:53:59 RAM 5663/7620MB (lfb 10x512kB) SWAP 10/12002MB (cached 0MB) CPU [8%@1728,0%@1728,0%@1728,0%@1728,0%@1728,100%@1728] GR3D_FREQ 2% cpu@53.812C soc2@52.906C soc0@52.562C gpu@54.218C tj@54.218C soc1@53.812C VDD_IN 9003mW/9225mW VDD_CPU_GPU_CV 2680mW/2864mW VDD_SOC 2645mW/2721mW
09-26-2026 20:54:00 RAM 5693/7620MB (lfb 11x512kB) SWAP 14/12002MB (cached 0MB) CPU [19%@1728,24%@1728,3%@1728,0%@1728,0%@1728,51%@1728] GR3D_FREQ 63% cpu@53.656C soc2@53.093C soc0@52.687C gpu@55.75C tj@55.75C soc1@53.812C VDD_IN 12083mW/9250mW VDD_CPU_GPU_CV 5170mW/2884mW VDD_SOC 2868mW/2722mW
09-26-2026 20:54:00 RAM 5709/7620MB (lfb 1x4MB) SWAP 14/12002MB (cached 0MB) CPU [50%@1728,1%@1728,0%@1728,6%@1728,0%@1728,32%@1728] GR3D_FREQ 70% cpu@54C soc2@53.375C soc0@52.843C gpu@55.875C tj@55.875C soc1@53.875C VDD_IN 14084mW/9291mW VDD_CPU_GPU_CV 6636mW/2916mW VDD_SOC 3094mW/2725mW
09-26-2026 20:54:01 RAM 5739/7620MB (lfb 9x512kB) SWAP 14/12002MB (cached 0MB) CPU [57%@1728,4%@1728,0%@1728,0%@1728,0%@1728,32%@1728] GR3D_FREQ 68% cpu@54.156C soc2@53.437C soc0@52.875C gpu@55.812C tj@55.812C soc1@54.062C VDD_IN 14727mW/9337mW VDD_CPU_GPU_CV 6664mW/2948mW VDD_SOC 3323mW/2730mW
09-26-2026 20:54:01 RAM 5747/7620MB (lfb 1x4MB) SWAP 14/12002MB (cached 0MB) CPU [8%@1728,0%@1728,0%@1728,4%@1728,74%@1728,21%@1728] GR3D_FREQ 8% cpu@54.312C soc2@53.25C soc0@52.718C gpu@54.5C tj@54.5C soc1@54.093C VDD_IN 10526mW/9347mW VDD_CPU_GPU_CV 3772mW/2955mW VDD_SOC 2833mW/2731mW
09-26-2026 20:54:02 RAM 5747/7620MB (lfb 1x4MB) SWAP 14/12002MB (cached 0MB) CPU [2%@1728,0%@1728,0%@1728,0%@1728,39%@1728,0%@1728] GR3D_FREQ 52% cpu@54.125C soc2@53.5C soc0@52.968C gpu@56.187C tj@56.187C soc1@53.968C VDD_IN 13613mW/9383mW VDD_CPU_GPU_CV 5543mW/2977mW VDD_SOC 3485mW/2737mW
09-26-2026 20:54:02 RAM 5748/7620MB (lfb 1x4MB) SWAP 14/12002MB (cached 0MB) CPU [0%@1728,0%@1728,0%@1728,0%@1728,60%@1728,0%@1728] GR3D_FREQ 0% cpu@54.25C soc2@53.406C soc0@52.906C gpu@55C tj@55C soc1@53.937C VDD_IN 12653mW/9410mW VDD_CPU_GPU_CV 4856mW/2992mW VDD_SOC 3334mW/2742mW
09-26-2026 20:54:03 RAM 5748/7620MB (lfb 1x4MB) SWAP 14/12002MB (cached 0MB) CPU [0%@1728,0%@1728,0%@1728,0%@1728,100%@1728,0%@1728] GR3D_FREQ 0% cpu@54.125C soc2@53.25C soc0@52.906C gpu@54.531C tj@54.531C soc1@54.125C VDD_IN 9635mW/9412mW VDD_CPU_GPU_CV 3070mW/2993mW VDD_SOC 2759mW/2743mW
09-26-2026 20:54:03 RAM 5792/7620MB (lfb 9x512kB) SWAP 16/12002MB (cached 0MB) CPU [0%@1728,6%@1728,0%@1728,0%@1728,100%@1728,0%@1728] GR3D_FREQ 0% cpu@54.281C soc2@53.093C soc0@52.687C gpu@54.5C tj@54.5C soc1@54.062C VDD_IN 8780mW/9407mW VDD_CPU_GPU_CV 2562mW/2989mW VDD_SOC 2606mW/2741mW
09-26-2026 20:54:04 RAM 5794/7620MB (lfb 9x512kB) SWAP 16/12002MB (cached 0MB) CPU [0%@1728,1%@1728,0%@1728,0%@1728,100%@1728,0%@1728] GR3D_FREQ 0% cpu@54.093C soc2@53.093C soc0@53C gpu@54.343C tj@54.343C soc1@53.937C VDD_IN 8464mW/9399mW VDD_CPU_GPU_CV 2404mW/2985mW VDD_SOC 2566mW/2740mW
09-26-2026 20:54:04 RAM 5793/7620MB (lfb 1x1MB) SWAP 16/12002MB (cached 0MB) CPU [0%@1728,4%@1728,1%@1728,0%@1728,100%@1728,0%@1728] GR3D_FREQ 0% cpu@53.937C soc2@53C soc0@52.687C gpu@54.062C tj@54.093C soc1@54.031C VDD_IN 8503mW/9392mW VDD_CPU_GPU_CV 2444mW/2980mW VDD_SOC 2566mW/2739mW
09-26-2026 20:54:05 RAM 5795/7620MB (lfb 9x512kB) SWAP 16/12002MB (cached 0MB) CPU [0%@1728,0%@1728,1%@1728,0%@1728,100%@1728,0%@1728] GR3D_FREQ 0% cpu@54.031C soc2@52.875C soc0@52.75C gpu@54.468C tj@54.468C soc1@54.093C VDD_IN 8385mW/9384mW VDD_CPU_GPU_CV 2365mW/2975mW VDD_SOC 2527mW/2737mW
09-26-2026 20:54:05 RAM 5796/7620MB (lfb 9x512kB) SWAP 16/12002MB (cached 0MB) CPU [0%@1728,1%@1728,0%@1728,0%@1728,100%@1728,0%@1728] GR3D_FREQ 0% cpu@54.093C soc2@52.968C soc0@52.593C gpu@54.25C tj@54.25C soc1@54.031C VDD_IN 8385mW/9376mW VDD_CPU_GPU_CV 2286mW/2970mW VDD_SOC 2566mW/2736mW
09-26-2026 20:54:06 RAM 5796/7620MB (lfb 9x512kB) SWAP 16/12002MB (cached 0MB) CPU [0%@1728,1%@1728,0%@1728,0%@1728,100%@1728,0%@1728] GR3D_FREQ 0% cpu@54.062C soc2@53C soc0@52.687C gpu@54.125C tj@54.125C soc1@54C VDD_IN 8345mW/9368mW VDD_CPU_GPU_CV 2326mW/2965mW VDD_SOC 2527mW/2734mW
09-26-2026 20:54:06 RAM 5796/7620MB (lfb 9x512kB) SWAP 16/12002MB (cached 0MB) CPU [1%@1728,0%@1728,0%@1728,0%@1728,98%@1728,1%@1728] GR3D_FREQ 0% cpu@54C soc2@52.875C soc0@52.718C gpu@54.125C tj@54.125C soc1@53.937C VDD_IN 8385mW/9360mW VDD_CPU_GPU_CV 2404mW/2961mW VDD_SOC 2527mW/2732mW
09-26-2026 20:54:07 RAM 5795/7620MB (lfb 1x2MB) SWAP 16/12002MB (cached 0MB) CPU [16%@1728,11%@1728,12%@1728,17%@1728,100%@1728,0%@1728] GR3D_FREQ 0% cpu@54.25C soc2@53.062C soc0@52.718C gpu@54.093C tj@54.25C soc1@54.093C VDD_IN 8780mW/9356mW VDD_CPU_GPU_CV 2680mW/2958mW VDD_SOC 2566mW/2731mW
09-26-2026 20:54:07 RAM 5797/7620MB (lfb 1x2MB) SWAP 16/12002MB (cached 0MB) CPU [6%@1728,13%@1728,7%@1728,28%@1728,100%@1728,7%@1728] GR3D_FREQ 0% cpu@54.281C soc2@52.906C soc0@52.625C gpu@53.937C tj@54.281C soc1@54.031C VDD_IN 8740mW/9351mW VDD_CPU_GPU_CV 2601mW/2956mW VDD_SOC 2566mW/2730mW
09-26-2026 20:54:08 RAM 5797/7620MB (lfb 1x2MB) SWAP 16/12002MB (cached 0MB) CPU [0%@1728,1%@1728,0%@1728,0%@1728,100%@1728,0%@1728] GR3D_FREQ 0% cpu@54.062C soc2@53C soc0@52.593C gpu@54.312C tj@54.312C soc1@53.937C VDD_IN 8464mW/9344mW VDD_CPU_GPU_CV 2444mW/2952mW VDD_SOC 2527mW/2728mW
09-26-2026 20:54:08 RAM 5797/7620MB (lfb 1x2MB) SWAP 16/12002MB (cached 0MB) CPU [0%@1728,0%@1728,0%@1728,0%@1728,100%@1728,0%@1728] GR3D_FREQ 0% cpu@53.906C soc2@52.937C soc0@52.812C gpu@54.156C tj@54.156C soc1@53.968C VDD_IN 8424mW/9337mW VDD_CPU_GPU_CV 2404mW/2948mW VDD_SOC 2527mW/2727mW
09-26-2026 20:54:09 RAM 5797/7620MB (lfb 1x2MB) SWAP 16/12002MB (cached 0MB) CPU [0%@1728,0%@1728,1%@1728,1%@1728,100%@1728,0%@1728] GR3D_FREQ 0% cpu@53.906C soc2@52.906C soc0@52.531C gpu@54.125C tj@54.187C soc1@54.187C VDD_IN 8385mW/9330mW VDD_CPU_GPU_CV 2365mW/2943mW VDD_SOC 2527mW/2725mW
09-26-2026 20:54:09 RAM 5797/7620MB (lfb 1x2MB) SWAP 16/12002MB (cached 0MB) CPU [0%@1728,0%@1728,0%@1728,0%@1728,100%@1728,0%@1728] GR3D_FREQ 0% cpu@53.875C soc2@52.843C soc0@52.562C gpu@54.156C tj@54.156C soc1@53.968C VDD_IN 8385mW/9323mW VDD_CPU_GPU_CV 2326mW/2939mW VDD_SOC 2566mW/2724mW
09-26-2026 20:54:10 RAM 5797/7620MB (lfb 1x2MB) SWAP 16/12002MB (cached 0MB) CPU [0%@1728,0%@1728,0%@1728,0%@1728,100%@1728,0%@1728] GR3D_FREQ 0% cpu@54.218C soc2@52.781C soc0@52.5C gpu@53.968C tj@54.218C soc1@53.968C VDD_IN 8385mW/9316mW VDD_CPU_GPU_CV 2365mW/2934mW VDD_SOC 2527mW/2723mW
09-26-2026 20:54:10 RAM 5797/7620MB (lfb 1x2MB) SWAP 16/12002MB (cached 0MB) CPU [0%@1728,0%@1728,0%@1728,0%@1728,98%@1728,0%@1728] GR3D_FREQ 0% cpu@53.781C soc2@52.843C soc0@52.687C gpu@53.875C tj@53.906C soc1@53.906C VDD_IN 8385mW/9310mW VDD_CPU_GPU_CV 2365mW/2930mW VDD_SOC 2527mW/2721mW
09-26-2026 20:54:11 RAM 5797/7620MB (lfb 1x2MB) SWAP 16/12002MB (cached 0MB) CPU [0%@1728,0%@1728,0%@1728,0%@1728,100%@1728,0%@1728] GR3D_FREQ 0% cpu@54.312C soc2@52.875C soc0@52.625C gpu@54.218C tj@54.218C soc1@53.843C VDD_IN 8385mW/9303mW VDD_CPU_GPU_CV 2326mW/2926mW VDD_SOC 2527mW/2720mW
09-26-2026 20:54:11 RAM 5797/7620MB (lfb 1x2MB) SWAP 16/12002MB (cached 0MB) CPU [0%@1728,0%@1728,0%@1728,0%@1728,100%@1728,0%@1728] GR3D_FREQ 0% cpu@53.906C soc2@52.843C soc0@52.531C gpu@54.093C tj@54.093C soc1@54.093C VDD_IN 8385mW/9296mW VDD_CPU_GPU_CV 2326mW/2922mW VDD_SOC 2527mW/2718mW
09-26-2026 20:54:12 RAM 5797/7620MB (lfb 1x2MB) SWAP 16/12002MB (cached 0MB) CPU [0%@1728,0%@1728,0%@1728,0%@1728,98%@1728,0%@1728] GR3D_FREQ 39% cpu@53.937C soc2@52.906C soc0@52.718C gpu@54.062C tj@54.062C soc1@53.937C VDD_IN 8503mW/9291mW VDD_CPU_GPU_CV 2444mW/2918mW VDD_SOC 2566mW/2717mW
09-26-2026 20:54:12 RAM 5797/7620MB (lfb 1x2MB) SWAP 16/12002MB (cached 0MB) CPU [1%@1728,0%@1728,0%@1728,1%@1728,100%@1728,0%@1728] GR3D_FREQ 0% cpu@53.843C soc2@52.906C soc0@52.593C gpu@53.875C tj@53.906C soc1@53.906C VDD_IN 8385mW/9284mW VDD_CPU_GPU_CV 2365mW/2914mW VDD_SOC 2527mW/2716mW
09-26-2026 20:54:13 RAM 5797/7620MB (lfb 1x2MB) SWAP 16/12002MB (cached 0MB) CPU [0%@1728,0%@1728,0%@1728,0%@1728,100%@1728,0%@1728] GR3D_FREQ 0% cpu@53.625C soc2@52.718C soc0@52.593C gpu@53.812C tj@54.093C soc1@54.093C VDD_IN 8385mW/9278mW VDD_CPU_GPU_CV 2326mW/2910mW VDD_SOC 2527mW/2715mW
09-26-2026 20:54:13 RAM 5797/7620MB (lfb 1x2MB) SWAP 16/12002MB (cached 0MB) CPU [0%@1728,0%@1728,0%@1728,0%@1728,100%@1728,0%@1728] GR3D_FREQ 0% cpu@53.687C soc2@52.781C soc0@52.562C gpu@53.812C tj@54C soc1@54C VDD_IN 8345mW/9271mW VDD_CPU_GPU_CV 2326mW/2906mW VDD_SOC 2527mW/2713mW
09-26-2026 20:54:14 RAM 5797/7620MB (lfb 1x2MB) SWAP 16/12002MB (cached 0MB) CPU [0%@1728,0%@1728,0%@1728,0%@1728,100%@1728,2%@1728] GR3D_FREQ 0% cpu@54.031C soc2@52.718C soc0@52.437C gpu@54.187C tj@54.187C soc1@53.906C VDD_IN 8345mW/9265mW VDD_CPU_GPU_CV 2365mW/2902mW VDD_SOC 2527mW/2712mW
09-26-2026 20:54:14 RAM 5797/7620MB (lfb 1x2MB) SWAP 16/12002MB (cached 0MB) CPU [0%@1728,0%@1728,0%@1728,0%@1728,100%@1728,0%@1728] GR3D_FREQ 0% cpu@53.968C soc2@52.75C soc0@52.656C gpu@54C tj@54C soc1@53.875C VDD_IN 8385mW/9259mW VDD_CPU_GPU_CV 2365mW/2899mW VDD_SOC 2527mW/2711mW
09-26-2026 20:54:15 RAM 5797/7620MB (lfb 1x2MB) SWAP 16/12002MB (cached 0MB) CPU [0%@1728,0%@1728,0%@1728,0%@1728,100%@1728,0%@1728] GR3D_FREQ 0% cpu@53.812C soc2@52.718C soc0@52.625C gpu@53.875C tj@54.093C soc1@54.093C VDD_IN 8345mW/9253mW VDD_CPU_GPU_CV 2326mW/2895mW VDD_SOC 2531mW/2710mW
09-26-2026 20:54:15 RAM 5798/7620MB (lfb 1x2MB) SWAP 16/12002MB (cached 0MB) CPU [0%@1728,0%@1728,0%@1728,0%@1728,100%@1728,0%@1728] GR3D_FREQ 0% cpu@54.031C soc2@52.781C soc0@52.468C gpu@53.812C tj@54.062C soc1@54.062C VDD_IN 8385mW/9247mW VDD_CPU_GPU_CV 2326mW/2891mW VDD_SOC 2527mW/2708mW
09-26-2026 20:54:16 RAM 5798/7620MB (lfb 1x2MB) SWAP 16/12002MB (cached 0MB) CPU [0%@1728,0%@1728,0%@1728,0%@1728,100%@1728,0%@1728] GR3D_FREQ 0% cpu@54.093C soc2@52.687C soc0@52.562C gpu@54.125C tj@54.125C soc1@53.937C VDD_IN 8385mW/9241mW VDD_CPU_GPU_CV 2365mW/2887mW VDD_SOC 2527mW/2707mW
09-26-2026 20:54:16 RAM 5798/7620MB (lfb 1x2MB) SWAP 16/12002MB (cached 0MB) CPU [0%@1728,0%@1728,0%@1728,0%@1728,98%@1728,0%@1728] GR3D_FREQ 0% cpu@53.843C soc2@52.781C soc0@52.562C gpu@54C tj@53.843C soc1@53.843C VDD_IN 8345mW/9235mW VDD_CPU_GPU_CV 2326mW/2884mW VDD_SOC 2531mW/2706mW
09-26-2026 20:54:17 RAM 5798/7620MB (lfb 1x2MB) SWAP 16/12002MB (cached 0MB) CPU [3%@1728,0%@1728,0%@1728,1%@1728,100%@1728,0%@1728] GR3D_FREQ 0% cpu@53.781C soc2@52.843C soc0@52.656C gpu@54.062C tj@54.062C soc1@53.75C VDD_IN 8385mW/9229mW VDD_CPU_GPU_CV 2326mW/2880mW VDD_SOC 2527mW/2705mW
09-26-2026 20:54:17 RAM 5799/7620MB (lfb 1x1MB) SWAP 16/12002MB (cached 0MB) CPU [0%@1728,0%@1728,0%@1728,0%@1728,100%@1728,0%@1728] GR3D_FREQ 0% cpu@53.906C soc2@52.75C soc0@52.625C gpu@53.906C tj@53.937C soc1@53.937C VDD_IN 8385mW/9224mW VDD_CPU_GPU_CV 2286mW/2876mW VDD_SOC 2566mW/2704mW
09-26-2026 20:54:18 RAM 5799/7620MB (lfb 1x1MB) SWAP 16/12002MB (cached 0MB) CPU [0%@1728,0%@1728,0%@1728,0%@1728,100%@1728,0%@1728] GR3D_FREQ 0% cpu@54.187C soc2@52.562C soc0@52.437C gpu@53.781C tj@54.187C soc1@53.812C VDD_IN 8345mW/9218mW VDD_CPU_GPU_CV 2365mW/2873mW VDD_SOC 2527mW/2703mW
09-26-2026 20:54:18 RAM 5799/7620MB (lfb 1x1MB) SWAP 16/12002MB (cached 0MB) CPU [0%@1728,0%@1728,0%@1728,0%@1728,100%@1728,0%@1728] GR3D_FREQ 0% cpu@53.875C soc2@52.75C soc0@52.625C gpu@53.75C tj@53.875C soc1@53.687C VDD_IN 8385mW/9212mW VDD_CPU_GPU_CV 2365mW/2869mW VDD_SOC 2527mW/2701mW
09-26-2026 20:54:19 RAM 5799/7620MB (lfb 1x1MB) SWAP 16/12002MB (cached 0MB) CPU [0%@1728,0%@1728,0%@1728,0%@1728,100%@1728,0%@1728] GR3D_FREQ 0% cpu@53.812C soc2@52.718C soc0@52.468C gpu@54.031C tj@54.062C soc1@54.062C VDD_IN 8385mW/9207mW VDD_CPU_GPU_CV 2326mW/2866mW VDD_SOC 2527mW/2700mW
09-26-2026 20:54:19 RAM 5799/7620MB (lfb 1x1MB) SWAP 16/12002MB (cached 0MB) CPU [0%@1728,0%@1728,0%@1728,0%@1728,100%@1728,0%@1728] GR3D_FREQ 0% cpu@54.125C soc2@52.843C soc0@52.437C gpu@53.875C tj@54.125C soc1@53.875C VDD_IN 8345mW/9201mW VDD_CPU_GPU_CV 2326mW/2862mW VDD_SOC 2531mW/2699mW
09-26-2026 20:54:20 RAM 5799/7620MB (lfb 1x1MB) SWAP 16/12002MB (cached 0MB) CPU [0%@1728,0%@1728,0%@1728,0%@1728,100%@1728,0%@1728] GR3D_FREQ 0% cpu@54.218C soc2@52.687C soc0@52.531C gpu@54.062C tj@54.218C soc1@53.781C VDD_IN 8345mW/9196mW VDD_CPU_GPU_CV 2365mW/2859mW VDD_SOC 2531mW/2698mW
09-26-2026 20:54:20 RAM 5799/7620MB (lfb 1x1MB) SWAP 16/12002MB (cached 0MB) CPU [0%@1728,0%@1728,0%@1728,1%@1728,98%@1728,0%@1728] GR3D_FREQ 0% cpu@53.718C soc2@52.781C soc0@52.593C gpu@53.875C tj@53.875C soc1@53.812C VDD_IN 8345mW/9191mW VDD_CPU_GPU_CV 2365mW/2856mW VDD_SOC 2531mW/2697mW
09-26-2026 20:54:21 RAM 5799/7620MB (lfb 1x1MB) SWAP 16/12002MB (cached 0MB) CPU [0%@1728,0%@1728,0%@1728,0%@1728,100%@1728,0%@1728] GR3D_FREQ 0% cpu@53.781C soc2@52.718C soc0@52.437C gpu@53.812C tj@53.812C soc1@53.75C VDD_IN 8345mW/9185mW VDD_CPU_GPU_CV 2326mW/2852mW VDD_SOC 2531mW/2696mW
09-26-2026 20:54:21 RAM 5799/7620MB (lfb 1x1MB) SWAP 16/12002MB (cached 0MB) CPU [0%@1728,0%@1728,0%@1728,0%@1728,100%@1728,0%@1728] GR3D_FREQ 0% cpu@54.062C soc2@52.687C soc0@52.437C gpu@53.687C tj@54.062C soc1@53.937C VDD_IN 8345mW/9180mW VDD_CPU_GPU_CV 2365mW/2849mW VDD_SOC 2531mW/2695mW
09-26-2026 20:54:22 RAM 5799/7620MB (lfb 1x1MB) SWAP 16/12002MB (cached 0MB) CPU [0%@1728,0%@1728,0%@1728,0%@1728,98%@1728,0%@1728] GR3D_FREQ 0% cpu@53.781C soc2@52.656C soc0@52.406C gpu@54C tj@54C soc1@53.843C VDD_IN 8424mW/9175mW VDD_CPU_GPU_CV 2404mW/2847mW VDD_SOC 2527mW/2694mW
09-26-2026 20:54:22 RAM 5799/7620MB (lfb 1x1MB) SWAP 16/12002MB (cached 0MB) CPU [0%@1728,0%@1728,0%@1728,0%@1728,100%@1728,0%@1728] GR3D_FREQ 0% cpu@53.781C soc2@52.687C soc0@52.718C gpu@53.937C tj@53.937C soc1@53.656C VDD_IN 8385mW/9170mW VDD_CPU_GPU_CV 2326mW/2843mW VDD_SOC 2527mW/2693mW
09-26-2026 20:54:23 RAM 5799/7620MB (lfb 1x1MB) SWAP 16/12002MB (cached 0MB) CPU [0%@1728,1%@1728,0%@1728,0%@1728,100%@1728,0%@1728] GR3D_FREQ 0% cpu@53.718C soc2@52.656C soc0@52.531C gpu@53.75C tj@53.968C soc1@53.687C VDD_IN 8385mW/9165mW VDD_CPU_GPU_CV 2326mW/2840mW VDD_SOC 2527mW/2692mW
09-26-2026 20:54:23 RAM 5799/7620MB (lfb 1x1MB) SWAP 16/12002MB (cached 0MB) CPU [0%@1728,0%@1728,0%@1728,0%@1728,100%@1728,0%@1728] GR3D_FREQ 0% cpu@54.093C soc2@52.593C soc0@52.437C gpu@53.812C tj@54.093C soc1@53.812C VDD_IN 8385mW/9161mW VDD_CPU_GPU_CV 2365mW/2837mW VDD_SOC 2527mW/2691mW
09-26-2026 20:54:24 RAM 5799/7620MB (lfb 1x1MB) SWAP 16/12002MB (cached 0MB) CPU [0%@1728,0%@1728,0%@1728,0%@1728,100%@1728,0%@1728] GR3D_FREQ 0% cpu@53.781C soc2@52.531C soc0@52.312C gpu@53.593C tj@53.781C soc1@53.687C VDD_IN 8345mW/9156mW VDD_CPU_GPU_CV 2326mW/2834mW VDD_SOC 2531mW/2690mW
09-26-2026 20:54:24 RAM 5799/7620MB (lfb 1x1MB) SWAP 16/12002MB (cached 0MB) CPU [0%@1728,0%@1728,0%@1728,0%@1728,100%@1728,0%@1728] GR3D_FREQ 0% cpu@53.687C soc2@52.656C soc0@52.562C gpu@53.656C tj@53.687C soc1@53.687C VDD_IN 8385mW/9151mW VDD_CPU_GPU_CV 2286mW/2831mW VDD_SOC 2566mW/2689mW
09-26-2026 20:54:25 RAM 5799/7620MB (lfb 1x1MB) SWAP 16/12002MB (cached 0MB) CPU [0%@1728,0%@1728,0%@1728,3%@1728,94%@1728,0%@1728] GR3D_FREQ 60% cpu@53.437C soc2@52.718C soc0@52.437C gpu@54.375C tj@54.375C soc1@53.656C VDD_IN 9057mW/9150mW VDD_CPU_GPU_CV 2720mW/2830mW VDD_SOC 2645mW/2689mW
09-26-2026 20:54:25 RAM 5799/7620MB (lfb 1x1MB) SWAP 16/12002MB (cached 0MB) CPU [1%@1728,1%@1728,0%@1728,0%@1728,60%@1728,0%@1728] GR3D_FREQ 12% cpu@53.843C soc2@52.843C soc0@52.468C gpu@54.312C tj@54.312C soc1@53.875C VDD_IN 11078mW/9162mW VDD_CPU_GPU_CV 3883mW/2836mW VDD_SOC 3030mW/2691mW
09-26-2026 20:54:26 RAM 5799/7620MB (lfb 1x1MB) SWAP 16/12002MB (cached 0MB) CPU [8%@1728,0%@1728,1%@1728,1%@1728,51%@1728,22%@1728] GR3D_FREQ 0% cpu@53.843C soc2@52.875C soc0@52.5C gpu@54.218C tj@54.218C soc1@53.75C VDD_IN 11275mW/9175mW VDD_CPU_GPU_CV 3883mW/2843mW VDD_SOC 3109mW/2693mW
09-26-2026 20:54:26 RAM 5799/7620MB (lfb 1x1MB) SWAP 16/12002MB (cached 0MB) CPU [0%@1728,0%@1728,0%@1728,0%@1728,0%@1728,100%@1728] GR3D_FREQ 0% cpu@53.656C soc2@52.781C soc0@52.656C gpu@54.062C tj@54.062C soc1@53.781C VDD_IN 9200mW/9175mW VDD_CPU_GPU_CV 2794mW/2842mW VDD_SOC 2724mW/2694mW
09-26-2026 20:54:27 RAM 5797/7620MB (lfb 1x4MB) SWAP 17/12002MB (cached 0MB) CPU [0%@1728,0%@1728,0%@1728,0%@1728,1%@1728,100%@1728] GR3D_FREQ 0% cpu@53.406C soc2@52.812C soc0@52.531C gpu@53.812C tj@53.812C soc1@53.75C VDD_IN 8661mW/9172mW VDD_CPU_GPU_CV 2444mW/2840mW VDD_SOC 2606mW/2693mW
09-26-2026 20:54:27 RAM 5798/7620MB (lfb 1x4MB) SWAP 17/12002MB (cached 0MB) CPU [0%@1728,0%@1728,0%@1728,1%@1728,0%@1728,100%@1728] GR3D_FREQ 0% cpu@53.812C soc2@52.718C soc0@52.5C gpu@54.218C tj@54.218C soc1@53.968C VDD_IN 8424mW/9167mW VDD_CPU_GPU_CV 2404mW/2838mW VDD_SOC 2566mW/2692mW
09-26-2026 20:54:28 RAM 5798/7620MB (lfb 1x4MB) SWAP 17/12002MB (cached 0MB) CPU [0%@1728,0%@1728,0%@1728,0%@1728,0%@1728,100%@1728] GR3D_FREQ 0% cpu@53.562C soc2@52.593C soc0@52.375C gpu@54C tj@54C soc1@53.812C VDD_IN 8345mW/9163mW VDD_CPU_GPU_CV 2365mW/2835mW VDD_SOC 2527mW/2691mW
09-26-2026 20:54:28 RAM 5798/7620MB (lfb 1x4MB) SWAP 17/12002MB (cached 0MB) CPU [0%@1728,0%@1728,84%@1728,0%@1728,1%@1728,15%@1728] GR3D_FREQ 0% cpu@54.343C soc2@52.75C soc0@52.562C gpu@53.875C tj@54.343C soc1@53.718C VDD_IN 8385mW/9158mW VDD_CPU_GPU_CV 2326mW/2832mW VDD_SOC 2527mW/2690mW
09-26-2026 20:54:29 RAM 5798/7620MB (lfb 1x4MB) SWAP 17/12002MB (cached 0MB) CPU [0%@1728,0%@1728,100%@1728,0%@1728,0%@1728,0%@1728] GR3D_FREQ 0% cpu@54C soc2@52.718C soc0@52.468C gpu@53.812C tj@54C soc1@53.75C VDD_IN 8385mW/9154mW VDD_CPU_GPU_CV 2326mW/2829mW VDD_SOC 2531mW/2690mW
09-26-2026 20:54:29 RAM 5798/7620MB (lfb 1x4MB) SWAP 17/12002MB (cached 0MB) CPU [0%@1728,0%@1728,40%@1728,64%@1728,60%@1728,0%@1728] GR3D_FREQ 0% cpu@53.937C soc2@52.75C soc0@52.437C gpu@53.906C tj@53.937C soc1@53.937C VDD_IN 8820mW/9152mW VDD_CPU_GPU_CV 2720mW/2828mW VDD_SOC 2566mW/2689mW
09-26-2026 20:54:30 RAM 5798/7620MB (lfb 1x4MB) SWAP 17/12002MB (cached 0MB) CPU [0%@1728,3%@1728,0%@1728,100%@1728,100%@1728,0%@1728] GR3D_FREQ 0% cpu@54.562C soc2@52.656C soc0@52.437C gpu@53.812C tj@54.562C soc1@53.812C VDD_IN 9121mW/9152mW VDD_CPU_GPU_CV 2996mW/2829mW VDD_SOC 2566mW/2688mW
09-26-2026 20:54:30 RAM 5798/7620MB (lfb 1x4MB) SWAP 17/12002MB (cached 0MB) CPU [0%@1728,0%@1728,0%@1728,100%@1728,63%@1728,46%@1728] GR3D_FREQ 0% cpu@54.187C soc2@52.687C soc0@52.312C gpu@54.312C tj@54.312C soc1@53.781C VDD_IN 9200mW/9152mW VDD_CPU_GPU_CV 2991mW/2830mW VDD_SOC 2606mW/2688mW
09-26-2026 20:54:31 RAM 5798/7620MB (lfb 1x4MB) SWAP 17/12002MB (cached 0MB) CPU [0%@1728,0%@1728,0%@1728,100%@1728,0%@1728,100%@1728] GR3D_FREQ 0% cpu@54.125C soc2@52.843C soc0@52.656C gpu@54.093C tj@54.125C soc1@53.718C VDD_IN 9240mW/9152mW VDD_CPU_GPU_CV 3070mW/2832mW VDD_SOC 2566mW/2687mW
09-26-2026 20:54:31 RAM 5798/7620MB (lfb 1x4MB) SWAP 17/12002MB (cached 0MB) CPU [14%@1728,0%@1728,0%@1728,80%@1728,14%@1728,100%@1728] GR3D_FREQ 0% cpu@53.687C soc2@52.906C soc0@52.437C gpu@53.906C tj@53.968C soc1@53.968C VDD_IN 9279mW/9153mW VDD_CPU_GPU_CV 3030mW/2833mW VDD_SOC 2606mW/2687mW
09-26-2026 20:54:32 RAM 5798/7620MB (lfb 1x4MB) SWAP 17/12002MB (cached 0MB) CPU [100%@1728,0%@1728,0%@1728,0%@1728,0%@1728,100%@1728] GR3D_FREQ 0% cpu@54.093C soc2@52.937C soc0@52.437C gpu@54.062C tj@54.093C soc1@53.906C VDD_IN 9240mW/9153mW VDD_CPU_GPU_CV 3070mW/2834mW VDD_SOC 2566mW/2686mW
09-26-2026 20:54:32 RAM 5798/7620MB (lfb 1x4MB) SWAP 17/12002MB (cached 0MB) CPU [94%@1728,1%@1728,0%@1728,11%@1728,5%@1728,40%@1728] GR3D_FREQ 0% cpu@54.343C soc2@52.875C soc0@52.343C gpu@53.906C tj@54.343C soc1@53.812C VDD_IN 8899mW/9152mW VDD_CPU_GPU_CV 2720mW/2833mW VDD_SOC 2566mW/2685mW
09-26-2026 20:54:33 RAM 5798/7620MB (lfb 1x4MB) SWAP 17/12002MB (cached 0MB) CPU [0%@1728,0%@1728,0%@1728,100%@1728,100%@1728,0%@1728] GR3D_FREQ 0% cpu@54.343C soc2@52.781C soc0@52.562C gpu@53.812C tj@54.343C soc1@53.781C VDD_IN 9096mW/9152mW VDD_CPU_GPU_CV 2956mW/2834mW VDD_SOC 2566mW/2685mW
09-26-2026 20:54:33 RAM 5798/7620MB (lfb 1x4MB) SWAP 17/12002MB (cached 0MB) CPU [0%@1728,0%@1728,0%@1728,100%@1728,100%@1728,0%@1728] GR3D_FREQ 0% cpu@54.093C soc2@52.843C soc0@52.5C gpu@54.25C tj@54.25C soc1@53.812C VDD_IN 9161mW/9152mW VDD_CPU_GPU_CV 2952mW/2835mW VDD_SOC 2606mW/2684mW
09-26-2026 20:54:34 RAM 5798/7620MB (lfb 1x4MB) SWAP 17/12002MB (cached 0MB) CPU [0%@1728,3%@1728,1%@1728,100%@1728,17%@1728,92%@1728] GR3D_FREQ 0% cpu@54.25C soc2@52.906C soc0@52.5C gpu@54.093C tj@54.25C soc1@53.968C VDD_IN 9200mW/9152mW VDD_CPU_GPU_CV 3030mW/2836mW VDD_SOC 2566mW/2683mW
09-26-2026 20:54:34 RAM 5798/7620MB (lfb 1x4MB) SWAP 17/12002MB (cached 0MB) CPU [1%@1728,0%@1728,0%@1728,74%@1728,1%@1728,100%@1728] GR3D_FREQ 0% cpu@53.75C soc2@52.812C soc0@52.437C gpu@54.312C tj@54.312C soc1@53.906C VDD_IN 8978mW/9151mW VDD_CPU_GPU_CV 2838mW/2836mW VDD_SOC 2566mW/2683mW
09-26-2026 20:54:35 RAM 5798/7620MB (lfb 1x4MB) SWAP 17/12002MB (cached 0MB) CPU [0%@1728,0%@1728,0%@1728,0%@1728,0%@1728,100%@1728] GR3D_FREQ 0% cpu@53.625C soc2@52.718C soc0@52.531C gpu@54C tj@54C soc1@53.75C VDD_IN 8543mW/9148mW VDD_CPU_GPU_CV 2483mW/2834mW VDD_SOC 2527mW/2682mW
09-26-2026 20:54:35 RAM 5798/7620MB (lfb 1x4MB) SWAP 17/12002MB (cached 0MB) CPU [6%@1728,0%@1728,0%@1728,0%@1728,0%@1728,90%@1728] GR3D_FREQ 53% cpu@53.375C soc2@52.687C soc0@52.5C gpu@54.125C tj@54.125C soc1@53.781C VDD_IN 8859mW/9146mW VDD_CPU_GPU_CV 2641mW/2833mW VDD_SOC 2645mW/2682mW
09-26-2026 20:54:36 RAM 5798/7620MB (lfb 1x4MB) SWAP 17/12002MB (cached 0MB) CPU [100%@1728,1%@1728,0%@1728,0%@1728,1%@1728,0%@1728] GR3D_FREQ 0% cpu@53.625C soc2@52.843C soc0@52.468C gpu@53.812C tj@54C soc1@54C VDD_IN 8543mW/9143mW VDD_CPU_GPU_CV 2444mW/2831mW VDD_SOC 2566mW/2681mW
09-26-2026 20:54:37 RAM 5798/7620MB (lfb 1x4MB) SWAP 17/12002MB (cached 0MB) CPU [100%@1728,0%@1728,0%@1728,0%@1728,0%@1728,0%@1728] GR3D_FREQ 0% cpu@54.125C soc2@52.812C soc0@52.468C gpu@54.187C tj@54.125C soc1@53.906C VDD_IN 8385mW/9139mW VDD_CPU_GPU_CV 2365mW/2828mW VDD_SOC 2527mW/2680mW
09-26-2026 20:54:37 RAM 5800/7620MB (lfb 1x2MB) SWAP 17/12002MB (cached 0MB) CPU [64%@1728,15%@1728,12%@1728,10%@1728,42%@1728,4%@1728] GR3D_FREQ 0% cpu@54.312C soc2@52.718C soc0@52.656C gpu@53.718C tj@54.312C soc1@53.75C VDD_IN 8820mW/9137mW VDD_CPU_GPU_CV 2759mW/2828mW VDD_SOC 2566mW/2680mW
09-26-2026 20:54:38 RAM 5800/7620MB (lfb 1x2MB) SWAP 17/12002MB (cached 0MB) CPU [5%@1728,0%@1728,14%@1728,7%@1728,100%@1728,4%@1728] GR3D_FREQ 0% cpu@53.843C soc2@52.687C soc0@52.656C gpu@54.187C tj@54.187C soc1@53.718C VDD_IN 8582mW/9135mW VDD_CPU_GPU_CV 2562mW/2827mW VDD_SOC 2527mW/2679mW
09-26-2026 20:54:38 RAM 5800/7620MB (lfb 1x2MB) SWAP 17/12002MB (cached 0MB) CPU [0%@1728,0%@1728,0%@1728,0%@1728,100%@1728,0%@1728] GR3D_FREQ 0% cpu@53.687C soc2@52.656C soc0@52.468C gpu@53.875C tj@53.968C soc1@53.968C VDD_IN 8424mW/9131mW VDD_CPU_GPU_CV 2404mW/2824mW VDD_SOC 2527mW/2678mW
09-26-2026 20:54:39 RAM 5800/7620MB (lfb 1x2MB) SWAP 17/12002MB (cached 0MB) CPU [1%@1728,0%@1728,1%@1728,0%@1728,100%@1728,0%@1728] GR3D_FREQ 0% cpu@53.656C soc2@52.625C soc0@52.375C gpu@53.781C tj@53.875C soc1@53.875C VDD_IN 8345mW/9127mW VDD_CPU_GPU_CV 2365mW/2822mW VDD_SOC 2527mW/2677mW
09-26-2026 20:54:39 RAM 5800/7620MB (lfb 1x2MB) SWAP 17/12002MB (cached 0MB) CPU [0%@1728,1%@1728,0%@1728,0%@1728,100%@1728,0%@1728] GR3D_FREQ 0% cpu@53.968C soc2@52.656C soc0@52.375C gpu@53.687C tj@53.968C soc1@53.718C VDD_IN 8345mW/9123mW VDD_CPU_GPU_CV 2365mW/2820mW VDD_SOC 2531mW/2677mW
09-26-2026 20:54:40 RAM 5800/7620MB (lfb 1x2MB) SWAP 17/12002MB (cached 0MB) CPU [0%@1728,0%@1728,0%@1728,0%@1728,100%@1728,0%@1728] GR3D_FREQ 0% cpu@53.718C soc2@52.687C soc0@52.625C gpu@53.75C tj@53.75C soc1@53.75C VDD_IN 8345mW/9119mW VDD_CPU_GPU_CV 2326mW/2817mW VDD_SOC 2531mW/2676mW
09-26-2026 20:54:40 RAM 5800/7620MB (lfb 1x2MB) SWAP 17/12002MB (cached 0MB) CPU [1%@1728,0%@1728,0%@1728,0%@1728,100%@1728,0%@1728] GR3D_FREQ 0% cpu@53.562C soc2@52.718C soc0@52.375C gpu@53.656C tj@53.656C soc1@53.593C VDD_IN 8345mW/9115mW VDD_CPU_GPU_CV 2365mW/2815mW VDD_SOC 2527mW/2675mW
09-26-2026 20:54:41 RAM 5800/7620MB (lfb 1x2MB) SWAP 17/12002MB (cached 0MB) CPU [0%@1728,0%@1728,0%@1728,0%@1728,100%@1728,0%@1728] GR3D_FREQ 0% cpu@53.531C soc2@52.531C soc0@52.375C gpu@54.031C tj@54.031C soc1@53.781C VDD_IN 8385mW/9111mW VDD_CPU_GPU_CV 2326mW/2812mW VDD_SOC 2527mW/2674mW
09-26-2026 20:54:41 RAM 5802/7620MB (lfb 1x2MB) SWAP 17/12002MB (cached 0MB) CPU [0%@1728,3%@1728,0%@1728,0%@1728,90%@1728,0%@1728] GR3D_FREQ 0% cpu@53.812C soc2@52.75C soc0@52.375C gpu@54C tj@54C soc1@53.812C VDD_IN 9096mW/9111mW VDD_CPU_GPU_CV 2720mW/2812mW VDD_SOC 2685mW/2674mW
09-26-2026 20:54:42 RAM 5802/7620MB (lfb 1x2MB) SWAP 17/12002MB (cached 0MB) CPU [1%@1728,5%@1728,3%@1728,0%@1728,100%@1728,0%@1728] GR3D_FREQ 0% cpu@53.843C soc2@52.75C soc0@52.562C gpu@53.718C tj@53.843C soc1@53.687C VDD_IN 8582mW/9108mW VDD_CPU_GPU_CV 2483mW/2810mW VDD_SOC 2606mW/2674mW
09-26-2026 20:54:42 RAM 5802/7620MB (lfb 1x2MB) SWAP 17/12002MB (cached 0MB) CPU [0%@1728,0%@1728,0%@1728,0%@1728,100%@1728,0%@1728] GR3D_FREQ 0% cpu@53.687C soc2@52.593C soc0@52.5C gpu@53.656C tj@53.687C soc1@53.625C VDD_IN 8424mW/9105mW VDD_CPU_GPU_CV 2404mW/2808mW VDD_SOC 2527mW/2673mW
09-26-2026 20:54:43 RAM 5802/7620MB (lfb 1x2MB) SWAP 17/12002MB (cached 0MB) CPU [0%@1728,0%@1728,0%@1728,0%@1728,100%@1728,0%@1728] GR3D_FREQ 0% cpu@53.5C soc2@52.718C soc0@52.375C gpu@53.75C tj@53.843C soc1@53.843C VDD_IN 8345mW/9101mW VDD_CPU_GPU_CV 2365mW/2806mW VDD_SOC 2527mW/2673mW
09-26-2026 20:54:43 RAM 5802/7620MB (lfb 1x2MB) SWAP 17/12002MB (cached 0MB) CPU [0%@1728,3%@1728,0%@1728,0%@1728,90%@1728,0%@1728] GR3D_FREQ 65% cpu@53.687C soc2@52.781C soc0@52.281C gpu@54.375C tj@54.375C soc1@53.75C VDD_IN 9872mW/9105mW VDD_CPU_GPU_CV 3227mW/2808mW VDD_SOC 2877mW/2674mW
09-26-2026 20:54:44 RAM 5787/7620MB (lfb 1x4MB) SWAP 19/12002MB (cached 0MB) CPU [0%@1728,39%@1728,1%@1728,1%@1728,86%@1728,6%@1728] GR3D_FREQ 0% cpu@53.718C soc2@52.75C soc0@52.593C gpu@54.156C tj@54.156C soc1@53.718C VDD_IN 9753mW/9108mW VDD_CPU_GPU_CV 2991mW/2809mW VDD_SOC 2877mW/2675mW
09-26-2026 20:54:44 RAM 5787/7620MB (lfb 1x4MB) SWAP 19/12002MB (cached 0MB) CPU [1%@1728,0%@1728,0%@1728,0%@1728,53%@1728,3%@1728] GR3D_FREQ 68% cpu@53.968C soc2@53.25C soc0@52.656C gpu@56.062C tj@56.062C soc1@53.656C VDD_IN 15236mW/9138mW VDD_CPU_GPU_CV 6547mW/2827mW VDD_SOC 4027mW/2681mW
09-26-2026 20:54:45 RAM 5787/7620MB (lfb 1x4MB) SWAP 19/12002MB (cached 0MB) CPU [0%@1728,0%@1728,1%@1728,0%@1728,33%@1728,0%@1728] GR3D_FREQ 76% cpu@54.156C soc2@53.562C soc0@52.718C gpu@56.406C tj@56.406C soc1@54.031C VDD_IN 17773mW/9180mW VDD_CPU_GPU_CV 8183mW/2853mW VDD_SOC 4560mW/2690mW
09-26-2026 20:54:45 RAM 5787/7620MB (lfb 1x4MB) SWAP 19/12002MB (cached 0MB) CPU [1%@1728,0%@1728,0%@1728,0%@1728,44%@1728,0%@1728] GR3D_FREQ 76% cpu@54.531C soc2@53.843C soc0@52.937C gpu@56.781C tj@56.781C soc1@54.125C VDD_IN 18435mW/9225mW VDD_CPU_GPU_CV 8557mW/2881mW VDD_SOC 4708mW/2700mW
09-26-2026 20:54:46 RAM 5787/7620MB (lfb 1x4MB) SWAP 19/12002MB (cached 0MB) CPU [1%@1728,2%@1728,0%@1728,0%@1728,48%@1728,0%@1728] GR3D_FREQ 0% cpu@54.531C soc2@53.718C soc0@52.968C gpu@55.562C tj@55.562C soc1@54.156C VDD_IN 16592mW/9261mW VDD_CPU_GPU_CV 7419mW/2903mW VDD_SOC 4326mW/2708mW
09-26-2026 20:54:46 RAM 5789/7620MB (lfb 10x512kB) SWAP 19/12002MB (cached 0MB) CPU [12%@1728,16%@1728,15%@1728,15%@1728,26%@1728,62%@1728] GR3D_FREQ 23% cpu@54.218C soc2@53.531C soc0@53.031C gpu@54.812C tj@54.812C soc1@54.187C VDD_IN 11178mW/9270mW VDD_CPU_GPU_CV 4080mW/2909mW VDD_SOC 3109mW/2710mW
09-26-2026 20:54:47 RAM 5773/7620MB (lfb 2x1MB) SWAP 19/12002MB (cached 0MB) CPU [1%@1728,1%@1728,0%@1728,1%@1728,80%@1728,10%@1728] GR3D_FREQ 3% cpu@54.406C soc2@53.406C soc0@52.906C gpu@54.906C tj@54.906C soc1@54.031C VDD_IN 9437mW/9271mW VDD_CPU_GPU_CV 2952mW/2909mW VDD_SOC 2759mW/2710mW
09-26-2026 20:54:47 RAM 5780/7620MB (lfb 9x512kB) SWAP 19/12002MB (cached 0MB) CPU [0%@1728,2%@1728,0%@1728,0%@1728,100%@1728,2%@1728] GR3D_FREQ 2% cpu@54.218C soc2@53.218C soc0@52.812C gpu@54.25C tj@54.25C soc1@54.218C VDD_IN 9017mW/9270mW VDD_CPU_GPU_CV 2680mW/2908mW VDD_SOC 2685mW/2710mW
09-26-2026 20:54:48 RAM 5784/7620MB (lfb 9x512kB) SWAP 19/12002MB (cached 0MB) CPU [0%@1728,0%@1728,0%@1728,0%@1728,94%@1728,0%@1728] GR3D_FREQ 0% cpu@54.25C soc2@53.062C soc0@52.843C gpu@54.593C tj@54.593C soc1@54.093C VDD_IN 8701mW/9267mW VDD_CPU_GPU_CV 2483mW/2906mW VDD_SOC 2606mW/2710mW
09-26-2026 20:54:48 RAM 5837/7620MB (lfb 9x512kB) SWAP 26/12002MB (cached 0MB) CPU [0%@1728,39%@1728,0%@1728,0%@1728,32%@1728,25%@1728] GR3D_FREQ 83% cpu@54.218C soc2@53.5C soc0@53.062C gpu@56.125C tj@56.125C soc1@54.093C VDD_IN 13164mW/9285mW VDD_CPU_GPU_CV 6100mW/2921mW VDD_SOC 2981mW/2711mW
09-26-2026 20:54:49 RAM 5845/7620MB (lfb 3x4MB) SWAP 26/12002MB (cached 0MB) CPU [0%@1728,46%@1728,0%@1728,9%@1728,22%@1728,0%@1728] GR3D_FREQ 72% cpu@54.281C soc2@53.718C soc0@53C gpu@56.531C tj@56.531C soc1@54.125C VDD_IN 14962mW/9312mW VDD_CPU_GPU_CV 7444mW/2942mW VDD_SOC 3128mW/2713mW
09-26-2026 20:54:49 RAM 5854/7620MB (lfb 3x4MB) SWAP 26/12002MB (cached 0MB) CPU [0%@1728,51%@1728,0%@1728,0%@1728,25%@1728,0%@1728] GR3D_FREQ 75% cpu@54.468C soc2@53.812C soc0@53.187C gpu@56.562C tj@56.562C soc1@54.312C VDD_IN 15432mW/9341mW VDD_CPU_GPU_CV 7626mW/2964mW VDD_SOC 3245mW/2715mW
09-26-2026 20:54:50 RAM 5887/7620MB (lfb 9x512kB) SWAP 28/12002MB (cached 0MB) CPU [1%@1728,60%@1728,0%@1728,0%@1728,30%@1728,6%@1728] GR3D_FREQ 87% cpu@54.718C soc2@53.937C soc0@53.25C gpu@56.281C tj@56.281C soc1@54.281C VDD_IN 15876mW/9371mW VDD_CPU_GPU_CV 7393mW/2985mW VDD_SOC 3552mW/2719mW
09-26-2026 20:54:50 RAM 5887/7620MB (lfb 9x512kB) SWAP 28/12002MB (cached 0MB) CPU [0%@1728,50%@1728,0%@1728,0%@1728,28%@1728,1%@1728] GR3D_FREQ 72% cpu@54.687C soc2@54.062C soc0@53.5C gpu@56.468C tj@56.468C soc1@54.375C VDD_IN 15275mW/9398mW VDD_CPU_GPU_CV 7120mW/3004mW VDD_SOC 3402mW/2722mW
09-26-2026 20:54:51 RAM 5886/7620MB (lfb 1x2MB) SWAP 28/12002MB (cached 0MB) CPU [0%@1728,7%@1728,0%@1728,4%@1728,98%@1728,0%@1728] GR3D_FREQ 10% cpu@54.593C soc2@53.75C soc0@53.312C gpu@55.281C tj@55.281C soc1@54.281C VDD_IN 10565mW/9404mW VDD_CPU_GPU_CV 3811mW/3007mW VDD_SOC 2833mW/2723mW
09-26-2026 20:54:51 RAM 5886/7620MB (lfb 1x2MB) SWAP 28/12002MB (cached 0MB) CPU [1%@1728,0%@1728,0%@1728,1%@1728,26%@1728,0%@1728] GR3D_FREQ 87% cpu@54.718C soc2@53.937C soc0@53.343C gpu@56.5C tj@56.5C soc1@54.468C VDD_IN 15001mW/9429mW VDD_CPU_GPU_CV 6314mW/3023mW VDD_SOC 3753mW/2728mW
09-26-2026 20:54:52 RAM 5886/7620MB (lfb 1x2MB) SWAP 28/12002MB (cached 0MB) CPU [0%@1728,0%@1728,1%@1728,0%@1728,25%@1728,1%@1728] GR3D_FREQ 46% cpu@54.812C soc2@54.093C soc0@53.468C gpu@56.281C tj@56.281C soc1@54.468C VDD_IN 15524mW/9457mW VDD_CPU_GPU_CV 6731mW/3039mW VDD_SOC 3832mW/2733mW
09-26-2026 20:54:52 RAM 5886/7620MB (lfb 1x2MB) SWAP 28/12002MB (cached 0MB) CPU [1%@1728,0%@1728,0%@1728,0%@1728,55%@1728,0%@1728] GR3D_FREQ 0% cpu@54.843C soc2@54.156C soc0@53.437C gpu@55.437C tj@55.437C soc1@54.562C VDD_IN 13242mW/9474mW VDD_CPU_GPU_CV 5122mW/3049mW VDD_SOC 3491mW/2736mW
09-26-2026 20:54:53 RAM 5886/7620MB (lfb 1x2MB) SWAP 28/12002MB (cached 0MB) CPU [94%@1728,0%@1728,0%@1728,0%@1728,6%@1728,0%@1728] GR3D_FREQ 0% cpu@54.781C soc2@53.968C soc0@53.656C gpu@55.093C tj@55.093C soc1@54.5C VDD_IN 9793mW/9476mW VDD_CPU_GPU_CV 3148mW/3049mW VDD_SOC 2799mW/2736mW
09-26-2026 20:54:53 RAM 5891/7620MB (lfb 1x2MB) SWAP 28/12002MB (cached 0MB) CPU [100%@1728,0%@1728,0%@1728,0%@1728,0%@1728,0%@1728] GR3D_FREQ 0% cpu@54.531C soc2@53.875C soc0@53.406C gpu@55.281C tj@55.281C soc1@54.75C VDD_IN 8820mW/9473mW VDD_CPU_GPU_CV 2523mW/3047mW VDD_SOC 2645mW/2736mW
09-26-2026 20:54:54 RAM 5892/7620MB (lfb 1x2MB) SWAP 28/12002MB (cached 0MB) CPU [100%@1728,0%@1728,0%@1728,0%@1728,0%@1728,0%@1728] GR3D_FREQ 0% cpu@54.781C soc2@53.906C soc0@53.312C gpu@55.093C tj@55.093C soc1@54.593C VDD_IN 8503mW/9469mW VDD_CPU_GPU_CV 2404mW/3044mW VDD_SOC 2566mW/2735mW
09-26-2026 20:54:54 RAM 5892/7620MB (lfb 1x2MB) SWAP 28/12002MB (cached 0MB) CPU [100%@1728,1%@1728,1%@1728,0%@1728,0%@1728,0%@1728] GR3D_FREQ 0% cpu@54.75C soc2@53.687C soc0@53.156C gpu@54.718C tj@54.75C soc1@54.562C VDD_IN 8464mW/9464mW VDD_CPU_GPU_CV 2444mW/3041mW VDD_SOC 2566mW/2734mW
09-26-2026 20:54:55 RAM 5892/7620MB (lfb 1x2MB) SWAP 28/12002MB (cached 0MB) CPU [100%@1728,0%@1728,0%@1728,0%@1728,0%@1728,0%@1728] GR3D_FREQ 0% cpu@54.5C soc2@53.781C soc0@53.25C gpu@54.687C tj@54.687C soc1@54.437C VDD_IN 8385mW/9459mW VDD_CPU_GPU_CV 2326mW/3038mW VDD_SOC 2527mW/2734mW
09-26-2026 20:54:55 RAM 5893/7620MB (lfb 1x2MB) SWAP 28/12002MB (cached 0MB) CPU [100%@1728,0%@1728,0%@1728,0%@1728,0%@1728,0%@1728] GR3D_FREQ 0% cpu@54.343C soc2@53.593C soc0@53.281C gpu@54.656C tj@54.656C soc1@54.281C VDD_IN 8385mW/9454mW VDD_CPU_GPU_CV 2286mW/3035mW VDD_SOC 2566mW/2733mW
09-26-2026 20:54:56 RAM 5893/7620MB (lfb 1x2MB) SWAP 28/12002MB (cached 0MB) CPU [100%@1728,1%@1728,0%@1728,0%@1728,0%@1728,0%@1728] GR3D_FREQ 0% cpu@54.718C soc2@53.656C soc0@53.187C gpu@54.593C tj@54.718C soc1@54.5C VDD_IN 8385mW/9450mW VDD_CPU_GPU_CV 2365mW/3032mW VDD_SOC 2527mW/2732mW
09-26-2026 20:54:56 RAM 5893/7620MB (lfb 1x2MB) SWAP 28/12002MB (cached 0MB) CPU [96%@1728,0%@1728,0%@1728,0%@1728,0%@1728,0%@1728] GR3D_FREQ 0% cpu@54.718C soc2@53.562C soc0@53.062C gpu@55.031C tj@55.031C soc1@54.5C VDD_IN 8424mW/9445mW VDD_CPU_GPU_CV 2404mW/3029mW VDD_SOC 2527mW/2731mW
09-26-2026 20:54:57 RAM 5893/7620MB (lfb 1x2MB) SWAP 28/12002MB (cached 0MB) CPU [100%@1728,0%@1728,0%@1728,0%@1728,0%@1728,0%@1728] GR3D_FREQ 0% cpu@54.406C soc2@53.468C soc0@53.312C gpu@54.656C tj@54.656C soc1@54.406C VDD_IN 8385mW/9441mW VDD_CPU_GPU_CV 2326mW/3026mW VDD_SOC 2527mW/2730mW
09-26-2026 20:54:57 RAM 5893/7620MB (lfb 1x2MB) SWAP 28/12002MB (cached 0MB) CPU [100%@1728,0%@1728,0%@1728,1%@1728,0%@1728,0%@1728] GR3D_FREQ 0% cpu@54.343C soc2@53.5C soc0@53.093C gpu@55C tj@55C soc1@54.312C VDD_IN 8385mW/9436mW VDD_CPU_GPU_CV 2326mW/3023mW VDD_SOC 2566mW/2729mW
09-26-2026 20:54:58 RAM 5893/7620MB (lfb 1x2MB) SWAP 28/12002MB (cached 0MB) CPU [100%@1728,0%@1728,0%@1728,0%@1728,0%@1728,0%@1728] GR3D_FREQ 0% cpu@54.437C soc2@53.531C soc0@53.156C gpu@54.656C tj@54.656C soc1@54.5C VDD_IN 8385mW/9431mW VDD_CPU_GPU_CV 2365mW/3020mW VDD_SOC 2527mW/2729mW
09-26-2026 20:54:58 RAM 5893/7620MB (lfb 1x2MB) SWAP 28/12002MB (cached 0MB) CPU [98%@1728,0%@1728,0%@1728,0%@1728,0%@1728,0%@1728] GR3D_FREQ 0% cpu@54.593C soc2@53.531C soc0@52.968C gpu@54.562C tj@54.593C soc1@54.437C VDD_IN 8424mW/9427mW VDD_CPU_GPU_CV 2365mW/3017mW VDD_SOC 2527mW/2728mW
09-26-2026 20:54:59 RAM 5893/7620MB (lfb 1x2MB) SWAP 28/12002MB (cached 0MB) CPU [100%@1728,0%@1728,0%@1728,0%@1728,0%@1728,0%@1728] GR3D_FREQ 0% cpu@54.375C soc2@53.468C soc0@53C gpu@54.437C tj@54.437C soc1@54.343C VDD_IN 8385mW/9423mW VDD_CPU_GPU_CV 2326mW/3014mW VDD_SOC 2527mW/2727mW
09-26-2026 20:54:59 RAM 5894/7620MB (lfb 1x2MB) SWAP 28/12002MB (cached 0MB) CPU [100%@1728,0%@1728,1%@1728,0%@1728,0%@1728,0%@1728] GR3D_FREQ 0% cpu@54.281C soc2@53.437C soc0@53.187C gpu@54.812C tj@54.812C soc1@54.25C VDD_IN 8385mW/9418mW VDD_CPU_GPU_CV 2326mW/3012mW VDD_SOC 2566mW/2726mW
09-26-2026 20:55:00 RAM 5894/7620MB (lfb 1x2MB) SWAP 28/12002MB (cached 0MB) CPU [100%@1728,0%@1728,0%@1728,1%@1728,0%@1728,0%@1728] GR3D_FREQ 0% cpu@54.343C soc2@53.5C soc0@53.093C gpu@54.375C tj@54.531C soc1@54.531C VDD_IN 8385mW/9414mW VDD_CPU_GPU_CV 2365mW/3009mW VDD_SOC 2527mW/2725mW
09-26-2026 20:55:00 RAM 5894/7620MB (lfb 1x2MB) SWAP 28/12002MB (cached 0MB) CPU [98%@1728,0%@1728,0%@1728,0%@1728,0%@1728,0%@1728] GR3D_FREQ 0% cpu@54.031C soc2@53.406C soc0@53C gpu@54.781C tj@54.781C soc1@54.437C VDD_IN 8424mW/9410mW VDD_CPU_GPU_CV 2404mW/3006mW VDD_SOC 2566mW/2725mW
09-26-2026 20:55:01 RAM 5895/7620MB (lfb 1x2MB) SWAP 28/12002MB (cached 0MB) CPU [100%@1728,0%@1728,1%@1728,0%@1728,0%@1728,0%@1728] GR3D_FREQ 0% cpu@54.343C soc2@53.375C soc0@53C gpu@54.562C tj@54.562C soc1@54.437C VDD_IN 8385mW/9405mW VDD_CPU_GPU_CV 2365mW/3004mW VDD_SOC 2527mW/2724mW
09-26-2026 20:55:01 RAM 5895/7620MB (lfb 1x2MB) SWAP 28/12002MB (cached 0MB) CPU [100%@1728,4%@1728,0%@1728,4%@1728,0%@1728,0%@1728] GR3D_FREQ 0% cpu@54.312C soc2@53.593C soc0@53.093C gpu@54.468C tj@54.468C soc1@54.312C VDD_IN 8385mW/9401mW VDD_CPU_GPU_CV 2326mW/3001mW VDD_SOC 2566mW/2723mW
09-26-2026 20:55:02 RAM 5895/7620MB (lfb 1x2MB) SWAP 28/12002MB (cached 0MB) CPU [100%@1728,0%@1728,0%@1728,0%@1728,0%@1728,0%@1728] GR3D_FREQ 0% cpu@54.25C soc2@53.375C soc0@53.125C gpu@54.375C tj@54.375C soc1@54.25C VDD_IN 8345mW/9397mW VDD_CPU_GPU_CV 2365mW/2998mW VDD_SOC 2531mW/2722mW
09-26-2026 20:55:02 RAM 5895/7620MB (lfb 1x2MB) SWAP 28/12002MB (cached 0MB) CPU [98%@1728,0%@1728,1%@1728,0%@1728,0%@1728,0%@1728] GR3D_FREQ 0% cpu@54.25C soc2@53.375C soc0@52.968C gpu@54.343C tj@54.406C soc1@54.406C VDD_IN 8464mW/9393mW VDD_CPU_GPU_CV 2404mW/2996mW VDD_SOC 2566mW/2722mW
09-26-2026 20:55:03 RAM 5895/7620MB (lfb 1x2MB) SWAP 28/12002MB (cached 0MB) CPU [100%@1728,0%@1728,0%@1728,0%@1728,0%@1728,0%@1728] GR3D_FREQ 0% cpu@54.468C soc2@53.343C soc0@52.968C gpu@54.25C tj@54.468C soc1@54.312C VDD_IN 8385mW/9389mW VDD_CPU_GPU_CV 2365mW/2993mW VDD_SOC 2566mW/2721mW
09-26-2026 20:55:03 RAM 5895/7620MB (lfb 1x2MB) SWAP 28/12002MB (cached 0MB) CPU [100%@1728,0%@1728,0%@1728,1%@1728,0%@1728,0%@1728] GR3D_FREQ 0% cpu@54.437C soc2@53.437C soc0@53.187C gpu@54.625C tj@54.625C soc1@54.281C VDD_IN 8385mW/9384mW VDD_CPU_GPU_CV 2326mW/2990mW VDD_SOC 2527mW/2720mW
09-26-2026 20:55:04 RAM 5895/7620MB (lfb 1x2MB) SWAP 28/12002MB (cached 0MB) CPU [98%@1728,0%@1728,0%@1728,0%@1728,0%@1728,0%@1728] GR3D_FREQ 0% cpu@54.25C soc2@53.406C soc0@52.968C gpu@54.468C tj@54.468C soc1@54.281C VDD_IN 8543mW/9381mW VDD_CPU_GPU_CV 2483mW/2988mW VDD_SOC 2566mW/2720mW
09-26-2026 20:55:04 RAM 5895/7620MB (lfb 1x2MB) SWAP 28/12002MB (cached 0MB) CPU [100%@1728,0%@1728,1%@1728,0%@1728,0%@1728,0%@1728] GR3D_FREQ 0% cpu@54.218C soc2@53.406C soc0@53C gpu@54.343C tj@54.375C soc1@54.375C VDD_IN 8424mW/9377mW VDD_CPU_GPU_CV 2365mW/2986mW VDD_SOC 2527mW/2719mW
09-26-2026 20:55:05 RAM 5895/7620MB (lfb 1x2MB) SWAP 28/12002MB (cached 0MB) CPU [100%@1728,0%@1728,0%@1728,0%@1728,0%@1728,0%@1728] GR3D_FREQ 0% cpu@54.312C soc2@53.312C soc0@53.093C gpu@54.375C tj@54.375C soc1@54.375C VDD_IN 8424mW/9373mW VDD_CPU_GPU_CV 2286mW/2983mW VDD_SOC 2566mW/2718mW
09-26-2026 20:55:05 RAM 5895/7620MB (lfb 1x2MB) SWAP 28/12002MB (cached 0MB) CPU [100%@1728,2%@1728,2%@1728,2%@1728,0%@1728,2%@1728] GR3D_FREQ 0% cpu@54.593C soc2@53.468C soc0@52.968C gpu@54.343C tj@54.593C soc1@54.281C VDD_IN 8424mW/9369mW VDD_CPU_GPU_CV 2404mW/2980mW VDD_SOC 2527mW/2717mW
09-26-2026 20:55:06 RAM 5895/7620MB (lfb 1x2MB) SWAP 28/12002MB (cached 0MB) CPU [100%@1728,0%@1728,0%@1728,0%@1728,0%@1728,0%@1728] GR3D_FREQ 0% cpu@54.125C soc2@53.312C soc0@53.125C gpu@54.312C tj@54.312C soc1@54.25C VDD_IN 8345mW/9365mW VDD_CPU_GPU_CV 2326mW/2978mW VDD_SOC 2527mW/2717mW
09-26-2026 20:55:06 RAM 5895/7620MB (lfb 1x2MB) SWAP 28/12002MB (cached 0MB) CPU [96%@1728,0%@1728,0%@1728,0%@1728,1%@1728,0%@1728] GR3D_FREQ 0% cpu@54.218C soc2@53.343C soc0@53C gpu@54.593C tj@54.593C soc1@54.406C VDD_IN 8424mW/9361mW VDD_CPU_GPU_CV 2365mW/2975mW VDD_SOC 2566mW/2716mW
09-26-2026 20:55:07 RAM 5895/7620MB (lfb 1x2MB) SWAP 28/12002MB (cached 0MB) CPU [100%@1728,0%@1728,3%@1728,0%@1728,0%@1728,0%@1728] GR3D_FREQ 0% cpu@54.437C soc2@53.375C soc0@53.031C gpu@54.468C tj@54.468C soc1@54.375C VDD_IN 8385mW/9357mW VDD_CPU_GPU_CV 2326mW/2973mW VDD_SOC 2527mW/2715mW
09-26-2026 20:55:07 RAM 5895/7620MB (lfb 1x2MB) SWAP 28/12002MB (cached 0MB) CPU [100%@1728,1%@1728,0%@1728,0%@1728,0%@1728,0%@1728] GR3D_FREQ 0% cpu@54.437C soc2@53.437C soc0@53C gpu@54.531C tj@54.531C soc1@54.281C VDD_IN 8385mW/9354mW VDD_CPU_GPU_CV 2326mW/2970mW VDD_SOC 2527mW/2714mW
09-26-2026 20:55:08 RAM 5900/7620MB (lfb 1x2MB) SWAP 28/12002MB (cached 0MB) CPU [100%@1728,28%@1728,12%@1728,8%@1728,15%@1728,18%@1728] GR3D_FREQ 0% cpu@54.562C soc2@53.5C soc0@53C gpu@54.437C tj@54.562C soc1@54.25C VDD_IN 8938mW/9352mW VDD_CPU_GPU_CV 2799mW/2969mW VDD_SOC 2566mW/2714mW
09-26-2026 20:55:08 RAM 5900/7620MB (lfb 1x2MB) SWAP 28/12002MB (cached 0MB) CPU [100%@1728,0%@1728,0%@1728,0%@1728,0%@1728,0%@1728] GR3D_FREQ 0% cpu@54.187C soc2@53.437C soc0@53C gpu@54.281C tj@54.281C soc1@54.312C VDD_IN 8503mW/9348mW VDD_CPU_GPU_CV 2444mW/2967mW VDD_SOC 2566mW/2713mW
09-26-2026 20:55:09 RAM 5900/7620MB (lfb 1x2MB) SWAP 28/12002MB (cached 0MB) CPU [100%@1728,0%@1728,2%@1728,0%@1728,0%@1728,0%@1728] GR3D_FREQ 0% cpu@54.5C soc2@53.375C soc0@52.937C gpu@54.187C tj@54.5C soc1@54.375C VDD_IN 8424mW/9345mW VDD_CPU_GPU_CV 2365mW/2965mW VDD_SOC 2527mW/2713mW
09-26-2026 20:55:09 RAM 5901/7620MB (lfb 1x2MB) SWAP 28/12002MB (cached 0MB) CPU [100%@1728,0%@1728,0%@1728,0%@1728,0%@1728,0%@1728] GR3D_FREQ 0% cpu@54.156C soc2@53.25C soc0@52.906C gpu@54.593C tj@54.593C soc1@54.312C VDD_IN 8385mW/9341mW VDD_CPU_GPU_CV 2326mW/2962mW VDD_SOC 2566mW/2712mW
09-26-2026 20:55:10 RAM 5896/7620MB (lfb 1x2MB) SWAP 29/12002MB (cached 0MB) CPU [100%@1728,0%@1728,1%@1728,3%@1728,0%@1728,2%@1728] GR3D_FREQ 0% cpu@54.156C soc2@53.375C soc0@52.875C gpu@54.187C tj@54.281C soc1@54.281C VDD_IN 8385mW/9337mW VDD_CPU_GPU_CV 2365mW/2960mW VDD_SOC 2527mW/2711mW
09-26-2026 20:55:10 RAM 5896/7620MB (lfb 1x2MB) SWAP 29/12002MB (cached 0MB) CPU [98%@1728,0%@1728,0%@1728,0%@1728,0%@1728,0%@1728] GR3D_FREQ 0% cpu@54.125C soc2@53.343C soc0@52.968C gpu@54.468C tj@54.468C soc1@54.218C VDD_IN 8424mW/9334mW VDD_CPU_GPU_CV 2404mW/2958mW VDD_SOC 2527mW/2711mW
09-26-2026 20:55:11 RAM 5896/7620MB (lfb 1x2MB) SWAP 29/12002MB (cached 0MB) CPU [100%@1728,0%@1728,0%@1728,0%@1728,0%@1728,0%@1728] GR3D_FREQ 0% cpu@54.531C soc2@53.187C soc0@52.937C gpu@54.375C tj@54.375C soc1@54.187C VDD_IN 8385mW/9330mW VDD_CPU_GPU_CV 2326mW/2955mW VDD_SOC 2527mW/2710mW
09-26-2026 20:55:11 RAM 5896/7620MB (lfb 1x2MB) SWAP 29/12002MB (cached 0MB) CPU [100%@1728,0%@1728,0%@1728,0%@1728,0%@1728,0%@1728] GR3D_FREQ 0% cpu@53.937C soc2@53.343C soc0@52.875C gpu@54.281C tj@54.281C soc1@54.281C VDD_IN 8345mW/9326mW VDD_CPU_GPU_CV 2326mW/2953mW VDD_SOC 2527mW/2709mW
09-26-2026 20:55:12 RAM 5896/7620MB (lfb 1x2MB) SWAP 29/12002MB (cached 0MB) CPU [96%@1728,0%@1728,0%@1728,0%@1728,0%@1728,0%@1728] GR3D_FREQ 0% cpu@54.343C soc2@53.187C soc0@52.718C gpu@54.281C tj@54.343C soc1@54.25C VDD_IN 8503mW/9323mW VDD_CPU_GPU_CV 2444mW/2951mW VDD_SOC 2566mW/2709mW
09-26-2026 20:55:12 RAM 5896/7620MB (lfb 1x2MB) SWAP 29/12002MB (cached 0MB) CPU [100%@1728,0%@1728,0%@1728,0%@1728,0%@1728,0%@1728] GR3D_FREQ 0% cpu@54.156C soc2@53.312C soc0@53.031C gpu@54.156C tj@54.156C soc1@54.156C VDD_IN 8424mW/9320mW VDD_CPU_GPU_CV 2365mW/2949mW VDD_SOC 2527mW/2708mW
09-26-2026 20:55:13 RAM 5896/7620MB (lfb 1x2MB) SWAP 29/12002MB (cached 0MB) CPU [100%@1728,0%@1728,0%@1728,0%@1728,0%@1728,0%@1728] GR3D_FREQ 0% cpu@54.218C soc2@53.281C soc0@52.937C gpu@54.125C tj@54.218C soc1@54.187C VDD_IN 8385mW/9316mW VDD_CPU_GPU_CV 2326mW/2946mW VDD_SOC 2566mW/2707mW
09-26-2026 20:55:13 RAM 5896/7620MB (lfb 1x2MB) SWAP 29/12002MB (cached 0MB) CPU [100%@1728,0%@1728,3%@1728,0%@1728,0%@1728,0%@1728] GR3D_FREQ 0% cpu@54.031C soc2@53.312C soc0@52.906C gpu@54.437C tj@54.437C soc1@54.281C VDD_IN 8424mW/9313mW VDD_CPU_GPU_CV 2404mW/2944mW VDD_SOC 2527mW/2707mW
09-26-2026 20:55:14 RAM 5896/7620MB (lfb 1x2MB) SWAP 29/12002MB (cached 0MB) CPU [100%@1728,0%@1728,0%@1728,0%@1728,0%@1728,2%@1728] GR3D_FREQ 0% cpu@54.218C soc2@53.187C soc0@52.906C gpu@54.312C tj@54.312C soc1@54.25C VDD_IN 8385mW/9309mW VDD_CPU_GPU_CV 2365mW/2942mW VDD_SOC 2527mW/2706mW
09-26-2026 20:55:14 RAM 5896/7620MB (lfb 1x2MB) SWAP 29/12002MB (cached 0MB) CPU [100%@1728,0%@1728,0%@1728,0%@1728,0%@1728,0%@1728] GR3D_FREQ 0% cpu@53.937C soc2@53.281C soc0@52.781C gpu@54.406C tj@54.406C soc1@54.093C VDD_IN 8385mW/9306mW VDD_CPU_GPU_CV 2286mW/2940mW VDD_SOC 2566mW/2705mW
09-26-2026 20:55:15 RAM 5896/7620MB (lfb 1x2MB) SWAP 29/12002MB (cached 0MB) CPU [96%@1728,0%@1728,0%@1728,0%@1728,0%@1728,0%@1728] GR3D_FREQ 29% cpu@53.843C soc2@53.375C soc0@52.937C gpu@54.625C tj@54.625C soc1@54.125C VDD_IN 8661mW/9303mW VDD_CPU_GPU_CV 2523mW/2938mW VDD_SOC 2606mW/2705mW
09-26-2026 20:55:15 RAM 5896/7620MB (lfb 1x2MB) SWAP 29/12002MB (cached 0MB) CPU [11%@1728,19%@1728,1%@1728,0%@1728,1%@1728,0%@1728] GR3D_FREQ 61% cpu@54C soc2@53.5C soc0@53C gpu@55.906C tj@55.906C soc1@54.343C VDD_IN 14476mW/9323mW VDD_CPU_GPU_CV 5777mW/2949mW VDD_SOC 3681mW/2709mW
09-26-2026 20:55:16 RAM 5896/7620MB (lfb 1x2MB) SWAP 29/12002MB (cached 0MB) CPU [67%@1728,0%@1728,0%@1728,0%@1728,0%@1728,0%@1728] GR3D_FREQ 59% cpu@54.437C soc2@53.593C soc0@53.031C gpu@56.062C tj@56.062C soc1@54.281C VDD_IN 13399mW/9338mW VDD_CPU_GPU_CV 5161mW/2957mW VDD_SOC 3530mW/2712mW
09-26-2026 20:55:16 RAM 5896/7620MB (lfb 1x2MB) SWAP 29/12002MB (cached 0MB) CPU [27%@1728,3%@1728,52%@1728,1%@1728,0%@1728,0%@1728] GR3D_FREQ 0% cpu@54.906C soc2@53.406C soc0@53.031C gpu@55.093C tj@55.093C soc1@54.343C VDD_IN 11414mW/9346mW VDD_CPU_GPU_CV 3962mW/2961mW VDD_SOC 3148mW/2713mW
09-26-2026 20:55:17 RAM 5896/7620MB (lfb 1x2MB) SWAP 29/12002MB (cached 0MB) CPU [0%@1728,0%@1728,100%@1728,0%@1728,0%@1728,0%@1728] GR3D_FREQ 0% cpu@54.875C soc2@53.437C soc0@53.156C gpu@55.093C tj@55.093C soc1@54.281C VDD_IN 9240mW/9345mW VDD_CPU_GPU_CV 2794mW/2960mW VDD_SOC 2724mW/2713mW
09-26-2026 20:55:17 RAM 5899/7620MB (lfb 1x2MB) SWAP 29/12002MB (cached 0MB) CPU [0%@1728,0%@1728,100%@1728,0%@1728,0%@1728,0%@1728] GR3D_FREQ 0% cpu@54.687C soc2@53.343C soc0@53.031C gpu@54.718C tj@54.718C soc1@54.281C VDD_IN 8661mW/9343mW VDD_CPU_GPU_CV 2444mW/2958mW VDD_SOC 2606mW/2713mW
09-26-2026 20:55:18 RAM 5899/7620MB (lfb 1x2MB) SWAP 29/12002MB (cached 0MB) CPU [0%@1728,0%@1728,100%@1728,0%@1728,0%@1728,0%@1728] GR3D_FREQ 0% cpu@54.843C soc2@53.25C soc0@53.031C gpu@54.437C tj@54.843C soc1@54.312C VDD_IN 8464mW/9339mW VDD_CPU_GPU_CV 2404mW/2956mW VDD_SOC 2566mW/2713mW
09-26-2026 20:55:18 RAM 5899/7620MB (lfb 1x2MB) SWAP 29/12002MB (cached 0MB) CPU [1%@1728,2%@1728,90%@1728,8%@1728,0%@1728,0%@1728] GR3D_FREQ 0% cpu@54.343C soc2@53.281C soc0@53C gpu@54.312C tj@54.343C soc1@54.281C VDD_IN 8503mW/9336mW VDD_CPU_GPU_CV 2404mW/2954mW VDD_SOC 2566mW/2712mW
09-26-2026 20:55:19 RAM 5899/7620MB (lfb 1x2MB) SWAP 29/12002MB (cached 0MB) CPU [0%@1728,0%@1728,0%@1728,100%@1728,0%@1728,0%@1728] GR3D_FREQ 0% cpu@54.343C soc2@53.218C soc0@53.062C gpu@54.718C tj@54.718C soc1@54.218C VDD_IN 8385mW/9333mW VDD_CPU_GPU_CV 2326mW/2952mW VDD_SOC 2527mW/2711mW
09-26-2026 20:55:19 RAM 5899/7620MB (lfb 1x2MB) SWAP 29/12002MB (cached 0MB) CPU [0%@1728,0%@1728,0%@1728,100%@1728,0%@1728,0%@1728] GR3D_FREQ 0% cpu@54.281C soc2@53.218C soc0@52.812C gpu@54.218C tj@54.281C soc1@54.156C VDD_IN 8385mW/9329mW VDD_CPU_GPU_CV 2286mW/2949mW VDD_SOC 2566mW/2711mW
09-26-2026 20:55:20 RAM 5899/7620MB (lfb 1x2MB) SWAP 29/12002MB (cached 0MB) CPU [7%@1728,0%@1728,0%@1728,100%@1728,82%@1728,0%@1728] GR3D_FREQ 0% cpu@54.468C soc2@53.25C soc0@52.875C gpu@54.75C tj@54.75C soc1@54.406C VDD_IN 8899mW/9328mW VDD_CPU_GPU_CV 2799mW/2949mW VDD_SOC 2566mW/2710mW
09-26-2026 20:55:20 RAM 5899/7620MB (lfb 1x2MB) SWAP 29/12002MB (cached 0MB) CPU [0%@1728,0%@1728,0%@1728,78%@1728,100%@1728,0%@1728] GR3D_FREQ 0% cpu@54.5C soc2@53.125C soc0@52.843C gpu@54.593C tj@54.593C soc1@54.281C VDD_IN 8938mW/9326mW VDD_CPU_GPU_CV 2799mW/2948mW VDD_SOC 2566mW/2710mW
09-26-2026 20:55:21 RAM 5899/7620MB (lfb 1x2MB) SWAP 29/12002MB (cached 0MB) CPU [0%@1728,72%@1728,0%@1728,0%@1728,100%@1728,0%@1728] GR3D_FREQ 0% cpu@54.468C soc2@53.437C soc0@52.75C gpu@54.437C tj@54.468C soc1@54.25C VDD_IN 9017mW/9325mW VDD_CPU_GPU_CV 2877mW/2948mW VDD_SOC 2566mW/2709mW
09-26-2026 20:55:21 RAM 5899/7620MB (lfb 1x2MB) SWAP 29/12002MB (cached 0MB) CPU [0%@1728,100%@1728,1%@1728,0%@1728,96%@1728,0%@1728] GR3D_FREQ 2% cpu@54.25C soc2@53.25C soc0@53C gpu@54.281C tj@54.281C soc1@54.156C VDD_IN 9161mW/9325mW VDD_CPU_GPU_CV 2991mW/2948mW VDD_SOC 2566mW/2709mW
09-26-2026 20:55:22 RAM 5899/7620MB (lfb 1x2MB) SWAP 29/12002MB (cached 0MB) CPU [0%@1728,51%@1728,0%@1728,55%@1728,48%@1728,0%@1728] GR3D_FREQ 0% cpu@54.562C soc2@53.343C soc0@52.875C gpu@54.375C tj@54.562C soc1@54.406C VDD_IN 9017mW/9324mW VDD_CPU_GPU_CV 2877mW/2948mW VDD_SOC 2566mW/2708mW
09-26-2026 20:55:22 RAM 5899/7620MB (lfb 1x2MB) SWAP 29/12002MB (cached 0MB) CPU [0%@1728,0%@1728,0%@1728,100%@1728,100%@1728,0%@1728] GR3D_FREQ 0% cpu@55C soc2@53.25C soc0@53C gpu@54.375C tj@55C soc1@54.25C VDD_IN 9161mW/9323mW VDD_CPU_GPU_CV 2991mW/2948mW VDD_SOC 2566mW/2708mW
09-26-2026 20:55:23 RAM 5899/7620MB (lfb 1x2MB) SWAP 29/12002MB (cached 0MB) CPU [0%@1728,0%@1728,0%@1728,100%@1728,52%@1728,0%@1728] GR3D_FREQ 0% cpu@54.656C soc2@53.281C soc0@52.781C gpu@54.75C tj@54.75C soc1@54.25C VDD_IN 8938mW/9322mW VDD_CPU_GPU_CV 2799mW/2948mW VDD_SOC 2566mW/2707mW
09-26-2026 20:55:23 RAM 5899/7620MB (lfb 1x2MB) SWAP 29/12002MB (cached 0MB) CPU [0%@1728,0%@1728,0%@1728,100%@1728,100%@1728,0%@1728] GR3D_FREQ 0% cpu@54.937C soc2@53.281C soc0@53.031C gpu@54.5C tj@54.937C soc1@54.156C VDD_IN 9121mW/9321mW VDD_CPU_GPU_CV 2991mW/2948mW VDD_SOC 2566mW/2707mW
09-26-2026 20:55:24 RAM 5899/7620MB (lfb 1x2MB) SWAP 29/12002MB (cached 0MB) CPU [15%@1728,1%@1728,0%@1728,30%@1728,86%@1728,21%@1728] GR3D_FREQ 0% cpu@54.218C soc2@53.375C soc0@52.906C gpu@54.312C tj@54.312C soc1@54.281C VDD_IN 8899mW/9319mW VDD_CPU_GPU_CV 2759mW/2947mW VDD_SOC 2566mW/2706mW
09-26-2026 20:55:25 RAM 5899/7620MB (lfb 1x2MB) SWAP 29/12002MB (cached 0MB) CPU [100%@1728,0%@1728,0%@1728,0%@1728,0%@1728,100%@1728] GR3D_FREQ 0% cpu@54.343C soc2@53.437C soc0@53C gpu@54.5C tj@54.5C soc1@54.281C VDD_IN 9082mW/9319mW VDD_CPU_GPU_CV 2952mW/2947mW VDD_SOC 2566mW/2706mW
09-26-2026 20:55:25 RAM 5899/7620MB (lfb 1x2MB) SWAP 29/12002MB (cached 0MB) CPU [66%@1728,0%@1728,0%@1728,1%@1728,0%@1728,100%@1728] GR3D_FREQ 0% cpu@54.125C soc2@53.25C soc0@52.906C gpu@54.375C tj@54.375C soc1@54.218C VDD_IN 8938mW/9317mW VDD_CPU_GPU_CV 2759mW/2946mW VDD_SOC 2606mW/2705mW
09-26-2026 20:55:26 RAM 5899/7620MB (lfb 1x2MB) SWAP 29/12002MB (cached 0MB) CPU [0%@1728,0%@1728,0%@1728,0%@1728,0%@1728,100%@1728] GR3D_FREQ 0% cpu@53.968C soc2@53.187C soc0@52.906C gpu@54.312C tj@54.312C soc1@54.25C VDD_IN 8503mW/9314mW VDD_CPU_GPU_CV 2483mW/2945mW VDD_SOC 2527mW/2705mW
09-26-2026 20:55:26 RAM 5899/7620MB (lfb 1x2MB) SWAP 29/12002MB (cached 0MB) CPU [0%@1728,1%@1728,27%@1728,0%@1728,0%@1728,64%@1728] GR3D_FREQ 8% cpu@54.437C soc2@53.187C soc0@52.781C gpu@54.843C tj@54.843C soc1@54.093C VDD_IN 9358mW/9315mW VDD_CPU_GPU_CV 2873mW/2945mW VDD_SOC 2720mW/2705mW
09-26-2026 20:55:27 RAM 5899/7620MB (lfb 1x2MB) SWAP 29/12002MB (cached 0MB) CPU [0%@1728,3%@1728,100%@1728,0%@1728,0%@1728,0%@1728] GR3D_FREQ 0% cpu@54.656C soc2@53.187C soc0@52.906C gpu@54.468C tj@54.656C soc1@54.25C VDD_IN 8661mW/9312mW VDD_CPU_GPU_CV 2483mW/2943mW VDD_SOC 2606mW/2704mW
09-26-2026 20:55:27 RAM 5899/7620MB (lfb 1x2MB) SWAP 29/12002MB (cached 0MB) CPU [0%@1728,0%@1728,100%@1728,0%@1728,0%@1728,0%@1728] GR3D_FREQ 0% cpu@55.031C soc2@53.062C soc0@52.906C gpu@54.375C tj@55.031C soc1@54.218C VDD_IN 8424mW/9309mW VDD_CPU_GPU_CV 2404mW/2941mW VDD_SOC 2527mW/2704mW
09-26-2026 20:55:28 RAM 5899/7620MB (lfb 1x2MB) SWAP 29/12002MB (cached 0MB) CPU [0%@1728,0%@1728,100%@1728,0%@1728,0%@1728,0%@1728] GR3D_FREQ 0% cpu@54.406C soc2@53.281C soc0@52.906C gpu@54.406C tj@54.406C soc1@54.25C VDD_IN 8385mW/9306mW VDD_CPU_GPU_CV 2404mW/2939mW VDD_SOC 2527mW/2703mW
09-26-2026 20:55:28 RAM 5899/7620MB (lfb 1x2MB) SWAP 29/12002MB (cached 0MB) CPU [0%@1728,0%@1728,100%@1728,0%@1728,0%@1728,0%@1728] GR3D_FREQ 0% cpu@54.468C soc2@53.125C soc0@52.843C gpu@54.281C tj@54.468C soc1@54.187C VDD_IN 8345mW/9303mW VDD_CPU_GPU_CV 2365mW/2937mW VDD_SOC 2527mW/2703mW
09-26-2026 20:55:29 RAM 5899/7620MB (lfb 1x2MB) SWAP 29/12002MB (cached 0MB) CPU [0%@1728,0%@1728,100%@1728,0%@1728,0%@1728,0%@1728] GR3D_FREQ 0% cpu@54.812C soc2@53.156C soc0@52.875C gpu@54.187C tj@54.812C soc1@54.281C VDD_IN 8345mW/9300mW VDD_CPU_GPU_CV 2326mW/2935mW VDD_SOC 2527mW/2702mW
09-26-2026 20:55:29 RAM 5899/7620MB (lfb 1x2MB) SWAP 29/12002MB (cached 0MB) CPU [0%@1728,1%@1728,100%@1728,0%@1728,0%@1728,0%@1728] GR3D_FREQ 0% cpu@54.468C soc2@53.156C soc0@52.875C gpu@54.593C tj@54.593C soc1@54.25C VDD_IN 8345mW/9296mW VDD_CPU_GPU_CV 2365mW/2933mW VDD_SOC 2527mW/2701mW
09-26-2026 20:55:30 RAM 5899/7620MB (lfb 1x2MB) SWAP 29/12002MB (cached 0MB) CPU [1%@1728,0%@1728,100%@1728,0%@1728,0%@1728,0%@1728] GR3D_FREQ 0% cpu@54.5C soc2@53.156C soc0@52.906C gpu@54.437C tj@54.5C soc1@54.187C VDD_IN 8345mW/9293mW VDD_CPU_GPU_CV 2326mW/2931mW VDD_SOC 2531mW/2701mW
09-26-2026 20:55:30 RAM 5899/7620MB (lfb 1x2MB) SWAP 29/12002MB (cached 0MB) CPU [0%@1728,0%@1728,100%@1728,0%@1728,0%@1728,0%@1728] GR3D_FREQ 0% cpu@54.343C soc2@53.062C soc0@52.812C gpu@54.593C tj@54.593C soc1@54.093C VDD_IN 8345mW/9290mW VDD_CPU_GPU_CV 2326mW/2929mW VDD_SOC 2527mW/2700mW
09-26-2026 20:55:31 RAM 5899/7620MB (lfb 1x2MB) SWAP 29/12002MB (cached 0MB) CPU [0%@1728,0%@1728,100%@1728,0%@1728,0%@1728,1%@1728] GR3D_FREQ 0% cpu@54.75C soc2@53.062C soc0@52.812C gpu@54.406C tj@54.75C soc1@54.25C VDD_IN 8305mW/9286mW VDD_CPU_GPU_CV 2365mW/2927mW VDD_SOC 2531mW/2700mW
09-26-2026 20:55:31 RAM 5899/7620MB (lfb 1x2MB) SWAP 29/12002MB (cached 0MB) CPU [0%@1728,0%@1728,100%@1728,0%@1728,0%@1728,0%@1728] GR3D_FREQ 19% cpu@54.312C soc2@53.093C soc0@52.812C gpu@54.25C tj@54.312C soc1@54.218C VDD_IN 8424mW/9284mW VDD_CPU_GPU_CV 2365mW/2925mW VDD_SOC 2566mW/2699mW
09-26-2026 20:55:32 RAM 5899/7620MB (lfb 1x2MB) SWAP 29/12002MB (cached 0MB) CPU [1%@1728,5%@1728,12%@1728,0%@1728,68%@1728,0%@1728] GR3D_FREQ 0% cpu@54.343C soc2@53.125C soc0@53.031C gpu@54.406C tj@54.406C soc1@54.187C VDD_IN 9516mW/9284mW VDD_CPU_GPU_CV 2991mW/2925mW VDD_SOC 2799mW/2700mW
09-26-2026 20:55:32 RAM 5899/7620MB (lfb 1x2MB) SWAP 29/12002MB (cached 0MB) CPU [0%@1728,4%@1728,1%@1728,1%@1728,98%@1728,0%@1728] GR3D_FREQ 0% cpu@54.25C soc2@53.125C soc0@52.968C gpu@54.562C tj@54.562C soc1@54.125C VDD_IN 8740mW/9283mW VDD_CPU_GPU_CV 2562mW/2924mW VDD_SOC 2606mW/2699mW
09-26-2026 20:55:33 RAM 5899/7620MB (lfb 1x2MB) SWAP 29/12002MB (cached 0MB) CPU [0%@1728,0%@1728,0%@1728,0%@1728,100%@1728,0%@1728] GR3D_FREQ 0% cpu@54.093C soc2@52.906C soc0@52.812C gpu@54.156C tj@54.187C soc1@54.187C VDD_IN 8464mW/9280mW VDD_CPU_GPU_CV 2444mW/2923mW VDD_SOC 2566mW/2699mW
09-26-2026 20:55:33 RAM 5899/7620MB (lfb 1x2MB) SWAP 29/12002MB (cached 0MB) CPU [0%@1728,0%@1728,0%@1728,0%@1728,100%@1728,0%@1728] GR3D_FREQ 0% cpu@54.187C soc2@52.968C soc0@52.781C gpu@54.5C tj@54.5C soc1@54.156C VDD_IN 8345mW/9277mW VDD_CPU_GPU_CV 2365mW/2921mW VDD_SOC 2527mW/2698mW
09-26-2026 20:55:34 RAM 5900/7620MB (lfb 1x2MB) SWAP 29/12002MB (cached 0MB) CPU [0%@1728,0%@1728,0%@1728,0%@1728,81%@1728,0%@1728] GR3D_FREQ 99% cpu@54.125C soc2@53.312C soc0@52.812C gpu@55.562C tj@55.562C soc1@54.218C VDD_IN 11275mW/9283mW VDD_CPU_GPU_CV 4080mW/2925mW VDD_SOC 3148mW/2700mW
09-26-2026 20:55:34 RAM 5910/7620MB (lfb 1x4MB) SWAP 29/12002MB (cached 0MB) CPU [0%@1728,58%@1728,0%@1728,0%@1728,76%@1728,0%@1728] GR3D_FREQ 0% cpu@54.25C soc2@53.312C soc0@53.187C gpu@54.468C tj@54.468C soc1@54.125C VDD_IN 10762mW/9288mW VDD_CPU_GPU_CV 3536mW/2927mW VDD_SOC 3070mW/2701mW
09-26-2026 20:55:35 RAM 5910/7620MB (lfb 1x4MB) SWAP 29/12002MB (cached 0MB) CPU [1%@1728,6%@1728,0%@1728,1%@1728,62%@1728,0%@1728] GR3D_FREQ 69% cpu@54.25C soc2@53.656C soc0@52.968C gpu@56.218C tj@56.218C soc1@54.312C VDD_IN 14476mW/9305mW VDD_CPU_GPU_CV 5924mW/2937mW VDD_SOC 3877mW/2705mW
09-26-2026 20:55:35 RAM 5910/7620MB (lfb 1x4MB) SWAP 29/12002MB (cached 0MB) CPU [1%@1728,0%@1728,0%@1728,1%@1728,34%@1728,0%@1728] GR3D_FREQ 63% cpu@54.531C soc2@53.937C soc0@53.218C gpu@57.125C tj@57.125C soc1@54.281C VDD_IN 17724mW/9333mW VDD_CPU_GPU_CV 7937mW/2953mW VDD_SOC 4599mW/2711mW
09-26-2026 20:55:36 RAM 5910/7620MB (lfb 1x4MB) SWAP 29/12002MB (cached 0MB) CPU [1%@1728,1%@1728,0%@1728,0%@1728,34%@1728,0%@1728] GR3D_FREQ 94% cpu@54.968C soc2@54.281C soc0@53.312C gpu@57.062C tj@57.062C soc1@54.406C VDD_IN 18638mW/9363mW VDD_CPU_GPU_CV 8542mW/2971mW VDD_SOC 4786mW/2718mW
09-26-2026 20:55:36 RAM 5910/7620MB (lfb 1x4MB) SWAP 29/12002MB (cached 0MB) CPU [0%@1728,5%@1728,0%@1728,0%@1728,38%@1728,0%@1728] GR3D_FREQ 5% cpu@55.156C soc2@54.343C soc0@53.656C gpu@56.718C tj@56.718C soc1@54.437C VDD_IN 18006mW/9391mW VDD_CPU_GPU_CV 8131mW/2988mW VDD_SOC 4669mW/2724mW
09-26-2026 20:55:37 RAM 5911/7620MB (lfb 1x4MB) SWAP 29/12002MB (cached 0MB) CPU [13%@1728,17%@1728,15%@1728,14%@1728,70%@1728,29%@1728] GR3D_FREQ 21% cpu@54.625C soc2@54C soc0@53.406C gpu@55.531C tj@55.531C soc1@54.5C VDD_IN 11729mW/9399mW VDD_CPU_GPU_CV 4386mW/2993mW VDD_SOC 3261mW/2726mW
09-26-2026 20:55:37 RAM 5913/7620MB (lfb 1x4MB) SWAP 29/12002MB (cached 0MB) CPU [1%@1728,0%@1728,0%@1728,0%@1728,92%@1728,0%@1728] GR3D_FREQ 2% cpu@54.875C soc2@53.75C soc0@53.375C gpu@55.093C tj@55.093C soc1@54.687C VDD_IN 9556mW/9400mW VDD_CPU_GPU_CV 2991mW/2993mW VDD_SOC 2799mW/2726mW
09-26-2026 20:55:38 RAM 5914/7620MB (lfb 1x4MB) SWAP 29/12002MB (cached 0MB) CPU [0%@1728,0%@1728,0%@1728,0%@1728,100%@1728,1%@1728] GR3D_FREQ 2% cpu@54.656C soc2@53.656C soc0@53.218C gpu@54.781C tj@54.781C soc1@54.625C VDD_IN 9003mW/9398mW VDD_CPU_GPU_CV 2680mW/2992mW VDD_SOC 2685mW/2726mW
09-26-2026 20:55:38 RAM 5915/7620MB (lfb 1x4MB) SWAP 29/12002MB (cached 0MB) CPU [0%@1728,0%@1728,0%@1728,0%@1728,94%@1728,0%@1728] GR3D_FREQ 0% cpu@54.625C soc2@53.687C soc0@53.437C gpu@54.812C tj@54.812C soc1@54.625C VDD_IN 8701mW/9396mW VDD_CPU_GPU_CV 2444mW/2990mW VDD_SOC 2606mW/2726mW
09-26-2026 20:55:39 RAM 5927/7620MB (lfb 9x512kB) SWAP 29/12002MB (cached 0MB) CPU [0%@1728,0%@1728,0%@1728,2%@1728,68%@1728,0%@1728] GR3D_FREQ 99% cpu@54.187C soc2@53.75C soc0@53.343C gpu@56.312C tj@56.312C soc1@54.468C VDD_IN 11256mW/9402mW VDD_CPU_GPU_CV 4472mW/2995mW VDD_SOC 2873mW/2726mW
09-26-2026 20:55:39 RAM 5914/7620MB (lfb 1x1MB) SWAP 32/12002MB (cached 0MB) CPU [6%@1728,9%@1728,11%@1728,4%@1728,38%@1728,25%@1728] GR3D_FREQ 99% cpu@55.093C soc2@54.156C soc0@53.5C gpu@57.375C tj@57.375C soc1@54.718C VDD_IN 16306mW/9424mW VDD_CPU_GPU_CV 8779mW/3013mW VDD_SOC 3162mW/2727mW
09-26-2026 20:55:40 RAM 5918/7620MB (lfb 2x4MB) SWAP 32/12002MB (cached 0MB) CPU [23%@1728,1%@1728,0%@1728,13%@1728,1%@1728,8%@1728] GR3D_FREQ 84% cpu@54.812C soc2@54.281C soc0@53.5C gpu@56.937C tj@56.937C soc1@54.718C VDD_IN 14570mW/9440mW VDD_CPU_GPU_CV 7132mW/3026mW VDD_SOC 3133mW/2729mW
09-26-2026 20:55:40 RAM 5918/7620MB (lfb 2x4MB) SWAP 32/12002MB (cached 0MB) CPU [26%@1728,0%@1728,0%@1728,0%@1728,0%@1728,0%@1728] GR3D_FREQ 71% cpu@54.968C soc2@54.437C soc0@53.843C gpu@57.281C tj@57.281C soc1@54.718C VDD_IN 15510mW/9460mW VDD_CPU_GPU_CV 8015mW/3042mW VDD_SOC 3167mW/2730mW
09-26-2026 20:55:41 RAM 5918/7620MB (lfb 2x4MB) SWAP 32/12002MB (cached 0MB) CPU [15%@1728,0%@1728,0%@1728,0%@1728,0%@1728,0%@1728] GR3D_FREQ 85% cpu@54.937C soc2@54.625C soc0@53.781C gpu@57.468C tj@57.468C soc1@54.75C VDD_IN 15915mW/9480mW VDD_CPU_GPU_CV 8391mW/3059mW VDD_SOC 3162mW/2732mW
09-26-2026 20:55:41 RAM 5918/7620MB (lfb 2x4MB) SWAP 32/12002MB (cached 0MB) CPU [30%@1728,1%@1728,1%@1728,0%@1728,0%@1728,0%@1728] GR3D_FREQ 17% cpu@55.156C soc2@54.562C soc0@53.781C gpu@56.562C tj@56.562C soc1@55.062C VDD_IN 14609mW/9496mW VDD_CPU_GPU_CV 7405mW/3073mW VDD_SOC 3011mW/2732mW
09-26-2026 20:55:42 RAM 5933/7620MB (lfb 2x4MB) SWAP 32/12002MB (cached 0MB) CPU [18%@1728,11%@1728,0%@1728,0%@1728,13%@1728,0%@1728] GR3D_FREQ 72% cpu@55.156C soc2@54.562C soc0@53.781C gpu@57.593C tj@57.593C soc1@54.968C VDD_IN 15079mW/9514mW VDD_CPU_GPU_CV 7132mW/3085mW VDD_SOC 3284mW/2734mW
09-26-2026 20:55:42 RAM 5938/7620MB (lfb 1x4MB) SWAP 32/12002MB (cached 0MB) CPU [3%@1728,17%@1728,0%@1728,0%@1728,17%@1728,56%@1728] GR3D_FREQ 0% cpu@55.093C soc2@54.375C soc0@53.875C gpu@56.031C tj@56.031C soc1@55.031C VDD_IN 12004mW/9522mW VDD_CPU_GPU_CV 4660mW/3090mW VDD_SOC 3065mW/2735mW
09-26-2026 20:55:43 RAM 5938/7620MB (lfb 1x4MB) SWAP 32/12002MB (cached 0MB) CPU [0%@1728,0%@1728,1%@1728,0%@1728,0%@1728,100%@1728] GR3D_FREQ 0% cpu@54.812C soc2@54.218C soc0@53.875C gpu@55.562C tj@55.562C soc1@54.937C VDD_IN 9437mW/9521mW VDD_CPU_GPU_CV 3070mW/3090mW VDD_SOC 2680mW/2735mW
09-26-2026 20:55:43 RAM 5938/7620MB (lfb 1x4MB) SWAP 32/12002MB (cached 0MB) CPU [0%@1728,0%@1728,0%@1728,0%@1728,0%@1728,94%@1728] GR3D_FREQ 0% cpu@54.781C soc2@54.125C soc0@53.843C gpu@55.25C tj@55.531C soc1@54.937C VDD_IN 8701mW/9519mW VDD_CPU_GPU_CV 2601mW/3089mW VDD_SOC 2566mW/2734mW
09-26-2026 20:55:44 RAM 5938/7620MB (lfb 1x4MB) SWAP 32/12002MB (cached 0MB) CPU [0%@1728,0%@1728,0%@1728,0%@1728,0%@1728,100%@1728] GR3D_FREQ 0% cpu@54.593C soc2@53.906C soc0@53.625C gpu@55.218C tj@55.218C soc1@55.031C VDD_IN 8503mW/9516mW VDD_CPU_GPU_CV 2444mW/3087mW VDD_SOC 2527mW/2734mW
09-26-2026 20:55:44 RAM 5938/7620MB (lfb 1x4MB) SWAP 32/12002MB (cached 0MB) CPU [0%@1728,0%@1728,0%@1728,0%@1728,0%@1728,100%@1728] GR3D_FREQ 0% cpu@54.781C soc2@53.812C soc0@53.531C gpu@55.062C tj@55.062C soc1@54.875C VDD_IN 8424mW/9512mW VDD_CPU_GPU_CV 2404mW/3085mW VDD_SOC 2527mW/2733mW
09-26-2026 20:55:45 RAM 5938/7620MB (lfb 1x4MB) SWAP 32/12002MB (cached 0MB) CPU [0%@1728,0%@1728,0%@1728,0%@1728,0%@1728,100%@1728] GR3D_FREQ 0% cpu@54.562C soc2@53.875C soc0@53.781C gpu@55.5C tj@55.5C soc1@54.843C VDD_IN 8385mW/9509mW VDD_CPU_GPU_CV 2365mW/3082mW VDD_SOC 2527mW/2733mW
09-26-2026 20:55:45 RAM 5938/7620MB (lfb 1x4MB) SWAP 32/12002MB (cached 0MB) CPU [0%@1728,0%@1728,0%@1728,0%@1728,0%@1728,100%@1728] GR3D_FREQ 0% cpu@54.5C soc2@53.812C soc0@53.5C gpu@55.093C tj@55.093C soc1@54.656C VDD_IN 8385mW/9505mW VDD_CPU_GPU_CV 2365mW/3080mW VDD_SOC 2527mW/2732mW
09-26-2026 20:55:46 RAM 5938/7620MB (lfb 1x4MB) SWAP 32/12002MB (cached 0MB) CPU [0%@1728,0%@1728,0%@1728,0%@1728,0%@1728,100%@1728] GR3D_FREQ 0% cpu@54.593C soc2@53.656C soc0@53.468C gpu@54.968C tj@54.968C soc1@54.937C VDD_IN 8385mW/9502mW VDD_CPU_GPU_CV 2365mW/3078mW VDD_SOC 2527mW/2731mW
09-26-2026 20:55:46 RAM 5938/7620MB (lfb 1x4MB) SWAP 32/12002MB (cached 0MB) CPU [0%@1728,0%@1728,0%@1728,0%@1728,0%@1728,100%@1728] GR3D_FREQ 0% cpu@54.75C soc2@53.687C soc0@53.343C gpu@54.906C tj@54.906C soc1@54.906C VDD_IN 8385mW/9498mW VDD_CPU_GPU_CV 2365mW/3076mW VDD_SOC 2527mW/2731mW
09-26-2026 20:55:47 RAM 5938/7620MB (lfb 1x4MB) SWAP 32/12002MB (cached 0MB) CPU [0%@1728,0%@1728,0%@1728,0%@1728,0%@1728,100%@1728] GR3D_FREQ 0% cpu@54.468C soc2@53.718C soc0@53.562C gpu@55.312C tj@55.312C soc1@54.656C VDD_IN 8385mW/9495mW VDD_CPU_GPU_CV 2365mW/3074mW VDD_SOC 2527mW/2730mW
09-26-2026 20:55:47 RAM 5953/7620MB (lfb 1x2MB) SWAP 32/12002MB (cached 0MB) CPU [3%@1728,0%@1728,0%@1728,0%@1728,0%@1728,56%@1728] GR3D_FREQ 0% cpu@54.406C soc2@53.875C soc0@53.437C gpu@55.656C tj@55.656C soc1@54.718C VDD_IN 11414mW/9501mW VDD_CPU_GPU_CV 4315mW/3077mW VDD_SOC 3109mW/2731mW
09-26-2026 20:55:48 RAM 5953/7620MB (lfb 1x2MB) SWAP 32/12002MB (cached 0MB) CPU [0%@1728,0%@1728,4%@1728,0%@1728,1%@1728,94%@1728] GR3D_FREQ 50% cpu@54.593C soc2@53.718C soc0@53.468C gpu@55.75C tj@55.75C soc1@54.937C VDD_IN 9793mW/9502mW VDD_CPU_GPU_CV 3227mW/3078mW VDD_SOC 2799mW/2731mW
09-26-2026 20:55:48 RAM 5953/7620MB (lfb 1x2MB) SWAP 32/12002MB (cached 0MB) CPU [0%@1728,0%@1728,0%@1728,0%@1728,20%@1728,11%@1728] GR3D_FREQ 62% cpu@54.968C soc2@54.156C soc0@53.468C gpu@56.187C tj@56.187C soc1@54.906C VDD_IN 13164mW/9513mW VDD_CPU_GPU_CV 5318mW/3085mW VDD_SOC 3373mW/2733mW
09-26-2026 20:55:49 RAM 5953/7620MB (lfb 1x2MB) SWAP 32/12002MB (cached 0MB) CPU [0%@1728,0%@1728,1%@1728,0%@1728,79%@1728,0%@1728] GR3D_FREQ 0% cpu@55.062C soc2@54C soc0@53.75C gpu@55.312C tj@55.312C soc1@54.718C VDD_IN 11038mW/9517mW VDD_CPU_GPU_CV 3923mW/3087mW VDD_SOC 3030mW/2734mW
09-26-2026 20:55:49 RAM 5953/7620MB (lfb 1x2MB) SWAP 32/12002MB (cached 0MB) CPU [0%@1728,1%@1728,0%@1728,0%@1728,100%@1728,0%@1728] GR3D_FREQ 0% cpu@54.875C soc2@53.875C soc0@53.531C gpu@55.187C tj@55.187C soc1@54.781C VDD_IN 9161mW/9516mW VDD_CPU_GPU_CV 2794mW/3086mW VDD_SOC 2685mW/2734mW
09-26-2026 20:55:50 RAM 5957/7620MB (lfb 1x2MB) SWAP 38/12002MB (cached 0MB) CPU [1%@1728,0%@1728,1%@1728,0%@1728,100%@1728,11%@1728] GR3D_FREQ 0% cpu@55.25C soc2@53.843C soc0@53.437C gpu@55.343C tj@55.25C soc1@55.031C VDD_IN 8701mW/9514mW VDD_CPU_GPU_CV 2483mW/3084mW VDD_SOC 2606mW/2734mW
09-26-2026 20:55:50 RAM 5954/7620MB (lfb 1x4MB) SWAP 38/12002MB (cached 0MB) CPU [4%@1728,0%@1728,0%@1728,0%@1728,100%@1728,0%@1728] GR3D_FREQ 0% cpu@54.968C soc2@53.812C soc0@53.437C gpu@54.906C tj@54.968C soc1@54.906C VDD_IN 8503mW/9511mW VDD_CPU_GPU_CV 2444mW/3083mW VDD_SOC 2566mW/2733mW
09-26-2026 20:55:51 RAM 5954/7620MB (lfb 1x4MB) SWAP 38/12002MB (cached 0MB) CPU [0%@1728,0%@1728,0%@1728,0%@1728,98%@1728,0%@1728] GR3D_FREQ 0% cpu@54.875C soc2@53.718C soc0@53.656C gpu@55.25C tj@55.25C soc1@54.812C VDD_IN 8424mW/9508mW VDD_CPU_GPU_CV 2404mW/3081mW VDD_SOC 2527mW/2733mW
09-26-2026 20:55:51 RAM 5954/7620MB (lfb 1x4MB) SWAP 38/12002MB (cached 0MB) CPU [0%@1728,0%@1728,0%@1728,0%@1728,100%@1728,0%@1728] GR3D_FREQ 0% cpu@54.718C soc2@53.687C soc0@53.5C gpu@55.031C tj@55.031C soc1@54.781C VDD_IN 8385mW/9504mW VDD_CPU_GPU_CV 2326mW/3078mW VDD_SOC 2527mW/2732mW
09-26-2026 20:55:52 RAM 5955/7620MB (lfb 1x4MB) SWAP 38/12002MB (cached 0MB) CPU [0%@1728,0%@1728,0%@1728,0%@1728,100%@1728,0%@1728] GR3D_FREQ 0% cpu@54.656C soc2@53.687C soc0@53.406C gpu@54.875C tj@54.875C soc1@54.875C VDD_IN 8385mW/9501mW VDD_CPU_GPU_CV 2326mW/3076mW VDD_SOC 2566mW/2731mW
09-26-2026 20:55:52 RAM 5955/7620MB (lfb 1x4MB) SWAP 38/12002MB (cached 0MB) CPU [0%@1728,0%@1728,0%@1728,0%@1728,100%@1728,0%@1728] GR3D_FREQ 0% cpu@54.812C soc2@53.625C soc0@53.281C gpu@54.781C tj@54.781C soc1@54.781C VDD_IN 8385mW/9498mW VDD_CPU_GPU_CV 2365mW/3074mW VDD_SOC 2527mW/2731mW
09-26-2026 20:55:53 RAM 5955/7620MB (lfb 1x4MB) SWAP 38/12002MB (cached 0MB) CPU [0%@1728,0%@1728,0%@1728,0%@1728,100%@1728,0%@1728] GR3D_FREQ 0% cpu@54.781C soc2@53.625C soc0@53.375C gpu@55.156C tj@55.156C soc1@54.687C VDD_IN 8385mW/9495mW VDD_CPU_GPU_CV 2365mW/3072mW VDD_SOC 2527mW/2730mW
09-26-2026 20:55:53 RAM 5955/7620MB (lfb 1x4MB) SWAP 38/12002MB (cached 0MB) CPU [0%@1728,0%@1728,0%@1728,0%@1728,100%@1728,0%@1728] GR3D_FREQ 0% cpu@54.718C soc2@53.562C soc0@53.406C gpu@54.875C tj@54.875C soc1@54.625C VDD_IN 8385mW/9491mW VDD_CPU_GPU_CV 2326mW/3070mW VDD_SOC 2527mW/2730mW
09-26-2026 20:55:54 RAM 5955/7620MB (lfb 1x4MB) SWAP 38/12002MB (cached 0MB) CPU [0%@1728,0%@1728,0%@1728,0%@1728,100%@1728,0%@1728] GR3D_FREQ 0% cpu@54.593C soc2@53.625C soc0@53.281C gpu@55.062C tj@55.062C soc1@54.812C VDD_IN 8385mW/9488mW VDD_CPU_GPU_CV 2326mW/3068mW VDD_SOC 2527mW/2729mW
09-26-2026 20:55:54 RAM 5955/7620MB (lfb 1x4MB) SWAP 38/12002MB (cached 0MB) CPU [0%@1728,0%@1728,0%@1728,0%@1728,100%@1728,0%@1728] GR3D_FREQ 0% cpu@54.781C soc2@53.593C soc0@53.218C gpu@55C tj@55C soc1@54.687C VDD_IN 8345mW/9485mW VDD_CPU_GPU_CV 2365mW/3065mW VDD_SOC 2527mW/2729mW
09-26-2026 20:55:55 RAM 5955/7620MB (lfb 1x4MB) SWAP 38/12002MB (cached 0MB) CPU [0%@1728,0%@1728,1%@1728,0%@1728,98%@1728,0%@1728] GR3D_FREQ 0% cpu@54.718C soc2@53.687C soc0@53.375C gpu@54.718C tj@54.718C soc1@54.562C VDD_IN 8385mW/9481mW VDD_CPU_GPU_CV 2365mW/3063mW VDD_SOC 2527mW/2728mW
09-26-2026 20:55:55 RAM 5955/7620MB (lfb 1x4MB) SWAP 38/12002MB (cached 0MB) CPU [0%@1728,0%@1728,0%@1728,0%@1728,100%@1728,0%@1728] GR3D_FREQ 0% cpu@54.593C soc2@53.656C soc0@53.312C gpu@54.625C tj@54.687C soc1@54.687C VDD_IN 8385mW/9478mW VDD_CPU_GPU_CV 2326mW/3061mW VDD_SOC 2527mW/2727mW
09-26-2026 20:55:56 RAM 5956/7620MB (lfb 1x4MB) SWAP 38/12002MB (cached 0MB) CPU [0%@1728,0%@1728,0%@1728,0%@1728,100%@1728,0%@1728] GR3D_FREQ 0% cpu@54.531C soc2@53.593C soc0@53.281C gpu@55.093C tj@55.093C soc1@54.812C VDD_IN 8385mW/9475mW VDD_CPU_GPU_CV 2326mW/3059mW VDD_SOC 2531mW/2727mW
09-26-2026 20:55:56 RAM 5956/7620MB (lfb 1x4MB) SWAP 38/12002MB (cached 0MB) CPU [0%@1728,0%@1728,0%@1728,0%@1728,100%@1728,0%@1728] GR3D_FREQ 0% cpu@54.687C soc2@53.5C soc0@53.125C gpu@54.812C tj@54.812C soc1@54.687C VDD_IN 8345mW/9472mW VDD_CPU_GPU_CV 2365mW/3057mW VDD_SOC 2531mW/2726mW
09-26-2026 20:55:57 RAM 5956/7620MB (lfb 1x4MB) SWAP 38/12002MB (cached 0MB) CPU [0%@1728,0%@1728,0%@1728,0%@1728,100%@1728,0%@1728] GR3D_FREQ 0% cpu@54.531C soc2@53.562C soc0@53.343C gpu@54.687C tj@54.781C soc1@54.593C VDD_IN 8385mW/9469mW VDD_CPU_GPU_CV 2365mW/3055mW VDD_SOC 2527mW/2726mW
09-26-2026 20:55:57 RAM 5956/7620MB (lfb 1x4MB) SWAP 38/12002MB (cached 0MB) CPU [0%@1728,0%@1728,0%@1728,0%@1728,100%@1728,0%@1728] GR3D_FREQ 0% cpu@54.625C soc2@53.531C soc0@53.406C gpu@54.812C tj@54.812C soc1@54.437C VDD_IN 8385mW/9466mW VDD_CPU_GPU_CV 2326mW/3053mW VDD_SOC 2527mW/2725mW
09-26-2026 20:55:58 RAM 5956/7620MB (lfb 1x4MB) SWAP 38/12002MB (cached 0MB) CPU [0%@1728,0%@1728,0%@1728,0%@1728,100%@1728,0%@1728] GR3D_FREQ 0% cpu@54.343C soc2@53.437C soc0@53.156C gpu@54.625C tj@54.656C soc1@54.656C VDD_IN 8385mW/9463mW VDD_CPU_GPU_CV 2326mW/3051mW VDD_SOC 2527mW/2724mW
09-26-2026 20:55:58 RAM 5956/7620MB (lfb 1x4MB) SWAP 38/12002MB (cached 0MB) CPU [1%@1728,0%@1728,1%@1728,0%@1728,100%@1728,0%@1728] GR3D_FREQ 0% cpu@54.718C soc2@53.468C soc0@53.218C gpu@54.531C tj@54.718C soc1@54.625C VDD_IN 8385mW/9460mW VDD_CPU_GPU_CV 2365mW/3049mW VDD_SOC 2527mW/2724mW
09-26-2026 20:55:59 RAM 5956/7620MB (lfb 1x4MB) SWAP 38/12002MB (cached 0MB) CPU [0%@1728,0%@1728,0%@1728,1%@1728,98%@1728,0%@1728] GR3D_FREQ 0% cpu@54.437C soc2@53.593C soc0@53.187C gpu@54.875C tj@54.875C soc1@54.531C VDD_IN 8385mW/9456mW VDD_CPU_GPU_CV 2365mW/3047mW VDD_SOC 2527mW/2723mW
09-26-2026 20:55:59 RAM 5956/7620MB (lfb 1x4MB) SWAP 38/12002MB (cached 0MB) CPU [0%@1728,0%@1728,0%@1728,0%@1728,100%@1728,0%@1728] GR3D_FREQ 0% cpu@54.562C soc2@53.437C soc0@53.156C gpu@54.75C tj@54.75C soc1@54.437C VDD_IN 8385mW/9453mW VDD_CPU_GPU_CV 2326mW/3045mW VDD_SOC 2527mW/2723mW
09-26-2026 20:56:00 RAM 5956/7620MB (lfb 1x4MB) SWAP 38/12002MB (cached 0MB) CPU [0%@1728,0%@1728,0%@1728,0%@1728,100%@1728,0%@1728] GR3D_FREQ 0% cpu@54.406C soc2@53.406C soc0@53.281C gpu@54.562C tj@54.593C soc1@54.656C VDD_IN 8385mW/9450mW VDD_CPU_GPU_CV 2326mW/3043mW VDD_SOC 2566mW/2722mW
09-26-2026 20:56:00 RAM 5956/7620MB (lfb 1x4MB) SWAP 38/12002MB (cached 0MB) CPU [0%@1728,0%@1728,0%@1728,0%@1728,100%@1728,0%@1728] GR3D_FREQ 0% cpu@54.656C soc2@53.375C soc0@53.062C gpu@54.531C tj@54.656C soc1@54.5C VDD_IN 8345mW/9447mW VDD_CPU_GPU_CV 2365mW/3041mW VDD_SOC 2527mW/2722mW
09-26-2026 20:56:01 RAM 5956/7620MB (lfb 1x4MB) SWAP 38/12002MB (cached 0MB) CPU [0%@1728,0%@1728,0%@1728,0%@1728,100%@1728,0%@1728] GR3D_FREQ 0% cpu@54.281C soc2@53.375C soc0@53.375C gpu@54.5C tj@54.5C soc1@54.5C VDD_IN 8385mW/9444mW VDD_CPU_GPU_CV 2365mW/3039mW VDD_SOC 2527mW/2721mW
09-26-2026 20:56:01 RAM 5956/7620MB (lfb 1x4MB) SWAP 38/12002MB (cached 0MB) CPU [0%@1728,0%@1728,1%@1728,0%@1728,100%@1728,0%@1728] GR3D_FREQ 0% cpu@54.312C soc2@53.468C soc0@53.062C gpu@54.437C tj@54.562C soc1@54.468C VDD_IN 8385mW/9441mW VDD_CPU_GPU_CV 2326mW/3037mW VDD_SOC 2527mW/2721mW
09-26-2026 20:56:02 RAM 5956/7620MB (lfb 1x4MB) SWAP 38/12002MB (cached 0MB) CPU [0%@1728,0%@1728,0%@1728,0%@1728,100%@1728,0%@1728] GR3D_FREQ 0% cpu@54.218C soc2@53.312C soc0@53.187C gpu@54.812C tj@54.812C soc1@54.593C VDD_IN 8345mW/9438mW VDD_CPU_GPU_CV 2326mW/3035mW VDD_SOC 2527mW/2720mW
09-26-2026 20:56:02 RAM 5956/7620MB (lfb 1x4MB) SWAP 38/12002MB (cached 0MB) CPU [0%@1728,0%@1728,0%@1728,0%@1728,100%@1728,0%@1728] GR3D_FREQ 0% cpu@54.656C soc2@53.281C soc0@53.093C gpu@54.625C tj@54.656C soc1@54.5C VDD_IN 8385mW/9435mW VDD_CPU_GPU_CV 2365mW/3033mW VDD_SOC 2527mW/2720mW
09-26-2026 20:56:03 RAM 5956/7620MB (lfb 1x4MB) SWAP 38/12002MB (cached 0MB) CPU [0%@1728,0%@1728,0%@1728,0%@1728,100%@1728,0%@1728] GR3D_FREQ 0% cpu@54.437C soc2@53.375C soc0@53.25C gpu@54.5C tj@54.5C soc1@54.406C VDD_IN 8345mW/9432mW VDD_CPU_GPU_CV 2326mW/3031mW VDD_SOC 2527mW/2719mW
09-26-2026 20:56:03 RAM 5956/7620MB (lfb 1x4MB) SWAP 38/12002MB (cached 0MB) CPU [0%@1728,0%@1728,0%@1728,0%@1728,100%@1728,1%@1728] GR3D_FREQ 0% cpu@54.312C soc2@53.375C soc0@53.281C gpu@54.343C tj@54.406C soc1@54.406C VDD_IN 8345mW/9429mW VDD_CPU_GPU_CV 2326mW/3029mW VDD_SOC 2527mW/2719mW
09-26-2026 20:56:04 RAM 5957/7620MB (lfb 1x4MB) SWAP 38/12002MB (cached 0MB) CPU [0%@1728,0%@1728,0%@1728,0%@1728,100%@1728,0%@1728] GR3D_FREQ 0% cpu@54.343C soc2@53.406C soc0@53.062C gpu@54.781C tj@54.781C soc1@54.593C VDD_IN 8385mW/9426mW VDD_CPU_GPU_CV 2326mW/3028mW VDD_SOC 2566mW/2718mW
09-26-2026 20:56:04 RAM 5957/7620MB (lfb 1x4MB) SWAP 38/12002MB (cached 0MB) CPU [0%@1728,0%@1728,0%@1728,0%@1728,98%@1728,0%@1728] GR3D_FREQ 0% cpu@54.343C soc2@53.281C soc0@53.062C gpu@54.312C tj@54.562C soc1@54.562C VDD_IN 8464mW/9424mW VDD_CPU_GPU_CV 2404mW/3026mW VDD_SOC 2566mW/2718mW
09-26-2026 20:56:05 RAM 5957/7620MB (lfb 1x4MB) SWAP 38/12002MB (cached 0MB) CPU [0%@1728,0%@1728,0%@1728,0%@1728,100%@1728,0%@1728] GR3D_FREQ 0% cpu@54.5C soc2@53.218C soc0@52.968C gpu@54.718C tj@54.718C soc1@54.343C VDD_IN 8385mW/9421mW VDD_CPU_GPU_CV 2365mW/3024mW VDD_SOC 2527mW/2717mW
09-26-2026 20:56:05 RAM 5957/7620MB (lfb 1x4MB) SWAP 38/12002MB (cached 0MB) CPU [0%@1728,0%@1728,0%@1728,0%@1728,100%@1728,0%@1728] GR3D_FREQ 0% cpu@54.156C soc2@53.343C soc0@53.062C gpu@54.593C tj@54.593C soc1@54.406C VDD_IN 8385mW/9418mW VDD_CPU_GPU_CV 2326mW/3022mW VDD_SOC 2566mW/2717mW
09-26-2026 20:56:06 RAM 5957/7620MB (lfb 1x4MB) SWAP 38/12002MB (cached 0MB) CPU [1%@1728,0%@1728,0%@1728,0%@1728,100%@1728,0%@1728] GR3D_FREQ 0% cpu@54.468C soc2@53.375C soc0@53.125C gpu@54.406C tj@54.406C soc1@54.312C VDD_IN 8345mW/9415mW VDD_CPU_GPU_CV 2326mW/3020mW VDD_SOC 2531mW/2716mW
09-26-2026 20:56:06 RAM 5957/7620MB (lfb 1x4MB) SWAP 38/12002MB (cached 0MB) CPU [0%@1728,0%@1728,0%@1728,0%@1728,100%@1728,0%@1728] GR3D_FREQ 0% cpu@54.25C soc2@53.25C soc0@52.906C gpu@54.343C tj@54.375C soc1@54.375C VDD_IN 8424mW/9412mW VDD_CPU_GPU_CV 2404mW/3018mW VDD_SOC 2527mW/2716mW
09-26-2026 20:56:07 RAM 5957/7620MB (lfb 1x4MB) SWAP 38/12002MB (cached 0MB) CPU [0%@1728,0%@1728,0%@1728,0%@1728,100%@1728,0%@1728] GR3D_FREQ 0% cpu@54.437C soc2@53.25C soc0@53.156C gpu@54.625C tj@54.625C soc1@54.218C VDD_IN 8385mW/9410mW VDD_CPU_GPU_CV 2365mW/3017mW VDD_SOC 2527mW/2715mW
09-26-2026 20:56:07 RAM 5957/7620MB (lfb 1x4MB) SWAP 38/12002MB (cached 0MB) CPU [0%@1728,0%@1728,0%@1728,0%@1728,100%@1728,0%@1728] GR3D_FREQ 0% cpu@54.093C soc2@53.218C soc0@53.187C gpu@54.406C tj@54.406C soc1@54.343C VDD_IN 8385mW/9407mW VDD_CPU_GPU_CV 2286mW/3015mW VDD_SOC 2566mW/2715mW
09-26-2026 20:56:08 RAM 5957/7620MB (lfb 1x4MB) SWAP 38/12002MB (cached 0MB) CPU [0%@1728,0%@1728,0%@1728,0%@1728,100%@1728,0%@1728] GR3D_FREQ 0% cpu@54.125C soc2@53.25C soc0@53C gpu@54.718C tj@54.718C soc1@54.5C VDD_IN 8345mW/9404mW VDD_CPU_GPU_CV 2365mW/3013mW VDD_SOC 2531mW/2714mW
09-26-2026 20:56:08 RAM 5957/7620MB (lfb 1x4MB) SWAP 38/12002MB (cached 0MB) CPU [0%@1728,0%@1728,0%@1728,1%@1728,98%@1728,0%@1728] GR3D_FREQ 0% cpu@54.218C soc2@53.187C soc0@52.937C gpu@54.375C tj@54.406C soc1@54.406C VDD_IN 8385mW/9401mW VDD_CPU_GPU_CV 2365mW/3011mW VDD_SOC 2527mW/2714mW
09-26-2026 20:56:09 RAM 5957/7620MB (lfb 1x4MB) SWAP 38/12002MB (cached 0MB) CPU [0%@1728,0%@1728,0%@1728,0%@1728,100%@1728,0%@1728] GR3D_FREQ 0% cpu@54.593C soc2@53.218C soc0@52.906C gpu@54.312C tj@54.593C soc1@54.312C VDD_IN 8385mW/9399mW VDD_CPU_GPU_CV 2326mW/3009mW VDD_SOC 2527mW/2713mW
09-26-2026 20:56:09 RAM 5959/7620MB (lfb 1x4MB) SWAP 38/12002MB (cached 0MB) CPU [11%@1728,20%@1728,15%@1728,18%@1728,100%@1728,12%@1728] GR3D_FREQ 0% cpu@54.625C soc2@53.312C soc0@53.187C gpu@54.312C tj@54.625C soc1@54.25C VDD_IN 8938mW/9397mW VDD_CPU_GPU_CV 2759mW/3009mW VDD_SOC 2606mW/2713mW
09-26-2026 20:56:10 RAM 5959/7620MB (lfb 1x4MB) SWAP 38/12002MB (cached 0MB) CPU [1%@1728,0%@1728,8%@1728,5%@1728,100%@1728,5%@1728] GR3D_FREQ 0% cpu@54.25C soc2@53.281C soc0@52.906C gpu@54.625C tj@54.625C soc1@54.437C VDD_IN 8582mW/9395mW VDD_CPU_GPU_CV 2523mW/3007mW VDD_SOC 2566mW/2713mW
09-26-2026 20:56:10 RAM 5959/7620MB (lfb 1x4MB) SWAP 38/12002MB (cached 0MB) CPU [1%@1728,0%@1728,0%@1728,1%@1728,100%@1728,0%@1728] GR3D_FREQ 0% cpu@54.343C soc2@53.25C soc0@52.968C gpu@54.312C tj@54.343C soc1@54.312C VDD_IN 8464mW/9393mW VDD_CPU_GPU_CV 2404mW/3006mW VDD_SOC 2527mW/2712mW
09-26-2026 20:56:11 RAM 5960/7620MB (lfb 1x4MB) SWAP 38/12002MB (cached 0MB) CPU [0%@1728,0%@1728,0%@1728,0%@1728,100%@1728,0%@1728] GR3D_FREQ 0% cpu@54.468C soc2@53.187C soc0@52.843C gpu@54.562C tj@54.562C soc1@54.25C VDD_IN 8424mW/9390mW VDD_CPU_GPU_CV 2365mW/3004mW VDD_SOC 2566mW/2712mW
09-26-2026 20:56:11 RAM 5960/7620MB (lfb 1x4MB) SWAP 38/12002MB (cached 0MB) CPU [0%@1728,0%@1728,0%@1728,0%@1728,76%@1728,0%@1728] GR3D_FREQ 60% cpu@54.125C soc2@53.343C soc0@53.125C gpu@55.343C tj@55.343C soc1@54.25C VDD_IN 10841mW/9394mW VDD_CPU_GPU_CV 3733mW/3006mW VDD_SOC 2991mW/2713mW
09-26-2026 20:56:12 RAM 5960/7620MB (lfb 1x4MB) SWAP 38/12002MB (cached 0MB) CPU [0%@1728,0%@1728,3%@1728,0%@1728,76%@1728,0%@1728] GR3D_FREQ 34% cpu@54.125C soc2@53.406C soc0@52.937C gpu@54.968C tj@54.968C soc1@54.281C VDD_IN 10841mW/9398mW VDD_CPU_GPU_CV 3693mW/3008mW VDD_SOC 3030mW/2713mW
09-26-2026 20:56:12 RAM 5960/7620MB (lfb 1x4MB) SWAP 38/12002MB (cached 0MB) CPU [1%@1728,0%@1728,7%@1728,0%@1728,92%@1728,0%@1728] GR3D_FREQ 0% cpu@54.343C soc2@53.375C soc0@53.062C gpu@54.5C tj@54.5C soc1@54.406C VDD_IN 9516mW/9398mW VDD_CPU_GPU_CV 2912mW/3008mW VDD_SOC 2759mW/2713mW
09-26-2026 20:56:13 RAM 5960/7620MB (lfb 1x4MB) SWAP 38/12002MB (cached 0MB) CPU [0%@1728,0%@1728,0%@1728,0%@1728,100%@1728,0%@1728] GR3D_FREQ 0% cpu@54.656C soc2@53.343C soc0@52.937C gpu@54.656C tj@54.656C soc1@54.406C VDD_IN 8701mW/9396mW VDD_CPU_GPU_CV 2523mW/3006mW VDD_SOC 2606mW/2713mW
09-26-2026 20:56:14 RAM 5963/7620MB (lfb 1x4MB) SWAP 38/12002MB (cached 0MB) CPU [0%@1728,0%@1728,0%@1728,0%@1728,100%@1728,0%@1728] GR3D_FREQ 0% cpu@54.312C soc2@53.281C soc0@53.125C gpu@54.812C tj@54.812C soc1@54.312C VDD_IN 8464mW/9394mW VDD_CPU_GPU_CV 2365mW/3005mW VDD_SOC 2566mW/2713mW
09-26-2026 20:56:14 RAM 5963/7620MB (lfb 1x4MB) SWAP 38/12002MB (cached 0MB) CPU [0%@1728,0%@1728,0%@1728,0%@1728,100%@1728,0%@1728] GR3D_FREQ 0% cpu@54.406C soc2@53.187C soc0@53.031C gpu@54.562C tj@54.562C soc1@54.218C VDD_IN 8424mW/9391mW VDD_CPU_GPU_CV 2404mW/3003mW VDD_SOC 2527mW/2712mW
09-26-2026 20:56:15 RAM 5972/7620MB (lfb 1x4MB) SWAP 38/12002MB (cached 0MB) CPU [0%@1728,1%@1728,29%@1728,2%@1728,70%@1728,0%@1728] GR3D_FREQ 0% cpu@54.5C soc2@53.218C soc0@52.906C gpu@54.468C tj@54.5C soc1@54.437C VDD_IN 8385mW/9389mW VDD_CPU_GPU_CV 2365mW/3001mW VDD_SOC 2566mW/2712mW
09-26-2026 20:56:15 RAM 5972/7620MB (lfb 1x4MB) SWAP 38/12002MB (cached 0MB) CPU [1%@1728,0%@1728,100%@1728,0%@1728,0%@1728,0%@1728] GR3D_FREQ 0% cpu@54.781C soc2@53.312C soc0@52.906C gpu@54.375C tj@54.781C soc1@54.281C VDD_IN 8385mW/9386mW VDD_CPU_GPU_CV 2326mW/3000mW VDD_SOC 2527mW/2711mW
09-26-2026 20:56:16 RAM 5972/7620MB (lfb 1x4MB) SWAP 38/12002MB (cached 0MB) CPU [0%@1728,6%@1728,100%@1728,0%@1728,2%@1728,0%@1728] GR3D_FREQ 0% cpu@54.437C soc2@53.375C soc0@52.812C gpu@54.781C tj@54.781C soc1@54.25C VDD_IN 8464mW/9384mW VDD_CPU_GPU_CV 2365mW/2998mW VDD_SOC 2566mW/2711mW
09-26-2026 20:56:16 RAM 5972/7620MB (lfb 1x4MB) SWAP 38/12002MB (cached 0MB) CPU [0%@1728,0%@1728,100%@1728,1%@1728,100%@1728,1%@1728] GR3D_FREQ 0% cpu@54.937C soc2@53.375C soc0@53C gpu@54.5C tj@54.937C soc1@54.312C VDD_IN 8978mW/9383mW VDD_CPU_GPU_CV 2838mW/2998mW VDD_SOC 2566mW/2711mW
09-26-2026 20:56:17 RAM 5972/7620MB (lfb 1x4MB) SWAP 38/12002MB (cached 0MB) CPU [0%@1728,0%@1728,100%@1728,0%@1728,100%@1728,0%@1728] GR3D_FREQ 0% cpu@54.656C soc2@53.375C soc0@52.937C gpu@54.843C tj@54.843C soc1@54.406C VDD_IN 9121mW/9382mW VDD_CPU_GPU_CV 2912mW/2997mW VDD_SOC 2606mW/2710mW
09-26-2026 20:56:17 RAM 6024/7620MB (lfb 1x2MB) SWAP 38/12002MB (cached 0MB) CPU [1%@1728,0%@1728,17%@1728,90%@1728,100%@1728,4%@1728] GR3D_FREQ 0% cpu@54.875C soc2@53.406C soc0@52.937C gpu@54.531C tj@54.875C soc1@54.375C VDD_IN 9240mW/9381mW VDD_CPU_GPU_CV 3070mW/2998mW VDD_SOC 2606mW/2710mW
09-26-2026 20:56:18 RAM 6111/7620MB (lfb 1x2MB) SWAP 38/12002MB (cached 0MB) CPU [0%@1728,0%@1728,0%@1728,100%@1728,100%@1728,24%@1728] GR3D_FREQ 0% cpu@54.843C soc2@53.187C soc0@52.937C gpu@54.468C tj@54.843C soc1@54.281C VDD_IN 9398mW/9382mW VDD_CPU_GPU_CV 3148mW/2998mW VDD_SOC 2601mW/2710mW
09-26-2026 20:56:18 RAM 6140/7620MB (lfb 1x2MB) SWAP 38/12002MB (cached 0MB) CPU [0%@1728,0%@1728,5%@1728,100%@1728,71%@1728,7%@1728] GR3D_FREQ 0% cpu@54.625C soc2@53.375C soc0@53C gpu@54.375C tj@54.625C soc1@54.218C VDD_IN 9161mW/9381mW VDD_CPU_GPU_CV 2952mW/2998mW VDD_SOC 2606mW/2710mW
09-26-2026 20:56:19 RAM 6140/7620MB (lfb 1x2MB) SWAP 38/12002MB (cached 0MB) CPU [0%@1728,0%@1728,0%@1728,100%@1728,100%@1728,0%@1728] GR3D_FREQ 0% cpu@54.812C soc2@53.375C soc0@53C gpu@54.468C tj@54.812C soc1@54.218C VDD_IN 9200mW/9381mW VDD_CPU_GPU_CV 3030mW/2998mW VDD_SOC 2606mW/2709mW
09-26-2026 20:56:19 RAM 6140/7620MB (lfb 1x2MB) SWAP 38/12002MB (cached 0MB) CPU [14%@1728,1%@1728,0%@1728,35%@1728,84%@1728,20%@1728] GR3D_FREQ 0% cpu@54.531C soc2@53.375C soc0@52.906C gpu@54.281C tj@54.531C soc1@54.375C VDD_IN 8938mW/9379mW VDD_CPU_GPU_CV 2759mW/2997mW VDD_SOC 2566mW/2709mW
09-26-2026 20:56:20 RAM 6140/7620MB (lfb 1x2MB) SWAP 38/12002MB (cached 0MB) CPU [100%@1728,0%@1728,0%@1728,0%@1728,0%@1728,100%@1728] GR3D_FREQ 0% cpu@54.625C soc2@53.375C soc0@52.937C gpu@54.781C tj@54.781C soc1@54.343C VDD_IN 9121mW/9379mW VDD_CPU_GPU_CV 2952mW/2997mW VDD_SOC 2566mW/2709mW
09-26-2026 20:56:20 RAM 6140/7620MB (lfb 1x2MB) SWAP 38/12002MB (cached 0MB) CPU [49%@1728,0%@1728,0%@1728,2%@1728,0%@1728,100%@1728] GR3D_FREQ 0% cpu@54.187C soc2@53.25C soc0@53.062C gpu@54.625C tj@54.625C soc1@54.343C VDD_IN 8859mW/9377mW VDD_CPU_GPU_CV 2680mW/2996mW VDD_SOC 2606mW/2708mW
09-26-2026 20:56:21 RAM 6140/7620MB (lfb 1x2MB) SWAP 38/12002MB (cached 0MB) CPU [0%@1728,0%@1728,0%@1728,100%@1728,0%@1728,100%@1728] GR3D_FREQ 0% cpu@54.375C soc2@53.312C soc0@52.968C gpu@54.375C tj@54.375C soc1@54.343C VDD_IN 9042mW/9377mW VDD_CPU_GPU_CV 2952mW/2996mW VDD_SOC 2566mW/2708mW
09-26-2026 20:56:21 RAM 6140/7620MB (lfb 1x2MB) SWAP 38/12002MB (cached 0MB) CPU [0%@1728,0%@1728,0%@1728,100%@1728,0%@1728,100%@1728] GR3D_FREQ 0% cpu@54.312C soc2@53.343C soc0@53C gpu@54.562C tj@54.562C soc1@54.437C VDD_IN 9161mW/9376mW VDD_CPU_GPU_CV 2991mW/2996mW VDD_SOC 2606mW/2708mW
09-26-2026 20:56:22 RAM 6135/7620MB (lfb 1x2MB) SWAP 38/12002MB (cached 0MB) CPU [2%@1728,0%@1728,0%@1728,100%@1728,0%@1728,24%@1728] GR3D_FREQ 0% cpu@54.343C soc2@53.125C soc0@52.906C gpu@54.437C tj@54.437C soc1@54.343C VDD_IN 8701mW/9374mW VDD_CPU_GPU_CV 2601mW/2995mW VDD_SOC 2566mW/2707mW
09-26-2026 20:56:22 RAM 6138/7620MB (lfb 1x2MB) SWAP 38/12002MB (cached 0MB) CPU [0%@1728,1%@1728,0%@1728,84%@1728,13%@1728,0%@1728] GR3D_FREQ 5% cpu@54.187C soc2@53.343C soc0@53.156C gpu@54.375C tj@54.468C soc1@54.218C VDD_IN 8899mW/9373mW VDD_CPU_GPU_CV 2641mW/2994mW VDD_SOC 2645mW/2707mW
09-26-2026 20:56:23 RAM 6139/7620MB (lfb 1x2MB) SWAP 38/12002MB (cached 0MB) CPU [0%@1728,1%@1728,0%@1728,0%@1728,100%@1728,0%@1728] GR3D_FREQ 0% cpu@54.25C soc2@53.218C soc0@52.937C gpu@54.718C tj@54.718C soc1@54.218C VDD_IN 8503mW/9371mW VDD_CPU_GPU_CV 2444mW/2993mW VDD_SOC 2566mW/2707mW
09-26-2026 20:56:23 RAM 6139/7620MB (lfb 1x2MB) SWAP 38/12002MB (cached 0MB) CPU [0%@1728,0%@1728,0%@1728,0%@1728,100%@1728,0%@1728] GR3D_FREQ 0% cpu@54.156C soc2@53.156C soc0@52.843C gpu@54.5C tj@54.5C soc1@54.406C VDD_IN 8385mW/9368mW VDD_CPU_GPU_CV 2404mW/2992mW VDD_SOC 2527mW/2706mW
09-26-2026 20:56:24 RAM 6139/7620MB (lfb 1x2MB) SWAP 38/12002MB (cached 0MB) CPU [0%@1728,1%@1728,0%@1728,0%@1728,100%@1728,0%@1728] GR3D_FREQ 0% cpu@54.437C soc2@53.093C soc0@52.843C gpu@54.281C tj@54.437C soc1@54.312C VDD_IN 8345mW/9366mW VDD_CPU_GPU_CV 2365mW/2990mW VDD_SOC 2527mW/2706mW
09-26-2026 20:56:24 RAM 6139/7620MB (lfb 1x2MB) SWAP 38/12002MB (cached 0MB) CPU [0%@1728,0%@1728,0%@1728,0%@1728,100%@1728,0%@1728] GR3D_FREQ 0% cpu@54.187C soc2@53.156C soc0@52.75C gpu@54.406C tj@54.406C soc1@54.187C VDD_IN 8345mW/9363mW VDD_CPU_GPU_CV 2365mW/2988mW VDD_SOC 2527mW/2706mW
09-26-2026 20:56:25 RAM 6139/7620MB (lfb 1x2MB) SWAP 38/12002MB (cached 0MB) CPU [0%@1728,0%@1728,0%@1728,0%@1728,100%@1728,0%@1728] GR3D_FREQ 0% cpu@54.187C soc2@53.031C soc0@52.875C gpu@54.218C tj@54.218C soc1@54.156C VDD_IN 8305mW/9361mW VDD_CPU_GPU_CV 2365mW/2987mW VDD_SOC 2527mW/2705mW
09-26-2026 20:56:25 RAM 6139/7620MB (lfb 1x2MB) SWAP 38/12002MB (cached 0MB) CPU [0%@1728,0%@1728,0%@1728,0%@1728,100%@1728,0%@1728] GR3D_FREQ 0% cpu@54.031C soc2@53.062C soc0@52.843C gpu@54.125C tj@54.156C soc1@54.156C VDD_IN 8345mW/9358mW VDD_CPU_GPU_CV 2326mW/2985mW VDD_SOC 2531mW/2705mW
09-26-2026 20:56:26 RAM 6139/7620MB (lfb 1x2MB) SWAP 38/12002MB (cached 0MB) CPU [0%@1728,0%@1728,0%@1728,0%@1728,100%@1728,0%@1728] GR3D_FREQ 0% cpu@54.406C soc2@53C soc0@52.781C gpu@54.531C tj@54.531C soc1@54.156C VDD_IN 8345mW/9356mW VDD_CPU_GPU_CV 2365mW/2984mW VDD_SOC 2531mW/2704mW
09-26-2026 20:56:26 RAM 6139/7620MB (lfb 1x2MB) SWAP 38/12002MB (cached 0MB) CPU [0%@1728,0%@1728,0%@1728,0%@1728,100%@1728,0%@1728] GR3D_FREQ 0% cpu@54.093C soc2@53.093C soc0@52.906C gpu@54.406C tj@54.406C soc1@54.156C VDD_IN 8345mW/9353mW VDD_CPU_GPU_CV 2326mW/2982mW VDD_SOC 2531mW/2704mW
09-26-2026 20:56:27 RAM 6139/7620MB (lfb 1x2MB) SWAP 38/12002MB (cached 0MB) CPU [0%@1728,0%@1728,0%@1728,0%@1728,100%@1728,0%@1728] GR3D_FREQ 0% cpu@54.093C soc2@53.093C soc0@52.906C gpu@54.187C tj@54.187C soc1@54.125C VDD_IN 8345mW/9351mW VDD_CPU_GPU_CV 2326mW/2980mW VDD_SOC 2527mW/2703mW
09-26-2026 20:56:27 RAM 6139/7620MB (lfb 1x2MB) SWAP 38/12002MB (cached 0MB) CPU [1%@1728,0%@1728,0%@1728,0%@1728,100%@1728,0%@1728] GR3D_FREQ 0% cpu@53.968C soc2@52.968C soc0@52.843C gpu@54.125C tj@54.281C soc1@54.281C VDD_IN 8345mW/9348mW VDD_CPU_GPU_CV 2365mW/2979mW VDD_SOC 2527mW/2703mW
09-26-2026 20:56:28 RAM 6139/7620MB (lfb 1x2MB) SWAP 38/12002MB (cached 0MB) CPU [0%@1728,0%@1728,0%@1728,0%@1728,100%@1728,0%@1728] GR3D_FREQ 0% cpu@54.375C soc2@52.968C soc0@52.75C gpu@54.531C tj@54.531C soc1@54.187C VDD_IN 8385mW/9346mW VDD_CPU_GPU_CV 2326mW/2977mW VDD_SOC 2527mW/2703mW
09-26-2026 20:56:28 RAM 6135/7620MB (lfb 1x2MB) SWAP 39/12002MB (cached 0MB) CPU [3%@1728,13%@1728,0%@1728,0%@1728,86%@1728,0%@1728] GR3D_FREQ 0% cpu@54.125C soc2@53.062C soc0@52.687C gpu@54.125C tj@54.187C soc1@54.187C VDD_IN 9200mW/9346mW VDD_CPU_GPU_CV 2676mW/2977mW VDD_SOC 2764mW/2703mW
09-26-2026 20:56:29 RAM 6136/7620MB (lfb 1x2MB) SWAP 39/12002MB (cached 0MB) CPU [2%@1728,11%@1728,1%@1728,0%@1728,66%@1728,1%@1728] GR3D_FREQ 38% cpu@54.125C soc2@53.531C soc0@52.906C gpu@55.781C tj@55.781C soc1@54.093C VDD_IN 13378mW/9355mW VDD_CPU_GPU_CV 5357mW/2982mW VDD_SOC 3687mW/2705mW
09-26-2026 20:56:29 RAM 6137/7620MB (lfb 1x2MB) SWAP 39/12002MB (cached 0MB) CPU [12%@1728,20%@1728,16%@1728,17%@1728,92%@1728,17%@1728] GR3D_FREQ 2% cpu@54.156C soc2@53.218C soc0@52.937C gpu@54.593C tj@54.593C soc1@54.468C VDD_IN 10368mW/9358mW VDD_CPU_GPU_CV 3575mW/2984mW VDD_SOC 2956mW/2706mW
09-26-2026 20:56:30 RAM 6110/7620MB (lfb 1x2MB) SWAP 39/12002MB (cached 0MB) CPU [4%@1728,0%@1728,0%@1728,0%@1728,94%@1728,0%@1728] GR3D_FREQ 2% cpu@54.218C soc2@53.187C soc0@52.906C gpu@54.343C tj@54.343C soc1@54.312C VDD_IN 9200mW/9357mW VDD_CPU_GPU_CV 2794mW/2983mW VDD_SOC 2724mW/2706mW
09-26-2026 20:56:30 RAM 6111/7620MB (lfb 1x2MB) SWAP 39/12002MB (cached 0MB) CPU [0%@1728,2%@1728,0%@1728,0%@1728,88%@1728,0%@1728] GR3D_FREQ 2% cpu@54.437C soc2@53.093C soc0@52.718C gpu@54.312C tj@54.437C soc1@54.281C VDD_IN 8820mW/9356mW VDD_CPU_GPU_CV 2562mW/2982mW VDD_SOC 2645mW/2706mW
09-26-2026 20:56:31 RAM 6111/7620MB (lfb 1x2MB) SWAP 39/12002MB (cached 0MB) CPU [0%@1728,0%@1728,0%@1728,0%@1728,81%@1728,0%@1728] GR3D_FREQ 0% cpu@54.093C soc2@53.125C soc0@53C gpu@54.281C tj@54.375C soc1@54.156C VDD_IN 8582mW/9354mW VDD_CPU_GPU_CV 2365mW/2981mW VDD_SOC 2606mW/2705mW
09-26-2026 20:56:31 RAM 6111/7620MB (lfb 1x2MB) SWAP 39/12002MB (cached 0MB) CPU [0%@1728,0%@1728,1%@1728,0%@1728,81%@1728,0%@1728] GR3D_FREQ 74% cpu@53.75C soc2@53.187C soc0@52.906C gpu@55.375C tj@55.375C soc1@54.125C VDD_IN 10368mW/9357mW VDD_CPU_GPU_CV 3733mW/2983mW VDD_SOC 2833mW/2706mW
09-26-2026 20:56:32 RAM 6111/7620MB (lfb 1x2MB) SWAP 39/12002MB (cached 0MB) CPU [0%@1728,0%@1728,0%@1728,0%@1728,11%@1728,0%@1728] GR3D_FREQ 99% cpu@54.5C soc2@53.656C soc0@53.062C gpu@56.968C tj@56.968C soc1@54.343C VDD_IN 15079mW/9370mW VDD_CPU_GPU_CV 7587mW/2994mW VDD_SOC 3167mW/2707mW
09-26-2026 20:56:32 RAM 6111/7620MB (lfb 1x2MB) SWAP 39/12002MB (cached 0MB) CPU [0%@1728,0%@1728,0%@1728,0%@1728,2%@1728,0%@1728] GR3D_FREQ 99% cpu@54.437C soc2@53.937C soc0@53.187C gpu@57.562C tj@57.562C soc1@54.312C VDD_IN 17216mW/9389mW VDD_CPU_GPU_CV 9502mW/3009mW VDD_SOC 3235mW/2708mW
09-26-2026 20:56:33 RAM 6112/7620MB (lfb 1x2MB) SWAP 39/12002MB (cached 0MB) CPU [1%@1728,0%@1728,0%@1728,0%@1728,6%@1728,0%@1728] GR3D_FREQ 86% cpu@54.625C soc2@54.187C soc0@53.531C gpu@57.312C tj@57.312C soc1@54.312C VDD_IN 16592mW/9406mW VDD_CPU_GPU_CV 8959mW/3023mW VDD_SOC 3240mW/2709mW
09-26-2026 20:56:33 RAM 6112/7620MB (lfb 1x2MB) SWAP 39/12002MB (cached 0MB) CPU [0%@1728,0%@1728,1%@1728,0%@1728,23%@1728,0%@1728] GR3D_FREQ 37% cpu@54.656C soc2@54.062C soc0@53.5C gpu@56.406C tj@56.406C soc1@54.437C VDD_IN 14452mW/9418mW VDD_CPU_GPU_CV 6976mW/3033mW VDD_SOC 3172mW/2710mW
09-26-2026 20:56:34 RAM 6112/7620MB (lfb 1x2MB) SWAP 39/12002MB (cached 0MB) CPU [1%@1728,0%@1728,0%@1728,0%@1728,15%@1728,0%@1728] GR3D_FREQ 92% cpu@54.718C soc2@54.312C soc0@53.593C gpu@57.281C tj@57.281C soc1@54.718C VDD_IN 15915mW/9434mW VDD_CPU_GPU_CV 8274mW/3045mW VDD_SOC 3240mW/2712mW
09-26-2026 20:56:34 RAM 6112/7620MB (lfb 1x2MB) SWAP 39/12002MB (cached 0MB) CPU [0%@1728,1%@1728,1%@1728,0%@1728,8%@1728,0%@1728] GR3D_FREQ 95% cpu@55C soc2@54.406C soc0@53.593C gpu@57.656C tj@57.656C soc1@54.593C VDD_IN 16552mW/9451mW VDD_CPU_GPU_CV 8935mW/3059mW VDD_SOC 3240mW/2713mW
09-26-2026 20:56:35 RAM 6112/7620MB (lfb 1x2MB) SWAP 39/12002MB (cached 0MB) CPU [0%@1728,0%@1728,0%@1728,0%@1728,4%@1728,0%@1728] GR3D_FREQ 84% cpu@55.125C soc2@54.625C soc0@53.968C gpu@57.843C tj@57.843C soc1@54.687C VDD_IN 16592mW/9468mW VDD_CPU_GPU_CV 9036mW/3073mW VDD_SOC 3201mW/2714mW
09-26-2026 20:56:35 RAM 6112/7620MB (lfb 1x2MB) SWAP 39/12002MB (cached 0MB) CPU [0%@1728,0%@1728,1%@1728,0%@1728,8%@1728,0%@1728] GR3D_FREQ 99% cpu@55.031C soc2@54.656C soc0@53.906C gpu@57.656C tj@57.656C soc1@54.687C VDD_IN 16189mW/9483mW VDD_CPU_GPU_CV 8507mW/3086mW VDD_SOC 3201mW/2715mW
09-26-2026 20:56:36 RAM 6112/7620MB (lfb 1x2MB) SWAP 39/12002MB (cached 0MB) CPU [0%@1728,0%@1728,0%@1728,0%@1728,12%@1728,0%@1728] GR3D_FREQ 34% cpu@55.093C soc2@54.75C soc0@54.062C gpu@57.343C tj@57.343C soc1@55.031C VDD_IN 16345mW/9500mW VDD_CPU_GPU_CV 8935mW/3100mW VDD_SOC 3084mW/2716mW
09-26-2026 20:56:36 RAM 6116/7620MB (lfb 1x2MB) SWAP 39/12002MB (cached 0MB) CPU [0%@1728,3%@1728,0%@1728,0%@1728,27%@1728,0%@1728] GR3D_FREQ 82% cpu@55.343C soc2@54.625C soc0@53.875C gpu@57.375C tj@57.375C soc1@55C VDD_IN 15314mW/9513mW VDD_CPU_GPU_CV 7782mW/3111mW VDD_SOC 3167mW/2717mW
09-26-2026 20:56:37 RAM 6127/7620MB (lfb 1x2MB) SWAP 39/12002MB (cached 0MB) CPU [0%@1728,4%@1728,0%@1728,0%@1728,18%@1728,0%@1728] GR3D_FREQ 94% cpu@55.312C soc2@54.843C soc0@54.156C gpu@57.687C tj@57.406C soc1@54.906C VDD_IN 15798mW/9528mW VDD_CPU_GPU_CV 7821mW/3122mW VDD_SOC 3318mW/2719mW
09-26-2026 20:56:37 RAM 6134/7620MB (lfb 1x2MB) SWAP 39/12002MB (cached 0MB) CPU [0%@1728,18%@1728,1%@1728,0%@1728,34%@1728,0%@1728] GR3D_FREQ 0% cpu@55.406C soc2@54.75C soc0@54.281C gpu@56.562C tj@56.562C soc1@54.968C VDD_IN 15314mW/9542mW VDD_CPU_GPU_CV 6809mW/3131mW VDD_SOC 3519mW/2720mW
09-26-2026 20:56:38 RAM 6134/7620MB (lfb 1x2MB) SWAP 39/12002MB (cached 0MB) CPU [0%@1728,5%@1728,0%@1728,0%@1728,100%@1728,0%@1728] GR3D_FREQ 0% cpu@55.25C soc2@54.406C soc0@53.968C gpu@56.062C tj@56.062C soc1@55.125C VDD_IN 10447mW/9544mW VDD_CPU_GPU_CV 3693mW/3132mW VDD_SOC 2833mW/2721mW
09-26-2026 20:56:38 RAM 6134/7620MB (lfb 1x2MB) SWAP 39/12002MB (cached 0MB) CPU [0%@1728,0%@1728,0%@1728,0%@1728,100%@1728,0%@1728] GR3D_FREQ 0% cpu@55.843C soc2@54.218C soc0@53.781C gpu@55.625C tj@55.843C soc1@55.062C VDD_IN 9003mW/9542mW VDD_CPU_GPU_CV 2794mW/3131mW VDD_SOC 2645mW/2720mW
09-26-2026 20:56:39 RAM 6134/7620MB (lfb 1x2MB) SWAP 39/12002MB (cached 0MB) CPU [0%@1728,3%@1728,1%@1728,0%@1728,100%@1728,0%@1728] GR3D_FREQ 0% cpu@55.125C soc2@54.062C soc0@53.968C gpu@55.343C tj@55.343C soc1@55C VDD_IN 8622mW/9540mW VDD_CPU_GPU_CV 2562mW/3130mW VDD_SOC 2566mW/2720mW
09-26-2026 20:56:39 RAM 6134/7620MB (lfb 1x2MB) SWAP 39/12002MB (cached 0MB) CPU [0%@1728,0%@1728,0%@1728,0%@1728,100%@1728,0%@1728] GR3D_FREQ 0% cpu@54.906C soc2@54C soc0@53.843C gpu@55.187C tj@55.187C soc1@54.875C VDD_IN 8464mW/9538mW VDD_CPU_GPU_CV 2444mW/3128mW VDD_SOC 2527mW/2720mW
09-26-2026 20:56:40 RAM 6110/7620MB (lfb 2x1MB) SWAP 44/12002MB (cached 0MB) CPU [18%@1728,11%@1728,14%@1728,14%@1728,100%@1728,28%@1728] GR3D_FREQ 0% cpu@55.468C soc2@54.125C soc0@53.812C gpu@55.25C tj@55.468C soc1@55.062C VDD_IN 9003mW/9536mW VDD_CPU_GPU_CV 2873mW/3128mW VDD_SOC 2566mW/2719mW
09-26-2026 20:56:40 RAM 6115/7620MB (lfb 12x512kB) SWAP 44/12002MB (cached 0MB) CPU [1%@1728,2%@1728,0%@1728,0%@1728,100%@1728,6%@1728] GR3D_FREQ 0% cpu@55.312C soc2@53.875C soc0@53.562C gpu@55.125C tj@55.312C soc1@54.875C VDD_IN 8622mW/9534mW VDD_CPU_GPU_CV 2562mW/3126mW VDD_SOC 2566mW/2719mW
09-26-2026 20:56:41 RAM 6115/7620MB (lfb 12x512kB) SWAP 44/12002MB (cached 0MB) CPU [2%@1728,0%@1728,0%@1728,0%@1728,100%@1728,1%@1728] GR3D_FREQ 0% cpu@54.968C soc2@53.875C soc0@53.5C gpu@55.406C tj@55.406C soc1@54.875C VDD_IN 8464mW/9532mW VDD_CPU_GPU_CV 2444mW/3125mW VDD_SOC 2527mW/2719mW
09-26-2026 20:56:41 RAM 6115/7620MB (lfb 12x512kB) SWAP 44/12002MB (cached 0MB) CPU [0%@1728,1%@1728,0%@1728,0%@1728,100%@1728,0%@1728] GR3D_FREQ 0% cpu@54.875C soc2@53.843C soc0@53.656C gpu@55.125C tj@55.125C soc1@54.875C VDD_IN 8424mW/9529mW VDD_CPU_GPU_CV 2404mW/3123mW VDD_SOC 2527mW/2718mW
09-26-2026 20:56:42 RAM 6115/7620MB (lfb 12x512kB) SWAP 44/12002MB (cached 0MB) CPU [0%@1728,0%@1728,0%@1728,0%@1728,100%@1728,0%@1728] GR3D_FREQ 0% cpu@54.812C soc2@53.718C soc0@53.593C gpu@54.937C tj@55.031C soc1@55.031C VDD_IN 8385mW/9527mW VDD_CPU_GPU_CV 2365mW/3121mW VDD_SOC 2527mW/2718mW
09-26-2026 20:56:42 RAM 6130/7620MB (lfb 11x512kB) SWAP 44/12002MB (cached 0MB) CPU [0%@1728,0%@1728,0%@1728,0%@1728,100%@1728,0%@1728] GR3D_FREQ 0% cpu@54.687C soc2@53.812C soc0@53.562C gpu@54.937C tj@54.968C soc1@54.968C VDD_IN 8424mW/9524mW VDD_CPU_GPU_CV 2365mW/3120mW VDD_SOC 2566mW/2717mW
09-26-2026 20:56:43 RAM 6135/7620MB (lfb 2x2MB) SWAP 47/12002MB (cached 0MB) CPU [4%@1728,8%@1728,1%@1728,0%@1728,46%@1728,0%@1728] GR3D_FREQ 0% cpu@55.062C soc2@54.156C soc0@53.562C gpu@55.531C tj@55.531C soc1@54.875C VDD_IN 12083mW/9530mW VDD_CPU_GPU_CV 4739mW/3123mW VDD_SOC 3222mW/2718mW
09-26-2026 20:56:43 RAM 6135/7620MB (lfb 2x2MB) SWAP 47/12002MB (cached 0MB) CPU [0%@1728,0%@1728,0%@1728,0%@1728,68%@1728,0%@1728] GR3D_FREQ 75% cpu@54.843C soc2@54.25C soc0@53.812C gpu@57.031C tj@57.031C soc1@54.906C VDD_IN 12456mW/9537mW VDD_CPU_GPU_CV 4974mW/3128mW VDD_SOC 3300mW/2720mW
09-26-2026 20:56:44 RAM 6135/7620MB (lfb 2x2MB) SWAP 47/12002MB (cached 0MB) CPU [1%@1728,0%@1728,1%@1728,0%@1728,16%@1728,4%@1728] GR3D_FREQ 74% cpu@54.968C soc2@54.437C soc0@53.875C gpu@57.25C tj@57.25C soc1@54.875C VDD_IN 15236mW/9550mW VDD_CPU_GPU_CV 6586mW/3135mW VDD_SOC 3753mW/2722mW
09-26-2026 20:56:44 RAM 6135/7620MB (lfb 2x2MB) SWAP 47/12002MB (cached 0MB) CPU [0%@1728,0%@1728,0%@1728,0%@1728,0%@1728,38%@1728] GR3D_FREQ 64% cpu@55.343C soc2@54.468C soc0@53.843C gpu@56.718C tj@56.718C soc1@55.062C VDD_IN 15040mW/9562mW VDD_CPU_GPU_CV 6197mW/3142mW VDD_SOC 3832mW/2725mW
09-26-2026 20:56:45 RAM 6135/7620MB (lfb 2x2MB) SWAP 47/12002MB (cached 0MB) CPU [0%@1728,0%@1728,0%@1728,0%@1728,0%@1728,100%@1728] GR3D_FREQ 0% cpu@55.031C soc2@54.218C soc0@53.812C gpu@55.593C tj@55.593C soc1@55.062C VDD_IN 10329mW/9564mW VDD_CPU_GPU_CV 3458mW/3143mW VDD_SOC 2912mW/2725mW
09-26-2026 20:56:45 RAM 6144/7620MB (lfb 2x2MB) SWAP 47/12002MB (cached 0MB) CPU [0%@1728,0%@1728,0%@1728,0%@1728,0%@1728,100%@1728] GR3D_FREQ 0% cpu@54.781C soc2@54.25C soc0@53.843C gpu@55.781C tj@55.781C soc1@55.062C VDD_IN 8938mW/9562mW VDD_CPU_GPU_CV 2641mW/3142mW VDD_SOC 2645mW/2725mW
09-26-2026 20:56:46 RAM 6148/7620MB (lfb 1x1MB) SWAP 47/12002MB (cached 0MB) CPU [1%@1728,0%@1728,0%@1728,0%@1728,0%@1728,100%@1728] GR3D_FREQ 0% cpu@54.687C soc2@53.937C soc0@53.687C gpu@55.468C tj@55.468C soc1@54.968C VDD_IN 8543mW/9560mW VDD_CPU_GPU_CV 2444mW/3140mW VDD_SOC 2566mW/2725mW
09-26-2026 20:56:46 RAM 6148/7620MB (lfb 1x1MB) SWAP 47/12002MB (cached 0MB) CPU [0%@1728,0%@1728,0%@1728,0%@1728,0%@1728,98%@1728] GR3D_FREQ 0% cpu@54.843C soc2@54C soc0@53.781C gpu@55.593C tj@55.593C soc1@55C VDD_IN 8543mW/9558mW VDD_CPU_GPU_CV 2483mW/3139mW VDD_SOC 2566mW/2724mW
09-26-2026 20:56:47 RAM 6148/7620MB (lfb 1x1MB) SWAP 47/12002MB (cached 0MB) CPU [0%@1728,0%@1728,0%@1728,0%@1728,0%@1728,100%@1728] GR3D_FREQ 0% cpu@54.937C soc2@53.812C soc0@53.625C gpu@55.25C tj@55.25C soc1@54.937C VDD_IN 8385mW/9555mW VDD_CPU_GPU_CV 2365mW/3137mW VDD_SOC 2527mW/2724mW
09-26-2026 20:56:47 RAM 6148/7620MB (lfb 1x1MB) SWAP 47/12002MB (cached 0MB) CPU [0%@1728,0%@1728,0%@1728,0%@1728,0%@1728,100%@1728] GR3D_FREQ 0% cpu@54.687C soc2@53.875C soc0@53.75C gpu@55.093C tj@55.093C soc1@54.875C VDD_IN 8385mW/9553mW VDD_CPU_GPU_CV 2326mW/3135mW VDD_SOC 2566mW/2723mW
09-26-2026 20:56:48 RAM 6149/7620MB (lfb 11x512kB) SWAP 47/12002MB (cached 0MB) CPU [0%@1728,0%@1728,0%@1728,0%@1728,0%@1728,100%@1728] GR3D_FREQ 0% cpu@54.531C soc2@53.906C soc0@53.593C gpu@55C tj@55C soc1@54.906C VDD_IN 8345mW/9550mW VDD_CPU_GPU_CV 2365mW/3134mW VDD_SOC 2527mW/2723mW
09-26-2026 20:56:48 RAM 6149/7620MB (lfb 11x512kB) SWAP 47/12002MB (cached 0MB) CPU [0%@1728,0%@1728,0%@1728,0%@1728,0%@1728,98%@1728] GR3D_FREQ 0% cpu@54.437C soc2@53.781C soc0@53.531C gpu@55.531C tj@55.531C soc1@55C VDD_IN 8464mW/9547mW VDD_CPU_GPU_CV 2444mW/3132mW VDD_SOC 2566mW/2723mW
09-26-2026 20:56:49 RAM 6149/7620MB (lfb 11x512kB) SWAP 47/12002MB (cached 0MB) CPU [1%@1728,0%@1728,0%@1728,0%@1728,0%@1728,100%@1728] GR3D_FREQ 0% cpu@54.687C soc2@53.75C soc0@53.343C gpu@55.156C tj@55.156C soc1@54.875C VDD_IN 8385mW/9545mW VDD_CPU_GPU_CV 2365mW/3130mW VDD_SOC 2527mW/2722mW
09-26-2026 20:56:49 RAM 6149/7620MB (lfb 11x512kB) SWAP 47/12002MB (cached 0MB) CPU [0%@1728,1%@1728,0%@1728,0%@1728,0%@1728,100%@1728] GR3D_FREQ 0% cpu@54.437C soc2@53.875C soc0@53.718C gpu@54.937C tj@54.937C soc1@54.843C VDD_IN 8424mW/9542mW VDD_CPU_GPU_CV 2286mW/3129mW VDD_SOC 2566mW/2722mW
09-26-2026 20:56:50 RAM 6149/7620MB (lfb 11x512kB) SWAP 47/12002MB (cached 0MB) CPU [1%@1728,0%@1728,0%@1728,3%@1728,0%@1728,100%@1728] GR3D_FREQ 0% cpu@54.468C soc2@53.781C soc0@53.468C gpu@55.093C tj@55.093C soc1@54.781C VDD_IN 8424mW/9540mW VDD_CPU_GPU_CV 2365mW/3127mW VDD_SOC 2527mW/2721mW
09-26-2026 20:56:50 RAM 6149/7620MB (lfb 11x512kB) SWAP 47/12002MB (cached 0MB) CPU [0%@1728,0%@1728,0%@1728,0%@1728,0%@1728,100%@1728] GR3D_FREQ 0% cpu@54.406C soc2@53.593C soc0@53.468C gpu@55C tj@55C soc1@54.968C VDD_IN 8464mW/9538mW VDD_CPU_GPU_CV 2404mW/3125mW VDD_SOC 2527mW/2721mW
09-26-2026 20:56:51 RAM 6149/7620MB (lfb 11x512kB) SWAP 47/12002MB (cached 0MB) CPU [0%@1728,0%@1728,0%@1728,0%@1728,0%@1728,100%@1728] GR3D_FREQ 0% cpu@54.718C soc2@53.687C soc0@53.437C gpu@54.906C tj@54.906C soc1@54.906C VDD_IN 8385mW/9535mW VDD_CPU_GPU_CV 2365mW/3124mW VDD_SOC 2527mW/2721mW
09-26-2026 20:56:51 RAM 6150/7620MB (lfb 11x512kB) SWAP 47/12002MB (cached 0MB) CPU [0%@1728,0%@1728,0%@1728,0%@1728,1%@1728,100%@1728] GR3D_FREQ 0% cpu@54.406C soc2@53.656C soc0@53.593C gpu@55.218C tj@55.218C soc1@54.781C VDD_IN 8385mW/9533mW VDD_CPU_GPU_CV 2326mW/3122mW VDD_SOC 2566mW/2720mW
09-26-2026 20:56:52 RAM 6150/7620MB (lfb 11x512kB) SWAP 47/12002MB (cached 0MB) CPU [0%@1728,0%@1728,0%@1728,0%@1728,0%@1728,100%@1728] GR3D_FREQ 0% cpu@54.375C soc2@53.687C soc0@53.5C gpu@55C tj@55C soc1@54.75C VDD_IN 8385mW/9530mW VDD_CPU_GPU_CV 2365mW/3120mW VDD_SOC 2527mW/2720mW
09-26-2026 20:56:52 RAM 6150/7620MB (lfb 11x512kB) SWAP 47/12002MB (cached 0MB) CPU [0%@1728,0%@1728,0%@1728,0%@1728,0%@1728,98%@1728] GR3D_FREQ 0% cpu@54.593C soc2@53.531C soc0@53.468C gpu@54.906C tj@54.906C soc1@54.812C VDD_IN 8464mW/9528mW VDD_CPU_GPU_CV 2404mW/3119mW VDD_SOC 2527mW/2719mW
09-26-2026 20:56:53 RAM 6150/7620MB (lfb 11x512kB) SWAP 47/12002MB (cached 0MB) CPU [0%@1728,1%@1728,0%@1728,0%@1728,0%@1728,100%@1728] GR3D_FREQ 0% cpu@54.656C soc2@53.718C soc0@53.406C gpu@55.031C tj@55.031C soc1@54.812C VDD_IN 8385mW/9525mW VDD_CPU_GPU_CV 2365mW/3117mW VDD_SOC 2527mW/2719mW
09-26-2026 20:56:53 RAM 6150/7620MB (lfb 11x512kB) SWAP 47/12002MB (cached 0MB) CPU [0%@1728,0%@1728,0%@1728,0%@1728,0%@1728,100%@1728] GR3D_FREQ 0% cpu@54.437C soc2@53.718C soc0@53.531C gpu@54.843C tj@54.843C soc1@54.718C VDD_IN 8385mW/9523mW VDD_CPU_GPU_CV 2326mW/3115mW VDD_SOC 2566mW/2719mW
09-26-2026 20:56:54 RAM 6150/7620MB (lfb 11x512kB) SWAP 47/12002MB (cached 0MB) CPU [0%@1728,0%@1728,0%@1728,0%@1728,0%@1728,100%@1728] GR3D_FREQ 0% cpu@54.343C soc2@53.625C soc0@53.437C gpu@54.625C tj@54.656C soc1@54.656C VDD_IN 8385mW/9520mW VDD_CPU_GPU_CV 2365mW/3114mW VDD_SOC 2527mW/2718mW
09-26-2026 20:56:54 RAM 6150/7620MB (lfb 11x512kB) SWAP 47/12002MB (cached 0MB) CPU [0%@1728,0%@1728,0%@1728,0%@1728,0%@1728,98%@1728] GR3D_FREQ 0% cpu@54.625C soc2@53.656C soc0@53.406C gpu@55.187C tj@55.187C soc1@54.937C VDD_IN 8424mW/9518mW VDD_CPU_GPU_CV 2404mW/3112mW VDD_SOC 2527mW/2718mW
09-26-2026 20:56:55 RAM 6150/7620MB (lfb 11x512kB) SWAP 47/12002MB (cached 0MB) CPU [0%@1728,0%@1728,0%@1728,0%@1728,0%@1728,100%@1728] GR3D_FREQ 0% cpu@54.5C soc2@53.562C soc0@53.375C gpu@54.875C tj@54.875C soc1@54.75C VDD_IN 8385mW/9515mW VDD_CPU_GPU_CV 2365mW/3110mW VDD_SOC 2527mW/2717mW
09-26-2026 20:56:55 RAM 6150/7620MB (lfb 11x512kB) SWAP 47/12002MB (cached 0MB) CPU [0%@1728,0%@1728,0%@1728,0%@1728,0%@1728,100%@1728] GR3D_FREQ 0% cpu@54.375C soc2@53.593C soc0@53.5C gpu@54.812C tj@54.812C soc1@54.718C VDD_IN 8385mW/9513mW VDD_CPU_GPU_CV 2326mW/3109mW VDD_SOC 2566mW/2717mW
09-26-2026 20:56:56 RAM 6150/7620MB (lfb 11x512kB) SWAP 47/12002MB (cached 0MB) CPU [0%@1728,0%@1728,0%@1728,0%@1728,0%@1728,97%@1728] GR3D_FREQ 0% cpu@54.312C soc2@53.687C soc0@53.375C gpu@54.75C tj@54.75C soc1@54.656C VDD_IN 8582mW/9511mW VDD_CPU_GPU_CV 2483mW/3107mW VDD_SOC 2566mW/2717mW
09-26-2026 20:56:56 RAM 6150/7620MB (lfb 11x512kB) SWAP 47/12002MB (cached 0MB) CPU [0%@1728,1%@1728,0%@1728,0%@1728,0%@1728,100%@1728] GR3D_FREQ 0% cpu@54.625C soc2@53.593C soc0@53.406C gpu@55.093C tj@54.75C soc1@54.75C VDD_IN 8385mW/9509mW VDD_CPU_GPU_CV 2365mW/3106mW VDD_SOC 2527mW/2716mW
09-26-2026 20:56:57 RAM 6150/7620MB (lfb 11x512kB) SWAP 47/12002MB (cached 0MB) CPU [0%@1728,1%@1728,0%@1728,0%@1728,0%@1728,100%@1728] GR3D_FREQ 0% cpu@54.5C soc2@53.656C soc0@53.312C gpu@54.625C tj@54.75C soc1@54.75C VDD_IN 8424mW/9506mW VDD_CPU_GPU_CV 2326mW/3104mW VDD_SOC 2566mW/2716mW
09-26-2026 20:56:57 RAM 6150/7620MB (lfb 11x512kB) SWAP 47/12002MB (cached 0MB) CPU [0%@1728,0%@1728,0%@1728,0%@1728,0%@1728,100%@1728] GR3D_FREQ 0% cpu@54.343C soc2@53.562C soc0@53.406C gpu@55.031C tj@55.031C soc1@54.593C VDD_IN 8345mW/9504mW VDD_CPU_GPU_CV 2365mW/3103mW VDD_SOC 2527mW/2716mW
09-26-2026 20:56:58 RAM 6150/7620MB (lfb 11x512kB) SWAP 47/12002MB (cached 0MB) CPU [0%@1728,0%@1728,0%@1728,1%@1728,0%@1728,100%@1728] GR3D_FREQ 0% cpu@54.187C soc2@53.562C soc0@53.375C gpu@54.812C tj@54.812C soc1@54.593C VDD_IN 8345mW/9501mW VDD_CPU_GPU_CV 2365mW/3101mW VDD_SOC 2527mW/2715mW
09-26-2026 20:56:58 RAM 6150/7620MB (lfb 11x512kB) SWAP 47/12002MB (cached 0MB) CPU [0%@1728,0%@1728,0%@1728,0%@1728,0%@1728,96%@1728] GR3D_FREQ 0% cpu@54.5C soc2@53.468C soc0@53.187C gpu@54.687C tj@54.781C soc1@54.781C VDD_IN 8424mW/9499mW VDD_CPU_GPU_CV 2365mW/3099mW VDD_SOC 2566mW/2715mW
09-26-2026 20:56:59 RAM 6150/7620MB (lfb 11x512kB) SWAP 47/12002MB (cached 0MB) CPU [0%@1728,1%@1728,0%@1728,0%@1728,0%@1728,100%@1728] GR3D_FREQ 0% cpu@54.593C soc2@53.468C soc0@53.187C gpu@54.531C tj@54.625C soc1@54.625C VDD_IN 8385mW/9497mW VDD_CPU_GPU_CV 2365mW/3098mW VDD_SOC 2527mW/2714mW
09-26-2026 20:56:59 RAM 6151/7620MB (lfb 11x512kB) SWAP 47/12002MB (cached 0MB) CPU [0%@1728,0%@1728,0%@1728,0%@1728,0%@1728,100%@1728] GR3D_FREQ 0% cpu@54.406C soc2@53.562C soc0@53.375C gpu@54.843C tj@54.843C soc1@54.593C VDD_IN 8385mW/9494mW VDD_CPU_GPU_CV 2326mW/3096mW VDD_SOC 2566mW/2714mW
09-26-2026 20:57:00 RAM 6151/7620MB (lfb 11x512kB) SWAP 47/12002MB (cached 0MB) CPU [1%@1728,0%@1728,0%@1728,1%@1728,0%@1728,98%@1728] GR3D_FREQ 0% cpu@54.187C soc2@53.468C soc0@53.343C gpu@54.812C tj@54.812C soc1@54.5C VDD_IN 8543mW/9492mW VDD_CPU_GPU_CV 2483mW/3095mW VDD_SOC 2566mW/2714mW
09-26-2026 20:57:00 RAM 6151/7620MB (lfb 11x512kB) SWAP 47/12002MB (cached 0MB) CPU [0%@1728,0%@1728,0%@1728,0%@1728,0%@1728,100%@1728] GR3D_FREQ 0% cpu@54.406C soc2@53.437C soc0@53.281C gpu@54.937C tj@54.937C soc1@54.625C VDD_IN 8424mW/9490mW VDD_CPU_GPU_CV 2365mW/3093mW VDD_SOC 2527mW/2713mW
09-26-2026 20:57:01 RAM 6151/7620MB (lfb 11x512kB) SWAP 47/12002MB (cached 0MB) CPU [0%@1728,0%@1728,0%@1728,0%@1728,0%@1728,100%@1728] GR3D_FREQ 0% cpu@54.187C soc2@53.375C soc0@53.187C gpu@54.718C tj@54.718C soc1@54.562C VDD_IN 8424mW/9488mW VDD_CPU_GPU_CV 2286mW/3092mW VDD_SOC 2566mW/2713mW
09-26-2026 20:57:01 RAM 6151/7620MB (lfb 11x512kB) SWAP 47/12002MB (cached 0MB) CPU [0%@1728,0%@1728,0%@1728,0%@1728,0%@1728,100%@1728] GR3D_FREQ 0% cpu@54.25C soc2@53.375C soc0@53.375C gpu@54.625C tj@54.625C soc1@54.531C VDD_IN 8345mW/9485mW VDD_CPU_GPU_CV 2365mW/3090mW VDD_SOC 2527mW/2713mW
09-26-2026 20:57:02 RAM 6151/7620MB (lfb 11x512kB) SWAP 47/12002MB (cached 0MB) CPU [0%@1728,0%@1728,4%@1728,0%@1728,0%@1728,100%@1728] GR3D_FREQ 0% cpu@54.156C soc2@53.5C soc0@53.281C gpu@54.468C tj@54.5C soc1@54.5C VDD_IN 8345mW/9483mW VDD_CPU_GPU_CV 2365mW/3089mW VDD_SOC 2527mW/2712mW
09-26-2026 20:57:03 RAM 6151/7620MB (lfb 11x512kB) SWAP 47/12002MB (cached 0MB) CPU [2%@1728,1%@1728,5%@1728,0%@1728,0%@1728,100%@1728] GR3D_FREQ 0% cpu@54.437C soc2@53.468C soc0@53.187C gpu@54.875C tj@54.875C soc1@54.687C VDD_IN 8345mW/9481mW VDD_CPU_GPU_CV 2326mW/3087mW VDD_SOC 2527mW/2712mW
09-26-2026 20:57:03 RAM 6151/7620MB (lfb 11x512kB) SWAP 47/12002MB (cached 0MB) CPU [0%@1728,0%@1728,0%@1728,0%@1728,0%@1728,100%@1728] GR3D_FREQ 0% cpu@54.375C soc2@53.5C soc0@53.062C gpu@54.625C tj@54.625C soc1@54.562C VDD_IN 8385mW/9478mW VDD_CPU_GPU_CV 2326mW/3085mW VDD_SOC 2527mW/2712mW
09-26-2026 20:57:04 RAM 6151/7620MB (lfb 11x512kB) SWAP 47/12002MB (cached 0MB) CPU [0%@1728,0%@1728,0%@1728,0%@1728,0%@1728,100%@1728] GR3D_FREQ 0% cpu@54.25C soc2@53.281C soc0@52.968C gpu@54.875C tj@54.875C soc1@54.5C VDD_IN 8345mW/9476mW VDD_CPU_GPU_CV 2326mW/3084mW VDD_SOC 2527mW/2711mW
09-26-2026 20:57:04 RAM 6151/7620MB (lfb 11x512kB) SWAP 47/12002MB (cached 0MB) CPU [0%@1728,0%@1728,0%@1728,0%@1728,0%@1728,98%@1728] GR3D_FREQ 0% cpu@54.156C soc2@53.375C soc0@53.156C gpu@54.625C tj@54.625C soc1@54.437C VDD_IN 8464mW/9474mW VDD_CPU_GPU_CV 2444mW/3083mW VDD_SOC 2566mW/2711mW
09-26-2026 20:57:05 RAM 6151/7620MB (lfb 11x512kB) SWAP 47/12002MB (cached 0MB) CPU [0%@1728,0%@1728,0%@1728,0%@1728,0%@1728,100%@1728] GR3D_FREQ 0% cpu@54.125C soc2@53.375C soc0@53C gpu@54.5C tj@54.593C soc1@54.593C VDD_IN 8385mW/9472mW VDD_CPU_GPU_CV 2365mW/3081mW VDD_SOC 2527mW/2710mW
09-26-2026 20:57:05 RAM 6110/7620MB (lfb 2x2MB) SWAP 54/12002MB (cached 0MB) CPU [12%@1728,0%@1728,0%@1728,0%@1728,0%@1728,98%@1728] GR3D_FREQ 0% cpu@54.281C soc2@53.312C soc0@53C gpu@54.375C tj@54.562C soc1@54.562C VDD_IN 8464mW/9470mW VDD_CPU_GPU_CV 2365mW/3080mW VDD_SOC 2566mW/2710mW
09-26-2026 20:57:06 RAM 6111/7620MB (lfb 2x4MB) SWAP 54/12002MB (cached 0MB) CPU [0%@1728,2%@1728,0%@1728,0%@1728,0%@1728,100%@1728] GR3D_FREQ 0% cpu@54.156C soc2@53.281C soc0@53.031C gpu@54.781C tj@54.781C soc1@54.5C VDD_IN 8464mW/9467mW VDD_CPU_GPU_CV 2404mW/3078mW VDD_SOC 2566mW/2710mW
09-26-2026 20:57:06 RAM 6109/7620MB (lfb 2x4MB) SWAP 54/12002MB (cached 0MB) CPU [3%@1728,3%@1728,2%@1728,6%@1728,3%@1728,100%@1728] GR3D_FREQ 0% cpu@54.187C soc2@53.375C soc0@53.187C gpu@54.562C tj@54.562C soc1@54.406C VDD_IN 8464mW/9465mW VDD_CPU_GPU_CV 2444mW/3077mW VDD_SOC 2527mW/2710mW
09-26-2026 20:57:07 RAM 6110/7620MB (lfb 2x4MB) SWAP 54/12002MB (cached 0MB) CPU [0%@1728,1%@1728,0%@1728,0%@1728,0%@1728,100%@1728] GR3D_FREQ 0% cpu@53.906C soc2@53.375C soc0@53.062C gpu@54.625C tj@54.625C soc1@54.406C VDD_IN 8464mW/9463mW VDD_CPU_GPU_CV 2326mW/3075mW VDD_SOC 2566mW/2709mW
09-26-2026 20:57:07 RAM 6110/7620MB (lfb 2x4MB) SWAP 54/12002MB (cached 0MB) CPU [0%@1728,0%@1728,0%@1728,0%@1728,0%@1728,100%@1728] GR3D_FREQ 3% cpu@54.25C soc2@53.25C soc0@53.125C gpu@54.562C tj@54.562C soc1@54.5C VDD_IN 8464mW/9461mW VDD_CPU_GPU_CV 2404mW/3074mW VDD_SOC 2566mW/2709mW
09-26-2026 20:57:08 RAM 6110/7620MB (lfb 2x4MB) SWAP 54/12002MB (cached 0MB) CPU [1%@1728,0%@1728,0%@1728,0%@1728,0%@1728,31%@1728] GR3D_FREQ 74% cpu@54.5C soc2@53.625C soc0@53.218C gpu@55.812C tj@55.812C soc1@54.437C VDD_IN 13809mW/9470mW VDD_CPU_GPU_CV 5387mW/3079mW VDD_SOC 3564mW/2711mW
09-26-2026 20:57:08 RAM 6110/7620MB (lfb 2x4MB) SWAP 54/12002MB (cached 0MB) CPU [0%@1728,0%@1728,4%@1728,0%@1728,0%@1728,78%@1728] GR3D_FREQ 44% cpu@54.375C soc2@53.687C soc0@53.343C gpu@55.468C tj@55.468C soc1@54.468C VDD_IN 12338mW/9476mW VDD_CPU_GPU_CV 4504mW/3082mW VDD_SOC 3379mW/2712mW
09-26-2026 20:57:09 RAM 6111/7620MB (lfb 2x4MB) SWAP 54/12002MB (cached 0MB) CPU [0%@1728,0%@1728,2%@1728,0%@1728,86%@1728,6%@1728] GR3D_FREQ 0% cpu@54.593C soc2@53.593C soc0@53.312C gpu@55.062C tj@55.062C soc1@54.468C VDD_IN 9753mW/9477mW VDD_CPU_GPU_CV 3070mW/3082mW VDD_SOC 2838mW/2712mW
09-26-2026 20:57:09 RAM 6111/7620MB (lfb 2x4MB) SWAP 54/12002MB (cached 0MB) CPU [0%@1728,0%@1728,0%@1728,0%@1728,100%@1728,0%@1728] GR3D_FREQ 0% cpu@54.5C soc2@53.468C soc0@53.218C gpu@54.75C tj@54.75C soc1@54.625C VDD_IN 8780mW/9475mW VDD_CPU_GPU_CV 2562mW/3081mW VDD_SOC 2645mW/2712mW
09-26-2026 20:57:10 RAM 6114/7620MB (lfb 2x4MB) SWAP 54/12002MB (cached 0MB) CPU [0%@1728,0%@1728,0%@1728,0%@1728,100%@1728,0%@1728] GR3D_FREQ 0% cpu@54.593C soc2@53.531C soc0@53.062C gpu@54.75C tj@54.75C soc1@54.562C VDD_IN 8503mW/9473mW VDD_CPU_GPU_CV 2404mW/3079mW VDD_SOC 2566mW/2712mW
09-26-2026 20:57:10 RAM 6120/7620MB (lfb 2x4MB) SWAP 54/12002MB (cached 0MB) CPU [22%@1728,11%@1728,12%@1728,13%@1728,100%@1728,38%@1728] GR3D_FREQ 0% cpu@55.218C soc2@53.5C soc0@53.218C gpu@54.656C tj@55.218C soc1@54.406C VDD_IN 9003mW/9472mW VDD_CPU_GPU_CV 2877mW/3079mW VDD_SOC 2606mW/2712mW
09-26-2026 20:57:11 RAM 6120/7620MB (lfb 2x4MB) SWAP 54/12002MB (cached 0MB) CPU [1%@1728,5%@1728,2%@1728,45%@1728,55%@1728,6%@1728] GR3D_FREQ 0% cpu@54.25C soc2@53.406C soc0@53.156C gpu@54.5C tj@54.531C soc1@54.531C VDD_IN 8622mW/9471mW VDD_CPU_GPU_CV 2523mW/3078mW VDD_SOC 2566mW/2711mW
09-26-2026 20:57:11 RAM 6120/7620MB (lfb 2x4MB) SWAP 54/12002MB (cached 0MB) CPU [2%@1728,0%@1728,0%@1728,100%@1728,0%@1728,0%@1728] GR3D_FREQ 0% cpu@54.781C soc2@53.375C soc0@53.187C gpu@54.375C tj@54.781C soc1@54.562C VDD_IN 8464mW/9468mW VDD_CPU_GPU_CV 2404mW/3076mW VDD_SOC 2566mW/2711mW
09-26-2026 20:57:12 RAM 6120/7620MB (lfb 2x4MB) SWAP 54/12002MB (cached 0MB) CPU [1%@1728,0%@1728,0%@1728,100%@1728,0%@1728,25%@1728] GR3D_FREQ 0% cpu@54.468C soc2@53.437C soc0@53.093C gpu@54.718C tj@54.718C soc1@54.531C VDD_IN 8622mW/9467mW VDD_CPU_GPU_CV 2523mW/3075mW VDD_SOC 2566mW/2711mW
09-26-2026 20:57:12 RAM 6120/7620MB (lfb 2x4MB) SWAP 54/12002MB (cached 0MB) CPU [0%@1728,0%@1728,0%@1728,100%@1728,0%@1728,100%@1728] GR3D_FREQ 0% cpu@54.687C soc2@53.625C soc0@53.25C gpu@54.531C tj@54.687C soc1@54.468C VDD_IN 9042mW/9466mW VDD_CPU_GPU_CV 2917mW/3075mW VDD_SOC 2566mW/2710mW
09-26-2026 20:57:13 RAM 6120/7620MB (lfb 2x4MB) SWAP 54/12002MB (cached 0MB) CPU [0%@1728,0%@1728,7%@1728,100%@1728,0%@1728,100%@1728] GR3D_FREQ 3% cpu@54.968C soc2@53.5C soc0@53.031C gpu@54.812C tj@54.968C soc1@54.468C VDD_IN 9240mW/9465mW VDD_CPU_GPU_CV 2952mW/3075mW VDD_SOC 2606mW/2710mW
09-26-2026 20:57:13 RAM 6120/7620MB (lfb 2x4MB) SWAP 54/12002MB (cached 0MB) CPU [0%@1728,0%@1728,100%@1728,1%@1728,0%@1728,100%@1728] GR3D_FREQ 0% cpu@54.812C soc2@53.468C soc0@53.062C gpu@54.625C tj@54.812C soc1@54.437C VDD_IN 9200mW/9465mW VDD_CPU_GPU_CV 3030mW/3075mW VDD_SOC 2566mW/2710mW
09-26-2026 20:57:14 RAM 6120/7620MB (lfb 2x4MB) SWAP 54/12002MB (cached 0MB) CPU [0%@1728,0%@1728,100%@1728,0%@1728,0%@1728,64%@1728] GR3D_FREQ 0% cpu@54.718C soc2@53.406C soc0@53.218C gpu@54.593C tj@54.718C soc1@54.531C VDD_IN 8938mW/9464mW VDD_CPU_GPU_CV 2759mW/3074mW VDD_SOC 2606mW/2710mW
09-26-2026 20:57:14 RAM 6120/7620MB (lfb 2x4MB) SWAP 54/12002MB (cached 0MB) CPU [0%@1728,0%@1728,15%@1728,88%@1728,84%@1728,2%@1728] GR3D_FREQ 0% cpu@55.093C soc2@53.375C soc0@53C gpu@54.687C tj@55.093C soc1@54.468C VDD_IN 9042mW/9463mW VDD_CPU_GPU_CV 2952mW/3074mW VDD_SOC 2566mW/2709mW
09-26-2026 20:57:15 RAM 6120/7620MB (lfb 2x4MB) SWAP 54/12002MB (cached 0MB) CPU [0%@1728,1%@1728,0%@1728,100%@1728,100%@1728,0%@1728] GR3D_FREQ 0% cpu@54.843C soc2@53.531C soc0@53.125C gpu@54.562C tj@54.843C soc1@54.468C VDD_IN 9161mW/9462mW VDD_CPU_GPU_CV 2991mW/3073mW VDD_SOC 2566mW/2709mW
09-26-2026 20:57:15 RAM 6120/7620MB (lfb 2x4MB) SWAP 54/12002MB (cached 0MB) CPU [0%@1728,0%@1728,0%@1728,100%@1728,37%@1728,70%@1728] GR3D_FREQ 0% cpu@54.468C soc2@53.5C soc0@53.156C gpu@55.031C tj@55.031C soc1@54.375C VDD_IN 9200mW/9462mW VDD_CPU_GPU_CV 3030mW/3073mW VDD_SOC 2606mW/2709mW
09-26-2026 20:57:16 RAM 6120/7620MB (lfb 2x4MB) SWAP 54/12002MB (cached 0MB) CPU [1%@1728,0%@1728,0%@1728,96%@1728,0%@1728,100%@1728] GR3D_FREQ 2% cpu@54.656C soc2@53.468C soc0@53.093C gpu@54.718C tj@54.718C soc1@54.562C VDD_IN 9200mW/9461mW VDD_CPU_GPU_CV 3030mW/3073mW VDD_SOC 2566mW/2709mW
09-26-2026 20:57:16 RAM 6120/7620MB (lfb 2x4MB) SWAP 54/12002MB (cached 0MB) CPU [45%@1728,0%@1728,0%@1728,0%@1728,7%@1728,100%@1728] GR3D_FREQ 0% cpu@54.656C soc2@53.562C soc0@53.156C gpu@54.625C tj@54.656C soc1@54.468C VDD_IN 8978mW/9460mW VDD_CPU_GPU_CV 2838mW/3073mW VDD_SOC 2566mW/2708mW
09-26-2026 20:57:17 RAM 6120/7620MB (lfb 2x4MB) SWAP 54/12002MB (cached 0MB) CPU [100%@1728,0%@1728,1%@1728,0%@1728,0%@1728,100%@1728] GR3D_FREQ 0% cpu@54.593C soc2@53.593C soc0@53.25C gpu@54.656C tj@54.656C soc1@54.375C VDD_IN 9161mW/9460mW VDD_CPU_GPU_CV 2991mW/3073mW VDD_SOC 2566mW/2708mW
09-26-2026 20:57:17 RAM 6120/7620MB (lfb 2x4MB) SWAP 54/12002MB (cached 0MB) CPU [100%@1728,0%@1728,0%@1728,0%@1728,0%@1728,16%@1728] GR3D_FREQ 0% cpu@54.468C soc2@53.656C soc0@53.125C gpu@54.593C tj@54.593C soc1@54.437C VDD_IN 8661mW/9458mW VDD_CPU_GPU_CV 2562mW/3072mW VDD_SOC 2566mW/2708mW
09-26-2026 20:57:18 RAM 6120/7620MB (lfb 2x4MB) SWAP 54/12002MB (cached 0MB) CPU [100%@1728,1%@1728,0%@1728,1%@1728,0%@1728,0%@1728] GR3D_FREQ 0% cpu@54.593C soc2@53.562C soc0@53.125C gpu@54.437C tj@54.656C soc1@54.656C VDD_IN 8464mW/9456mW VDD_CPU_GPU_CV 2444mW/3070mW VDD_SOC 2527mW/2708mW
09-26-2026 20:57:18 RAM 6120/7620MB (lfb 2x4MB) SWAP 54/12002MB (cached 0MB) CPU [87%@1728,0%@1728,0%@1728,0%@1728,4%@1728,0%@1728] GR3D_FREQ 65% cpu@54.312C soc2@53.437C soc0@53C gpu@55.406C tj@55.406C soc1@54.5C VDD_IN 9121mW/9456mW VDD_CPU_GPU_CV 2720mW/3070mW VDD_SOC 2685mW/2707mW
09-26-2026 20:57:19 RAM 6120/7620MB (lfb 2x4MB) SWAP 54/12002MB (cached 0MB) CPU [0%@1728,3%@1728,0%@1728,0%@1728,100%@1728,0%@1728] GR3D_FREQ 0% cpu@54.468C soc2@53.281C soc0@52.906C gpu@54.625C tj@54.625C soc1@54.437C VDD_IN 8622mW/9454mW VDD_CPU_GPU_CV 2483mW/3069mW VDD_SOC 2606mW/2707mW
09-26-2026 20:57:19 RAM 6120/7620MB (lfb 2x4MB) SWAP 54/12002MB (cached 0MB) CPU [0%@1728,0%@1728,0%@1728,0%@1728,100%@1728,0%@1728] GR3D_FREQ 0% cpu@54.25C soc2@53.375C soc0@53.093C gpu@54.875C tj@54.875C soc1@54.312C VDD_IN 8424mW/9452mW VDD_CPU_GPU_CV 2404mW/3067mW VDD_SOC 2527mW/2707mW
09-26-2026 20:57:20 RAM 6120/7620MB (lfb 2x4MB) SWAP 54/12002MB (cached 0MB) CPU [1%@1728,0%@1728,0%@1728,0%@1728,100%@1728,0%@1728] GR3D_FREQ 0% cpu@54.562C soc2@53.312C soc0@52.968C gpu@54.625C tj@54.625C soc1@54.531C VDD_IN 8345mW/9450mW VDD_CPU_GPU_CV 2365mW/3066mW VDD_SOC 2527mW/2707mW
09-26-2026 20:57:20 RAM 6120/7620MB (lfb 2x4MB) SWAP 54/12002MB (cached 0MB) CPU [0%@1728,0%@1728,0%@1728,3%@1728,100%@1728,0%@1728] GR3D_FREQ 0% cpu@54.343C soc2@53.25C soc0@52.906C gpu@54.437C tj@54.437C soc1@54.406C VDD_IN 8385mW/9448mW VDD_CPU_GPU_CV 2365mW/3065mW VDD_SOC 2527mW/2706mW
09-26-2026 20:57:21 RAM 6120/7620MB (lfb 2x4MB) SWAP 54/12002MB (cached 0MB) CPU [0%@1728,0%@1728,0%@1728,0%@1728,100%@1728,0%@1728] GR3D_FREQ 0% cpu@54.312C soc2@53.218C soc0@53.125C gpu@54.25C tj@54.375C soc1@54.375C VDD_IN 8345mW/9446mW VDD_CPU_GPU_CV 2365mW/3063mW VDD_SOC 2527mW/2706mW
09-26-2026 20:57:21 RAM 6120/7620MB (lfb 2x4MB) SWAP 54/12002MB (cached 0MB) CPU [0%@1728,0%@1728,0%@1728,0%@1728,100%@1728,0%@1728] GR3D_FREQ 0% cpu@54.343C soc2@53.281C soc0@53.125C gpu@54.687C tj@54.687C soc1@54.406C VDD_IN 8345mW/9444mW VDD_CPU_GPU_CV 2326mW/3062mW VDD_SOC 2527mW/2706mW
09-26-2026 20:57:22 RAM 6120/7620MB (lfb 2x4MB) SWAP 54/12002MB (cached 0MB) CPU [0%@1728,0%@1728,0%@1728,0%@1728,100%@1728,0%@1728] GR3D_FREQ 0% cpu@54.187C soc2@53.218C soc0@53.031C gpu@54.531C tj@54.531C soc1@54.5C VDD_IN 8345mW/9441mW VDD_CPU_GPU_CV 2365mW/3060mW VDD_SOC 2527mW/2705mW
09-26-2026 20:57:22 RAM 6120/7620MB (lfb 2x4MB) SWAP 54/12002MB (cached 0MB) CPU [0%@1728,0%@1728,0%@1728,1%@1728,100%@1728,0%@1728] GR3D_FREQ 0% cpu@54.156C soc2@53.156C soc0@52.843C gpu@54.437C tj@54.437C soc1@54.375C VDD_IN 8345mW/9439mW VDD_CPU_GPU_CV 2365mW/3059mW VDD_SOC 2527mW/2705mW
09-26-2026 20:57:23 RAM 6120/7620MB (lfb 2x4MB) SWAP 54/12002MB (cached 0MB) CPU [0%@1728,1%@1728,0%@1728,0%@1728,100%@1728,0%@1728] GR3D_FREQ 0% cpu@54.437C soc2@53.375C soc0@52.812C gpu@54.531C tj@54.531C soc1@54.312C VDD_IN 8345mW/9437mW VDD_CPU_GPU_CV 2365mW/3058mW VDD_SOC 2531mW/2704mW
09-26-2026 20:57:23 RAM 6120/7620MB (lfb 2x4MB) SWAP 54/12002MB (cached 0MB) CPU [0%@1728,0%@1728,0%@1728,0%@1728,100%@1728,0%@1728] GR3D_FREQ 0% cpu@54.187C soc2@53.25C soc0@53.031C gpu@54.281C tj@54.281C soc1@54.218C VDD_IN 8345mW/9435mW VDD_CPU_GPU_CV 2365mW/3056mW VDD_SOC 2527mW/2704mW
09-26-2026 20:57:24 RAM 6120/7620MB (lfb 2x4MB) SWAP 54/12002MB (cached 0MB) CPU [1%@1728,0%@1728,0%@1728,0%@1728,100%@1728,0%@1728] GR3D_FREQ 0% cpu@54.093C soc2@53.125C soc0@52.937C gpu@54.25C tj@54.437C soc1@54.437C VDD_IN 8345mW/9433mW VDD_CPU_GPU_CV 2365mW/3055mW VDD_SOC 2527mW/2704mW
09-26-2026 20:57:24 RAM 6120/7620MB (lfb 1x4MB) SWAP 54/12002MB (cached 0MB) CPU [0%@1728,13%@1728,0%@1728,0%@1728,84%@1728,0%@1728] GR3D_FREQ 0% cpu@54.218C soc2@53.375C soc0@52.906C gpu@54.875C tj@54.875C soc1@54.375C VDD_IN 9872mW/9434mW VDD_CPU_GPU_CV 3109mW/3055mW VDD_SOC 2917mW/2704mW
09-26-2026 20:57:25 RAM 6120/7620MB (lfb 1x4MB) SWAP 54/12002MB (cached 0MB) CPU [0%@1728,8%@1728,0%@1728,1%@1728,64%@1728,0%@1728] GR3D_FREQ 89% cpu@54.343C soc2@53.562C soc0@52.843C gpu@56.468C tj@56.468C soc1@54.312C VDD_IN 13848mW/9442mW VDD_CPU_GPU_CV 5504mW/3060mW VDD_SOC 3760mW/2706mW
09-26-2026 20:57:25 RAM 6120/7620MB (lfb 1x4MB) SWAP 54/12002MB (cached 0MB) CPU [14%@1728,19%@1728,14%@1728,14%@1728,40%@1728,74%@1728] GR3D_FREQ 1% cpu@54.156C soc2@53.406C soc0@53.156C gpu@54.75C tj@54.75C soc1@54.281C VDD_IN 10526mW/9444mW VDD_CPU_GPU_CV 3615mW/3061mW VDD_SOC 2991mW/2707mW
09-26-2026 20:57:26 RAM 6120/7620MB (lfb 1x4MB) SWAP 54/12002MB (cached 0MB) CPU [1%@1728,2%@1728,0%@1728,0%@1728,0%@1728,100%@1728] GR3D_FREQ 2% cpu@54.187C soc2@53.406C soc0@53.156C gpu@54.718C tj@54.718C soc1@54.218C VDD_IN 9279mW/9444mW VDD_CPU_GPU_CV 2833mW/3060mW VDD_SOC 2724mW/2707mW
09-26-2026 20:57:26 RAM 6121/7620MB (lfb 1x4MB) SWAP 54/12002MB (cached 0MB) CPU [0%@1728,0%@1728,0%@1728,0%@1728,0%@1728,100%@1728] GR3D_FREQ 2% cpu@54.062C soc2@53.281C soc0@53.031C gpu@54.468C tj@54.468C soc1@54.468C VDD_IN 8938mW/9443mW VDD_CPU_GPU_CV 2601mW/3060mW VDD_SOC 2645mW/2707mW
09-26-2026 20:57:27 RAM 6121/7620MB (lfb 1x4MB) SWAP 54/12002MB (cached 0MB) CPU [1%@1728,0%@1728,0%@1728,1%@1728,9%@1728,70%@1728] GR3D_FREQ 0% cpu@54.5C soc2@53.312C soc0@53C gpu@54.406C tj@54.5C soc1@54.343C VDD_IN 8543mW/9441mW VDD_CPU_GPU_CV 2365mW/3058mW VDD_SOC 2606mW/2707mW
09-26-2026 20:57:27 RAM 6061/7620MB (lfb 1x4MB) SWAP 58/12002MB (cached 0MB) CPU [0%@1728,9%@1728,0%@1728,0%@1728,92%@1728,0%@1728] GR3D_FREQ 14% cpu@54.187C soc2@53.312C soc0@53C gpu@54.687C tj@54.687C soc1@54.312C VDD_IN 8582mW/9440mW VDD_CPU_GPU_CV 2365mW/3057mW VDD_SOC 2606mW/2706mW
09-26-2026 20:57:28 RAM 6145/7620MB (lfb 1x2MB) SWAP 63/12002MB (cached 0MB) CPU [6%@1728,0%@1728,0%@1728,0%@1728,75%@1728,0%@1728] GR3D_FREQ 52% cpu@53.906C soc2@53.375C soc0@53.031C gpu@55.218C tj@55.218C soc1@54.187C VDD_IN 10210mW/9441mW VDD_CPU_GPU_CV 3458mW/3058mW VDD_SOC 2877mW/2707mW
09-26-2026 20:57:28 RAM 6145/7620MB (lfb 1x2MB) SWAP 63/12002MB (cached 0MB) CPU [0%@1728,1%@1728,0%@1728,0%@1728,19%@1728,0%@1728] GR3D_FREQ 86% cpu@54.218C soc2@53.875C soc0@53.125C gpu@56.781C tj@56.781C soc1@54.468C VDD_IN 15954mW/9453mW VDD_CPU_GPU_CV 7081mW/3065mW VDD_SOC 3904mW/2709mW
09-26-2026 20:57:29 RAM 6145/7620MB (lfb 1x2MB) SWAP 63/12002MB (cached 0MB) CPU [0%@1728,0%@1728,0%@1728,0%@1728,11%@1728,0%@1728] GR3D_FREQ 87% cpu@54.843C soc2@54C soc0@53.312C gpu@56.906C tj@56.906C soc1@54.5C VDD_IN 16619mW/9467mW VDD_CPU_GPU_CV 7264mW/3073mW VDD_SOC 4099mW/2712mW
09-26-2026 20:57:29 RAM 6145/7620MB (lfb 1x2MB) SWAP 63/12002MB (cached 0MB) CPU [0%@1728,0%@1728,0%@1728,0%@1728,18%@1728,0%@1728] GR3D_FREQ 82% cpu@54.781C soc2@54.187C soc0@53.593C gpu@56.687C tj@56.687C soc1@54.531C VDD_IN 16709mW/9481mW VDD_CPU_GPU_CV 7303mW/3081mW VDD_SOC 4014mW/2714mW
09-26-2026 20:57:30 RAM 6145/7620MB (lfb 1x2MB) SWAP 63/12002MB (cached 0MB) CPU [0%@1728,0%@1728,0%@1728,0%@1728,30%@1728,0%@1728] GR3D_FREQ 0% cpu@54.906C soc2@54.281C soc0@53.625C gpu@56.031C tj@56.031C soc1@54.562C VDD_IN 15915mW/9493mW VDD_CPU_GPU_CV 6576mW/3088mW VDD_SOC 4060mW/2717mW
09-26-2026 20:57:30 RAM 6145/7620MB (lfb 1x2MB) SWAP 63/12002MB (cached 0MB) CPU [0%@1728,0%@1728,0%@1728,0%@1728,100%@1728,0%@1728] GR3D_FREQ 0% cpu@55.187C soc2@53.968C soc0@53.531C gpu@55.562C tj@55.562C soc1@54.687C VDD_IN 10565mW/9495mW VDD_CPU_GPU_CV 3575mW/3089mW VDD_SOC 2991mW/2717mW
09-26-2026 20:57:31 RAM 6145/7620MB (lfb 1x2MB) SWAP 63/12002MB (cached 0MB) CPU [0%@1728,0%@1728,0%@1728,0%@1728,100%@1728,0%@1728] GR3D_FREQ 0% cpu@54.687C soc2@53.781C soc0@53.343C gpu@55.156C tj@55.156C soc1@54.625C VDD_IN 9042mW/9494mW VDD_CPU_GPU_CV 2676mW/3088mW VDD_SOC 2685mW/2717mW
09-26-2026 20:57:31 RAM 6145/7620MB (lfb 1x2MB) SWAP 63/12002MB (cached 0MB) CPU [1%@1728,0%@1728,0%@1728,1%@1728,100%@1728,0%@1728] GR3D_FREQ 0% cpu@54.781C soc2@53.75C soc0@53.5C gpu@54.875C tj@54.875C soc1@54.562C VDD_IN 8543mW/9492mW VDD_CPU_GPU_CV 2444mW/3087mW VDD_SOC 2566mW/2717mW
09-26-2026 20:57:32 RAM 6145/7620MB (lfb 1x1MB) SWAP 63/12002MB (cached 0MB) CPU [0%@1728,0%@1728,0%@1728,0%@1728,98%@1728,0%@1728] GR3D_FREQ 0% cpu@54.593C soc2@53.593C soc0@53.406C gpu@54.718C tj@54.718C soc1@54.5C VDD_IN 8661mW/9491mW VDD_CPU_GPU_CV 2562mW/3086mW VDD_SOC 2566mW/2716mW
09-26-2026 20:57:32 RAM 6145/7620MB (lfb 1x1MB) SWAP 63/12002MB (cached 0MB) CPU [0%@1728,0%@1728,0%@1728,0%@1728,100%@1728,0%@1728] GR3D_FREQ 0% cpu@55.031C soc2@53.531C soc0@53.125C gpu@54.718C tj@55.031C soc1@54.687C VDD_IN 8424mW/9489mW VDD_CPU_GPU_CV 2404mW/3084mW VDD_SOC 2527mW/2716mW
09-26-2026 20:57:33 RAM 6146/7620MB (lfb 1x1MB) SWAP 63/12002MB (cached 0MB) CPU [0%@1728,0%@1728,0%@1728,0%@1728,100%@1728,0%@1728] GR3D_FREQ 0% cpu@54.468C soc2@53.468C soc0@53.25C gpu@54.625C tj@54.625C soc1@54.562C VDD_IN 8424mW/9487mW VDD_CPU_GPU_CV 2326mW/3083mW VDD_SOC 2566mW/2716mW
09-26-2026 20:57:33 RAM 6146/7620MB (lfb 1x1MB) SWAP 63/12002MB (cached 0MB) CPU [1%@1728,0%@1728,0%@1728,1%@1728,100%@1728,0%@1728] GR3D_FREQ 0% cpu@54.687C soc2@53.593C soc0@53.406C gpu@55.031C tj@55.031C soc1@54.531C VDD_IN 8345mW/9484mW VDD_CPU_GPU_CV 2365mW/3082mW VDD_SOC 2527mW/2715mW
09-26-2026 20:57:34 RAM 6146/7620MB (lfb 1x1MB) SWAP 63/12002MB (cached 0MB) CPU [0%@1728,0%@1728,1%@1728,0%@1728,96%@1728,0%@1728] GR3D_FREQ 0% cpu@54.5C soc2@53.437C soc0@53.281C gpu@54.781C tj@54.781C soc1@54.531C VDD_IN 8582mW/9483mW VDD_CPU_GPU_CV 2483mW/3081mW VDD_SOC 2566mW/2715mW
09-26-2026 20:57:34 RAM 6146/7620MB (lfb 1x1MB) SWAP 63/12002MB (cached 0MB) CPU [0%@1728,0%@1728,0%@1728,0%@1728,100%@1728,0%@1728] GR3D_FREQ 0% cpu@54.375C soc2@53.468C soc0@53.218C gpu@54.656C tj@54.687C soc1@54.687C VDD_IN 8424mW/9481mW VDD_CPU_GPU_CV 2365mW/3079mW VDD_SOC 2527mW/2715mW
09-26-2026 20:57:35 RAM 6146/7620MB (lfb 1x1MB) SWAP 63/12002MB (cached 0MB) CPU [0%@1728,0%@1728,1%@1728,2%@1728,100%@1728,0%@1728] GR3D_FREQ 0% cpu@54.625C soc2@53.406C soc0@53.093C gpu@54.562C tj@54.625C soc1@54.562C VDD_IN 8424mW/9479mW VDD_CPU_GPU_CV 2326mW/3078mW VDD_SOC 2566mW/2715mW
09-26-2026 20:57:35 RAM 6146/7620MB (lfb 1x1MB) SWAP 63/12002MB (cached 0MB) CPU [0%@1728,0%@1728,0%@1728,0%@1728,100%@1728,0%@1728] GR3D_FREQ 0% cpu@54.531C soc2@53.5C soc0@53.125C gpu@54.781C tj@54.625C soc1@54.468C VDD_IN 8385mW/9477mW VDD_CPU_GPU_CV 2365mW/3077mW VDD_SOC 2527mW/2714mW
09-26-2026 20:57:36 RAM 6146/7620MB (lfb 1x1MB) SWAP 63/12002MB (cached 0MB) CPU [0%@1728,1%@1728,0%@1728,0%@1728,96%@1728,0%@1728] GR3D_FREQ 0% cpu@54.468C soc2@53.406C soc0@53.187C gpu@54.562C tj@54.562C soc1@54.406C VDD_IN 8543mW/9475mW VDD_CPU_GPU_CV 2483mW/3076mW VDD_SOC 2566mW/2714mW
09-26-2026 20:57:36 RAM 6146/7620MB (lfb 1x1MB) SWAP 63/12002MB (cached 0MB) CPU [1%@1728,0%@1728,0%@1728,0%@1728,100%@1728,0%@1728] GR3D_FREQ 0% cpu@54.437C soc2@53.468C soc0@53.156C gpu@54.843C tj@54.843C soc1@54.562C VDD_IN 8424mW/9473mW VDD_CPU_GPU_CV 2365mW/3074mW VDD_SOC 2527mW/2714mW
09-26-2026 20:57:37 RAM 6146/7620MB (lfb 1x1MB) SWAP 63/12002MB (cached 0MB) CPU [0%@1728,0%@1728,0%@1728,0%@1728,100%@1728,0%@1728] GR3D_FREQ 0% cpu@54.531C soc2@53.375C soc0@53.125C gpu@54.656C tj@54.656C soc1@54.5C VDD_IN 8424mW/9471mW VDD_CPU_GPU_CV 2326mW/3073mW VDD_SOC 2566mW/2713mW
09-26-2026 20:57:37 RAM 6146/7620MB (lfb 1x1MB) SWAP 63/12002MB (cached 0MB) CPU [0%@1728,0%@1728,0%@1728,0%@1728,100%@1728,0%@1728] GR3D_FREQ 0% cpu@54.875C soc2@53.375C soc0@53.281C gpu@54.468C tj@54.875C soc1@54.562C VDD_IN 8385mW/9469mW VDD_CPU_GPU_CV 2365mW/3072mW VDD_SOC 2527mW/2713mW
09-26-2026 20:57:38 RAM 6146/7620MB (lfb 1x1MB) SWAP 63/12002MB (cached 0MB) CPU [0%@1728,0%@1728,0%@1728,0%@1728,96%@1728,0%@1728] GR3D_FREQ 0% cpu@54.375C soc2@53.281C soc0@53.062C gpu@54.437C tj@54.437C soc1@54.312C VDD_IN 8582mW/9468mW VDD_CPU_GPU_CV 2483mW/3070mW VDD_SOC 2566mW/2713mW
09-26-2026 20:57:38 RAM 6146/7620MB (lfb 1x1MB) SWAP 63/12002MB (cached 0MB) CPU [0%@1728,0%@1728,0%@1728,0%@1728,100%@1728,0%@1728] GR3D_FREQ 0% cpu@54.468C soc2@53.343C soc0@53.062C gpu@54.781C tj@54.781C soc1@54.562C VDD_IN 8424mW/9466mW VDD_CPU_GPU_CV 2365mW/3069mW VDD_SOC 2527mW/2712mW
09-26-2026 20:57:39 RAM 6146/7620MB (lfb 1x1MB) SWAP 63/12002MB (cached 0MB) CPU [0%@1728,0%@1728,0%@1728,1%@1728,100%@1728,0%@1728] GR3D_FREQ 0% cpu@54.5C soc2@53.343C soc0@52.968C gpu@54.406C tj@54.5C soc1@54.437C VDD_IN 8385mW/9464mW VDD_CPU_GPU_CV 2326mW/3068mW VDD_SOC 2566mW/2712mW
09-26-2026 20:57:39 RAM 6146/7620MB (lfb 1x1MB) SWAP 63/12002MB (cached 0MB) CPU [0%@1728,0%@1728,1%@1728,0%@1728,100%@1728,0%@1728] GR3D_FREQ 0% cpu@54.312C soc2@53.343C soc0@53.218C gpu@54.75C tj@54.75C soc1@54.406C VDD_IN 8385mW/9462mW VDD_CPU_GPU_CV 2365mW/3067mW VDD_SOC 2527mW/2712mW
09-26-2026 20:57:40 RAM 6146/7620MB (lfb 1x1MB) SWAP 63/12002MB (cached 0MB) CPU [0%@1728,0%@1728,0%@1728,0%@1728,100%@1728,0%@1728] GR3D_FREQ 24% cpu@54.312C soc2@53.312C soc0@53.125C gpu@54.562C tj@54.562C soc1@54.343C VDD_IN 8424mW/9460mW VDD_CPU_GPU_CV 2365mW/3065mW VDD_SOC 2566mW/2711mW
09-26-2026 20:57:40 RAM 6152/7620MB (lfb 1x1MB) SWAP 63/12002MB (cached 0MB) CPU [15%@1728,9%@1728,8%@1728,18%@1728,100%@1728,42%@1728] GR3D_FREQ 0% cpu@54.625C soc2@53.343C soc0@53.125C gpu@54.406C tj@54.625C soc1@54.625C VDD_IN 8938mW/9459mW VDD_CPU_GPU_CV 2799mW/3065mW VDD_SOC 2566mW/2711mW
09-26-2026 20:57:41 RAM 6152/7620MB (lfb 1x1MB) SWAP 63/12002MB (cached 0MB) CPU [0%@1728,0%@1728,0%@1728,0%@1728,100%@1728,0%@1728] GR3D_FREQ 0% cpu@54.468C soc2@53.375C soc0@53.125C gpu@54.281C tj@54.5C soc1@54.5C VDD_IN 8543mW/9457mW VDD_CPU_GPU_CV 2444mW/3064mW VDD_SOC 2566mW/2711mW
09-26-2026 20:57:41 RAM 6152/7620MB (lfb 1x1MB) SWAP 63/12002MB (cached 0MB) CPU [0%@1728,0%@1728,0%@1728,0%@1728,100%@1728,0%@1728] GR3D_FREQ 0% cpu@54.25C soc2@53.375C soc0@53.093C gpu@54.656C tj@54.656C soc1@54.406C VDD_IN 8424mW/9456mW VDD_CPU_GPU_CV 2404mW/3063mW VDD_SOC 2527mW/2711mW
09-26-2026 20:57:42 RAM 6152/7620MB (lfb 1x1MB) SWAP 63/12002MB (cached 0MB) CPU [0%@1728,0%@1728,0%@1728,0%@1728,96%@1728,0%@1728] GR3D_FREQ 0% cpu@54.406C soc2@53.312C soc0@53.156C gpu@54.343C tj@54.406C soc1@54.343C VDD_IN 8622mW/9454mW VDD_CPU_GPU_CV 2523mW/3062mW VDD_SOC 2566mW/2710mW
09-26-2026 20:57:42 RAM 6152/7620MB (lfb 1x1MB) SWAP 63/12002MB (cached 0MB) CPU [0%@1728,0%@1728,0%@1728,0%@1728,100%@1728,0%@1728] GR3D_FREQ 0% cpu@54.343C soc2@53.281C soc0@53.125C gpu@54.625C tj@54.625C soc1@54.375C VDD_IN 8464mW/9452mW VDD_CPU_GPU_CV 2404mW/3060mW VDD_SOC 2566mW/2710mW
09-26-2026 20:57:43 RAM 6152/7620MB (lfb 1x1MB) SWAP 63/12002MB (cached 0MB) CPU [0%@1728,0%@1728,0%@1728,0%@1728,100%@1728,0%@1728] GR3D_FREQ 0% cpu@54.593C soc2@53.281C soc0@53.062C gpu@54.468C tj@54.593C soc1@54.531C VDD_IN 8424mW/9450mW VDD_CPU_GPU_CV 2326mW/3059mW VDD_SOC 2566mW/2710mW
09-26-2026 20:57:43 RAM 6152/7620MB (lfb 1x1MB) SWAP 63/12002MB (cached 0MB) CPU [0%@1728,1%@1728,0%@1728,0%@1728,100%@1728,0%@1728] GR3D_FREQ 0% cpu@54.25C soc2@53.375C soc0@52.875C gpu@54.437C tj@54.437C soc1@54.312C VDD_IN 8385mW/9449mW VDD_CPU_GPU_CV 2365mW/3058mW VDD_SOC 2527mW/2710mW
09-26-2026 20:57:44 RAM 6152/7620MB (lfb 1x1MB) SWAP 63/12002MB (cached 0MB) CPU [1%@1728,0%@1728,0%@1728,0%@1728,98%@1728,0%@1728] GR3D_FREQ 0% cpu@54.312C soc2@53.312C soc0@53.062C gpu@54.25C tj@54.406C soc1@54.406C VDD_IN 8424mW/9447mW VDD_CPU_GPU_CV 2365mW/3057mW VDD_SOC 2566mW/2709mW
09-26-2026 20:57:44 RAM 6152/7620MB (lfb 1x1MB) SWAP 63/12002MB (cached 0MB) CPU [0%@1728,0%@1728,0%@1728,0%@1728,100%@1728,0%@1728] GR3D_FREQ 0% cpu@54.187C soc2@53.187C soc0@52.937C gpu@54.593C tj@54.593C soc1@54.187C VDD_IN 8345mW/9445mW VDD_CPU_GPU_CV 2326mW/3055mW VDD_SOC 2527mW/2709mW
09-26-2026 20:57:45 RAM 6152/7620MB (lfb 1x1MB) SWAP 63/12002MB (cached 0MB) CPU [0%@1728,0%@1728,0%@1728,1%@1728,100%@1728,0%@1728] GR3D_FREQ 0% cpu@54.406C soc2@53.156C soc0@53C gpu@54.812C tj@54.812C soc1@54.437C VDD_IN 8385mW/9443mW VDD_CPU_GPU_CV 2286mW/3054mW VDD_SOC 2566mW/2709mW
09-26-2026 20:57:45 RAM 6152/7620MB (lfb 1x1MB) SWAP 63/12002MB (cached 0MB) CPU [0%@1728,1%@1728,0%@1728,0%@1728,100%@1728,0%@1728] GR3D_FREQ 0% cpu@54.281C soc2@53.125C soc0@52.875C gpu@54.468C tj@54.468C soc1@54.343C VDD_IN 8345mW/9441mW VDD_CPU_GPU_CV 2326mW/3053mW VDD_SOC 2527mW/2708mW
09-26-2026 20:57:46 RAM 6152/7620MB (lfb 1x1MB) SWAP 63/12002MB (cached 0MB) CPU [0%@1728,1%@1728,0%@1728,0%@1728,96%@1728,0%@1728] GR3D_FREQ 0% cpu@54.312C soc2@53.25C soc0@53.031C gpu@54.437C tj@54.437C soc1@54.281C VDD_IN 8543mW/9439mW VDD_CPU_GPU_CV 2483mW/3052mW VDD_SOC 2566mW/2708mW
09-26-2026 20:57:46 RAM 6152/7620MB (lfb 1x1MB) SWAP 63/12002MB (cached 0MB) CPU [0%@1728,0%@1728,0%@1728,0%@1728,100%@1728,0%@1728] GR3D_FREQ 0% cpu@54.187C soc2@53.187C soc0@53.062C gpu@54.25C tj@54.5C soc1@54.5C VDD_IN 8424mW/9437mW VDD_CPU_GPU_CV 2365mW/3050mW VDD_SOC 2566mW/2708mW
09-26-2026 20:57:47 RAM 6152/7620MB (lfb 1x1MB) SWAP 63/12002MB (cached 0MB) CPU [0%@1728,0%@1728,0%@1728,0%@1728,100%@1728,0%@1728] GR3D_FREQ 0% cpu@54.187C soc2@53.156C soc0@52.906C gpu@54.75C tj@54.75C soc1@54.437C VDD_IN 8385mW/9436mW VDD_CPU_GPU_CV 2326mW/3049mW VDD_SOC 2566mW/2708mW
09-26-2026 20:57:47 RAM 6152/7620MB (lfb 1x1MB) SWAP 63/12002MB (cached 0MB) CPU [0%@1728,1%@1728,1%@1728,0%@1728,100%@1728,0%@1728] GR3D_FREQ 0% cpu@54.375C soc2@53.125C soc0@52.906C gpu@54.531C tj@54.531C soc1@54.343C VDD_IN 8345mW/9434mW VDD_CPU_GPU_CV 2365mW/3048mW VDD_SOC 2527mW/2707mW
09-26-2026 20:57:48 RAM 6152/7620MB (lfb 1x1MB) SWAP 63/12002MB (cached 0MB) CPU [0%@1728,0%@1728,0%@1728,0%@1728,98%@1728,0%@1728] GR3D_FREQ 0% cpu@54.187C soc2@53.218C soc0@52.968C gpu@54.343C tj@54.593C soc1@54.218C VDD_IN 8503mW/9432mW VDD_CPU_GPU_CV 2444mW/3047mW VDD_SOC 2566mW/2707mW
09-26-2026 20:57:48 RAM 6152/7620MB (lfb 1x1MB) SWAP 63/12002MB (cached 0MB) CPU [0%@1728,0%@1728,0%@1728,0%@1728,100%@1728,0%@1728] GR3D_FREQ 0% cpu@54.281C soc2@53.031C soc0@52.875C gpu@54.5C tj@54.5C soc1@54.281C VDD_IN 8424mW/9430mW VDD_CPU_GPU_CV 2365mW/3046mW VDD_SOC 2566mW/2707mW
09-26-2026 20:57:49 RAM 6152/7620MB (lfb 1x1MB) SWAP 63/12002MB (cached 0MB) CPU [0%@1728,0%@1728,0%@1728,0%@1728,100%@1728,0%@1728] GR3D_FREQ 0% cpu@54.125C soc2@53.125C soc0@52.781C gpu@54.312C tj@54.343C soc1@54.343C VDD_IN 8385mW/9428mW VDD_CPU_GPU_CV 2326mW/3044mW VDD_SOC 2527mW/2706mW
09-26-2026 20:57:49 RAM 6152/7620MB (lfb 1x1MB) SWAP 63/12002MB (cached 0MB) CPU [0%@1728,0%@1728,0%@1728,0%@1728,98%@1728,0%@1728] GR3D_FREQ 0% cpu@54.25C soc2@53.187C soc0@52.812C gpu@54.25C tj@54.25C soc1@54.343C VDD_IN 8385mW/9427mW VDD_CPU_GPU_CV 2365mW/3043mW VDD_SOC 2527mW/2706mW
09-26-2026 20:57:50 RAM 6152/7620MB (lfb 1x1MB) SWAP 63/12002MB (cached 0MB) CPU [0%@1728,0%@1728,0%@1728,0%@1728,100%@1728,0%@1728] GR3D_FREQ 0% cpu@54.218C soc2@53.156C soc0@53.031C gpu@54.687C tj@54.687C soc1@54.218C VDD_IN 8345mW/9425mW VDD_CPU_GPU_CV 2326mW/3042mW VDD_SOC 2527mW/2706mW
09-26-2026 20:57:50 RAM 6152/7620MB (lfb 1x1MB) SWAP 63/12002MB (cached 0MB) CPU [0%@1728,0%@1728,0%@1728,0%@1728,100%@1728,0%@1728] GR3D_FREQ 0% cpu@54.218C soc2@53.093C soc0@52.968C gpu@54.468C tj@54.468C soc1@54.218C VDD_IN 8385mW/9423mW VDD_CPU_GPU_CV 2286mW/3041mW VDD_SOC 2566mW/2706mW
09-26-2026 20:57:51 RAM 6152/7620MB (lfb 1x1MB) SWAP 63/12002MB (cached 0MB) CPU [1%@1728,1%@1728,3%@1728,0%@1728,100%@1728,0%@1728] GR3D_FREQ 0% cpu@54.031C soc2@53.125C soc0@52.812C gpu@54.281C tj@54.406C soc1@54.406C VDD_IN 8503mW/9421mW VDD_CPU_GPU_CV 2444mW/3040mW VDD_SOC 2566mW/2705mW
09-26-2026 20:57:52 RAM 6152/7620MB (lfb 1x1MB) SWAP 63/12002MB (cached 0MB) CPU [0%@1728,1%@1728,1%@1728,0%@1728,100%@1728,0%@1728] GR3D_FREQ 0% cpu@54.281C soc2@53.125C soc0@52.812C gpu@54.187C tj@54.281C soc1@54.25C VDD_IN 8385mW/9420mW VDD_CPU_GPU_CV 2365mW/3038mW VDD_SOC 2527mW/2705mW
09-26-2026 20:57:52 RAM 6152/7620MB (lfb 1x1MB) SWAP 63/12002MB (cached 0MB) CPU [0%@1728,0%@1728,0%@1728,0%@1728,100%@1728,0%@1728] GR3D_FREQ 0% cpu@54.093C soc2@53.125C soc0@52.968C gpu@54.25C tj@54.25C soc1@54.25C VDD_IN 8385mW/9418mW VDD_CPU_GPU_CV 2326mW/3037mW VDD_SOC 2566mW/2705mW
09-26-2026 20:57:53 RAM 6152/7620MB (lfb 1x1MB) SWAP 63/12002MB (cached 0MB) CPU [0%@1728,0%@1728,0%@1728,0%@1728,100%@1728,0%@1728] GR3D_FREQ 0% cpu@54.125C soc2@53.187C soc0@52.968C gpu@54.218C tj@54.218C soc1@54.218C VDD_IN 8345mW/9416mW VDD_CPU_GPU_CV 2365mW/3036mW VDD_SOC 2527mW/2705mW
09-26-2026 20:57:53 RAM 6154/7620MB (lfb 15x512kB) SWAP 63/12002MB (cached 0MB) CPU [0%@1728,0%@1728,0%@1728,0%@1728,27%@1728,0%@1728] GR3D_FREQ 76% cpu@54.125C soc2@53.531C soc0@53.031C gpu@56.406C tj@56.406C soc1@54.25C VDD_IN 14609mW/9425mW VDD_CPU_GPU_CV 5856mW/3041mW VDD_SOC 3720mW/2706mW
09-26-2026 20:57:54 RAM 6154/7620MB (lfb 14x512kB) SWAP 63/12002MB (cached 0MB) CPU [0%@1728,0%@1728,0%@1728,0%@1728,34%@1728,0%@1728] GR3D_FREQ 21% cpu@54.562C soc2@53.687C soc0@53.218C gpu@55.718C tj@55.718C soc1@54.281C VDD_IN 14727mW/9434mW VDD_CPU_GPU_CV 5924mW/3046mW VDD_SOC 3714mW/2708mW
09-26-2026 20:57:54 RAM 6156/7620MB (lfb 13x512kB) SWAP 63/12002MB (cached 0MB) CPU [0%@1728,5%@1728,0%@1728,0%@1728,60%@1728,0%@1728] GR3D_FREQ 43% cpu@54.593C soc2@53.875C soc0@53.25C gpu@55.718C tj@55.718C soc1@54.25C VDD_IN 14162mW/9442mW VDD_CPU_GPU_CV 5504mW/3050mW VDD_SOC 3681mW/2710mW
09-26-2026 20:57:55 RAM 6156/7620MB (lfb 13x512kB) SWAP 63/12002MB (cached 0MB) CPU [0%@1728,4%@1728,0%@1728,0%@1728,11%@1728,82%@1728] GR3D_FREQ 0% cpu@54.25C soc2@53.5C soc0@53.187C gpu@54.843C tj@54.843C soc1@54.312C VDD_IN 10526mW/9444mW VDD_CPU_GPU_CV 3497mW/3051mW VDD_SOC 2991mW/2710mW
09-26-2026 20:57:55 RAM 6156/7620MB (lfb 13x512kB) SWAP 63/12002MB (cached 0MB) CPU [0%@1728,0%@1728,0%@1728,0%@1728,0%@1728,100%@1728] GR3D_FREQ 0% cpu@54.093C soc2@53.531C soc0@53.125C gpu@54.687C tj@54.687C soc1@54.562C VDD_IN 9003mW/9443mW VDD_CPU_GPU_CV 2680mW/3050mW VDD_SOC 2685mW/2710mW
09-26-2026 20:57:56 RAM 6156/7620MB (lfb 13x512kB) SWAP 63/12002MB (cached 0MB) CPU [1%@1728,0%@1728,0%@1728,0%@1728,0%@1728,100%@1728] GR3D_FREQ 0% cpu@54.281C soc2@53.406C soc0@53.062C gpu@54.562C tj@54.562C soc1@54.437C VDD_IN 8582mW/9442mW VDD_CPU_GPU_CV 2444mW/3049mW VDD_SOC 2566mW/2710mW
09-26-2026 20:57:56 RAM 6156/7620MB (lfb 13x512kB) SWAP 63/12002MB (cached 0MB) CPU [0%@1728,0%@1728,0%@1728,1%@1728,0%@1728,100%@1728] GR3D_FREQ 0% cpu@54.187C soc2@53.406C soc0@53.25C gpu@54.875C tj@54.875C soc1@54.406C VDD_IN 8424mW/9440mW VDD_CPU_GPU_CV 2404mW/3048mW VDD_SOC 2527mW/2710mW
09-26-2026 20:57:57 RAM 6156/7620MB (lfb 13x512kB) SWAP 63/12002MB (cached 0MB) CPU [0%@1728,0%@1728,1%@1728,2%@1728,50%@1728,48%@1728] GR3D_FREQ 0% cpu@54.343C soc2@53.375C soc0@53.093C gpu@54.656C tj@54.656C soc1@54.343C VDD_IN 8424mW/9438mW VDD_CPU_GPU_CV 2365mW/3047mW VDD_SOC 2566mW/2709mW
09-26-2026 20:57:57 RAM 6156/7620MB (lfb 13x512kB) SWAP 63/12002MB (cached 0MB) CPU [0%@1728,0%@1728,0%@1728,1%@1728,100%@1728,0%@1728] GR3D_FREQ 0% cpu@54.281C soc2@53.25C soc0@53.062C gpu@54.437C tj@54.531C soc1@54.531C VDD_IN 8385mW/9437mW VDD_CPU_GPU_CV 2326mW/3046mW VDD_SOC 2566mW/2709mW
09-26-2026 20:57:58 RAM 6156/7620MB (lfb 13x512kB) SWAP 63/12002MB (cached 0MB) CPU [0%@1728,0%@1728,0%@1728,34%@1728,100%@1728,0%@1728] GR3D_FREQ 0% cpu@55.125C soc2@53.406C soc0@52.906C gpu@54.406C tj@55.125C soc1@54.5C VDD_IN 8661mW/9435mW VDD_CPU_GPU_CV 2562mW/3045mW VDD_SOC 2566mW/2709mW
09-26-2026 20:57:58 RAM 6156/7620MB (lfb 13x512kB) SWAP 63/12002MB (cached 0MB) CPU [0%@1728,0%@1728,0%@1728,100%@1728,100%@1728,0%@1728] GR3D_FREQ 0% cpu@54.937C soc2@53.343C soc0@52.937C gpu@54.5C tj@54.937C soc1@54.312C VDD_IN 9042mW/9435mW VDD_CPU_GPU_CV 2912mW/3045mW VDD_SOC 2566mW/2709mW
09-26-2026 20:57:59 RAM 6156/7620MB (lfb 13x512kB) SWAP 63/12002MB (cached 0MB) CPU [0%@1728,0%@1728,16%@1728,100%@1728,31%@1728,0%@1728] GR3D_FREQ 0% cpu@54.687C soc2@53.406C soc0@53.125C gpu@54.437C tj@54.687C soc1@54.281C VDD_IN 8859mW/9434mW VDD_CPU_GPU_CV 2720mW/3044mW VDD_SOC 2566mW/2708mW
09-26-2026 20:57:59 RAM 6156/7620MB (lfb 13x512kB) SWAP 63/12002MB (cached 0MB) CPU [0%@1728,0%@1728,0%@1728,100%@1728,100%@1728,0%@1728] GR3D_FREQ 0% cpu@55C soc2@53.25C soc0@53.031C gpu@54.781C tj@55C soc1@54.656C VDD_IN 9121mW/9433mW VDD_CPU_GPU_CV 2991mW/3044mW VDD_SOC 2566mW/2708mW
09-26-2026 20:58:00 RAM 6156/7620MB (lfb 13x512kB) SWAP 63/12002MB (cached 0MB) CPU [0%@1728,0%@1728,0%@1728,42%@1728,98%@1728,5%@1728] GR3D_FREQ 0% cpu@54.406C soc2@53.25C soc0@52.906C gpu@54.625C tj@54.625C soc1@54.437C VDD_IN 8859mW/9432mW VDD_CPU_GPU_CV 2680mW/3043mW VDD_SOC 2606mW/2708mW
09-26-2026 20:58:00 RAM 6156/7620MB (lfb 13x512kB) SWAP 63/12002MB (cached 0MB) CPU [100%@1728,0%@1728,1%@1728,0%@1728,0%@1728,100%@1728] GR3D_FREQ 0% cpu@54.468C soc2@53.531C soc0@53.031C gpu@54.437C tj@54.468C soc1@54.406C VDD_IN 9082mW/9431mW VDD_CPU_GPU_CV 2952mW/3043mW VDD_SOC 2566mW/2708mW
09-26-2026 20:58:01 RAM 6156/7620MB (lfb 13x512kB) SWAP 63/12002MB (cached 0MB) CPU [58%@1728,0%@1728,0%@1728,0%@1728,0%@1728,100%@1728] GR3D_FREQ 0% cpu@54.125C soc2@53.375C soc0@53.156C gpu@54.625C tj@54.625C soc1@54.312C VDD_IN 8859mW/9430mW VDD_CPU_GPU_CV 2720mW/3043mW VDD_SOC 2566mW/2707mW
09-26-2026 20:58:01 RAM 6156/7620MB (lfb 13x512kB) SWAP 63/12002MB (cached 0MB) CPU [0%@1728,0%@1728,0%@1728,92%@1728,0%@1728,100%@1728] GR3D_FREQ 0% cpu@54.437C soc2@53.375C soc0@53.093C gpu@54.5C tj@54.5C soc1@54.406C VDD_IN 9042mW/9430mW VDD_CPU_GPU_CV 2917mW/3042mW VDD_SOC 2566mW/2707mW
09-26-2026 20:58:02 RAM 6155/7620MB (lfb 2x1MB) SWAP 63/12002MB (cached 0MB) CPU [0%@1728,0%@1728,2%@1728,100%@1728,0%@1728,88%@1728] GR3D_FREQ 0% cpu@54.843C soc2@53.406C soc0@53.031C gpu@54.375C tj@54.843C soc1@54.531C VDD_IN 9096mW/9429mW VDD_CPU_GPU_CV 2952mW/3042mW VDD_SOC 2566mW/2707mW
09-26-2026 20:58:02 RAM 6155/7620MB (lfb 2x1MB) SWAP 63/12002MB (cached 0MB) CPU [75%@1728,0%@1728,0%@1728,29%@1728,70%@1728,0%@1728] GR3D_FREQ 0% cpu@54.781C soc2@53.531C soc0@52.968C gpu@54.781C tj@54.781C soc1@54.437C VDD_IN 9042mW/9429mW VDD_CPU_GPU_CV 2917mW/3042mW VDD_SOC 2566mW/2707mW
09-26-2026 20:58:03 RAM 6155/7620MB (lfb 2x1MB) SWAP 63/12002MB (cached 0MB) CPU [100%@1728,1%@1728,0%@1728,0%@1728,87%@1728,0%@1728] GR3D_FREQ 0% cpu@54.593C soc2@53.625C soc0@53.093C gpu@54.625C tj@54.625C soc1@54.343C VDD_IN 9057mW/9428mW VDD_CPU_GPU_CV 2912mW/3042mW VDD_SOC 2566mW/2706mW
09-26-2026 20:58:03 RAM 6155/7620MB (lfb 2x1MB) SWAP 63/12002MB (cached 0MB) CPU [100%@1728,0%@1728,1%@1728,0%@1728,0%@1728,0%@1728] GR3D_FREQ 0% cpu@54.25C soc2@53.5C soc0@53.031C gpu@54.781C tj@54.781C soc1@54.406C VDD_IN 8582mW/9427mW VDD_CPU_GPU_CV 2523mW/3041mW VDD_SOC 2566mW/2706mW
09-26-2026 20:58:04 RAM 6155/7620MB (lfb 2x1MB) SWAP 63/12002MB (cached 0MB) CPU [100%@1728,0%@1728,0%@1728,0%@1728,0%@1728,0%@1728] GR3D_FREQ 0% cpu@54.187C soc2@53.437C soc0@53C gpu@54.593C tj@54.593C soc1@54.531C VDD_IN 8424mW/9425mW VDD_CPU_GPU_CV 2404mW/3040mW VDD_SOC 2527mW/2706mW
09-26-2026 20:58:04 RAM 6155/7620MB (lfb 2x1MB) SWAP 63/12002MB (cached 0MB) CPU [1%@1728,4%@1728,0%@1728,0%@1728,0%@1728,83%@1728] GR3D_FREQ 0% cpu@54.25C soc2@53.312C soc0@52.937C gpu@54.468C tj@54.468C soc1@54.468C VDD_IN 9121mW/9424mW VDD_CPU_GPU_CV 2759mW/3039mW VDD_SOC 2685mW/2706mW
09-26-2026 20:58:05 RAM 6155/7620MB (lfb 2x1MB) SWAP 63/12002MB (cached 0MB) CPU [0%@1728,1%@1728,0%@1728,0%@1728,0%@1728,100%@1728] GR3D_FREQ 0% cpu@54.187C soc2@53.281C soc0@52.937C gpu@54.343C tj@54.437C soc1@54.437C VDD_IN 8582mW/9423mW VDD_CPU_GPU_CV 2483mW/3039mW VDD_SOC 2566mW/2706mW
09-26-2026 20:58:05 RAM 6155/7620MB (lfb 2x1MB) SWAP 63/12002MB (cached 0MB) CPU [0%@1728,0%@1728,0%@1728,0%@1728,0%@1728,100%@1728] GR3D_FREQ 0% cpu@54C soc2@53.218C soc0@52.968C gpu@54.656C tj@54.656C soc1@54.343C VDD_IN 8424mW/9421mW VDD_CPU_GPU_CV 2404mW/3037mW VDD_SOC 2527mW/2705mW
09-26-2026 20:58:06 RAM 6155/7620MB (lfb 2x1MB) SWAP 63/12002MB (cached 0MB) CPU [0%@1728,0%@1728,0%@1728,1%@1728,0%@1728,100%@1728] GR3D_FREQ 0% cpu@53.906C soc2@53.281C soc0@53.031C gpu@54.187C tj@54.562C soc1@54.562C VDD_IN 8385mW/9420mW VDD_CPU_GPU_CV 2404mW/3036mW VDD_SOC 2527mW/2705mW
09-26-2026 20:58:06 RAM 6155/7620MB (lfb 2x1MB) SWAP 63/12002MB (cached 0MB) CPU [0%@1728,1%@1728,0%@1728,0%@1728,0%@1728,100%@1728] GR3D_FREQ 0% cpu@54.125C soc2@53.187C soc0@52.906C gpu@54.625C tj@54.625C soc1@54.437C VDD_IN 8345mW/9418mW VDD_CPU_GPU_CV 2365mW/3035mW VDD_SOC 2527mW/2705mW
09-26-2026 20:58:07 RAM 6155/7620MB (lfb 2x1MB) SWAP 63/12002MB (cached 0MB) CPU [0%@1728,1%@1728,0%@1728,0%@1728,0%@1728,100%@1728] GR3D_FREQ 0% cpu@54.093C soc2@53.093C soc0@52.906C gpu@54.437C tj@54.437C soc1@54.218C VDD_IN 8385mW/9416mW VDD_CPU_GPU_CV 2326mW/3034mW VDD_SOC 2527mW/2705mW
09-26-2026 20:58:07 RAM 6155/7620MB (lfb 2x1MB) SWAP 63/12002MB (cached 0MB) CPU [0%@1728,0%@1728,0%@1728,0%@1728,0%@1728,100%@1728] GR3D_FREQ 0% cpu@54C soc2@53.218C soc0@53.062C gpu@54.343C tj@54.343C soc1@54.343C VDD_IN 8345mW/9414mW VDD_CPU_GPU_CV 2365mW/3033mW VDD_SOC 2527mW/2704mW
09-26-2026 20:58:08 RAM 6155/7620MB (lfb 2x1MB) SWAP 63/12002MB (cached 0MB) CPU [0%@1728,0%@1728,0%@1728,0%@1728,0%@1728,100%@1728] GR3D_FREQ 0% cpu@53.812C soc2@53.187C soc0@53C gpu@54.25C tj@54.281C soc1@54.281C VDD_IN 8345mW/9413mW VDD_CPU_GPU_CV 2365mW/3032mW VDD_SOC 2527mW/2704mW
09-26-2026 20:58:08 RAM 6155/7620MB (lfb 2x1MB) SWAP 63/12002MB (cached 0MB) CPU [0%@1728,0%@1728,0%@1728,0%@1728,0%@1728,100%@1728] GR3D_FREQ 0% cpu@54.125C soc2@53.062C soc0@52.968C gpu@54.562C tj@54.562C soc1@54.437C VDD_IN 8345mW/9411mW VDD_CPU_GPU_CV 2365mW/3031mW VDD_SOC 2527mW/2704mW
09-26-2026 20:58:09 RAM 6155/7620MB (lfb 2x1MB) SWAP 63/12002MB (cached 0MB) CPU [0%@1728,0%@1728,0%@1728,0%@1728,0%@1728,100%@1728] GR3D_FREQ 0% cpu@54.093C soc2@53.031C soc0@52.906C gpu@54.406C tj@54.406C soc1@54.281C VDD_IN 8345mW/9409mW VDD_CPU_GPU_CV 2365mW/3030mW VDD_SOC 2527mW/2703mW
09-26-2026 20:58:09 RAM 6155/7620MB (lfb 2x1MB) SWAP 63/12002MB (cached 0MB) CPU [0%@1728,0%@1728,0%@1728,0%@1728,0%@1728,100%@1728] GR3D_FREQ 0% cpu@54.156C soc2@53.187C soc0@53C gpu@54.593C tj@54.593C soc1@54.218C VDD_IN 8345mW/9407mW VDD_CPU_GPU_CV 2365mW/3029mW VDD_SOC 2527mW/2703mW
09-26-2026 20:58:10 RAM 6038/7620MB (lfb 2x4MB) SWAP 71/12002MB (cached 0MB) CPU [15%@1728,2%@1728,1%@1728,0%@1728,0%@1728,90%@1728] GR3D_FREQ 0% cpu@53.781C soc2@53.281C soc0@52.843C gpu@54.375C tj@54.468C soc1@54.468C VDD_IN 8464mW/9406mW VDD_CPU_GPU_CV 2247mW/3027mW VDD_SOC 2606mW/2703mW
09-26-2026 20:58:10 RAM 5683/7620MB (lfb 49x4MB) SWAP 71/12002MB (cached 0MB) CPU [0%@1728,21%@1728,3%@1728,0%@1728,0%@1728,94%@1728] GR3D_FREQ 0% cpu@54.031C soc2@53.093C soc0@52.937C gpu@54.25C tj@54.312C soc1@54.312C VDD_IN 8582mW/9404mW VDD_CPU_GPU_CV 2207mW/3026mW VDD_SOC 2685mW/2703mW
09-26-2026 20:58:11 RAM 5667/7620MB (lfb 49x4MB) SWAP 71/12002MB (cached 0MB) CPU [22%@1728,12%@1728,20%@1728,26%@1728,18%@1728,57%@1728] GR3D_FREQ 0% cpu@54.031C soc2@53.25C soc0@52.812C gpu@54.218C tj@54.312C soc1@54.312C VDD_IN 8780mW/9403mW VDD_CPU_GPU_CV 2483mW/3025mW VDD_SOC 2645mW/2703mW
09-26-2026 20:58:11 RAM 3422/7620MB (lfb 83x4MB) SWAP 71/12002MB (cached 0MB) CPU [1%@1728,0%@1728,26%@1728,0%@1728,0%@1728,41%@1728] GR3D_FREQ 0% cpu@54.406C soc2@53.187C soc0@52.968C gpu@54.562C tj@54.562C soc1@54.25C VDD_IN 8345mW/9402mW VDD_CPU_GPU_CV 2207mW/3024mW VDD_SOC 2606mW/2703mW
