09-26-2026 20:59:28 RAM 2870/7620MB (lfb 83x4MB) SWAP 71/12002MB (cached 0MB) CPU [58%@1728,19%@1728,24%@1728,14%@1728,39%@1728,18%@1728] GR3D_FREQ 0% cpu@52.75C soc2@51.937C soc0@51.593C gpu@53C tj@53C soc1@52.968C VDD_IN 8385mW/8385mW VDD_CPU_GPU_CV 2326mW/2326mW VDD_SOC 2606mW/2606mW
09-26-2026 20:59:29 RAM 3002/7620MB (lfb 83x4MB) SWAP 71/12002MB (cached 0MB) CPU [100%@1728,17%@1728,15%@1728,14%@1728,13%@1728,13%@1728] GR3D_FREQ 0% cpu@52.875C soc2@51.968C soc0@51.625C gpu@53.125C tj@53.125C soc1@52.906C VDD_IN 8582mW/8484mW VDD_CPU_GPU_CV 2483mW/2405mW VDD_SOC 2606mW/2606mW
09-26-2026 20:59:29 RAM 3028/7620MB (lfb 83x4MB) SWAP 71/12002MB (cached 0MB) CPU [78%@1728,0%@1728,0%@1728,0%@1728,0%@1728,0%@1728] GR3D_FREQ 0% cpu@53.156C soc2@52.031C soc0@51.718C gpu@52.937C tj@53.25C soc1@53.25C VDD_IN 8385mW/8451mW VDD_CPU_GPU_CV 2286mW/2365mW VDD_SOC 2606mW/2606mW
09-26-2026 20:59:30 RAM 3044/7620MB (lfb 83x4MB) SWAP 71/12002MB (cached 0MB) CPU [71%@1728,0%@1728,13%@1728,0%@1728,0%@1728,0%@1728] GR3D_FREQ 0% cpu@52.968C soc2@52.156C soc0@51.593C gpu@52.875C tj@53.125C soc1@53.125C VDD_IN 8345mW/8424mW VDD_CPU_GPU_CV 2247mW/2336mW VDD_SOC 2606mW/2606mW
09-26-2026 20:59:30 RAM 3058/7620MB (lfb 83x4MB) SWAP 71/12002MB (cached 0MB) CPU [94%@1728,0%@1728,0%@1728,0%@1728,0%@1728,0%@1728] GR3D_FREQ 0% cpu@53.187C soc2@52.093C soc0@51.906C gpu@53.25C tj@53.25C soc1@53.062C VDD_IN 8385mW/8416mW VDD_CPU_GPU_CV 2286mW/2326mW VDD_SOC 2606mW/2606mW
09-26-2026 20:59:31 RAM 3093/7620MB (lfb 83x4MB) SWAP 71/12002MB (cached 0MB) CPU [46%@1728,14%@1728,13%@1728,13%@1728,13%@1728,12%@1728] GR3D_FREQ 0% cpu@52.593C soc2@52.062C soc0@51.875C gpu@53.125C tj@53.125C soc1@53C VDD_IN 8226mW/8385mW VDD_CPU_GPU_CV 2171mW/2300mW VDD_SOC 2570mW/2600mW
09-26-2026 20:59:32 RAM 3163/7620MB (lfb 83x4MB) SWAP 71/12002MB (cached 0MB) CPU [1%@1728,86%@1728,0%@1728,0%@1728,0%@1728,0%@1728] GR3D_FREQ 0% cpu@52.687C soc2@51.906C soc0@51.687C gpu@53.375C tj@53.375C soc1@53.25C VDD_IN 8187mW/8356mW VDD_CPU_GPU_CV 2171mW/2281mW VDD_SOC 2610mW/2601mW
09-26-2026 20:59:32 RAM 3251/7620MB (lfb 69x4MB) SWAP 71/12002MB (cached 0MB) CPU [0%@1728,98%@1728,0%@1728,1%@1728,0%@1728,0%@1728] GR3D_FREQ 0% cpu@52.656C soc2@51.937C soc0@51.656C gpu@53.156C tj@53.156C soc1@53.093C VDD_IN 8226mW/8340mW VDD_CPU_GPU_CV 2168mW/2267mW VDD_SOC 2610mW/2603mW
09-26-2026 20:59:33 RAM 3444/7620MB (lfb 31x4MB) SWAP 71/12002MB (cached 0MB) CPU [0%@1728,98%@1728,0%@1728,0%@1728,0%@1728,0%@1728] GR3D_FREQ 0% cpu@52.968C soc2@51.937C soc0@51.656C gpu@52.968C tj@53.125C soc1@53.125C VDD_IN 8582mW/8367mW VDD_CPU_GPU_CV 2286mW/2269mW VDD_SOC 2685mW/2612mW
09-26-2026 20:59:33 RAM 3630/7620MB (lfb 30x4MB) SWAP 71/12002MB (cached 0MB) CPU [3%@1728,68%@1728,0%@1728,0%@1728,0%@1728,1%@1728] GR3D_FREQ 0% cpu@52.437C soc2@52C soc0@51.781C gpu@52.937C tj@53C soc1@53C VDD_IN 8385mW/8369mW VDD_CPU_GPU_CV 2168mW/2259mW VDD_SOC 2645mW/2615mW
09-26-2026 20:59:34 RAM 3652/7620MB (lfb 30x4MB) SWAP 71/12002MB (cached 0MB) CPU [0%@1728,2%@1728,0%@1728,1%@1728,0%@1728,0%@1728] GR3D_FREQ 0% cpu@52.343C soc2@51.875C soc0@51.875C gpu@53.343C tj@53.343C soc1@53.187C VDD_IN 7764mW/8314mW VDD_CPU_GPU_CV 1776mW/2215mW VDD_SOC 2570mW/2611mW
09-26-2026 20:59:34 RAM 3738/7620MB (lfb 31x4MB) SWAP 71/12002MB (cached 0MB) CPU [0%@1728,0%@1728,23%@1728,1%@1728,0%@1728,0%@1728] GR3D_FREQ 88% cpu@53.093C soc2@52.062C soc0@51.593C gpu@54.593C tj@54.593C soc1@53.093C VDD_IN 10266mW/8477mW VDD_CPU_GPU_CV 3575mW/2329mW VDD_SOC 2956mW/2640mW
09-26-2026 20:59:35 RAM 3811/7620MB (lfb 30x4MB) SWAP 71/12002MB (cached 0MB) CPU [0%@1728,0%@1728,30%@1728,0%@1728,0%@1728,0%@1728] GR3D_FREQ 0% cpu@53.562C soc2@52.5C soc0@51.875C gpu@55C tj@55C soc1@53.093C VDD_IN 16149mW/9067mW VDD_CPU_GPU_CV 7691mW/2741mW VDD_SOC 3786mW/2728mW
09-26-2026 20:59:35 RAM 3943/7620MB (lfb 30x4MB) SWAP 71/12002MB (cached 0MB) CPU [35%@1728,78%@1728,29%@1728,29%@1728,29%@1728,28%@1728] GR3D_FREQ 0% cpu@53.656C soc2@52.718C soc0@52.187C gpu@53.937C tj@53.937C soc1@53.125C VDD_IN 12122mW/9285mW VDD_CPU_GPU_CV 5013mW/2903mW VDD_SOC 3143mW/2758mW
09-26-2026 20:59:36 RAM 3943/7620MB (lfb 30x4MB) SWAP 71/12002MB (cached 0MB) CPU [25%@1728,98%@1728,20%@1728,9%@1728,40%@1728,39%@1728] GR3D_FREQ 0% cpu@53.281C soc2@52.562C soc0@51.937C gpu@53.562C tj@53.562C soc1@53.156C VDD_IN 10053mW/9336mW VDD_CPU_GPU_CV 3615mW/2951mW VDD_SOC 2799mW/2760mW
09-26-2026 20:59:36 RAM 3942/7620MB (lfb 30x4MB) SWAP 71/12002MB (cached 0MB) CPU [2%@1728,97%@1728,30%@1728,34%@1728,50%@1728,40%@1728] GR3D_FREQ 0% cpu@53.625C soc2@52.406C soc0@52C gpu@53.375C tj@53.625C soc1@53.375C VDD_IN 9516mW/9347mW VDD_CPU_GPU_CV 3227mW/2968mW VDD_SOC 2720mW/2758mW
09-26-2026 20:59:37 RAM 3943/7620MB (lfb 30x4MB) SWAP 71/12002MB (cached 0MB) CPU [11%@1728,96%@1728,21%@1728,28%@1728,40%@1728,45%@1728] GR3D_FREQ 0% cpu@54C soc2@52.375C soc0@51.812C gpu@53.343C tj@54C soc1@53.281C VDD_IN 9319mW/9346mW VDD_CPU_GPU_CV 3070mW/2974mW VDD_SOC 2685mW/2753mW
09-26-2026 20:59:37 RAM 3833/7620MB (lfb 30x4MB) SWAP 71/12002MB (cached 0MB) CPU [3%@1728,0%@1728,92%@1728,0%@1728,0%@1728,2%@1728] GR3D_FREQ 0% cpu@53.343C soc2@52.468C soc0@52.156C gpu@53.312C tj@53.343C soc1@53.312C VDD_IN 8899mW/9321mW VDD_CPU_GPU_CV 2523mW/2949mW VDD_SOC 2724mW/2752mW
09-26-2026 20:59:38 RAM 3979/7620MB (lfb 30x4MB) SWAP 71/12002MB (cached 0MB) CPU [2%@1728,0%@1728,80%@1728,0%@1728,0%@1728,0%@1728] GR3D_FREQ 2% cpu@53.531C soc2@52.281C soc0@51.937C gpu@53.781C tj@53.781C soc1@53.125C VDD_IN 8740mW/9290mW VDD_CPU_GPU_CV 2483mW/2924mW VDD_SOC 2685mW/2748mW
09-26-2026 20:59:38 RAM 4201/7620MB (lfb 30x4MB) SWAP 71/12002MB (cached 0MB) CPU [3%@1728,0%@1728,100%@1728,0%@1728,0%@1728,0%@1728] GR3D_FREQ 2% cpu@53.656C soc2@52.187C soc0@52.062C gpu@53.406C tj@53.656C soc1@53.437C VDD_IN 8740mW/9263mW VDD_CPU_GPU_CV 2523mW/2904mW VDD_SOC 2645mW/2743mW
09-26-2026 20:59:39 RAM 4408/7620MB (lfb 30x4MB) SWAP 71/12002MB (cached 0MB) CPU [0%@1728,1%@1728,94%@1728,0%@1728,0%@1728,0%@1728] GR3D_FREQ 1% cpu@53.687C soc2@52.218C soc0@51.875C gpu@53.562C tj@53.687C soc1@53.375C VDD_IN 8661mW/9234mW VDD_CPU_GPU_CV 2444mW/2882mW VDD_SOC 2645mW/2738mW
09-26-2026 20:59:39 RAM 4647/7620MB (lfb 28x4MB) SWAP 71/12002MB (cached 0MB) CPU [0%@1728,0%@1728,98%@1728,0%@1728,0%@1728,0%@1728] GR3D_FREQ 0% cpu@53.562C soc2@52.218C soc0@51.937C gpu@53.343C tj@53.343C soc1@53.25C VDD_IN 8701mW/9210mW VDD_CPU_GPU_CV 2483mW/2864mW VDD_SOC 2645mW/2734mW
09-26-2026 20:59:40 RAM 4739/7620MB (lfb 28x4MB) SWAP 71/12002MB (cached 0MB) CPU [1%@1728,1%@1728,48%@1728,30%@1728,7%@1728,0%@1728] GR3D_FREQ 70% cpu@53.375C soc2@52.406C soc0@52.031C gpu@54.625C tj@54.625C soc1@53.187C VDD_IN 11729mW/9319mW VDD_CPU_GPU_CV 4864mW/2951mW VDD_SOC 2907mW/2742mW
09-26-2026 20:59:40 RAM 4755/7620MB (lfb 28x4MB) SWAP 71/12002MB (cached 0MB) CPU [0%@1728,0%@1728,0%@1728,34%@1728,62%@1728,0%@1728] GR3D_FREQ 66% cpu@53.312C soc2@52.5C soc0@52.125C gpu@54.5C tj@54.5C soc1@53.25C VDD_IN 12083mW/9435mW VDD_CPU_GPU_CV 4856mW/3031mW VDD_SOC 3065mW/2755mW
09-26-2026 20:59:41 RAM 4760/7620MB (lfb 28x4MB) SWAP 71/12002MB (cached 0MB) CPU [0%@1728,1%@1728,1%@1728,17%@1728,82%@1728,0%@1728] GR3D_FREQ 0% cpu@53.437C soc2@52.406C soc0@52.125C gpu@53.937C tj@53.937C soc1@53.437C VDD_IN 10250mW/9467mW VDD_CPU_GPU_CV 3615mW/3054mW VDD_SOC 2838mW/2759mW
09-26-2026 20:59:41 RAM 4786/7620MB (lfb 28x4MB) SWAP 71/12002MB (cached 0MB) CPU [0%@1728,1%@1728,0%@1728,0%@1728,100%@1728,0%@1728] GR3D_FREQ 0% cpu@53.625C soc2@52.406C soc0@52C gpu@53.906C tj@53.906C soc1@53.406C VDD_IN 8978mW/9448mW VDD_CPU_GPU_CV 2720mW/3041mW VDD_SOC 2645mW/2754mW
09-26-2026 20:59:42 RAM 4819/7620MB (lfb 28x4MB) SWAP 71/12002MB (cached 0MB) CPU [0%@1728,0%@1728,0%@1728,1%@1728,100%@1728,0%@1728] GR3D_FREQ 1% cpu@53.468C soc2@52.375C soc0@52.062C gpu@53.625C tj@53.625C soc1@53.281C VDD_IN 8622mW/9418mW VDD_CPU_GPU_CV 2444mW/3019mW VDD_SOC 2645mW/2750mW
09-26-2026 20:59:42 RAM 4819/7620MB (lfb 28x4MB) SWAP 71/12002MB (cached 0MB) CPU [1%@1728,0%@1728,0%@1728,2%@1728,60%@1728,0%@1728] GR3D_FREQ 35% cpu@53.156C soc2@52.562C soc0@52.093C gpu@54.25C tj@54.25C soc1@53.281C VDD_IN 11571mW/9495mW VDD_CPU_GPU_CV 4237mW/3063mW VDD_SOC 3182mW/2766mW
09-26-2026 20:59:43 RAM 4857/7620MB (lfb 28x4MB) SWAP 71/12002MB (cached 0MB) CPU [1%@1728,0%@1728,0%@1728,0%@1728,92%@1728,0%@1728] GR3D_FREQ 0% cpu@53.406C soc2@52.406C soc0@52.187C gpu@53.625C tj@53.625C soc1@53.531C VDD_IN 9714mW/9502mW VDD_CPU_GPU_CV 3109mW/3064mW VDD_SOC 2838mW/2768mW
09-26-2026 20:59:43 RAM 4941/7620MB (lfb 28x4MB) SWAP 71/12002MB (cached 0MB) CPU [0%@1728,0%@1728,1%@1728,0%@1728,100%@1728,0%@1728] GR3D_FREQ 0% cpu@53.625C soc2@52.312C soc0@52.031C gpu@53.968C tj@53.968C soc1@53.5C VDD_IN 8780mW/9478mW VDD_CPU_GPU_CV 2523mW/3046mW VDD_SOC 2645mW/2764mW
09-26-2026 20:59:44 RAM 4991/7620MB (lfb 28x4MB) SWAP 71/12002MB (cached 0MB) CPU [0%@1728,0%@1728,0%@1728,0%@1728,100%@1728,0%@1728] GR3D_FREQ 0% cpu@53.406C soc2@52.312C soc0@51.937C gpu@53.593C tj@53.593C soc1@53.437C VDD_IN 8543mW/9448mW VDD_CPU_GPU_CV 2365mW/3024mW VDD_SOC 2606mW/2759mW
09-26-2026 20:59:44 RAM 4992/7620MB (lfb 28x4MB) SWAP 71/12002MB (cached 0MB) CPU [0%@1728,0%@1728,0%@1728,0%@1728,100%@1728,1%@1728] GR3D_FREQ 0% cpu@53.687C soc2@52.468C soc0@52.187C gpu@53.75C tj@53.75C soc1@53.281C VDD_IN 8464mW/9417mW VDD_CPU_GPU_CV 2365mW/3004mW VDD_SOC 2606mW/2754mW
09-26-2026 20:59:45 RAM 4992/7620MB (lfb 28x4MB) SWAP 71/12002MB (cached 0MB) CPU [0%@1728,0%@1728,0%@1728,0%@1728,100%@1728,0%@1728] GR3D_FREQ 0% cpu@53.375C soc2@52.312C soc0@52.031C gpu@53.593C tj@53.593C soc1@53.593C VDD_IN 8424mW/9387mW VDD_CPU_GPU_CV 2365mW/2984mW VDD_SOC 2566mW/2748mW
09-26-2026 20:59:45 RAM 4992/7620MB (lfb 28x4MB) SWAP 71/12002MB (cached 0MB) CPU [0%@1728,0%@1728,0%@1728,0%@1728,100%@1728,0%@1728] GR3D_FREQ 0% cpu@53.656C soc2@52.312C soc0@51.968C gpu@53.437C tj@53.656C soc1@53.531C VDD_IN 8424mW/9359mW VDD_CPU_GPU_CV 2326mW/2965mW VDD_SOC 2566mW/2743mW
09-26-2026 20:59:46 RAM 4993/7620MB (lfb 28x4MB) SWAP 71/12002MB (cached 0MB) CPU [0%@1728,0%@1728,0%@1728,0%@1728,100%@1728,0%@1728] GR3D_FREQ 0% cpu@53.375C soc2@52.343C soc0@52.031C gpu@53.343C tj@53.375C soc1@53.375C VDD_IN 8424mW/9332mW VDD_CPU_GPU_CV 2326mW/2947mW VDD_SOC 2606mW/2739mW
09-26-2026 20:59:46 RAM 4993/7620MB (lfb 28x4MB) SWAP 71/12002MB (cached 0MB) CPU [0%@1728,0%@1728,0%@1728,0%@1728,100%@1728,1%@1728] GR3D_FREQ 0% cpu@53.531C soc2@52.25C soc0@52.281C gpu@53.812C tj@53.812C soc1@53.312C VDD_IN 8424mW/9307mW VDD_CPU_GPU_CV 2365mW/2930mW VDD_SOC 2566mW/2734mW
09-26-2026 20:59:47 RAM 4993/7620MB (lfb 28x4MB) SWAP 71/12002MB (cached 0MB) CPU [0%@1728,0%@1728,0%@1728,0%@1728,100%@1728,0%@1728] GR3D_FREQ 0% cpu@53.281C soc2@52.406C soc0@52.156C gpu@53.562C tj@53.562C soc1@53.468C VDD_IN 8385mW/9282mW VDD_CPU_GPU_CV 2326mW/2914mW VDD_SOC 2566mW/2730mW
09-26-2026 20:59:47 RAM 4993/7620MB (lfb 28x4MB) SWAP 71/12002MB (cached 0MB) CPU [0%@1728,0%@1728,0%@1728,0%@1728,100%@1728,0%@1728] GR3D_FREQ 0% cpu@53.625C soc2@52.125C soc0@51.968C gpu@53.406C tj@53.625C soc1@53.406C VDD_IN 8385mW/9258mW VDD_CPU_GPU_CV 2326mW/2899mW VDD_SOC 2566mW/2725mW
09-26-2026 20:59:48 RAM 4993/7620MB (lfb 28x4MB) SWAP 71/12002MB (cached 0MB) CPU [0%@1728,0%@1728,0%@1728,0%@1728,100%@1728,0%@1728] GR3D_FREQ 0% cpu@53.468C soc2@52.281C soc0@52.218C gpu@53.343C tj@53.468C soc1@53.343C VDD_IN 8424mW/9237mW VDD_CPU_GPU_CV 2326mW/2884mW VDD_SOC 2606mW/2722mW
09-26-2026 20:59:48 RAM 4993/7620MB (lfb 28x4MB) SWAP 71/12002MB (cached 0MB) CPU [0%@1728,0%@1728,0%@1728,0%@1728,100%@1728,0%@1728] GR3D_FREQ 0% cpu@53.281C soc2@52.25C soc0@52.187C gpu@53.375C tj@53.375C soc1@53.281C VDD_IN 8424mW/9217mW VDD_CPU_GPU_CV 2365mW/2871mW VDD_SOC 2566mW/2718mW
09-26-2026 20:59:49 RAM 4993/7620MB (lfb 28x4MB) SWAP 71/12002MB (cached 0MB) CPU [0%@1728,0%@1728,0%@1728,0%@1728,100%@1728,0%@1728] GR3D_FREQ 0% cpu@53.312C soc2@52.343C soc0@52.156C gpu@53.312C tj@53.5C soc1@53.5C VDD_IN 8385mW/9196mW VDD_CPU_GPU_CV 2326mW/2858mW VDD_SOC 2566mW/2715mW
09-26-2026 20:59:49 RAM 4993/7620MB (lfb 28x4MB) SWAP 71/12002MB (cached 0MB) CPU [0%@1728,0%@1728,0%@1728,0%@1728,100%@1728,0%@1728] GR3D_FREQ 0% cpu@53.218C soc2@52.312C soc0@51.906C gpu@53.781C tj@53.781C soc1@53.5C VDD_IN 8424mW/9178mW VDD_CPU_GPU_CV 2326mW/2845mW VDD_SOC 2566mW/2711mW
09-26-2026 20:59:50 RAM 4993/7620MB (lfb 28x4MB) SWAP 71/12002MB (cached 0MB) CPU [0%@1728,0%@1728,0%@1728,0%@1728,100%@1728,0%@1728] GR3D_FREQ 0% cpu@53.375C soc2@52.25C soc0@52.093C gpu@53.562C tj@53.562C soc1@53.406C VDD_IN 8424mW/9160mW VDD_CPU_GPU_CV 2326mW/2833mW VDD_SOC 2610mW/2709mW
09-26-2026 20:59:50 RAM 4993/7620MB (lfb 28x4MB) SWAP 71/12002MB (cached 0MB) CPU [0%@1728,0%@1728,0%@1728,0%@1728,100%@1728,0%@1728] GR3D_FREQ 0% cpu@53.312C soc2@52.218C soc0@52.062C gpu@53.343C tj@53.375C soc1@53.375C VDD_IN 8385mW/9143mW VDD_CPU_GPU_CV 2365mW/2822mW VDD_SOC 2566mW/2706mW
09-26-2026 20:59:51 RAM 4993/7620MB (lfb 28x4MB) SWAP 71/12002MB (cached 0MB) CPU [0%@1728,0%@1728,1%@1728,0%@1728,98%@1728,0%@1728] GR3D_FREQ 0% cpu@53.25C soc2@52.218C soc0@52.093C gpu@53.343C tj@53.343C soc1@53.343C VDD_IN 8385mW/9126mW VDD_CPU_GPU_CV 2326mW/2811mW VDD_SOC 2566mW/2702mW
09-26-2026 20:59:51 RAM 4993/7620MB (lfb 28x4MB) SWAP 71/12002MB (cached 0MB) CPU [0%@1728,3%@1728,0%@1728,0%@1728,100%@1728,0%@1728] GR3D_FREQ 0% cpu@53.437C soc2@52.312C soc0@51.906C gpu@53.718C tj@53.718C soc1@53.5C VDD_IN 8424mW/9111mW VDD_CPU_GPU_CV 2326mW/2801mW VDD_SOC 2606mW/2700mW
09-26-2026 20:59:52 RAM 4993/7620MB (lfb 28x4MB) SWAP 71/12002MB (cached 0MB) CPU [0%@1728,0%@1728,1%@1728,0%@1728,100%@1728,0%@1728] GR3D_FREQ 0% cpu@53.437C soc2@52.218C soc0@52.25C gpu@53.25C tj@53.437C soc1@53.406C VDD_IN 8385mW/9095mW VDD_CPU_GPU_CV 2326mW/2791mW VDD_SOC 2606mW/2698mW
09-26-2026 20:59:52 RAM 4993/7620MB (lfb 28x4MB) SWAP 71/12002MB (cached 0MB) CPU [0%@1728,0%@1728,0%@1728,0%@1728,100%@1728,0%@1728] GR3D_FREQ 0% cpu@53.343C soc2@52.312C soc0@52.125C gpu@53.75C tj@53.75C soc1@53.437C VDD_IN 8424mW/9081mW VDD_CPU_GPU_CV 2365mW/2782mW VDD_SOC 2566mW/2696mW
09-26-2026 20:59:53 RAM 4993/7620MB (lfb 28x4MB) SWAP 71/12002MB (cached 0MB) CPU [0%@1728,0%@1728,0%@1728,0%@1728,100%@1728,0%@1728] GR3D_FREQ 0% cpu@53.25C soc2@52.187C soc0@52C gpu@53.5C tj@53.562C soc1@53.562C VDD_IN 8385mW/9067mW VDD_CPU_GPU_CV 2326mW/2772mW VDD_SOC 2566mW/2693mW
09-26-2026 20:59:53 RAM 4993/7620MB (lfb 28x4MB) SWAP 71/12002MB (cached 0MB) CPU [1%@1728,0%@1728,0%@1728,0%@1728,100%@1728,0%@1728] GR3D_FREQ 0% cpu@53.343C soc2@52.25C soc0@51.968C gpu@53.406C tj@53.468C soc1@53.468C VDD_IN 8424mW/9054mW VDD_CPU_GPU_CV 2286mW/2763mW VDD_SOC 2606mW/2691mW
09-26-2026 20:59:54 RAM 4993/7620MB (lfb 28x4MB) SWAP 71/12002MB (cached 0MB) CPU [0%@1728,0%@1728,0%@1728,0%@1728,100%@1728,0%@1728] GR3D_FREQ 0% cpu@53.437C soc2@52.25C soc0@52.062C gpu@53.187C tj@53.437C soc1@53.406C VDD_IN 8385mW/9041mW VDD_CPU_GPU_CV 2326mW/2754mW VDD_SOC 2570mW/2689mW
09-26-2026 20:59:54 RAM 4993/7620MB (lfb 28x4MB) SWAP 71/12002MB (cached 0MB) CPU [0%@1728,0%@1728,0%@1728,0%@1728,100%@1728,0%@1728] GR3D_FREQ 0% cpu@53.125C soc2@52.406C soc0@52.062C gpu@53.687C tj@53.687C soc1@53.437C VDD_IN 8385mW/9028mW VDD_CPU_GPU_CV 2326mW/2746mW VDD_SOC 2570mW/2687mW
09-26-2026 20:59:55 RAM 4993/7620MB (lfb 28x4MB) SWAP 71/12002MB (cached 0MB) CPU [0%@1728,0%@1728,1%@1728,0%@1728,100%@1728,0%@1728] GR3D_FREQ 0% cpu@53.343C soc2@52.343C soc0@52C gpu@53.531C tj@53.593C soc1@53.593C VDD_IN 8385mW/9016mW VDD_CPU_GPU_CV 2326mW/2738mW VDD_SOC 2566mW/2684mW
09-26-2026 20:59:55 RAM 4993/7620MB (lfb 28x4MB) SWAP 71/12002MB (cached 0MB) CPU [0%@1728,0%@1728,0%@1728,0%@1728,100%@1728,0%@1728] GR3D_FREQ 0% cpu@53.531C soc2@52.156C soc0@51.875C gpu@53.406C tj@53.468C soc1@53.468C VDD_IN 8385mW/9005mW VDD_CPU_GPU_CV 2326mW/2730mW VDD_SOC 2566mW/2682mW
09-26-2026 20:59:56 RAM 4993/7620MB (lfb 28x4MB) SWAP 71/12002MB (cached 0MB) CPU [0%@1728,0%@1728,0%@1728,0%@1728,100%@1728,0%@1728] GR3D_FREQ 0% cpu@53.531C soc2@52.187C soc0@51.968C gpu@53.468C tj@53.531C soc1@53.406C VDD_IN 8385mW/8993mW VDD_CPU_GPU_CV 2326mW/2723mW VDD_SOC 2566mW/2680mW
09-26-2026 20:59:56 RAM 4993/7620MB (lfb 28x4MB) SWAP 71/12002MB (cached 0MB) CPU [0%@1728,0%@1728,0%@1728,0%@1728,98%@1728,0%@1728] GR3D_FREQ 0% cpu@53.5C soc2@52.406C soc0@52.25C gpu@53.375C tj@53.5C soc1@53.437C VDD_IN 8424mW/8983mW VDD_CPU_GPU_CV 2365mW/2717mW VDD_SOC 2566mW/2678mW
09-26-2026 20:59:57 RAM 4993/7620MB (lfb 28x4MB) SWAP 71/12002MB (cached 0MB) CPU [0%@1728,0%@1728,0%@1728,0%@1728,100%@1728,0%@1728] GR3D_FREQ 0% cpu@53.312C soc2@52.375C soc0@52.187C gpu@53.343C tj@53.375C soc1@53.375C VDD_IN 8385mW/8973mW VDD_CPU_GPU_CV 2326mW/2710mW VDD_SOC 2566mW/2676mW
09-26-2026 20:59:57 RAM 4993/7620MB (lfb 28x4MB) SWAP 71/12002MB (cached 0MB) CPU [0%@1728,0%@1728,0%@1728,0%@1728,100%@1728,0%@1728] GR3D_FREQ 0% cpu@53.593C soc2@52.187C soc0@51.968C gpu@53.781C tj@53.781C soc1@53.531C VDD_IN 8424mW/8963mW VDD_CPU_GPU_CV 2286mW/2702mW VDD_SOC 2606mW/2675mW
09-26-2026 20:59:58 RAM 4993/7620MB (lfb 28x4MB) SWAP 71/12002MB (cached 0MB) CPU [0%@1728,0%@1728,0%@1728,0%@1728,100%@1728,0%@1728] GR3D_FREQ 0% cpu@53.718C soc2@52.25C soc0@52.25C gpu@53.531C tj@53.718C soc1@53.406C VDD_IN 8424mW/8954mW VDD_CPU_GPU_CV 2365mW/2697mW VDD_SOC 2566mW/2673mW
09-26-2026 20:59:58 RAM 4993/7620MB (lfb 28x4MB) SWAP 71/12002MB (cached 0MB) CPU [1%@1728,0%@1728,0%@1728,0%@1728,100%@1728,1%@1728] GR3D_FREQ 0% cpu@53.375C soc2@52.312C soc0@52.125C gpu@53.312C tj@53.375C soc1@53.375C VDD_IN 8385mW/8945mW VDD_CPU_GPU_CV 2326mW/2691mW VDD_SOC 2566mW/2671mW
09-26-2026 20:59:59 RAM 4993/7620MB (lfb 28x4MB) SWAP 71/12002MB (cached 0MB) CPU [0%@1728,0%@1728,0%@1728,0%@1728,100%@1728,0%@1728] GR3D_FREQ 0% cpu@53.468C soc2@52.218C soc0@52.093C gpu@53.187C tj@53.593C soc1@53.593C VDD_IN 8385mW/8935mW VDD_CPU_GPU_CV 2326mW/2685mW VDD_SOC 2606mW/2670mW
09-26-2026 20:59:59 RAM 4994/7620MB (lfb 28x4MB) SWAP 71/12002MB (cached 0MB) CPU [0%@1728,0%@1728,1%@1728,0%@1728,100%@1728,0%@1728] GR3D_FREQ 0% cpu@53.656C soc2@52.218C soc0@52C gpu@53.343C tj@53.656C soc1@53.562C VDD_IN 8424mW/8927mW VDD_CPU_GPU_CV 2326mW/2679mW VDD_SOC 2606mW/2669mW
09-26-2026 21:00:00 RAM 4994/7620MB (lfb 28x4MB) SWAP 71/12002MB (cached 0MB) CPU [0%@1728,0%@1728,0%@1728,0%@1728,100%@1728,0%@1728] GR3D_FREQ 0% cpu@53.687C soc2@52.25C soc0@52.031C gpu@53.25C tj@54.218C soc1@53.531C VDD_IN 8424mW/8919mW VDD_CPU_GPU_CV 2365mW/2674mW VDD_SOC 2606mW/2668mW
09-26-2026 21:00:00 RAM 4994/7620MB (lfb 28x4MB) SWAP 71/12002MB (cached 0MB) CPU [0%@1728,1%@1728,0%@1728,0%@1728,100%@1728,0%@1728] GR3D_FREQ 0% cpu@53.531C soc2@52.281C soc0@52.218C gpu@53.781C tj@53.781C soc1@53.375C VDD_IN 8424mW/8911mW VDD_CPU_GPU_CV 2365mW/2669mW VDD_SOC 2606mW/2667mW
09-26-2026 21:00:01 RAM 4994/7620MB (lfb 28x4MB) SWAP 71/12002MB (cached 0MB) CPU [1%@1728,0%@1728,0%@1728,0%@1728,100%@1728,0%@1728] GR3D_FREQ 0% cpu@53.218C soc2@52.406C soc0@51.937C gpu@53.531C tj@53.593C soc1@53.593C VDD_IN 8385mW/8903mW VDD_CPU_GPU_CV 2326mW/2664mW VDD_SOC 2606mW/2666mW
09-26-2026 21:00:01 RAM 4994/7620MB (lfb 28x4MB) SWAP 71/12002MB (cached 0MB) CPU [0%@1728,0%@1728,0%@1728,0%@1728,100%@1728,0%@1728] GR3D_FREQ 0% cpu@53.625C soc2@52.312C soc0@51.906C gpu@53.312C tj@53.625C soc1@53.468C VDD_IN 8424mW/8896mW VDD_CPU_GPU_CV 2286mW/2658mW VDD_SOC 2606mW/2665mW
09-26-2026 21:00:02 RAM 4994/7620MB (lfb 28x4MB) SWAP 71/12002MB (cached 0MB) CPU [0%@1728,0%@1728,0%@1728,0%@1728,100%@1728,0%@1728] GR3D_FREQ 0% cpu@53.5C soc2@52.218C soc0@52C gpu@53.312C tj@53.5C soc1@53.375C VDD_IN 8385mW/8888mW VDD_CPU_GPU_CV 2365mW/2654mW VDD_SOC 2566mW/2664mW
09-26-2026 21:00:02 RAM 4994/7620MB (lfb 28x4MB) SWAP 71/12002MB (cached 0MB) CPU [0%@1728,0%@1728,0%@1728,0%@1728,98%@1728,0%@1728] GR3D_FREQ 0% cpu@53.562C soc2@52.343C soc0@52.218C gpu@53.687C tj@53.687C soc1@53.437C VDD_IN 8385mW/8881mW VDD_CPU_GPU_CV 2326mW/2649mW VDD_SOC 2566mW/2662mW
09-26-2026 21:00:03 RAM 4994/7620MB (lfb 28x4MB) SWAP 71/12002MB (cached 0MB) CPU [0%@1728,0%@1728,1%@1728,0%@1728,100%@1728,0%@1728] GR3D_FREQ 0% cpu@53.406C soc2@52.218C soc0@52.031C gpu@53.25C tj@53.406C soc1@53.375C VDD_IN 8424mW/8874mW VDD_CPU_GPU_CV 2326mW/2644mW VDD_SOC 2606mW/2662mW
09-26-2026 21:00:03 RAM 4994/7620MB (lfb 28x4MB) SWAP 71/12002MB (cached 0MB) CPU [1%@1728,0%@1728,0%@1728,0%@1728,100%@1728,0%@1728] GR3D_FREQ 0% cpu@53.656C soc2@52.312C soc0@52.031C gpu@53.625C tj@53.656C soc1@53.468C VDD_IN 8424mW/8868mW VDD_CPU_GPU_CV 2326mW/2640mW VDD_SOC 2606mW/2661mW
09-26-2026 21:00:04 RAM 4994/7620MB (lfb 28x4MB) SWAP 71/12002MB (cached 0MB) CPU [0%@1728,0%@1728,0%@1728,0%@1728,100%@1728,0%@1728] GR3D_FREQ 0% cpu@53.437C soc2@52.406C soc0@51.937C gpu@53.406C tj@53.437C soc1@53.406C VDD_IN 8385mW/8861mW VDD_CPU_GPU_CV 2326mW/2635mW VDD_SOC 2566mW/2659mW
09-26-2026 21:00:04 RAM 4994/7620MB (lfb 28x4MB) SWAP 71/12002MB (cached 0MB) CPU [0%@1728,0%@1728,1%@1728,0%@1728,100%@1728,0%@1728] GR3D_FREQ 0% cpu@53.625C soc2@52.312C soc0@52.156C gpu@53.406C tj@53.625C soc1@53.406C VDD_IN 8385mW/8855mW VDD_CPU_GPU_CV 2326mW/2631mW VDD_SOC 2566mW/2658mW
09-26-2026 21:00:05 RAM 4994/7620MB (lfb 28x4MB) SWAP 71/12002MB (cached 0MB) CPU [0%@1728,0%@1728,0%@1728,0%@1728,100%@1728,0%@1728] GR3D_FREQ 0% cpu@53.375C soc2@52.187C soc0@52.093C gpu@53.281C tj@53.562C soc1@53.562C VDD_IN 8424mW/8849mW VDD_CPU_GPU_CV 2326mW/2627mW VDD_SOC 2606mW/2657mW
09-26-2026 21:00:05 RAM 4994/7620MB (lfb 28x4MB) SWAP 71/12002MB (cached 0MB) CPU [0%@1728,0%@1728,0%@1728,0%@1728,75%@1728,7%@1728] GR3D_FREQ 52% cpu@53.375C soc2@52.375C soc0@51.937C gpu@54.343C tj@54.343C soc1@53.531C VDD_IN 10306mW/8868mW VDD_CPU_GPU_CV 3379mW/2637mW VDD_SOC 2956mW/2661mW
09-26-2026 21:00:06 RAM 4994/7620MB (lfb 28x4MB) SWAP 71/12002MB (cached 0MB) CPU [0%@1728,0%@1728,0%@1728,5%@1728,0%@1728,82%@1728] GR3D_FREQ 35% cpu@53.562C soc2@52.406C soc0@52.062C gpu@53.906C tj@53.906C soc1@53.437C VDD_IN 10683mW/8893mW VDD_CPU_GPU_CV 3575mW/2649mW VDD_SOC 3070mW/2667mW
09-26-2026 21:00:06 RAM 4994/7620MB (lfb 28x4MB) SWAP 71/12002MB (cached 0MB) CPU [0%@1728,0%@1728,0%@1728,0%@1728,0%@1728,98%@1728] GR3D_FREQ 0% cpu@53.218C soc2@52.406C soc0@52.281C gpu@53.718C tj@53.718C soc1@53.375C VDD_IN 9279mW/8898mW VDD_CPU_GPU_CV 2794mW/2651mW VDD_SOC 2764mW/2668mW
09-26-2026 21:00:07 RAM 4994/7620MB (lfb 28x4MB) SWAP 71/12002MB (cached 0MB) CPU [1%@1728,1%@1728,0%@1728,0%@1728,0%@1728,100%@1728] GR3D_FREQ 0% cpu@53.218C soc2@52.468C soc0@52.312C gpu@53.593C tj@53.593C soc1@53.406C VDD_IN 8661mW/8895mW VDD_CPU_GPU_CV 2444mW/2649mW VDD_SOC 2645mW/2668mW
09-26-2026 21:00:07 RAM 4996/7620MB (lfb 28x4MB) SWAP 71/12002MB (cached 0MB) CPU [0%@1728,0%@1728,0%@1728,0%@1728,0%@1728,100%@1728] GR3D_FREQ 0% cpu@53.375C soc2@52.406C soc0@52.125C gpu@53.437C tj@53.593C soc1@53.593C VDD_IN 8503mW/8890mW VDD_CPU_GPU_CV 2365mW/2645mW VDD_SOC 2606mW/2667mW
09-26-2026 21:00:08 RAM 4996/7620MB (lfb 28x4MB) SWAP 71/12002MB (cached 0MB) CPU [0%@1728,0%@1728,0%@1728,1%@1728,0%@1728,100%@1728] GR3D_FREQ 0% cpu@53.437C soc2@52.312C soc0@52C gpu@53.281C tj@53.5C soc1@53.5C VDD_IN 8424mW/8884mW VDD_CPU_GPU_CV 2365mW/2641mW VDD_SOC 2566mW/2666mW
09-26-2026 21:00:08 RAM 5041/7620MB (lfb 28x4MB) SWAP 71/12002MB (cached 0MB) CPU [0%@1728,0%@1728,0%@1728,3%@1728,48%@1728,51%@1728] GR3D_FREQ 0% cpu@53.468C soc2@52.312C soc0@52.343C gpu@53.656C tj@53.656C soc1@53.343C VDD_IN 8424mW/8878mW VDD_CPU_GPU_CV 2365mW/2638mW VDD_SOC 2606mW/2665mW
09-26-2026 21:00:09 RAM 5121/7620MB (lfb 28x4MB) SWAP 71/12002MB (cached 0MB) CPU [1%@1728,0%@1728,1%@1728,0%@1728,100%@1728,0%@1728] GR3D_FREQ 0% cpu@53.406C soc2@52.437C soc0@52.156C gpu@53.5C tj@53.406C soc1@53.312C VDD_IN 8385mW/8872mW VDD_CPU_GPU_CV 2326mW/2634mW VDD_SOC 2566mW/2664mW
09-26-2026 21:00:09 RAM 5193/7620MB (lfb 28x4MB) SWAP 71/12002MB (cached 0MB) CPU [0%@1728,0%@1728,0%@1728,0%@1728,100%@1728,0%@1728] GR3D_FREQ 0% cpu@53.25C soc2@52.437C soc0@52.093C gpu@53.593C tj@53.593C soc1@53.593C VDD_IN 8385mW/8866mW VDD_CPU_GPU_CV 2286mW/2630mW VDD_SOC 2606mW/2663mW
09-26-2026 21:00:10 RAM 5250/7620MB (lfb 28x4MB) SWAP 71/12002MB (cached 0MB) CPU [0%@1728,90%@1728,5%@1728,0%@1728,100%@1728,0%@1728] GR3D_FREQ 0% cpu@53.968C soc2@52.218C soc0@52.156C gpu@53.562C tj@53.968C soc1@53.468C VDD_IN 8938mW/8867mW VDD_CPU_GPU_CV 2799mW/2632mW VDD_SOC 2606mW/2662mW
09-26-2026 21:00:10 RAM 5338/7620MB (lfb 28x4MB) SWAP 71/12002MB (cached 0MB) CPU [0%@1728,100%@1728,0%@1728,0%@1728,78%@1728,0%@1728] GR3D_FREQ 0% cpu@53.531C soc2@52.531C soc0@52.218C gpu@53.593C tj@53.593C soc1@53.5C VDD_IN 8978mW/8868mW VDD_CPU_GPU_CV 2799mW/2634mW VDD_SOC 2606mW/2662mW
09-26-2026 21:00:11 RAM 5381/7620MB (lfb 28x4MB) SWAP 71/12002MB (cached 0MB) CPU [0%@1728,70%@1728,0%@1728,34%@1728,30%@1728,0%@1728] GR3D_FREQ 0% cpu@53.937C soc2@52.375C soc0@52.125C gpu@53.343C tj@53.937C soc1@53.531C VDD_IN 8859mW/8868mW VDD_CPU_GPU_CV 2680mW/2634mW VDD_SOC 2606mW/2661mW
09-26-2026 21:00:11 RAM 5455/7620MB (lfb 23x4MB) SWAP 71/12002MB (cached 0MB) CPU [0%@1728,0%@1728,0%@1728,100%@1728,100%@1728,0%@1728] GR3D_FREQ 0% cpu@54.218C soc2@52.406C soc0@52.187C gpu@53.718C tj@54.218C soc1@53.625C VDD_IN 9121mW/8871mW VDD_CPU_GPU_CV 2956mW/2638mW VDD_SOC 2606mW/2660mW
09-26-2026 21:00:12 RAM 5536/7620MB (lfb 3x4MB) SWAP 71/12002MB (cached 0MB) CPU [0%@1728,0%@1728,1%@1728,100%@1728,90%@1728,0%@1728] GR3D_FREQ 0% cpu@53.656C soc2@52.406C soc0@52.062C gpu@53.437C tj@53.656C soc1@53.531C VDD_IN 9096mW/8874mW VDD_CPU_GPU_CV 2877mW/2641mW VDD_SOC 2645mW/2660mW
09-26-2026 21:00:12 RAM 5540/7620MB (lfb 2x4MB) SWAP 71/12002MB (cached 0MB) CPU [0%@1728,0%@1728,0%@1728,100%@1728,80%@1728,0%@1728] GR3D_FREQ 0% cpu@53.968C soc2@52.406C soc0@52.125C gpu@53.812C tj@53.968C soc1@53.5C VDD_IN 9096mW/8876mW VDD_CPU_GPU_CV 2917mW/2644mW VDD_SOC 2606mW/2660mW
09-26-2026 21:00:13 RAM 5540/7620MB (lfb 2x4MB) SWAP 71/12002MB (cached 0MB) CPU [0%@1728,0%@1728,1%@1728,100%@1728,100%@1728,0%@1728] GR3D_FREQ 0% cpu@54C soc2@52.593C soc0@52.125C gpu@53.687C tj@54C soc1@53.562C VDD_IN 9240mW/8880mW VDD_CPU_GPU_CV 3030mW/2648mW VDD_SOC 2645mW/2659mW
09-26-2026 21:00:13 RAM 5541/7620MB (lfb 2x4MB) SWAP 71/12002MB (cached 0MB) CPU [47%@1728,0%@1728,0%@1728,45%@1728,52%@1728,62%@1728] GR3D_FREQ 0% cpu@53.468C soc2@52.562C soc0@52.156C gpu@53.593C tj@53.781C soc1@53.781C VDD_IN 9240mW/8884mW VDD_CPU_GPU_CV 3030mW/2653mW VDD_SOC 2645mW/2659mW
09-26-2026 21:00:14 RAM 5541/7620MB (lfb 2x4MB) SWAP 71/12002MB (cached 0MB) CPU [100%@1728,2%@1728,0%@1728,0%@1728,2%@1728,100%@1728] GR3D_FREQ 0% cpu@53.906C soc2@52.593C soc0@52.187C gpu@53.5C tj@53.781C soc1@53.687C VDD_IN 9279mW/8888mW VDD_CPU_GPU_CV 3070mW/2657mW VDD_SOC 2645mW/2659mW
09-26-2026 21:00:14 RAM 5541/7620MB (lfb 2x4MB) SWAP 71/12002MB (cached 0MB) CPU [7%@1728,0%@1728,0%@1728,44%@1728,0%@1728,100%@1728] GR3D_FREQ 0% cpu@53.968C soc2@52.437C soc0@52.25C gpu@53.531C tj@53.968C soc1@53.5C VDD_IN 9017mW/8890mW VDD_CPU_GPU_CV 2838mW/2659mW VDD_SOC 2606mW/2659mW
09-26-2026 21:00:15 RAM 5541/7620MB (lfb 2x4MB) SWAP 71/12002MB (cached 0MB) CPU [0%@1728,0%@1728,0%@1728,100%@1728,1%@1728,100%@1728] GR3D_FREQ 0% cpu@53.968C soc2@52.656C soc0@52.343C gpu@54.062C tj@54.062C soc1@53.5C VDD_IN 9200mW/8893mW VDD_CPU_GPU_CV 2991mW/2663mW VDD_SOC 2645mW/2658mW
09-26-2026 21:00:15 RAM 5542/7620MB (lfb 2x4MB) SWAP 71/12002MB (cached 0MB) CPU [0%@1728,0%@1728,0%@1728,100%@1728,0%@1728,82%@1728] GR3D_FREQ 0% cpu@53.593C soc2@52.562C soc0@52.031C gpu@53.75C tj@53.75C soc1@53.562C VDD_IN 9096mW/8895mW VDD_CPU_GPU_CV 2838mW/2665mW VDD_SOC 2645mW/2658mW
09-26-2026 21:00:16 RAM 5542/7620MB (lfb 2x4MB) SWAP 71/12002MB (cached 0MB) CPU [0%@1728,0%@1728,0%@1728,100%@1728,0%@1728,0%@1728] GR3D_FREQ 0% cpu@53.875C soc2@52.531C soc0@52.218C gpu@53.593C tj@53.875C soc1@53.687C VDD_IN 8622mW/8893mW VDD_CPU_GPU_CV 2523mW/2663mW VDD_SOC 2606mW/2658mW
09-26-2026 21:00:16 RAM 5542/7620MB (lfb 2x4MB) SWAP 71/12002MB (cached 0MB) CPU [1%@1728,1%@1728,0%@1728,39%@1728,56%@1728,0%@1728] GR3D_FREQ 0% cpu@53.625C soc2@52.437C soc0@52.218C gpu@53.5C tj@53.531C soc1@53.531C VDD_IN 8622mW/8890mW VDD_CPU_GPU_CV 2483mW/2661mW VDD_SOC 2606mW/2657mW
09-26-2026 21:00:17 RAM 5542/7620MB (lfb 2x4MB) SWAP 71/12002MB (cached 0MB) CPU [0%@1728,0%@1728,0%@1728,0%@1728,100%@1728,0%@1728] GR3D_FREQ 0% cpu@53.531C soc2@52.468C soc0@52.343C gpu@53.593C tj@53.593C soc1@53.468C VDD_IN 8424mW/8885mW VDD_CPU_GPU_CV 2365mW/2658mW VDD_SOC 2566mW/2656mW
09-26-2026 21:00:17 RAM 5542/7620MB (lfb 2x4MB) SWAP 71/12002MB (cached 0MB) CPU [0%@1728,0%@1728,0%@1728,0%@1728,100%@1728,0%@1728] GR3D_FREQ 0% cpu@53.843C soc2@52.406C soc0@52.218C gpu@53.406C tj@53.843C soc1@53.406C VDD_IN 8424mW/8880mW VDD_CPU_GPU_CV 2365mW/2655mW VDD_SOC 2566mW/2655mW
09-26-2026 21:00:18 RAM 5542/7620MB (lfb 2x4MB) SWAP 71/12002MB (cached 0MB) CPU [1%@1728,0%@1728,0%@1728,0%@1728,100%@1728,0%@1728] GR3D_FREQ 0% cpu@53.562C soc2@52.406C soc0@52.156C gpu@53.937C tj@53.937C soc1@53.593C VDD_IN 8424mW/8876mW VDD_CPU_GPU_CV 2365mW/2652mW VDD_SOC 2566mW/2654mW
09-26-2026 21:00:19 RAM 5542/7620MB (lfb 2x4MB) SWAP 71/12002MB (cached 0MB) CPU [0%@1728,0%@1728,0%@1728,0%@1728,100%@1728,0%@1728] GR3D_FREQ 0% cpu@53.593C soc2@52.375C soc0@52.125C gpu@53.656C tj@53.656C soc1@53.531C VDD_IN 8345mW/8870mW VDD_CPU_GPU_CV 2326mW/2649mW VDD_SOC 2566mW/2654mW
09-26-2026 21:00:19 RAM 5542/7620MB (lfb 2x4MB) SWAP 71/12002MB (cached 0MB) CPU [0%@1728,0%@1728,0%@1728,0%@1728,100%@1728,0%@1728] GR3D_FREQ 0% cpu@53.75C soc2@52.406C soc0@52.281C gpu@53.468C tj@53.75C soc1@53.406C VDD_IN 8385mW/8865mW VDD_CPU_GPU_CV 2365mW/2646mW VDD_SOC 2570mW/2653mW
09-26-2026 21:00:20 RAM 5542/7620MB (lfb 2x4MB) SWAP 71/12002MB (cached 0MB) CPU [0%@1728,0%@1728,0%@1728,0%@1728,100%@1728,0%@1728] GR3D_FREQ 0% cpu@53.375C soc2@52.5C soc0@52.375C gpu@53.406C tj@53.468C soc1@53.468C VDD_IN 8385mW/8861mW VDD_CPU_GPU_CV 2365mW/2643mW VDD_SOC 2570mW/2652mW
09-26-2026 21:00:20 RAM 5542/7620MB (lfb 2x4MB) SWAP 71/12002MB (cached 0MB) CPU [0%@1728,1%@1728,0%@1728,0%@1728,100%@1728,0%@1728] GR3D_FREQ 0% cpu@53.468C soc2@52.406C soc0@52.156C gpu@53.812C tj@53.812C soc1@53.562C VDD_IN 8385mW/8856mW VDD_CPU_GPU_CV 2326mW/2640mW VDD_SOC 2566mW/2651mW
09-26-2026 21:00:21 RAM 5542/7620MB (lfb 2x4MB) SWAP 71/12002MB (cached 0MB) CPU [0%@1728,0%@1728,0%@1728,0%@1728,100%@1728,0%@1728] GR3D_FREQ 0% cpu@53.468C soc2@52.281C soc0@52.156C gpu@53.343C tj@53.531C soc1@53.531C VDD_IN 8385mW/8852mW VDD_CPU_GPU_CV 2326mW/2637mW VDD_SOC 2570mW/2650mW
09-26-2026 21:00:21 RAM 5542/7620MB (lfb 2x4MB) SWAP 71/12002MB (cached 0MB) CPU [0%@1728,0%@1728,0%@1728,0%@1728,100%@1728,0%@1728] GR3D_FREQ 0% cpu@53.468C soc2@52.468C soc0@52.343C gpu@53.906C tj@53.906C soc1@53.468C VDD_IN 8385mW/8847mW VDD_CPU_GPU_CV 2326mW/2634mW VDD_SOC 2570mW/2650mW
09-26-2026 21:00:22 RAM 5542/7620MB (lfb 2x4MB) SWAP 71/12002MB (cached 0MB) CPU [1%@1728,2%@1728,0%@1728,1%@1728,96%@1728,1%@1728] GR3D_FREQ 0% cpu@53.531C soc2@52.375C soc0@52.187C gpu@53.781C tj@53.781C soc1@53.5C VDD_IN 9017mW/8849mW VDD_CPU_GPU_CV 2680mW/2635mW VDD_SOC 2724mW/2650mW
09-26-2026 21:00:22 RAM 5542/7620MB (lfb 2x4MB) SWAP 71/12002MB (cached 0MB) CPU [0%@1728,2%@1728,1%@1728,0%@1728,100%@1728,0%@1728] GR3D_FREQ 0% cpu@53.5C soc2@52.375C soc0@52.062C gpu@53.5C tj@53.718C soc1@53.718C VDD_IN 8661mW/8847mW VDD_CPU_GPU_CV 2444mW/2633mW VDD_SOC 2645mW/2650mW
09-26-2026 21:00:23 RAM 5542/7620MB (lfb 2x4MB) SWAP 71/12002MB (cached 0MB) CPU [0%@1728,0%@1728,0%@1728,0%@1728,100%@1728,0%@1728] GR3D_FREQ 0% cpu@53.625C soc2@52.406C soc0@52.062C gpu@53.406C tj@53.625C soc1@53.468C VDD_IN 8464mW/8843mW VDD_CPU_GPU_CV 2365mW/2631mW VDD_SOC 2606mW/2650mW
09-26-2026 21:00:23 RAM 5542/7620MB (lfb 2x4MB) SWAP 71/12002MB (cached 0MB) CPU [0%@1728,0%@1728,1%@1728,0%@1728,100%@1728,0%@1728] GR3D_FREQ 0% cpu@53.531C soc2@52.406C soc0@52.25C gpu@53.812C tj@53.812C soc1@53.468C VDD_IN 8385mW/8839mW VDD_CPU_GPU_CV 2365mW/2628mW VDD_SOC 2566mW/2649mW
09-26-2026 21:00:24 RAM 5542/7620MB (lfb 2x4MB) SWAP 71/12002MB (cached 0MB) CPU [0%@1728,0%@1728,0%@1728,0%@1728,100%@1728,0%@1728] GR3D_FREQ 0% cpu@53.531C soc2@52.5C soc0@52.343C gpu@53.656C tj@53.531C soc1@53.468C VDD_IN 8424mW/8835mW VDD_CPU_GPU_CV 2326mW/2625mW VDD_SOC 2606mW/2649mW
09-26-2026 21:00:24 RAM 5542/7620MB (lfb 7x1MB) SWAP 71/12002MB (cached 0MB) CPU [0%@1728,25%@1728,0%@1728,0%@1728,40%@1728,44%@1728] GR3D_FREQ 0% cpu@53.656C soc2@52.562C soc0@52.156C gpu@54C tj@54C soc1@53.687C VDD_IN 9753mW/8844mW VDD_CPU_GPU_CV 2952mW/2628mW VDD_SOC 2917mW/2651mW
09-26-2026 21:00:25 RAM 5550/7620MB (lfb 7x1MB) SWAP 71/12002MB (cached 0MB) CPU [0%@1728,10%@1728,0%@1728,0%@1728,0%@1728,73%@1728] GR3D_FREQ 73% cpu@53.531C soc2@52.656C soc0@52.187C gpu@55.343C tj@55.343C soc1@53.625C VDD_IN 13124mW/8882mW VDD_CPU_GPU_CV 5044mW/2650mW VDD_SOC 3609mW/2660mW
09-26-2026 21:00:25 RAM 5550/7620MB (lfb 7x1MB) SWAP 71/12002MB (cached 0MB) CPU [1%@1728,1%@1728,2%@1728,0%@1728,0%@1728,40%@1728] GR3D_FREQ 74% cpu@54.062C soc2@53.156C soc0@52.375C gpu@55.875C tj@55.875C soc1@53.562C VDD_IN 17099mW/8955mW VDD_CPU_GPU_CV 7497mW/2693mW VDD_SOC 4287mW/2674mW
09-26-2026 21:00:26 RAM 5550/7620MB (lfb 7x1MB) SWAP 71/12002MB (cached 0MB) CPU [0%@1728,0%@1728,0%@1728,0%@1728,0%@1728,40%@1728] GR3D_FREQ 74% cpu@54.093C soc2@53.468C soc0@52.687C gpu@56.125C tj@56.125C soc1@53.656C VDD_IN 18240mW/9036mW VDD_CPU_GPU_CV 8183mW/2741mW VDD_SOC 4474mW/2690mW
09-26-2026 21:00:26 RAM 5550/7620MB (lfb 7x1MB) SWAP 71/12002MB (cached 0MB) CPU [3%@1728,0%@1728,0%@1728,3%@1728,0%@1728,37%@1728] GR3D_FREQ 74% cpu@54.156C soc2@53.625C soc0@52.812C gpu@56.781C tj@56.781C soc1@53.781C VDD_IN 18591mW/9119mW VDD_CPU_GPU_CV 8440mW/2790mW VDD_SOC 4552mW/2706mW
09-26-2026 21:00:27 RAM 5562/7620MB (lfb 1x4MB) SWAP 71/12002MB (cached 0MB) CPU [12%@1728,21%@1728,17%@1728,16%@1728,19%@1728,73%@1728] GR3D_FREQ 2% cpu@54.312C soc2@53.562C soc0@52.781C gpu@54.75C tj@54.75C soc1@54C VDD_IN 13613mW/9158mW VDD_CPU_GPU_CV 5513mW/2814mW VDD_SOC 3525mW/2713mW
09-26-2026 21:00:27 RAM 5605/7620MB (lfb 1x2MB) SWAP 71/12002MB (cached 0MB) CPU [0%@1728,0%@1728,0%@1728,0%@1728,0%@1728,100%@1728] GR3D_FREQ 2% cpu@54.062C soc2@53.156C soc0@52.75C gpu@54.812C tj@54.812C soc1@53.937C VDD_IN 10210mW/9167mW VDD_CPU_GPU_CV 3418mW/2819mW VDD_SOC 2877mW/2714mW
09-26-2026 21:00:28 RAM 5652/7620MB (lfb 1x2MB) SWAP 71/12002MB (cached 0MB) CPU [0%@1728,0%@1728,0%@1728,0%@1728,0%@1728,100%@1728] GR3D_FREQ 2% cpu@53.937C soc2@53.031C soc0@52.937C gpu@54.312C tj@54.312C soc1@53.875C VDD_IN 9161mW/9167mW VDD_CPU_GPU_CV 2755mW/2819mW VDD_SOC 2685mW/2714mW
09-26-2026 21:00:28 RAM 5695/7620MB (lfb 1x4MB) SWAP 71/12002MB (cached 0MB) CPU [0%@1728,0%@1728,0%@1728,0%@1728,0%@1728,100%@1728] GR3D_FREQ 2% cpu@53.656C soc2@52.843C soc0@52.625C gpu@54.125C tj@54.125C soc1@53.781C VDD_IN 8859mW/9164mW VDD_CPU_GPU_CV 2601mW/2817mW VDD_SOC 2645mW/2714mW
09-26-2026 21:00:29 RAM 5698/7620MB (lfb 1x4MB) SWAP 71/12002MB (cached 0MB) CPU [0%@1728,30%@1728,0%@1728,0%@1728,6%@1728,42%@1728] GR3D_FREQ 74% cpu@54.031C soc2@53.25C soc0@52.562C gpu@55.562C tj@55.562C soc1@54.031C VDD_IN 12319mW/9191mW VDD_CPU_GPU_CV 5405mW/2838mW VDD_SOC 2907mW/2715mW
09-26-2026 21:00:29 RAM 5698/7620MB (lfb 1x4MB) SWAP 71/12002MB (cached 0MB) CPU [0%@1728,50%@1728,0%@1728,0%@1728,35%@1728,0%@1728] GR3D_FREQ 61% cpu@54.437C soc2@53.343C soc0@52.812C gpu@55.781C tj@55.781C soc1@53.937C VDD_IN 14005mW/9230mW VDD_CPU_GPU_CV 6597mW/2869mW VDD_SOC 3094mW/2718mW
09-26-2026 21:00:30 RAM 5699/7620MB (lfb 1x4MB) SWAP 71/12002MB (cached 0MB) CPU [0%@1728,57%@1728,0%@1728,0%@1728,34%@1728,0%@1728] GR3D_FREQ 32% cpu@54.25C soc2@53.593C soc0@53.031C gpu@55.343C tj@55.343C soc1@54C VDD_IN 14358mW/9272mW VDD_CPU_GPU_CV 6508mW/2899mW VDD_SOC 3290mW/2723mW
09-26-2026 21:00:30 RAM 5703/7620MB (lfb 6x1MB) SWAP 71/12002MB (cached 0MB) CPU [1%@1728,3%@1728,0%@1728,0%@1728,100%@1728,0%@1728] GR3D_FREQ 10% cpu@54.218C soc2@53.25C soc0@52.937C gpu@54.843C tj@54.843C soc1@53.968C VDD_IN 10250mW/9280mW VDD_CPU_GPU_CV 3615mW/2905mW VDD_SOC 2799mW/2724mW
09-26-2026 21:00:31 RAM 5703/7620MB (lfb 6x1MB) SWAP 71/12002MB (cached 0MB) CPU [0%@1728,2%@1728,3%@1728,0%@1728,32%@1728,0%@1728] GR3D_FREQ 74% cpu@54.375C soc2@53.531C soc0@52.906C gpu@56.093C tj@56.093C soc1@54.093C VDD_IN 14045mW/9319mW VDD_CPU_GPU_CV 5895mW/2929mW VDD_SOC 3525mW/2730mW
09-26-2026 21:00:31 RAM 5703/7620MB (lfb 6x1MB) SWAP 71/12002MB (cached 0MB) CPU [1%@1728,0%@1728,0%@1728,0%@1728,70%@1728,0%@1728] GR3D_FREQ 0% cpu@54.437C soc2@53.406C soc0@52.812C gpu@54.875C tj@54.875C soc1@54.125C VDD_IN 11965mW/9340mW VDD_CPU_GPU_CV 4465mW/2941mW VDD_SOC 3222mW/2734mW
09-26-2026 21:00:32 RAM 5703/7620MB (lfb 6x1MB) SWAP 71/12002MB (cached 0MB) CPU [0%@1728,0%@1728,0%@1728,0%@1728,100%@1728,0%@1728] GR3D_FREQ 0% cpu@54.375C soc2@53.343C soc0@52.937C gpu@54.406C tj@54.406C soc1@54.156C VDD_IN 9398mW/9340mW VDD_CPU_GPU_CV 2952mW/2941mW VDD_SOC 2720mW/2734mW
09-26-2026 21:00:32 RAM 5750/7620MB (lfb 7x1MB) SWAP 71/12002MB (cached 0MB) CPU [0%@1728,0%@1728,2%@1728,0%@1728,100%@1728,0%@1728] GR3D_FREQ 0% cpu@54.062C soc2@53.156C soc0@52.906C gpu@54.281C tj@54.281C soc1@54.093C VDD_IN 8701mW/9335mW VDD_CPU_GPU_CV 2483mW/2938mW VDD_SOC 2606mW/2733mW
09-26-2026 21:00:33 RAM 5750/7620MB (lfb 7x1MB) SWAP 71/12002MB (cached 0MB) CPU [0%@1728,0%@1728,0%@1728,0%@1728,100%@1728,0%@1728] GR3D_FREQ 0% cpu@54.312C soc2@53.062C soc0@52.937C gpu@54.187C tj@54.312C soc1@54.218C VDD_IN 8464mW/9329mW VDD_CPU_GPU_CV 2404mW/2934mW VDD_SOC 2566mW/2732mW
09-26-2026 21:00:33 RAM 5750/7620MB (lfb 7x1MB) SWAP 71/12002MB (cached 0MB) CPU [3%@1728,0%@1728,0%@1728,0%@1728,100%@1728,0%@1728] GR3D_FREQ 0% cpu@54.25C soc2@53C soc0@52.843C gpu@54.5C tj@54.5C soc1@54.093C VDD_IN 8424mW/9322mW VDD_CPU_GPU_CV 2404mW/2930mW VDD_SOC 2527mW/2730mW
09-26-2026 21:00:34 RAM 5750/7620MB (lfb 7x1MB) SWAP 71/12002MB (cached 0MB) CPU [0%@1728,0%@1728,0%@1728,0%@1728,100%@1728,0%@1728] GR3D_FREQ 0% cpu@54.218C soc2@53.062C soc0@52.843C gpu@54.218C tj@54.218C soc1@54C VDD_IN 8385mW/9314mW VDD_CPU_GPU_CV 2326mW/2925mW VDD_SOC 2527mW/2728mW
09-26-2026 21:00:34 RAM 5751/7620MB (lfb 6x1MB) SWAP 71/12002MB (cached 0MB) CPU [0%@1728,0%@1728,0%@1728,0%@1728,100%@1728,0%@1728] GR3D_FREQ 0% cpu@54.062C soc2@53.093C soc0@52.906C gpu@54.093C tj@54.093C soc1@54.031C VDD_IN 8385mW/9307mW VDD_CPU_GPU_CV 2286mW/2920mW VDD_SOC 2566mW/2727mW
09-26-2026 21:00:35 RAM 5751/7620MB (lfb 6x1MB) SWAP 71/12002MB (cached 0MB) CPU [0%@1728,0%@1728,0%@1728,0%@1728,100%@1728,0%@1728] GR3D_FREQ 0% cpu@54.187C soc2@52.937C soc0@52.687C gpu@54.031C tj@54.187C soc1@54.125C VDD_IN 8345mW/9300mW VDD_CPU_GPU_CV 2365mW/2916mW VDD_SOC 2527mW/2726mW
09-26-2026 21:00:35 RAM 5751/7620MB (lfb 6x1MB) SWAP 71/12002MB (cached 0MB) CPU [1%@1728,0%@1728,0%@1728,1%@1728,98%@1728,0%@1728] GR3D_FREQ 0% cpu@54.156C soc2@52.906C soc0@52.718C gpu@54.375C tj@54.156C soc1@54.062C VDD_IN 8385mW/9293mW VDD_CPU_GPU_CV 2365mW/2912mW VDD_SOC 2527mW/2724mW
09-26-2026 21:00:36 RAM 5751/7620MB (lfb 6x1MB) SWAP 71/12002MB (cached 0MB) CPU [0%@1728,0%@1728,0%@1728,0%@1728,100%@1728,0%@1728] GR3D_FREQ 0% cpu@54.125C soc2@52.812C soc0@52.656C gpu@54.062C tj@54.125C soc1@54.031C VDD_IN 8345mW/9286mW VDD_CPU_GPU_CV 2326mW/2907mW VDD_SOC 2527mW/2723mW
09-26-2026 21:00:36 RAM 5751/7620MB (lfb 6x1MB) SWAP 71/12002MB (cached 0MB) CPU [0%@1728,0%@1728,0%@1728,0%@1728,100%@1728,0%@1728] GR3D_FREQ 0% cpu@54.062C soc2@52.968C soc0@52.781C gpu@54.312C tj@54.312C soc1@53.968C VDD_IN 8385mW/9279mW VDD_CPU_GPU_CV 2326mW/2903mW VDD_SOC 2566mW/2722mW
09-26-2026 21:00:37 RAM 5751/7620MB (lfb 6x1MB) SWAP 71/12002MB (cached 0MB) CPU [0%@1728,1%@1728,0%@1728,0%@1728,100%@1728,0%@1728] GR3D_FREQ 0% cpu@54.093C soc2@52.906C soc0@52.687C gpu@54.125C tj@54.218C soc1@54.218C VDD_IN 8385mW/9273mW VDD_CPU_GPU_CV 2365mW/2899mW VDD_SOC 2527mW/2720mW
09-26-2026 21:00:37 RAM 5751/7620MB (lfb 6x1MB) SWAP 71/12002MB (cached 0MB) CPU [0%@1728,0%@1728,0%@1728,0%@1728,100%@1728,0%@1728] GR3D_FREQ 0% cpu@54.187C soc2@52.937C soc0@52.687C gpu@54.093C tj@54.187C soc1@54.031C VDD_IN 8385mW/9266mW VDD_CPU_GPU_CV 2365mW/2895mW VDD_SOC 2527mW/2719mW
09-26-2026 21:00:38 RAM 5751/7620MB (lfb 6x1MB) SWAP 71/12002MB (cached 0MB) CPU [0%@1728,0%@1728,0%@1728,0%@1728,100%@1728,0%@1728] GR3D_FREQ 0% cpu@53.968C soc2@52.75C soc0@52.5C gpu@53.937C tj@53.968C soc1@53.968C VDD_IN 8385mW/9260mW VDD_CPU_GPU_CV 2326mW/2891mW VDD_SOC 2527mW/2717mW
09-26-2026 21:00:38 RAM 5752/7620MB (lfb 1x4MB) SWAP 71/12002MB (cached 0MB) CPU [0%@1728,0%@1728,0%@1728,0%@1728,100%@1728,0%@1728] GR3D_FREQ 0% cpu@54.093C soc2@52.906C soc0@52.812C gpu@54.25C tj@54.25C soc1@53.968C VDD_IN 8385mW/9254mW VDD_CPU_GPU_CV 2326mW/2887mW VDD_SOC 2531mW/2716mW
09-26-2026 21:00:39 RAM 5752/7620MB (lfb 1x4MB) SWAP 71/12002MB (cached 0MB) CPU [0%@1728,0%@1728,0%@1728,0%@1728,100%@1728,0%@1728] GR3D_FREQ 0% cpu@53.875C soc2@52.906C soc0@52.781C gpu@54.125C tj@54.062C soc1@54.062C VDD_IN 8345mW/9247mW VDD_CPU_GPU_CV 2365mW/2883mW VDD_SOC 2527mW/2715mW
09-26-2026 21:00:39 RAM 5752/7620MB (lfb 1x4MB) SWAP 71/12002MB (cached 0MB) CPU [0%@1728,0%@1728,0%@1728,0%@1728,98%@1728,0%@1728] GR3D_FREQ 0% cpu@54.281C soc2@52.843C soc0@52.656C gpu@54.281C tj@54.281C soc1@54.031C VDD_IN 8385mW/9241mW VDD_CPU_GPU_CV 2365mW/2880mW VDD_SOC 2527mW/2713mW
09-26-2026 21:00:40 RAM 5752/7620MB (lfb 1x4MB) SWAP 71/12002MB (cached 0MB) CPU [0%@1728,0%@1728,0%@1728,0%@1728,100%@1728,0%@1728] GR3D_FREQ 0% cpu@54C soc2@52.843C soc0@52.812C gpu@54.031C tj@54.031C soc1@54.031C VDD_IN 8385mW/9235mW VDD_CPU_GPU_CV 2326mW/2876mW VDD_SOC 2531mW/2712mW
09-26-2026 21:00:40 RAM 5752/7620MB (lfb 1x4MB) SWAP 71/12002MB (cached 0MB) CPU [0%@1728,0%@1728,0%@1728,0%@1728,100%@1728,0%@1728] GR3D_FREQ 0% cpu@53.968C soc2@52.906C soc0@52.781C gpu@53.968C tj@54.093C soc1@53.968C VDD_IN 8385mW/9229mW VDD_CPU_GPU_CV 2326mW/2872mW VDD_SOC 2527mW/2711mW
09-26-2026 21:00:41 RAM 5756/7620MB (lfb 1x4MB) SWAP 71/12002MB (cached 0MB) CPU [8%@1728,8%@1728,12%@1728,14%@1728,98%@1728,27%@1728] GR3D_FREQ 0% cpu@54.343C soc2@53.031C soc0@52.593C gpu@54C tj@54.343C soc1@54.156C VDD_IN 8978mW/9227mW VDD_CPU_GPU_CV 2838mW/2872mW VDD_SOC 2566mW/2710mW
09-26-2026 21:00:41 RAM 5756/7620MB (lfb 1x4MB) SWAP 71/12002MB (cached 0MB) CPU [11%@1728,2%@1728,2%@1728,5%@1728,100%@1728,0%@1728] GR3D_FREQ 0% cpu@54.281C soc2@52.812C soc0@52.468C gpu@54.218C tj@54.281C soc1@54.093C VDD_IN 8622mW/9223mW VDD_CPU_GPU_CV 2523mW/2869mW VDD_SOC 2566mW/2709mW
09-26-2026 21:00:42 RAM 5756/7620MB (lfb 1x4MB) SWAP 71/12002MB (cached 0MB) CPU [0%@1728,1%@1728,0%@1728,0%@1728,100%@1728,0%@1728] GR3D_FREQ 0% cpu@53.968C soc2@52.875C soc0@52.562C gpu@53.843C tj@54C soc1@54C VDD_IN 8464mW/9218mW VDD_CPU_GPU_CV 2365mW/2866mW VDD_SOC 2566mW/2708mW
09-26-2026 21:00:42 RAM 5756/7620MB (lfb 1x4MB) SWAP 71/12002MB (cached 0MB) CPU [1%@1728,0%@1728,0%@1728,0%@1728,100%@1728,0%@1728] GR3D_FREQ 0% cpu@53.843C soc2@52.906C soc0@52.906C gpu@54.218C tj@54.218C soc1@53.968C VDD_IN 8385mW/9212mW VDD_CPU_GPU_CV 2365mW/2862mW VDD_SOC 2527mW/2707mW
09-26-2026 21:00:43 RAM 5756/7620MB (lfb 1x4MB) SWAP 71/12002MB (cached 0MB) CPU [0%@1728,0%@1728,0%@1728,0%@1728,100%@1728,0%@1728] GR3D_FREQ 0% cpu@53.843C soc2@52.812C soc0@52.812C gpu@54.125C tj@54.187C soc1@54.187C VDD_IN 8345mW/9206mW VDD_CPU_GPU_CV 2326mW/2859mW VDD_SOC 2531mW/2705mW
09-26-2026 21:00:43 RAM 5756/7620MB (lfb 1x4MB) SWAP 71/12002MB (cached 0MB) CPU [0%@1728,0%@1728,0%@1728,0%@1728,100%@1728,0%@1728] GR3D_FREQ 0% cpu@53.906C soc2@52.812C soc0@52.531C gpu@53.968C tj@54.093C soc1@54.093C VDD_IN 8385mW/9201mW VDD_CPU_GPU_CV 2326mW/2855mW VDD_SOC 2527mW/2704mW
09-26-2026 21:00:44 RAM 5756/7620MB (lfb 1x4MB) SWAP 71/12002MB (cached 0MB) CPU [0%@1728,0%@1728,0%@1728,0%@1728,100%@1728,0%@1728] GR3D_FREQ 0% cpu@54.125C soc2@52.781C soc0@52.562C gpu@53.937C tj@54.125C soc1@54C VDD_IN 8385mW/9195mW VDD_CPU_GPU_CV 2326mW/2852mW VDD_SOC 2527mW/2703mW
09-26-2026 21:00:44 RAM 5757/7620MB (lfb 1x4MB) SWAP 71/12002MB (cached 0MB) CPU [1%@1728,0%@1728,0%@1728,0%@1728,100%@1728,0%@1728] GR3D_FREQ 0% cpu@53.906C soc2@52.781C soc0@52.75C gpu@54.218C tj@54.218C soc1@53.875C VDD_IN 8385mW/9190mW VDD_CPU_GPU_CV 2326mW/2848mW VDD_SOC 2531mW/2702mW
09-26-2026 21:00:45 RAM 5757/7620MB (lfb 1x4MB) SWAP 71/12002MB (cached 0MB) CPU [1%@1728,0%@1728,0%@1728,0%@1728,100%@1728,0%@1728] GR3D_FREQ 0% cpu@54.062C soc2@52.843C soc0@52.562C gpu@54.031C tj@54.062C soc1@53.937C VDD_IN 8385mW/9185mW VDD_CPU_GPU_CV 2404mW/2845mW VDD_SOC 2527mW/2701mW
09-26-2026 21:00:45 RAM 5757/7620MB (lfb 1x4MB) SWAP 71/12002MB (cached 0MB) CPU [0%@1728,0%@1728,0%@1728,0%@1728,98%@1728,0%@1728] GR3D_FREQ 0% cpu@53.781C soc2@52.812C soc0@52.5C gpu@54.187C tj@54.187C soc1@54.062C VDD_IN 8345mW/9179mW VDD_CPU_GPU_CV 2326mW/2842mW VDD_SOC 2531mW/2700mW
09-26-2026 21:00:46 RAM 5757/7620MB (lfb 1x4MB) SWAP 71/12002MB (cached 0MB) CPU [1%@1728,0%@1728,0%@1728,0%@1728,100%@1728,0%@1728] GR3D_FREQ 0% cpu@54.093C soc2@52.812C soc0@52.437C gpu@54.031C tj@54.093C soc1@53.968C VDD_IN 8345mW/9174mW VDD_CPU_GPU_CV 2326mW/2838mW VDD_SOC 2531mW/2698mW
09-26-2026 21:00:46 RAM 5758/7620MB (lfb 1x2MB) SWAP 71/12002MB (cached 0MB) CPU [18%@1728,24%@1728,12%@1728,12%@1728,100%@1728,13%@1728] GR3D_FREQ 0% cpu@54.375C soc2@53.062C soc0@52.656C gpu@53.906C tj@54.375C soc1@53.906C VDD_IN 8938mW/9172mW VDD_CPU_GPU_CV 2759mW/2838mW VDD_SOC 2606mW/2698mW
09-26-2026 21:00:47 RAM 5758/7620MB (lfb 1x2MB) SWAP 71/12002MB (cached 0MB) CPU [1%@1728,4%@1728,0%@1728,0%@1728,100%@1728,0%@1728] GR3D_FREQ 0% cpu@53.906C soc2@52.906C soc0@52.593C gpu@54.406C tj@54.406C soc1@53.843C VDD_IN 8543mW/9168mW VDD_CPU_GPU_CV 2523mW/2836mW VDD_SOC 2527mW/2697mW
09-26-2026 21:00:47 RAM 5758/7620MB (lfb 1x2MB) SWAP 71/12002MB (cached 0MB) CPU [2%@1728,1%@1728,0%@1728,0%@1728,100%@1728,0%@1728] GR3D_FREQ 0% cpu@53.75C soc2@52.812C soc0@52.562C gpu@54.125C tj@54.125C soc1@54.062C VDD_IN 8464mW/9164mW VDD_CPU_GPU_CV 2404mW/2833mW VDD_SOC 2527mW/2696mW
09-26-2026 21:00:48 RAM 5758/7620MB (lfb 1x2MB) SWAP 71/12002MB (cached 0MB) CPU [0%@1728,1%@1728,0%@1728,0%@1728,100%@1728,0%@1728] GR3D_FREQ 0% cpu@54.031C soc2@52.718C soc0@52.531C gpu@53.906C tj@54.031C soc1@53.937C VDD_IN 8385mW/9159mW VDD_CPU_GPU_CV 2326mW/2830mW VDD_SOC 2527mW/2695mW
09-26-2026 21:00:48 RAM 5758/7620MB (lfb 1x2MB) SWAP 71/12002MB (cached 0MB) CPU [0%@1728,0%@1728,0%@1728,0%@1728,100%@1728,0%@1728] GR3D_FREQ 0% cpu@53.843C soc2@52.875C soc0@52.75C gpu@53.875C tj@54.125C soc1@54C VDD_IN 8345mW/9154mW VDD_CPU_GPU_CV 2326mW/2827mW VDD_SOC 2527mW/2694mW
09-26-2026 21:00:49 RAM 5758/7620MB (lfb 1x2MB) SWAP 71/12002MB (cached 0MB) CPU [1%@1728,0%@1728,0%@1728,0%@1728,98%@1728,0%@1728] GR3D_FREQ 0% cpu@53.687C soc2@52.781C soc0@52.562C gpu@54C tj@54C soc1@53.781C VDD_IN 8464mW/9149mW VDD_CPU_GPU_CV 2444mW/2824mW VDD_SOC 2566mW/2693mW
09-26-2026 21:00:49 RAM 5758/7620MB (lfb 1x2MB) SWAP 71/12002MB (cached 0MB) CPU [0%@1728,0%@1728,0%@1728,0%@1728,100%@1728,0%@1728] GR3D_FREQ 0% cpu@53.75C soc2@52.812C soc0@52.562C gpu@53.843C tj@53.937C soc1@53.937C VDD_IN 8345mW/9144mW VDD_CPU_GPU_CV 2365mW/2822mW VDD_SOC 2527mW/2692mW
09-26-2026 21:00:50 RAM 5758/7620MB (lfb 1x2MB) SWAP 71/12002MB (cached 0MB) CPU [0%@1728,0%@1728,0%@1728,0%@1728,100%@1728,0%@1728] GR3D_FREQ 0% cpu@53.781C soc2@52.718C soc0@52.406C gpu@54.281C tj@54.281C soc1@54C VDD_IN 8385mW/9140mW VDD_CPU_GPU_CV 2326mW/2819mW VDD_SOC 2527mW/2691mW
09-26-2026 21:00:50 RAM 5758/7620MB (lfb 1x2MB) SWAP 71/12002MB (cached 0MB) CPU [0%@1728,0%@1728,0%@1728,0%@1728,100%@1728,0%@1728] GR3D_FREQ 0% cpu@53.875C soc2@52.812C soc0@52.718C gpu@54.125C tj@54.125C soc1@53.875C VDD_IN 8345mW/9135mW VDD_CPU_GPU_CV 2326mW/2816mW VDD_SOC 2531mW/2690mW
09-26-2026 21:00:51 RAM 5758/7620MB (lfb 1x2MB) SWAP 71/12002MB (cached 0MB) CPU [0%@1728,0%@1728,0%@1728,3%@1728,98%@1728,0%@1728] GR3D_FREQ 0% cpu@53.687C soc2@52.781C soc0@52.656C gpu@53.875C tj@53.875C soc1@53.875C VDD_IN 8424mW/9131mW VDD_CPU_GPU_CV 2404mW/2813mW VDD_SOC 2527mW/2689mW
09-26-2026 21:00:51 RAM 5758/7620MB (lfb 1x2MB) SWAP 71/12002MB (cached 0MB) CPU [0%@1728,0%@1728,0%@1728,0%@1728,100%@1728,0%@1728] GR3D_FREQ 0% cpu@53.812C soc2@52.718C soc0@52.5C gpu@53.75C tj@54.062C soc1@54.062C VDD_IN 8385mW/9126mW VDD_CPU_GPU_CV 2326mW/2810mW VDD_SOC 2527mW/2688mW
09-26-2026 21:00:52 RAM 5758/7620MB (lfb 1x2MB) SWAP 71/12002MB (cached 0MB) CPU [0%@1728,0%@1728,0%@1728,0%@1728,100%@1728,0%@1728] GR3D_FREQ 0% cpu@54.125C soc2@52.656C soc0@52.468C gpu@53.875C tj@54.125C soc1@54C VDD_IN 8385mW/9122mW VDD_CPU_GPU_CV 2326mW/2807mW VDD_SOC 2531mW/2687mW
09-26-2026 21:00:52 RAM 5758/7620MB (lfb 1x2MB) SWAP 71/12002MB (cached 0MB) CPU [0%@1728,0%@1728,0%@1728,0%@1728,100%@1728,0%@1728] GR3D_FREQ 0% cpu@53.843C soc2@52.843C soc0@52.75C gpu@53.843C tj@53.906C soc1@53.906C VDD_IN 8345mW/9117mW VDD_CPU_GPU_CV 2326mW/2804mW VDD_SOC 2527mW/2686mW
09-26-2026 21:00:53 RAM 5758/7620MB (lfb 1x2MB) SWAP 71/12002MB (cached 0MB) CPU [0%@1728,0%@1728,0%@1728,0%@1728,100%@1728,0%@1728] GR3D_FREQ 0% cpu@53.718C soc2@52.75C soc0@52.593C gpu@54.281C tj@54.281C soc1@53.781C VDD_IN 8345mW/9112mW VDD_CPU_GPU_CV 2326mW/2801mW VDD_SOC 2531mW/2685mW
09-26-2026 21:00:53 RAM 5759/7620MB (lfb 1x2MB) SWAP 71/12002MB (cached 0MB) CPU [0%@1728,0%@1728,0%@1728,0%@1728,100%@1728,0%@1728] GR3D_FREQ 0% cpu@54.062C soc2@52.687C soc0@52.5C gpu@53.968C tj@54.093C soc1@54.093C VDD_IN 8385mW/9108mW VDD_CPU_GPU_CV 2286mW/2798mW VDD_SOC 2570mW/2684mW
09-26-2026 21:00:54 RAM 5759/7620MB (lfb 1x2MB) SWAP 71/12002MB (cached 0MB) CPU [0%@1728,0%@1728,1%@1728,0%@1728,81%@1728,8%@1728] GR3D_FREQ 61% cpu@53.75C soc2@52.906C soc0@52.562C gpu@54.625C tj@54.625C soc1@53.875C VDD_IN 9714mW/9112mW VDD_CPU_GPU_CV 3148mW/2800mW VDD_SOC 2799mW/2685mW
09-26-2026 21:00:54 RAM 5759/7620MB (lfb 1x2MB) SWAP 71/12002MB (cached 0MB) CPU [1%@1728,62%@1728,0%@1728,0%@1728,0%@1728,4%@1728] GR3D_FREQ 0% cpu@53.781C soc2@53.156C soc0@52.5C gpu@54.218C tj@54.218C soc1@53.875C VDD_IN 10841mW/9122mW VDD_CPU_GPU_CV 3733mW/2806mW VDD_SOC 2991mW/2687mW
09-26-2026 21:00:55 RAM 5759/7620MB (lfb 1x2MB) SWAP 71/12002MB (cached 0MB) CPU [36%@1728,36%@1728,0%@1728,7%@1728,0%@1728,0%@1728] GR3D_FREQ 0% cpu@53.843C soc2@53.125C soc0@52.812C gpu@54.718C tj@54.281C soc1@53.937C VDD_IN 10959mW/9132mW VDD_CPU_GPU_CV 3733mW/2811mW VDD_SOC 3070mW/2689mW
09-26-2026 21:00:55 RAM 5759/7620MB (lfb 1x2MB) SWAP 71/12002MB (cached 0MB) CPU [0%@1728,100%@1728,0%@1728,0%@1728,0%@1728,0%@1728] GR3D_FREQ 0% cpu@53.718C soc2@52.906C soc0@52.625C gpu@54.062C tj@54.125C soc1@54.156C VDD_IN 9082mW/9132mW VDD_CPU_GPU_CV 2720mW/2811mW VDD_SOC 2685mW/2689mW
09-26-2026 21:00:56 RAM 5759/7620MB (lfb 1x2MB) SWAP 71/12002MB (cached 0MB) CPU [0%@1728,100%@1728,0%@1728,0%@1728,0%@1728,0%@1728] GR3D_FREQ 0% cpu@53.937C soc2@52.906C soc0@52.593C gpu@54.375C tj@54.375C soc1@54C VDD_IN 8622mW/9129mW VDD_CPU_GPU_CV 2404mW/2808mW VDD_SOC 2606mW/2688mW
09-26-2026 21:00:56 RAM 5760/7620MB (lfb 1x2MB) SWAP 71/12002MB (cached 0MB) CPU [0%@1728,100%@1728,0%@1728,0%@1728,0%@1728,0%@1728] GR3D_FREQ 0% cpu@53.75C soc2@53.031C soc0@52.5C gpu@54.218C tj@54.218C soc1@53.906C VDD_IN 8424mW/9125mW VDD_CPU_GPU_CV 2404mW/2806mW VDD_SOC 2566mW/2688mW
09-26-2026 21:00:57 RAM 5760/7620MB (lfb 1x2MB) SWAP 71/12002MB (cached 0MB) CPU [0%@1728,100%@1728,0%@1728,1%@1728,1%@1728,0%@1728] GR3D_FREQ 0% cpu@53.656C soc2@52.906C soc0@52.593C gpu@53.968C tj@53.968C soc1@53.906C VDD_IN 8345mW/9121mW VDD_CPU_GPU_CV 2365mW/2804mW VDD_SOC 2527mW/2687mW
09-26-2026 21:00:57 RAM 5760/7620MB (lfb 1x2MB) SWAP 71/12002MB (cached 0MB) CPU [1%@1728,10%@1728,89%@1728,0%@1728,0%@1728,0%@1728] GR3D_FREQ 0% cpu@54.218C soc2@52.968C soc0@52.687C gpu@53.812C tj@54.218C soc1@54C VDD_IN 8345mW/9116mW VDD_CPU_GPU_CV 2326mW/2801mW VDD_SOC 2527mW/2686mW
09-26-2026 21:00:58 RAM 5760/7620MB (lfb 1x2MB) SWAP 71/12002MB (cached 0MB) CPU [1%@1728,1%@1728,100%@1728,1%@1728,0%@1728,0%@1728] GR3D_FREQ 0% cpu@54.218C soc2@52.875C soc0@52.531C gpu@54C tj@54.218C soc1@53.968C VDD_IN 8345mW/9112mW VDD_CPU_GPU_CV 2326mW/2798mW VDD_SOC 2531mW/2685mW
09-26-2026 21:00:58 RAM 5760/7620MB (lfb 1x2MB) SWAP 71/12002MB (cached 0MB) CPU [5%@1728,0%@1728,100%@1728,0%@1728,67%@1728,0%@1728] GR3D_FREQ 0% cpu@54.531C soc2@52.906C soc0@52.562C gpu@53.906C tj@54.531C soc1@53.937C VDD_IN 8820mW/9110mW VDD_CPU_GPU_CV 2720mW/2798mW VDD_SOC 2566mW/2684mW
09-26-2026 21:00:59 RAM 5760/7620MB (lfb 1x2MB) SWAP 71/12002MB (cached 0MB) CPU [0%@1728,0%@1728,98%@1728,0%@1728,100%@1728,0%@1728] GR3D_FREQ 1% cpu@54.562C soc2@52.906C soc0@52.531C gpu@54.437C tj@54.562C soc1@53.875C VDD_IN 9082mW/9110mW VDD_CPU_GPU_CV 2956mW/2799mW VDD_SOC 2566mW/2684mW
09-26-2026 21:00:59 RAM 5760/7620MB (lfb 1x2MB) SWAP 71/12002MB (cached 0MB) CPU [0%@1728,0%@1728,0%@1728,54%@1728,100%@1728,0%@1728] GR3D_FREQ 0% cpu@54.375C soc2@52.937C soc0@52.562C gpu@54.125C tj@54.312C soc1@53.906C VDD_IN 8938mW/9109mW VDD_CPU_GPU_CV 2838mW/2799mW VDD_SOC 2566mW/2683mW
09-26-2026 21:01:00 RAM 5760/7620MB (lfb 1x2MB) SWAP 71/12002MB (cached 0MB) CPU [0%@1728,3%@1728,0%@1728,100%@1728,100%@1728,0%@1728] GR3D_FREQ 0% cpu@54.406C soc2@52.937C soc0@52.625C gpu@54.093C tj@54.406C soc1@53.968C VDD_IN 9161mW/9110mW VDD_CPU_GPU_CV 3030mW/2800mW VDD_SOC 2566mW/2682mW
09-26-2026 21:01:00 RAM 5760/7620MB (lfb 1x2MB) SWAP 71/12002MB (cached 0MB) CPU [0%@1728,1%@1728,16%@1728,100%@1728,92%@1728,0%@1728] GR3D_FREQ 0% cpu@54.593C soc2@53C soc0@52.593C gpu@54.125C tj@54.593C soc1@53.937C VDD_IN 9240mW/9110mW VDD_CPU_GPU_CV 2991mW/2801mW VDD_SOC 2606mW/2682mW
09-26-2026 21:01:01 RAM 5760/7620MB (lfb 1x2MB) SWAP 71/12002MB (cached 0MB) CPU [0%@1728,0%@1728,0%@1728,100%@1728,100%@1728,0%@1728] GR3D_FREQ 0% cpu@54.531C soc2@52.906C soc0@52.406C gpu@54.062C tj@54.531C soc1@53.968C VDD_IN 9200mW/9111mW VDD_CPU_GPU_CV 3030mW/2802mW VDD_SOC 2606mW/2682mW
09-26-2026 21:01:01 RAM 5760/7620MB (lfb 1x2MB) SWAP 71/12002MB (cached 0MB) CPU [0%@1728,1%@1728,0%@1728,90%@1728,100%@1728,17%@1728] GR3D_FREQ 0% cpu@54.406C soc2@52.968C soc0@52.5C gpu@53.937C tj@54.406C soc1@53.875C VDD_IN 9279mW/9112mW VDD_CPU_GPU_CV 2991mW/2803mW VDD_SOC 2606mW/2681mW
09-26-2026 21:01:02 RAM 5760/7620MB (lfb 1x2MB) SWAP 71/12002MB (cached 0MB) CPU [84%@1728,0%@1728,0%@1728,0%@1728,16%@1728,100%@1728] GR3D_FREQ 0% cpu@54.281C soc2@52.968C soc0@52.5C gpu@54.281C tj@54.281C soc1@54.125C VDD_IN 9200mW/9112mW VDD_CPU_GPU_CV 3030mW/2805mW VDD_SOC 2566mW/2681mW
09-26-2026 21:01:02 RAM 5760/7620MB (lfb 1x2MB) SWAP 71/12002MB (cached 0MB) CPU [52%@1728,0%@1728,0%@1728,0%@1728,0%@1728,100%@1728] GR3D_FREQ 0% cpu@53.812C soc2@52.906C soc0@52.5C gpu@54.125C tj@54.125C soc1@54.093C VDD_IN 8859mW/9111mW VDD_CPU_GPU_CV 2680mW/2804mW VDD_SOC 2606mW/2680mW
09-26-2026 21:01:03 RAM 5760/7620MB (lfb 1x2MB) SWAP 71/12002MB (cached 0MB) CPU [0%@1728,0%@1728,1%@1728,98%@1728,1%@1728,100%@1728] GR3D_FREQ 0% cpu@54.406C soc2@52.906C soc0@52.687C gpu@54.25C tj@54.406C soc1@53.968C VDD_IN 9057mW/9110mW VDD_CPU_GPU_CV 2956mW/2805mW VDD_SOC 2566mW/2680mW
09-26-2026 21:01:03 RAM 5760/7620MB (lfb 1x2MB) SWAP 71/12002MB (cached 0MB) CPU [1%@1728,0%@1728,0%@1728,100%@1728,0%@1728,100%@1728] GR3D_FREQ 0% cpu@54.125C soc2@52.875C soc0@52.656C gpu@54.125C tj@54.125C soc1@53.906C VDD_IN 9161mW/9111mW VDD_CPU_GPU_CV 2991mW/2806mW VDD_SOC 2566mW/2679mW
09-26-2026 21:01:04 RAM 5760/7620MB (lfb 1x2MB) SWAP 71/12002MB (cached 0MB) CPU [0%@1728,0%@1728,4%@1728,100%@1728,0%@1728,29%@1728] GR3D_FREQ 0% cpu@53.906C soc2@52.906C soc0@52.531C gpu@54.062C tj@54.093C soc1@54.093C VDD_IN 8701mW/9109mW VDD_CPU_GPU_CV 2641mW/2805mW VDD_SOC 2566mW/2678mW
09-26-2026 21:01:04 RAM 5760/7620MB (lfb 1x2MB) SWAP 71/12002MB (cached 0MB) CPU [1%@1728,8%@1728,3%@1728,86%@1728,1%@1728,0%@1728] GR3D_FREQ 44% cpu@53.843C soc2@52.812C soc0@52.406C gpu@54.25C tj@54.25C soc1@54.031C VDD_IN 9057mW/9108mW VDD_CPU_GPU_CV 2720mW/2804mW VDD_SOC 2645mW/2678mW
09-26-2026 21:01:05 RAM 5760/7620MB (lfb 1x2MB) SWAP 71/12002MB (cached 0MB) CPU [0%@1728,5%@1728,2%@1728,0%@1728,96%@1728,0%@1728] GR3D_FREQ 0% cpu@53.875C soc2@52.812C soc0@52.781C gpu@54.25C tj@54.25C soc1@53.968C VDD_IN 8543mW/9105mW VDD_CPU_GPU_CV 2444mW/2803mW VDD_SOC 2566mW/2678mW
09-26-2026 21:01:05 RAM 5760/7620MB (lfb 1x2MB) SWAP 71/12002MB (cached 0MB) CPU [0%@1728,0%@1728,1%@1728,0%@1728,100%@1728,0%@1728] GR3D_FREQ 0% cpu@54.031C soc2@52.875C soc0@52.625C gpu@54.125C tj@54.031C soc1@53.937C VDD_IN 8385mW/9102mW VDD_CPU_GPU_CV 2404mW/2801mW VDD_SOC 2527mW/2677mW
09-26-2026 21:01:06 RAM 5760/7620MB (lfb 1x2MB) SWAP 71/12002MB (cached 0MB) CPU [0%@1728,0%@1728,0%@1728,0%@1728,100%@1728,0%@1728] GR3D_FREQ 0% cpu@53.875C soc2@52.687C soc0@52.593C gpu@54.156C tj@54.156C soc1@54.093C VDD_IN 8385mW/9098mW VDD_CPU_GPU_CV 2404mW/2798mW VDD_SOC 2527mW/2676mW
09-26-2026 21:01:06 RAM 5760/7620MB (lfb 1x2MB) SWAP 71/12002MB (cached 0MB) CPU [0%@1728,0%@1728,0%@1728,0%@1728,100%@1728,0%@1728] GR3D_FREQ 0% cpu@53.843C soc2@52.718C soc0@52.468C gpu@54.031C tj@54.031C soc1@53.937C VDD_IN 8345mW/9094mW VDD_CPU_GPU_CV 2365mW/2796mW VDD_SOC 2527mW/2675mW
09-26-2026 21:01:07 RAM 5760/7620MB (lfb 1x2MB) SWAP 71/12002MB (cached 0MB) CPU [0%@1728,1%@1728,0%@1728,3%@1728,100%@1728,0%@1728] GR3D_FREQ 0% cpu@53.937C soc2@52.812C soc0@52.5C gpu@53.968C tj@53.968C soc1@53.843C VDD_IN 8345mW/9090mW VDD_CPU_GPU_CV 2326mW/2794mW VDD_SOC 2527mW/2675mW
09-26-2026 21:01:08 RAM 5760/7620MB (lfb 1x2MB) SWAP 71/12002MB (cached 0MB) CPU [0%@1728,0%@1728,0%@1728,0%@1728,100%@1728,0%@1728] GR3D_FREQ 0% cpu@53.718C soc2@52.906C soc0@52.75C gpu@53.812C tj@53.812C soc1@53.812C VDD_IN 8305mW/9086mW VDD_CPU_GPU_CV 2365mW/2792mW VDD_SOC 2531mW/2674mW
09-26-2026 21:01:08 RAM 5760/7620MB (lfb 1x2MB) SWAP 71/12002MB (cached 0MB) CPU [3%@1728,4%@1728,4%@1728,2%@1728,100%@1728,0%@1728] GR3D_FREQ 0% cpu@53.75C soc2@52.781C soc0@52.531C gpu@54.125C tj@54.125C soc1@53.781C VDD_IN 8424mW/9083mW VDD_CPU_GPU_CV 2404mW/2790mW VDD_SOC 2527mW/2673mW
09-26-2026 21:01:09 RAM 5760/7620MB (lfb 1x2MB) SWAP 71/12002MB (cached 0MB) CPU [0%@1728,0%@1728,0%@1728,1%@1728,100%@1728,0%@1728] GR3D_FREQ 0% cpu@53.812C soc2@52.75C soc0@52.468C gpu@54C tj@54C soc1@54C VDD_IN 8345mW/9079mW VDD_CPU_GPU_CV 2365mW/2788mW VDD_SOC 2527mW/2672mW
09-26-2026 21:01:09 RAM 5760/7620MB (lfb 1x2MB) SWAP 71/12002MB (cached 0MB) CPU [0%@1728,0%@1728,0%@1728,0%@1728,100%@1728,0%@1728] GR3D_FREQ 0% cpu@53.937C soc2@52.718C soc0@52.437C gpu@53.75C tj@53.937C soc1@53.843C VDD_IN 8345mW/9076mW VDD_CPU_GPU_CV 2365mW/2785mW VDD_SOC 2531mW/2672mW
09-26-2026 21:01:10 RAM 5760/7620MB (lfb 1x2MB) SWAP 71/12002MB (cached 0MB) CPU [0%@1728,0%@1728,0%@1728,0%@1728,100%@1728,1%@1728] GR3D_FREQ 0% cpu@53.718C soc2@52.718C soc0@52.562C gpu@53.937C tj@53.937C soc1@53.812C VDD_IN 8385mW/9072mW VDD_CPU_GPU_CV 2326mW/2783mW VDD_SOC 2527mW/2671mW
09-26-2026 21:01:10 RAM 5760/7620MB (lfb 1x2MB) SWAP 71/12002MB (cached 0MB) CPU [4%@1728,0%@1728,1%@1728,0%@1728,90%@1728,0%@1728] GR3D_FREQ 0% cpu@53.687C soc2@52.812C soc0@52.562C gpu@53.937C tj@53.937C soc1@53.75C VDD_IN 9057mW/9072mW VDD_CPU_GPU_CV 2720mW/2783mW VDD_SOC 2685mW/2671mW
09-26-2026 21:01:11 RAM 5760/7620MB (lfb 1x2MB) SWAP 71/12002MB (cached 0MB) CPU [1%@1728,1%@1728,4%@1728,0%@1728,100%@1728,0%@1728] GR3D_FREQ 0% cpu@53.906C soc2@52.843C soc0@52.468C gpu@53.843C tj@53.968C soc1@53.968C VDD_IN 8582mW/9070mW VDD_CPU_GPU_CV 2483mW/2781mW VDD_SOC 2606mW/2671mW
09-26-2026 21:01:11 RAM 5760/7620MB (lfb 1x2MB) SWAP 71/12002MB (cached 0MB) CPU [0%@1728,1%@1728,0%@1728,0%@1728,100%@1728,0%@1728] GR3D_FREQ 0% cpu@54.375C soc2@52.687C soc0@52.437C gpu@54.187C tj@54.375C soc1@53.875C VDD_IN 8424mW/9066mW VDD_CPU_GPU_CV 2404mW/2780mW VDD_SOC 2527mW/2670mW
09-26-2026 21:01:12 RAM 5760/7620MB (lfb 1x2MB) SWAP 71/12002MB (cached 0MB) CPU [0%@1728,0%@1728,0%@1728,0%@1728,100%@1728,0%@1728] GR3D_FREQ 0% cpu@53.656C soc2@52.75C soc0@52.656C gpu@53.937C tj@53.937C soc1@53.812C VDD_IN 8345mW/9063mW VDD_CPU_GPU_CV 2365mW/2778mW VDD_SOC 2527mW/2669mW
09-26-2026 21:01:12 RAM 5760/7620MB (lfb 1x2MB) SWAP 71/12002MB (cached 0MB) CPU [1%@1728,0%@1728,4%@1728,1%@1728,88%@1728,0%@1728] GR3D_FREQ 0% cpu@53.968C soc2@52.937C soc0@52.531C gpu@54.781C tj@54.781C soc1@53.781C VDD_IN 9990mW/9067mW VDD_CPU_GPU_CV 3340mW/2780mW VDD_SOC 2917mW/2671mW
09-26-2026 21:01:13 RAM 5760/7620MB (lfb 1x2MB) SWAP 71/12002MB (cached 0MB) CPU [0%@1728,12%@1728,24%@1728,0%@1728,87%@1728,0%@1728] GR3D_FREQ 0% cpu@53.75C soc2@52.937C soc0@52.593C gpu@54.125C tj@54.125C soc1@53.968C VDD_IN 9714mW/9071mW VDD_CPU_GPU_CV 2952mW/2781mW VDD_SOC 2877mW/2672mW
09-26-2026 21:01:13 RAM 5760/7620MB (lfb 1x2MB) SWAP 71/12002MB (cached 0MB) CPU [1%@1728,0%@1728,1%@1728,1%@1728,53%@1728,0%@1728] GR3D_FREQ 72% cpu@54.093C soc2@53.312C soc0@52.562C gpu@55.968C tj@55.968C soc1@53.937C VDD_IN 15118mW/9100mW VDD_CPU_GPU_CV 6392mW/2798mW VDD_SOC 3988mW/2678mW
09-26-2026 21:01:14 RAM 5760/7620MB (lfb 1x2MB) SWAP 71/12002MB (cached 0MB) CPU [0%@1728,0%@1728,0%@1728,0%@1728,38%@1728,0%@1728] GR3D_FREQ 76% cpu@54.437C soc2@53.75C soc0@52.968C gpu@56.375C tj@56.375C soc1@53.968C VDD_IN 17763mW/9141mW VDD_CPU_GPU_CV 8105mW/2824mW VDD_SOC 4560mW/2687mW
09-26-2026 21:01:14 RAM 5760/7620MB (lfb 1x2MB) SWAP 71/12002MB (cached 0MB) CPU [0%@1728,0%@1728,0%@1728,0%@1728,34%@1728,3%@1728] GR3D_FREQ 74% cpu@54.5C soc2@53.875C soc0@53.156C gpu@56.968C tj@56.968C soc1@54.093C VDD_IN 18474mW/9186mW VDD_CPU_GPU_CV 8595mW/2851mW VDD_SOC 4708mW/2696mW
09-26-2026 21:01:15 RAM 5760/7620MB (lfb 1x2MB) SWAP 71/12002MB (cached 0MB) CPU [0%@1728,3%@1728,0%@1728,1%@1728,49%@1728,0%@1728] GR3D_FREQ 4% cpu@54.593C soc2@53.937C soc0@53.093C gpu@55.843C tj@55.843C soc1@54.281C VDD_IN 17021mW/9223mW VDD_CPU_GPU_CV 7640mW/2874mW VDD_SOC 4365mW/2704mW
09-26-2026 21:01:15 RAM 5763/7620MB (lfb 1x4MB) SWAP 71/12002MB (cached 0MB) CPU [16%@1728,12%@1728,14%@1728,16%@1728,100%@1728,16%@1728] GR3D_FREQ 4% cpu@54.812C soc2@53.531C soc0@53.156C gpu@55.125C tj@55.125C soc1@54.375C VDD_IN 11414mW/9233mW VDD_CPU_GPU_CV 4197mW/2880mW VDD_SOC 3182mW/2707mW
09-26-2026 21:01:16 RAM 5771/7620MB (lfb 1x4MB) SWAP 71/12002MB (cached 0MB) CPU [0%@1728,0%@1728,0%@1728,0%@1728,100%@1728,0%@1728] GR3D_FREQ 2% cpu@54.562C soc2@53.468C soc0@53.281C gpu@54.812C tj@54.812C soc1@54.312C VDD_IN 9556mW/9235mW VDD_CPU_GPU_CV 2991mW/2881mW VDD_SOC 2799mW/2707mW
09-26-2026 21:01:16 RAM 5779/7620MB (lfb 1x4MB) SWAP 71/12002MB (cached 0MB) CPU [0%@1728,0%@1728,0%@1728,1%@1728,100%@1728,0%@1728] GR3D_FREQ 2% cpu@54.468C soc2@53.312C soc0@53.062C gpu@54.562C tj@54.625C soc1@54.156C VDD_IN 9003mW/9233mW VDD_CPU_GPU_CV 2680mW/2880mW VDD_SOC 2685mW/2707mW
09-26-2026 21:01:17 RAM 5800/7620MB (lfb 1x4MB) SWAP 71/12002MB (cached 0MB) CPU [1%@1728,14%@1728,0%@1728,0%@1728,76%@1728,0%@1728] GR3D_FREQ 72% cpu@54.062C soc2@53.343C soc0@52.937C gpu@56.031C tj@56.031C soc1@54.437C VDD_IN 10723mW/9240mW VDD_CPU_GPU_CV 4086mW/2885mW VDD_SOC 2794mW/2707mW
09-26-2026 21:01:17 RAM 5808/7620MB (lfb 1x2MB) SWAP 71/12002MB (cached 0MB) CPU [7%@1728,47%@1728,6%@1728,12%@1728,25%@1728,5%@1728] GR3D_FREQ 81% cpu@55.343C soc2@53.812C soc0@53.031C gpu@56.531C tj@56.531C soc1@54.312C VDD_IN 14398mW/9264mW VDD_CPU_GPU_CV 7093mW/2905mW VDD_SOC 3055mW/2709mW
09-26-2026 21:01:18 RAM 5813/7620MB (lfb 7x1MB) SWAP 71/12002MB (cached 0MB) CPU [13%@1728,9%@1728,49%@1728,32%@1728,21%@1728,6%@1728] GR3D_FREQ 71% cpu@55C soc2@53.875C soc0@53.125C gpu@57.281C tj@57.281C soc1@54.25C VDD_IN 15798mW/9294mW VDD_CPU_GPU_CV 8210mW/2929mW VDD_SOC 3162mW/2711mW
09-26-2026 21:01:18 RAM 5857/7620MB (lfb 7x1MB) SWAP 71/12002MB (cached 0MB) CPU [0%@1728,0%@1728,58%@1728,0%@1728,28%@1728,0%@1728] GR3D_FREQ 67% cpu@54.875C soc2@54C soc0@53.437C gpu@56.843C tj@56.843C soc1@54.343C VDD_IN 15510mW/9323mW VDD_CPU_GPU_CV 7393mW/2950mW VDD_SOC 3402mW/2714mW
09-26-2026 21:01:19 RAM 5895/7620MB (lfb 1x4MB) SWAP 71/12002MB (cached 0MB) CPU [0%@1728,2%@1728,64%@1728,0%@1728,26%@1728,0%@1728] GR3D_FREQ 76% cpu@54.875C soc2@54.156C soc0@53.5C gpu@57.031C tj@57.031C soc1@54.437C VDD_IN 15954mW/9353mW VDD_CPU_GPU_CV 7315mW/2970mW VDD_SOC 3630mW/2718mW
09-26-2026 21:01:19 RAM 5896/7620MB (lfb 1x4MB) SWAP 71/12002MB (cached 0MB) CPU [0%@1728,0%@1728,31%@1728,0%@1728,60%@1728,0%@1728] GR3D_FREQ 0% cpu@54.968C soc2@54.125C soc0@53.468C gpu@55.531C tj@55.531C soc1@54.593C VDD_IN 12535mW/9368mW VDD_CPU_GPU_CV 5200mW/2980mW VDD_SOC 3060mW/2720mW
09-26-2026 21:01:20 RAM 5896/7620MB (lfb 1x4MB) SWAP 71/12002MB (cached 0MB) CPU [0%@1728,0%@1728,1%@1728,0%@1728,70%@1728,0%@1728] GR3D_FREQ 84% cpu@54.875C soc2@54C soc0@53.406C gpu@57C tj@57C soc1@54.593C VDD_IN 13085mW/9384mW VDD_CPU_GPU_CV 5318mW/2991mW VDD_SOC 3373mW/2723mW
09-26-2026 21:01:20 RAM 5896/7620MB (lfb 1x4MB) SWAP 71/12002MB (cached 0MB) CPU [1%@1728,0%@1728,0%@1728,3%@1728,3%@1728,14%@1728] GR3D_FREQ 75% cpu@54.843C soc2@54.312C soc0@53.625C gpu@57.031C tj@57.031C soc1@54.718C VDD_IN 15758mW/9413mW VDD_CPU_GPU_CV 6887mW/3008mW VDD_SOC 3864mW/2728mW
09-26-2026 21:01:21 RAM 5896/7620MB (lfb 1x4MB) SWAP 71/12002MB (cached 0MB) CPU [0%@1728,1%@1728,0%@1728,0%@1728,0%@1728,35%@1728] GR3D_FREQ 76% cpu@54.687C soc2@54.312C soc0@53.625C gpu@57.062C tj@57.062C soc1@54.562C VDD_IN 15602mW/9441mW VDD_CPU_GPU_CV 6576mW/3024mW VDD_SOC 3904mW/2733mW
09-26-2026 21:01:21 RAM 5897/7620MB (lfb 2x4MB) SWAP 71/12002MB (cached 0MB) CPU [0%@1728,0%@1728,0%@1728,0%@1728,0%@1728,88%@1728] GR3D_FREQ 0% cpu@54.875C soc2@54.062C soc0@53.593C gpu@55.562C tj@55.562C soc1@54.812C VDD_IN 11078mW/9448mW VDD_CPU_GPU_CV 3883mW/3028mW VDD_SOC 3070mW/2735mW
09-26-2026 21:01:22 RAM 5897/7620MB (lfb 2x4MB) SWAP 71/12002MB (cached 0MB) CPU [1%@1728,0%@1728,0%@1728,0%@1728,0%@1728,100%@1728] GR3D_FREQ 0% cpu@54.843C soc2@53.812C soc0@53.406C gpu@55.125C tj@55.125C soc1@54.656C VDD_IN 9161mW/9447mW VDD_CPU_GPU_CV 2794mW/3027mW VDD_SOC 2685mW/2735mW
09-26-2026 21:01:22 RAM 5902/7620MB (lfb 1x4MB) SWAP 71/12002MB (cached 0MB) CPU [0%@1728,0%@1728,0%@1728,0%@1728,0%@1728,100%@1728] GR3D_FREQ 0% cpu@54.562C soc2@53.781C soc0@53.625C gpu@54.937C tj@54.937C soc1@54.625C VDD_IN 8622mW/9443mW VDD_CPU_GPU_CV 2483mW/3024mW VDD_SOC 2606mW/2734mW
09-26-2026 21:01:23 RAM 5902/7620MB (lfb 1x4MB) SWAP 71/12002MB (cached 0MB) CPU [1%@1728,0%@1728,0%@1728,1%@1728,0%@1728,100%@1728] GR3D_FREQ 0% cpu@54.312C soc2@53.718C soc0@53.531C gpu@55.156C tj@55.156C soc1@54.656C VDD_IN 8424mW/9439mW VDD_CPU_GPU_CV 2404mW/3022mW VDD_SOC 2527mW/2733mW
09-26-2026 21:01:23 RAM 5902/7620MB (lfb 1x4MB) SWAP 71/12002MB (cached 0MB) CPU [1%@1728,0%@1728,0%@1728,0%@1728,0%@1728,98%@1728] GR3D_FREQ 0% cpu@54.562C soc2@53.625C soc0@53.375C gpu@55C tj@55C soc1@54.687C VDD_IN 8424mW/9434mW VDD_CPU_GPU_CV 2404mW/3019mW VDD_SOC 2527mW/2732mW
09-26-2026 21:01:24 RAM 5902/7620MB (lfb 1x4MB) SWAP 71/12002MB (cached 0MB) CPU [1%@1728,0%@1728,0%@1728,0%@1728,0%@1728,100%@1728] GR3D_FREQ 0% cpu@54.468C soc2@53.437C soc0@53.218C gpu@55.125C tj@55.125C soc1@54.625C VDD_IN 8385mW/9430mW VDD_CPU_GPU_CV 2326mW/3016mW VDD_SOC 2527mW/2731mW
09-26-2026 21:01:24 RAM 5903/7620MB (lfb 1x4MB) SWAP 71/12002MB (cached 0MB) CPU [0%@1728,0%@1728,0%@1728,0%@1728,0%@1728,100%@1728] GR3D_FREQ 0% cpu@54.437C soc2@53.625C soc0@53.406C gpu@54.937C tj@54.937C soc1@54.593C VDD_IN 8385mW/9425mW VDD_CPU_GPU_CV 2365mW/3013mW VDD_SOC 2527mW/2730mW
09-26-2026 21:01:25 RAM 5903/7620MB (lfb 1x4MB) SWAP 71/12002MB (cached 0MB) CPU [0%@1728,0%@1728,0%@1728,0%@1728,0%@1728,98%@1728] GR3D_FREQ 9% cpu@54.281C soc2@53.468C soc0@53.281C gpu@54.843C tj@54.843C soc1@54.562C VDD_IN 8543mW/9421mW VDD_CPU_GPU_CV 2483mW/3011mW VDD_SOC 2566mW/2730mW
09-26-2026 21:01:25 RAM 5903/7620MB (lfb 1x4MB) SWAP 71/12002MB (cached 0MB) CPU [0%@1728,1%@1728,0%@1728,0%@1728,0%@1728,100%@1728] GR3D_FREQ 0% cpu@54.625C soc2@53.562C soc0@53.125C gpu@54.625C tj@54.625C soc1@54.75C VDD_IN 8385mW/9417mW VDD_CPU_GPU_CV 2365mW/3008mW VDD_SOC 2527mW/2729mW
09-26-2026 21:01:26 RAM 5903/7620MB (lfb 1x4MB) SWAP 71/12002MB (cached 0MB) CPU [0%@1728,0%@1728,0%@1728,0%@1728,0%@1728,100%@1728] GR3D_FREQ 0% cpu@54.343C soc2@53.5C soc0@53.093C gpu@55C tj@55C soc1@54.562C VDD_IN 8385mW/9413mW VDD_CPU_GPU_CV 2326mW/3005mW VDD_SOC 2527mW/2728mW
09-26-2026 21:01:26 RAM 5903/7620MB (lfb 1x4MB) SWAP 71/12002MB (cached 0MB) CPU [0%@1728,0%@1728,0%@1728,0%@1728,0%@1728,100%@1728] GR3D_FREQ 0% cpu@54.343C soc2@53.5C soc0@53.312C gpu@54.75C tj@54.75C soc1@54.5C VDD_IN 8345mW/9408mW VDD_CPU_GPU_CV 2365mW/3002mW VDD_SOC 2527mW/2727mW
09-26-2026 21:01:27 RAM 5903/7620MB (lfb 1x4MB) SWAP 71/12002MB (cached 0MB) CPU [0%@1728,0%@1728,0%@1728,0%@1728,0%@1728,98%@1728] GR3D_FREQ 0% cpu@54.125C soc2@53.406C soc0@53.156C gpu@54.656C tj@54.656C soc1@54.531C VDD_IN 8543mW/9404mW VDD_CPU_GPU_CV 2444mW/3000mW VDD_SOC 2566mW/2726mW
09-26-2026 21:01:27 RAM 5903/7620MB (lfb 1x4MB) SWAP 71/12002MB (cached 0MB) CPU [0%@1728,0%@1728,0%@1728,0%@1728,0%@1728,100%@1728] GR3D_FREQ 0% cpu@54.093C soc2@53.375C soc0@53.25C gpu@54.75C tj@54.75C soc1@54.656C VDD_IN 8385mW/9400mW VDD_CPU_GPU_CV 2365mW/2997mW VDD_SOC 2527mW/2726mW
09-26-2026 21:01:28 RAM 5903/7620MB (lfb 1x4MB) SWAP 71/12002MB (cached 0MB) CPU [0%@1728,0%@1728,0%@1728,0%@1728,0%@1728,100%@1728] GR3D_FREQ 0% cpu@54.375C soc2@53.375C soc0@53.031C gpu@54.593C tj@54.593C soc1@54.531C VDD_IN 8424mW/9396mW VDD_CPU_GPU_CV 2286mW/2994mW VDD_SOC 2566mW/2725mW
09-26-2026 21:01:28 RAM 5904/7620MB (lfb 1x4MB) SWAP 71/12002MB (cached 0MB) CPU [0%@1728,0%@1728,0%@1728,0%@1728,0%@1728,100%@1728] GR3D_FREQ 0% cpu@54.343C soc2@53.437C soc0@53.312C gpu@54.406C tj@54.468C soc1@54.468C VDD_IN 8345mW/9391mW VDD_CPU_GPU_CV 2365mW/2992mW VDD_SOC 2527mW/2724mW
09-26-2026 21:01:29 RAM 5904/7620MB (lfb 1x4MB) SWAP 71/12002MB (cached 0MB) CPU [0%@1728,0%@1728,0%@1728,0%@1728,0%@1728,98%@1728] GR3D_FREQ 0% cpu@54.062C soc2@53.468C soc0@53.281C gpu@54.843C tj@54.843C soc1@54.468C VDD_IN 8543mW/9388mW VDD_CPU_GPU_CV 2483mW/2990mW VDD_SOC 2566mW/2723mW
09-26-2026 21:01:29 RAM 5904/7620MB (lfb 1x4MB) SWAP 71/12002MB (cached 0MB) CPU [0%@1728,0%@1728,0%@1728,0%@1728,0%@1728,100%@1728] GR3D_FREQ 0% cpu@54.093C soc2@53.343C soc0@53.125C gpu@54.625C tj@54.625C soc1@54.593C VDD_IN 8385mW/9384mW VDD_CPU_GPU_CV 2365mW/2987mW VDD_SOC 2527mW/2723mW
09-26-2026 21:01:30 RAM 5904/7620MB (lfb 1x4MB) SWAP 71/12002MB (cached 0MB) CPU [0%@1728,0%@1728,0%@1728,0%@1728,0%@1728,100%@1728] GR3D_FREQ 0% cpu@54.343C soc2@53.406C soc0@52.937C gpu@54.625C tj@54.625C soc1@54.562C VDD_IN 8385mW/9380mW VDD_CPU_GPU_CV 2286mW/2984mW VDD_SOC 2566mW/2722mW
09-26-2026 21:01:30 RAM 5904/7620MB (lfb 1x4MB) SWAP 71/12002MB (cached 0MB) CPU [1%@1728,0%@1728,0%@1728,0%@1728,0%@1728,100%@1728] GR3D_FREQ 0% cpu@54.343C soc2@53.406C soc0@53.093C gpu@54.437C tj@54.593C soc1@54.406C VDD_IN 8345mW/9375mW VDD_CPU_GPU_CV 2326mW/2981mW VDD_SOC 2527mW/2721mW
09-26-2026 21:01:31 RAM 5904/7620MB (lfb 1x4MB) SWAP 71/12002MB (cached 0MB) CPU [0%@1728,0%@1728,0%@1728,0%@1728,0%@1728,96%@1728] GR3D_FREQ 0% cpu@54.062C soc2@53.375C soc0@53.25C gpu@54.468C tj@54.468C soc1@54.343C VDD_IN 8503mW/9372mW VDD_CPU_GPU_CV 2444mW/2979mW VDD_SOC 2566mW/2721mW
09-26-2026 21:01:31 RAM 5904/7620MB (lfb 1x4MB) SWAP 71/12002MB (cached 0MB) CPU [0%@1728,0%@1728,0%@1728,0%@1728,0%@1728,100%@1728] GR3D_FREQ 0% cpu@54.031C soc2@53.406C soc0@53.093C gpu@54.375C tj@54.656C soc1@54.656C VDD_IN 8385mW/9368mW VDD_CPU_GPU_CV 2365mW/2977mW VDD_SOC 2527mW/2720mW
09-26-2026 21:01:32 RAM 5904/7620MB (lfb 1x4MB) SWAP 71/12002MB (cached 0MB) CPU [0%@1728,1%@1728,0%@1728,0%@1728,0%@1728,100%@1728] GR3D_FREQ 0% cpu@54.281C soc2@53.343C soc0@53.031C gpu@54.718C tj@54.718C soc1@54.562C VDD_IN 8385mW/9364mW VDD_CPU_GPU_CV 2326mW/2974mW VDD_SOC 2566mW/2719mW
09-26-2026 21:01:32 RAM 5904/7620MB (lfb 1x4MB) SWAP 71/12002MB (cached 0MB) CPU [0%@1728,0%@1728,0%@1728,0%@1728,0%@1728,100%@1728] GR3D_FREQ 0% cpu@54.062C soc2@53.375C soc0@52.937C gpu@54.593C tj@54.593C soc1@54.343C VDD_IN 8345mW/9359mW VDD_CPU_GPU_CV 2365mW/2971mW VDD_SOC 2527mW/2718mW
09-26-2026 21:01:33 RAM 5904/7620MB (lfb 1x4MB) SWAP 71/12002MB (cached 0MB) CPU [0%@1728,0%@1728,0%@1728,0%@1728,0%@1728,98%@1728] GR3D_FREQ 0% cpu@54.093C soc2@53.375C soc0@53.218C gpu@54.531C tj@54.531C soc1@54.343C VDD_IN 8424mW/9356mW VDD_CPU_GPU_CV 2404mW/2969mW VDD_SOC 2527mW/2718mW
09-26-2026 21:01:33 RAM 5904/7620MB (lfb 1x4MB) SWAP 71/12002MB (cached 0MB) CPU [0%@1728,0%@1728,0%@1728,0%@1728,0%@1728,100%@1728] GR3D_FREQ 0% cpu@54.375C soc2@53.312C soc0@53.031C gpu@54.375C tj@54.562C soc1@54.562C VDD_IN 8385mW/9352mW VDD_CPU_GPU_CV 2326mW/2967mW VDD_SOC 2527mW/2717mW
09-26-2026 21:01:34 RAM 5904/7620MB (lfb 1x4MB) SWAP 71/12002MB (cached 0MB) CPU [0%@1728,1%@1728,0%@1728,0%@1728,0%@1728,100%@1728] GR3D_FREQ 0% cpu@54.312C soc2@53.343C soc0@53.062C gpu@54.718C tj@54.531C soc1@54.531C VDD_IN 8345mW/9348mW VDD_CPU_GPU_CV 2326mW/2964mW VDD_SOC 2527mW/2716mW
09-26-2026 21:01:34 RAM 5904/7620MB (lfb 1x4MB) SWAP 71/12002MB (cached 0MB) CPU [0%@1728,0%@1728,0%@1728,0%@1728,0%@1728,100%@1728] GR3D_FREQ 0% cpu@54.093C soc2@53.375C soc0@53.156C gpu@54.343C tj@54.468C soc1@54.468C VDD_IN 8385mW/9344mW VDD_CPU_GPU_CV 2365mW/2962mW VDD_SOC 2527mW/2715mW
09-26-2026 21:01:35 RAM 5903/7620MB (lfb 1x4MB) SWAP 71/12002MB (cached 0MB) CPU [0%@1728,0%@1728,1%@1728,0%@1728,0%@1728,98%@1728] GR3D_FREQ 0% cpu@54.093C soc2@53.312C soc0@53.156C gpu@54.718C tj@54.718C soc1@54.281C VDD_IN 8464mW/9340mW VDD_CPU_GPU_CV 2404mW/2959mW VDD_SOC 2566mW/2715mW
09-26-2026 21:01:35 RAM 5903/7620MB (lfb 1x4MB) SWAP 71/12002MB (cached 0MB) CPU [0%@1728,0%@1728,0%@1728,0%@1728,0%@1728,100%@1728] GR3D_FREQ 0% cpu@53.968C soc2@53.218C soc0@52.937C gpu@54.625C tj@54.625C soc1@54.5C VDD_IN 8385mW/9337mW VDD_CPU_GPU_CV 2326mW/2957mW VDD_SOC 2527mW/2714mW
09-26-2026 21:01:36 RAM 5904/7620MB (lfb 1x4MB) SWAP 71/12002MB (cached 0MB) CPU [0%@1728,0%@1728,0%@1728,0%@1728,0%@1728,100%@1728] GR3D_FREQ 0% cpu@54.343C soc2@53.218C soc0@52.968C gpu@54.437C tj@54.437C soc1@54.406C VDD_IN 8385mW/9333mW VDD_CPU_GPU_CV 2326mW/2954mW VDD_SOC 2566mW/2713mW
09-26-2026 21:01:36 RAM 5904/7620MB (lfb 1x4MB) SWAP 71/12002MB (cached 0MB) CPU [0%@1728,0%@1728,0%@1728,0%@1728,0%@1728,100%@1728] GR3D_FREQ 0% cpu@54.25C soc2@53.343C soc0@52.906C gpu@54.25C tj@54.343C soc1@54.343C VDD_IN 8385mW/9329mW VDD_CPU_GPU_CV 2365mW/2952mW VDD_SOC 2527mW/2713mW
09-26-2026 21:01:37 RAM 5904/7620MB (lfb 1x4MB) SWAP 71/12002MB (cached 0MB) CPU [0%@1728,0%@1728,0%@1728,0%@1728,0%@1728,98%@1728] GR3D_FREQ 0% cpu@53.906C soc2@53.187C soc0@53.125C gpu@54.656C tj@54.656C soc1@54.25C VDD_IN 8385mW/9325mW VDD_CPU_GPU_CV 2365mW/2950mW VDD_SOC 2527mW/2712mW
09-26-2026 21:01:37 RAM 5904/7620MB (lfb 1x4MB) SWAP 71/12002MB (cached 0MB) CPU [0%@1728,0%@1728,0%@1728,0%@1728,0%@1728,100%@1728] GR3D_FREQ 0% cpu@54.156C soc2@53.187C soc0@52.937C gpu@54.343C tj@54.562C soc1@54.562C VDD_IN 8345mW/9322mW VDD_CPU_GPU_CV 2326mW/2947mW VDD_SOC 2527mW/2711mW
09-26-2026 21:01:38 RAM 5904/7620MB (lfb 2x4MB) SWAP 71/12002MB (cached 0MB) CPU [1%@1728,0%@1728,0%@1728,0%@1728,0%@1728,100%@1728] GR3D_FREQ 0% cpu@54.343C soc2@53.187C soc0@52.906C gpu@54.562C tj@54.562C soc1@54.406C VDD_IN 8385mW/9318mW VDD_CPU_GPU_CV 2286mW/2945mW VDD_SOC 2566mW/2711mW
09-26-2026 21:01:38 RAM 5904/7620MB (lfb 2x4MB) SWAP 71/12002MB (cached 0MB) CPU [0%@1728,0%@1728,0%@1728,0%@1728,0%@1728,100%@1728] GR3D_FREQ 0% cpu@54.156C soc2@53.218C soc0@52.968C gpu@54.5C tj@54.5C soc1@54.437C VDD_IN 8345mW/9314mW VDD_CPU_GPU_CV 2326mW/2942mW VDD_SOC 2527mW/2710mW
09-26-2026 21:01:39 RAM 5904/7620MB (lfb 2x4MB) SWAP 71/12002MB (cached 0MB) CPU [0%@1728,1%@1728,0%@1728,1%@1728,0%@1728,98%@1728] GR3D_FREQ 0% cpu@53.937C soc2@53.25C soc0@53.031C gpu@54.281C tj@54.406C soc1@54.406C VDD_IN 8464mW/9311mW VDD_CPU_GPU_CV 2404mW/2940mW VDD_SOC 2566mW/2709mW
09-26-2026 21:01:39 RAM 5904/7620MB (lfb 2x4MB) SWAP 71/12002MB (cached 0MB) CPU [0%@1728,0%@1728,0%@1728,0%@1728,0%@1728,100%@1728] GR3D_FREQ 0% cpu@53.906C soc2@53.218C soc0@53.062C gpu@54.218C tj@54.375C soc1@54.375C VDD_IN 8385mW/9307mW VDD_CPU_GPU_CV 2365mW/2938mW VDD_SOC 2527mW/2709mW
09-26-2026 21:01:40 RAM 5904/7620MB (lfb 2x4MB) SWAP 71/12002MB (cached 0MB) CPU [0%@1728,0%@1728,0%@1728,0%@1728,0%@1728,100%@1728] GR3D_FREQ 0% cpu@54.125C soc2@53.062C soc0@53.062C gpu@54.531C tj@54.531C soc1@54.406C VDD_IN 8385mW/9304mW VDD_CPU_GPU_CV 2326mW/2936mW VDD_SOC 2566mW/2708mW
09-26-2026 21:01:40 RAM 5904/7620MB (lfb 2x4MB) SWAP 71/12002MB (cached 0MB) CPU [0%@1728,0%@1728,0%@1728,0%@1728,0%@1728,98%@1728] GR3D_FREQ 0% cpu@54.218C soc2@53.218C soc0@53.218C gpu@54.5C tj@54.5C soc1@54.312C VDD_IN 8582mW/9301mW VDD_CPU_GPU_CV 2483mW/2934mW VDD_SOC 2566mW/2708mW
09-26-2026 21:01:41 RAM 5904/7620MB (lfb 2x4MB) SWAP 71/12002MB (cached 0MB) CPU [0%@1728,0%@1728,0%@1728,0%@1728,0%@1728,100%@1728] GR3D_FREQ 0% cpu@53.937C soc2@53.187C soc0@53C gpu@54.562C tj@54.562C soc1@54.406C VDD_IN 8424mW/9298mW VDD_CPU_GPU_CV 2365mW/2932mW VDD_SOC 2527mW/2707mW
09-26-2026 21:01:41 RAM 5905/7620MB (lfb 2x4MB) SWAP 71/12002MB (cached 0MB) CPU [0%@1728,0%@1728,0%@1728,0%@1728,1%@1728,100%@1728] GR3D_FREQ 0% cpu@53.875C soc2@53.187C soc0@53C gpu@54.375C tj@54.5C soc1@54.5C VDD_IN 8424mW/9294mW VDD_CPU_GPU_CV 2286mW/2929mW VDD_SOC 2566mW/2706mW
09-26-2026 21:01:42 RAM 5905/7620MB (lfb 2x4MB) SWAP 71/12002MB (cached 0MB) CPU [0%@1728,0%@1728,0%@1728,0%@1728,0%@1728,98%@1728] GR3D_FREQ 1% cpu@54.093C soc2@53.093C soc0@52.937C gpu@54.5C tj@54.5C soc1@54.406C VDD_IN 8424mW/9291mW VDD_CPU_GPU_CV 2404mW/2927mW VDD_SOC 2566mW/2706mW
09-26-2026 21:01:42 RAM 5905/7620MB (lfb 2x4MB) SWAP 71/12002MB (cached 0MB) CPU [0%@1728,0%@1728,0%@1728,0%@1728,0%@1728,100%@1728] GR3D_FREQ 0% cpu@54.25C soc2@53.187C soc0@52.875C gpu@54.187C tj@54.312C soc1@54.312C VDD_IN 8345mW/9288mW VDD_CPU_GPU_CV 2326mW/2925mW VDD_SOC 2527mW/2705mW
09-26-2026 21:01:43 RAM 5905/7620MB (lfb 2x4MB) SWAP 71/12002MB (cached 0MB) CPU [0%@1728,0%@1728,0%@1728,0%@1728,0%@1728,100%@1728] GR3D_FREQ 0% cpu@53.906C soc2@53.218C soc0@52.937C gpu@54.468C tj@54.468C soc1@54.281C VDD_IN 8345mW/9284mW VDD_CPU_GPU_CV 2326mW/2923mW VDD_SOC 2527mW/2704mW
09-26-2026 21:01:43 RAM 5905/7620MB (lfb 2x4MB) SWAP 71/12002MB (cached 0MB) CPU [0%@1728,0%@1728,0%@1728,0%@1728,0%@1728,100%@1728] GR3D_FREQ 0% cpu@53.875C soc2@53.093C soc0@53C gpu@54.312C tj@54.312C soc1@54.281C VDD_IN 8345mW/9280mW VDD_CPU_GPU_CV 2326mW/2921mW VDD_SOC 2527mW/2704mW
09-26-2026 21:01:44 RAM 5905/7620MB (lfb 2x4MB) SWAP 71/12002MB (cached 0MB) CPU [0%@1728,1%@1728,0%@1728,0%@1728,1%@1728,38%@1728] GR3D_FREQ 75% cpu@54.218C soc2@53.437C soc0@52.937C gpu@55.906C tj@55.906C soc1@54.343C VDD_IN 13770mW/9297mW VDD_CPU_GPU_CV 5435mW/2930mW VDD_SOC 3564mW/2707mW
09-26-2026 21:01:44 RAM 5905/7620MB (lfb 2x4MB) SWAP 71/12002MB (cached 0MB) CPU [0%@1728,0%@1728,0%@1728,0%@1728,59%@1728,6%@1728] GR3D_FREQ 63% cpu@54.468C soc2@53.562C soc0@53C gpu@55.687C tj@55.687C soc1@54.281C VDD_IN 12692mW/9310mW VDD_CPU_GPU_CV 4809mW/2937mW VDD_SOC 3373mW/2709mW
09-26-2026 21:01:45 RAM 5905/7620MB (lfb 2x4MB) SWAP 71/12002MB (cached 0MB) CPU [0%@1728,0%@1728,3%@1728,4%@1728,60%@1728,0%@1728] GR3D_FREQ 0% cpu@54.687C soc2@53.656C soc0@53.343C gpu@54.968C tj@54.968C soc1@54.437C VDD_IN 12496mW/9322mW VDD_CPU_GPU_CV 4582mW/2943mW VDD_SOC 3373mW/2712mW
09-26-2026 21:01:45 RAM 5905/7620MB (lfb 2x4MB) SWAP 71/12002MB (cached 0MB) CPU [0%@1728,0%@1728,0%@1728,0%@1728,100%@1728,0%@1728] GR3D_FREQ 0% cpu@54.437C soc2@53.468C soc0@53.25C gpu@55.156C tj@55.156C soc1@54.437C VDD_IN 9556mW/9322mW VDD_CPU_GPU_CV 2991mW/2943mW VDD_SOC 2799mW/2712mW
09-26-2026 21:01:46 RAM 5906/7620MB (lfb 2x4MB) SWAP 71/12002MB (cached 0MB) CPU [0%@1728,1%@1728,0%@1728,0%@1728,100%@1728,0%@1728] GR3D_FREQ 0% cpu@54.656C soc2@53.406C soc0@53.031C gpu@54.75C tj@54.75C soc1@54.593C VDD_IN 8740mW/9320mW VDD_CPU_GPU_CV 2483mW/2942mW VDD_SOC 2645mW/2712mW
09-26-2026 21:01:46 RAM 5908/7620MB (lfb 2x4MB) SWAP 71/12002MB (cached 0MB) CPU [0%@1728,0%@1728,0%@1728,0%@1728,100%@1728,0%@1728] GR3D_FREQ 0% cpu@54.5C soc2@53.312C soc0@53.031C gpu@54.593C tj@54.593C soc1@54.5C VDD_IN 8464mW/9317mW VDD_CPU_GPU_CV 2404mW/2940mW VDD_SOC 2566mW/2711mW
09-26-2026 21:01:47 RAM 5908/7620MB (lfb 2x4MB) SWAP 71/12002MB (cached 0MB) CPU [1%@1728,0%@1728,0%@1728,0%@1728,100%@1728,0%@1728] GR3D_FREQ 0% cpu@54.437C soc2@53.375C soc0@53.093C gpu@54.406C tj@54.437C soc1@54.375C VDD_IN 8385mW/9314mW VDD_CPU_GPU_CV 2365mW/2937mW VDD_SOC 2527mW/2711mW
09-26-2026 21:01:47 RAM 5910/7620MB (lfb 1x4MB) SWAP 71/12002MB (cached 0MB) CPU [10%@1728,16%@1728,14%@1728,9%@1728,64%@1728,86%@1728] GR3D_FREQ 0% cpu@54.187C soc2@53.375C soc0@53.031C gpu@54.562C tj@54.562C soc1@54.468C VDD_IN 8938mW/9312mW VDD_CPU_GPU_CV 2759mW/2937mW VDD_SOC 2566mW/2710mW
09-26-2026 21:01:48 RAM 5910/7620MB (lfb 1x4MB) SWAP 71/12002MB (cached 0MB) CPU [1%@1728,0%@1728,0%@1728,0%@1728,0%@1728,100%@1728] GR3D_FREQ 0% cpu@54.218C soc2@53.218C soc0@52.906C gpu@54.406C tj@54.531C soc1@54.531C VDD_IN 8543mW/9310mW VDD_CPU_GPU_CV 2444mW/2935mW VDD_SOC 2566mW/2710mW
09-26-2026 21:01:48 RAM 5911/7620MB (lfb 1x4MB) SWAP 71/12002MB (cached 0MB) CPU [60%@1728,1%@1728,0%@1728,1%@1728,4%@1728,100%@1728] GR3D_FREQ 0% cpu@54.906C soc2@53.437C soc0@53.062C gpu@54.843C tj@54.906C soc1@54.437C VDD_IN 8859mW/9308mW VDD_CPU_GPU_CV 2759mW/2934mW VDD_SOC 2566mW/2709mW
09-26-2026 21:01:49 RAM 5911/7620MB (lfb 1x4MB) SWAP 71/12002MB (cached 0MB) CPU [100%@1728,1%@1728,0%@1728,0%@1728,0%@1728,100%@1728] GR3D_FREQ 0% cpu@54.562C soc2@53.625C soc0@53.156C gpu@54.625C tj@54.625C soc1@54.343C VDD_IN 9161mW/9307mW VDD_CPU_GPU_CV 2991mW/2935mW VDD_SOC 2566mW/2709mW
09-26-2026 21:01:49 RAM 5911/7620MB (lfb 1x4MB) SWAP 71/12002MB (cached 0MB) CPU [66%@1728,46%@1728,1%@1728,0%@1728,33%@1728,60%@1728] GR3D_FREQ 0% cpu@54.593C soc2@53.5C soc0@52.968C gpu@54.5C tj@54.593C soc1@54.406C VDD_IN 9200mW/9307mW VDD_CPU_GPU_CV 2991mW/2935mW VDD_SOC 2606mW/2708mW
09-26-2026 21:01:50 RAM 5911/7620MB (lfb 1x4MB) SWAP 71/12002MB (cached 0MB) CPU [0%@1728,100%@1728,0%@1728,0%@1728,100%@1728,0%@1728] GR3D_FREQ 0% cpu@54.812C soc2@53.437C soc0@53.093C gpu@54.656C tj@54.812C soc1@54.593C VDD_IN 9240mW/9307mW VDD_CPU_GPU_CV 3070mW/2935mW VDD_SOC 2606mW/2708mW
09-26-2026 21:01:50 RAM 5911/7620MB (lfb 1x4MB) SWAP 71/12002MB (cached 0MB) CPU [0%@1728,100%@1728,0%@1728,0%@1728,82%@1728,27%@1728] GR3D_FREQ 0% cpu@54.406C soc2@53.375C soc0@52.906C gpu@54.531C tj@54.531C soc1@54.5C VDD_IN 9279mW/9307mW VDD_CPU_GPU_CV 3030mW/2936mW VDD_SOC 2606mW/2708mW
09-26-2026 21:01:51 RAM 5911/7620MB (lfb 1x4MB) SWAP 71/12002MB (cached 0MB) CPU [0%@1728,100%@1728,0%@1728,0%@1728,0%@1728,100%@1728] GR3D_FREQ 0% cpu@54.593C soc2@53.375C soc0@53C gpu@54.468C tj@54.593C soc1@54.468C VDD_IN 9240mW/9306mW VDD_CPU_GPU_CV 3070mW/2936mW VDD_SOC 2566mW/2707mW
09-26-2026 21:01:51 RAM 5911/7620MB (lfb 1x4MB) SWAP 71/12002MB (cached 0MB) CPU [3%@1728,44%@1728,0%@1728,0%@1728,5%@1728,100%@1728] GR3D_FREQ 0% cpu@54.281C soc2@53.468C soc0@53.031C gpu@54.875C tj@54.875C soc1@54.375C VDD_IN 8899mW/9305mW VDD_CPU_GPU_CV 2720mW/2935mW VDD_SOC 2566mW/2707mW
09-26-2026 21:01:52 RAM 5911/7620MB (lfb 1x4MB) SWAP 71/12002MB (cached 0MB) CPU [100%@1728,0%@1728,1%@1728,0%@1728,0%@1728,100%@1728] GR3D_FREQ 0% cpu@54.531C soc2@53.593C soc0@52.906C gpu@54.687C tj@54.531C soc1@54.312C VDD_IN 9082mW/9304mW VDD_CPU_GPU_CV 2952mW/2935mW VDD_SOC 2566mW/2706mW
09-26-2026 21:01:52 RAM 5911/7620MB (lfb 1x4MB) SWAP 71/12002MB (cached 0MB) CPU [100%@1728,1%@1728,0%@1728,0%@1728,0%@1728,56%@1728] GR3D_FREQ 0% cpu@54.218C soc2@53.437C soc0@53.062C gpu@54.843C tj@54.843C soc1@54.5C VDD_IN 8859mW/9303mW VDD_CPU_GPU_CV 2720mW/2935mW VDD_SOC 2566mW/2706mW
09-26-2026 21:01:53 RAM 5911/7620MB (lfb 1x4MB) SWAP 71/12002MB (cached 0MB) CPU [4%@1728,92%@1728,0%@1728,0%@1728,96%@1728,1%@1728] GR3D_FREQ 0% cpu@54.812C soc2@53.343C soc0@53.062C gpu@54.625C tj@54.812C soc1@54.437C VDD_IN 9057mW/9302mW VDD_CPU_GPU_CV 2917mW/2935mW VDD_SOC 2566mW/2705mW
09-26-2026 21:01:53 RAM 5911/7620MB (lfb 1x4MB) SWAP 71/12002MB (cached 0MB) CPU [1%@1728,100%@1728,0%@1728,0%@1728,100%@1728,0%@1728] GR3D_FREQ 0% cpu@54.593C soc2@53.5C soc0@53.031C gpu@54.562C tj@54.593C soc1@54.406C VDD_IN 9161mW/9301mW VDD_CPU_GPU_CV 2991mW/2935mW VDD_SOC 2566mW/2705mW
09-26-2026 21:01:54 RAM 5911/7620MB (lfb 1x4MB) SWAP 71/12002MB (cached 0MB) CPU [1%@1728,100%@1728,0%@1728,0%@1728,35%@1728,0%@1728] GR3D_FREQ 0% cpu@54.312C soc2@53.468C soc0@53.062C gpu@54.406C tj@54.406C soc1@54.406C VDD_IN 8740mW/9299mW VDD_CPU_GPU_CV 2641mW/2934mW VDD_SOC 2566mW/2704mW
09-26-2026 21:01:54 RAM 5911/7620MB (lfb 1x4MB) SWAP 71/12002MB (cached 0MB) CPU [0%@1728,92%@1728,0%@1728,0%@1728,0%@1728,2%@1728] GR3D_FREQ 49% cpu@53.875C soc2@53.375C soc0@52.937C gpu@55.093C tj@54.812C soc1@54.468C VDD_IN 8820mW/9298mW VDD_CPU_GPU_CV 2641mW/2933mW VDD_SOC 2645mW/2704mW
09-26-2026 21:01:55 RAM 5911/7620MB (lfb 1x4MB) SWAP 71/12002MB (cached 0MB) CPU [0%@1728,0%@1728,0%@1728,2%@1728,1%@1728,94%@1728] GR3D_FREQ 0% cpu@54.312C soc2@53.25C soc0@53C gpu@54.375C tj@54.468C soc1@54.468C VDD_IN 8780mW/9296mW VDD_CPU_GPU_CV 2562mW/2931mW VDD_SOC 2606mW/2704mW
09-26-2026 21:01:55 RAM 5911/7620MB (lfb 1x4MB) SWAP 71/12002MB (cached 0MB) CPU [0%@1728,0%@1728,0%@1728,0%@1728,0%@1728,100%@1728] GR3D_FREQ 0% cpu@54C soc2@53.218C soc0@52.906C gpu@54.75C tj@54.75C soc1@54.312C VDD_IN 8464mW/9293mW VDD_CPU_GPU_CV 2404mW/2930mW VDD_SOC 2566mW/2703mW
09-26-2026 21:01:56 RAM 5911/7620MB (lfb 1x4MB) SWAP 71/12002MB (cached 0MB) CPU [0%@1728,0%@1728,1%@1728,0%@1728,0%@1728,100%@1728] GR3D_FREQ 0% cpu@53.968C soc2@53.187C soc0@53C gpu@54.5C tj@54.5C soc1@54.281C VDD_IN 8424mW/9290mW VDD_CPU_GPU_CV 2404mW/2928mW VDD_SOC 2527mW/2703mW
09-26-2026 21:01:57 RAM 5911/7620MB (lfb 1x4MB) SWAP 71/12002MB (cached 0MB) CPU [1%@1728,0%@1728,0%@1728,0%@1728,0%@1728,100%@1728] GR3D_FREQ 0% cpu@54.093C soc2@53.125C soc0@52.968C gpu@54.343C tj@54.5C soc1@54.5C VDD_IN 8345mW/9287mW VDD_CPU_GPU_CV 2365mW/2926mW VDD_SOC 2527mW/2702mW
09-26-2026 21:01:57 RAM 5911/7620MB (lfb 1x4MB) SWAP 71/12002MB (cached 0MB) CPU [0%@1728,0%@1728,0%@1728,0%@1728,0%@1728,100%@1728] GR3D_FREQ 0% cpu@54.156C soc2@53.125C soc0@52.906C gpu@54.25C tj@54.312C soc1@54.312C VDD_IN 8345mW/9284mW VDD_CPU_GPU_CV 2326mW/2924mW VDD_SOC 2527mW/2701mW
09-26-2026 21:01:58 RAM 5911/7620MB (lfb 1x4MB) SWAP 71/12002MB (cached 0MB) CPU [0%@1728,0%@1728,0%@1728,0%@1728,0%@1728,100%@1728] GR3D_FREQ 0% cpu@54.031C soc2@53.343C soc0@53.062C gpu@54.656C tj@54.656C soc1@54.281C VDD_IN 8345mW/9281mW VDD_CPU_GPU_CV 2365mW/2922mW VDD_SOC 2531mW/2701mW
09-26-2026 21:01:58 RAM 5911/7620MB (lfb 1x4MB) SWAP 71/12002MB (cached 0MB) CPU [1%@1728,0%@1728,0%@1728,3%@1728,0%@1728,100%@1728] GR3D_FREQ 0% cpu@53.906C soc2@53.156C soc0@52.906C gpu@54.187C tj@54.281C soc1@54.281C VDD_IN 8345mW/9277mW VDD_CPU_GPU_CV 2365mW/2920mW VDD_SOC 2527mW/2700mW
09-26-2026 21:01:59 RAM 5911/7620MB (lfb 1x4MB) SWAP 71/12002MB (cached 0MB) CPU [0%@1728,0%@1728,0%@1728,0%@1728,0%@1728,100%@1728] GR3D_FREQ 0% cpu@54.218C soc2@53.156C soc0@52.968C gpu@54.531C tj@54.562C soc1@54.562C VDD_IN 8345mW/9274mW VDD_CPU_GPU_CV 2365mW/2918mW VDD_SOC 2527mW/2700mW
09-26-2026 21:01:59 RAM 5911/7620MB (lfb 1x4MB) SWAP 71/12002MB (cached 0MB) CPU [0%@1728,0%@1728,0%@1728,0%@1728,0%@1728,100%@1728] GR3D_FREQ 0% cpu@54.25C soc2@53.125C soc0@52.937C gpu@54.375C tj@54.406C soc1@54.406C VDD_IN 8345mW/9271mW VDD_CPU_GPU_CV 2365mW/2916mW VDD_SOC 2527mW/2699mW
09-26-2026 21:02:00 RAM 5911/7620MB (lfb 1x4MB) SWAP 71/12002MB (cached 0MB) CPU [0%@1728,0%@1728,0%@1728,0%@1728,0%@1728,100%@1728] GR3D_FREQ 6% cpu@54.125C soc2@53.375C soc0@53C gpu@54.218C tj@54.281C soc1@54.281C VDD_IN 8385mW/9268mW VDD_CPU_GPU_CV 2365mW/2915mW VDD_SOC 2527mW/2698mW
09-26-2026 21:02:00 RAM 5911/7620MB (lfb 1x4MB) SWAP 71/12002MB (cached 0MB) CPU [0%@1728,0%@1728,0%@1728,7%@1728,0%@1728,82%@1728] GR3D_FREQ 0% cpu@54.031C soc2@53.25C soc0@53.062C gpu@54.375C tj@54.375C soc1@54.218C VDD_IN 9950mW/9271mW VDD_CPU_GPU_CV 3227mW/2916mW VDD_SOC 2877mW/2699mW
09-26-2026 21:02:01 RAM 5911/7620MB (lfb 1x4MB) SWAP 71/12002MB (cached 0MB) CPU [0%@1728,0%@1728,0%@1728,6%@1728,0%@1728,98%@1728] GR3D_FREQ 0% cpu@53.937C soc2@53.187C soc0@52.937C gpu@54.656C tj@54.656C soc1@54.468C VDD_IN 8899mW/9269mW VDD_CPU_GPU_CV 2641mW/2915mW VDD_SOC 2645mW/2699mW
09-26-2026 21:02:01 RAM 5911/7620MB (lfb 1x4MB) SWAP 71/12002MB (cached 0MB) CPU [0%@1728,0%@1728,0%@1728,0%@1728,0%@1728,100%@1728] GR3D_FREQ 0% cpu@54.218C soc2@53.187C soc0@52.906C gpu@54.218C tj@54.375C soc1@54.375C VDD_IN 8503mW/9267mW VDD_CPU_GPU_CV 2444mW/2913mW VDD_SOC 2566mW/2698mW
09-26-2026 21:02:02 RAM 5911/7620MB (lfb 1x4MB) SWAP 71/12002MB (cached 0MB) CPU [0%@1728,0%@1728,0%@1728,0%@1728,0%@1728,100%@1728] GR3D_FREQ 0% cpu@54.125C soc2@53.031C soc0@52.906C gpu@54.593C tj@54.593C soc1@54.25C VDD_IN 8385mW/9264mW VDD_CPU_GPU_CV 2404mW/2912mW VDD_SOC 2527mW/2698mW
09-26-2026 21:02:02 RAM 5911/7620MB (lfb 1x4MB) SWAP 71/12002MB (cached 0MB) CPU [0%@1728,0%@1728,0%@1728,0%@1728,0%@1728,100%@1728] GR3D_FREQ 18% cpu@53.843C soc2@53.156C soc0@52.968C gpu@54.406C tj@54.406C soc1@54.25C VDD_IN 8424mW/9261mW VDD_CPU_GPU_CV 2365mW/2910mW VDD_SOC 2566mW/2697mW
09-26-2026 21:02:03 RAM 5911/7620MB (lfb 1x4MB) SWAP 71/12002MB (cached 0MB) CPU [1%@1728,0%@1728,0%@1728,52%@1728,0%@1728,56%@1728] GR3D_FREQ 0% cpu@54.125C soc2@53.375C soc0@53.125C gpu@54.656C tj@54.656C soc1@54.187C VDD_IN 11335mW/9268mW VDD_CPU_GPU_CV 3883mW/2913mW VDD_SOC 3188mW/2699mW
09-26-2026 21:02:03 RAM 5911/7620MB (lfb 1x4MB) SWAP 71/12002MB (cached 0MB) CPU [0%@1728,3%@1728,1%@1728,12%@1728,0%@1728,81%@1728] GR3D_FREQ 72% cpu@54.25C soc2@53.468C soc0@52.906C gpu@55.656C tj@55.656C soc1@54.468C VDD_IN 12614mW/9279mW VDD_CPU_GPU_CV 4770mW/2919mW VDD_SOC 3491mW/2702mW
09-26-2026 21:02:04 RAM 5911/7620MB (lfb 1x4MB) SWAP 71/12002MB (cached 0MB) CPU [0%@1728,0%@1728,0%@1728,0%@1728,0%@1728,33%@1728] GR3D_FREQ 96% cpu@54.687C soc2@53.937C soc0@53.156C gpu@56.75C tj@56.75C soc1@54.406C VDD_IN 17099mW/9304mW VDD_CPU_GPU_CV 7562mW/2934mW VDD_SOC 4443mW/2707mW
09-26-2026 21:02:04 RAM 5911/7620MB (lfb 1x4MB) SWAP 71/12002MB (cached 0MB) CPU [1%@1728,0%@1728,1%@1728,1%@1728,0%@1728,34%@1728] GR3D_FREQ 67% cpu@55C soc2@54.312C soc0@53.562C gpu@57.125C tj@57.125C soc1@54.437C VDD_IN 18474mW/9334mW VDD_CPU_GPU_CV 8388mW/2952mW VDD_SOC 4747mW/2714mW
09-26-2026 21:02:05 RAM 5911/7620MB (lfb 1x4MB) SWAP 71/12002MB (cached 0MB) CPU [0%@1728,0%@1728,0%@1728,0%@1728,0%@1728,33%@1728] GR3D_FREQ 66% cpu@55.031C soc2@54.5C soc0@53.687C gpu@57.781C tj@57.781C soc1@54.468C VDD_IN 18872mW/9365mW VDD_CPU_GPU_CV 8658mW/2970mW VDD_SOC 4864mW/2721mW
09-26-2026 21:02:05 RAM 5912/7620MB (lfb 1x4MB) SWAP 71/12002MB (cached 0MB) CPU [18%@1728,12%@1728,16%@1728,17%@1728,16%@1728,82%@1728] GR3D_FREQ 28% cpu@54.812C soc2@54.156C soc0@53.5C gpu@55.656C tj@55.656C soc1@54.781C VDD_IN 12849mW/9376mW VDD_CPU_GPU_CV 5044mW/2977mW VDD_SOC 3491mW/2723mW
09-26-2026 21:02:06 RAM 5913/7620MB (lfb 1x4MB) SWAP 71/12002MB (cached 0MB) CPU [0%@1728,1%@1728,1%@1728,0%@1728,0%@1728,98%@1728] GR3D_FREQ 2% cpu@54.812C soc2@53.875C soc0@53.468C gpu@55.468C tj@55.468C soc1@54.75C VDD_IN 9974mW/9378mW VDD_CPU_GPU_CV 3261mW/2978mW VDD_SOC 2877mW/2724mW
09-26-2026 21:02:06 RAM 5914/7620MB (lfb 1x4MB) SWAP 71/12002MB (cached 0MB) CPU [0%@1728,0%@1728,0%@1728,0%@1728,0%@1728,100%@1728] GR3D_FREQ 3% cpu@54.531C soc2@53.656C soc0@53.531C gpu@55C tj@55C soc1@54.687C VDD_IN 9121mW/9377mW VDD_CPU_GPU_CV 2715mW/2977mW VDD_SOC 2685mW/2724mW
09-26-2026 21:02:07 RAM 5916/7620MB (lfb 2x4MB) SWAP 71/12002MB (cached 0MB) CPU [0%@1728,0%@1728,0%@1728,0%@1728,0%@1728,98%@1728] GR3D_FREQ 0% cpu@54.375C soc2@53.625C soc0@53.468C gpu@54.812C tj@54.812C soc1@54.562C VDD_IN 8859mW/9375mW VDD_CPU_GPU_CV 2562mW/2976mW VDD_SOC 2645mW/2723mW
09-26-2026 21:02:07 RAM 5916/7620MB (lfb 2x4MB) SWAP 71/12002MB (cached 0MB) CPU [1%@1728,0%@1728,0%@1728,0%@1728,0%@1728,88%@1728] GR3D_FREQ 54% cpu@54.312C soc2@53.781C soc0@53.375C gpu@55.625C tj@55.625C soc1@54.781C VDD_IN 9477mW/9376mW VDD_CPU_GPU_CV 3070mW/2976mW VDD_SOC 2720mW/2723mW
09-26-2026 21:02:08 RAM 5916/7620MB (lfb 2x4MB) SWAP 71/12002MB (cached 0MB) CPU [1%@1728,0%@1728,0%@1728,2%@1728,0%@1728,19%@1728] GR3D_FREQ 94% cpu@54.781C soc2@54.031C soc0@53.375C gpu@57.375C tj@57.375C soc1@54.656C VDD_IN 14531mW/9392mW VDD_CPU_GPU_CV 7249mW/2989mW VDD_SOC 3094mW/2725mW
09-26-2026 21:02:08 RAM 5916/7620MB (lfb 2x4MB) SWAP 71/12002MB (cached 0MB) CPU [0%@1728,1%@1728,0%@1728,3%@1728,0%@1728,17%@1728] GR3D_FREQ 86% cpu@54.718C soc2@54.312C soc0@53.5C gpu@56.968C tj@56.968C soc1@54.75C VDD_IN 14883mW/9409mW VDD_CPU_GPU_CV 7444mW/3003mW VDD_SOC 3128mW/2726mW
09-26-2026 21:02:09 RAM 5916/7620MB (lfb 2x4MB) SWAP 71/12002MB (cached 0MB) CPU [0%@1728,0%@1728,0%@1728,0%@1728,0%@1728,26%@1728] GR3D_FREQ 83% cpu@54.906C soc2@54.375C soc0@53.812C gpu@57.468C tj@57.468C soc1@54.656C VDD_IN 15001mW/9427mW VDD_CPU_GPU_CV 7587mW/3018mW VDD_SOC 3128mW/2727mW
09-26-2026 21:02:09 RAM 5916/7620MB (lfb 2x4MB) SWAP 71/12002MB (cached 0MB) CPU [0%@1728,0%@1728,0%@1728,0%@1728,0%@1728,14%@1728] GR3D_FREQ 38% cpu@54.875C soc2@54.593C soc0@53.812C gpu@57.562C tj@57.562C soc1@54.968C VDD_IN 15641mW/9446mW VDD_CPU_GPU_CV 8249mW/3034mW VDD_SOC 3128mW/2728mW
09-26-2026 21:02:10 RAM 5916/7620MB (lfb 2x4MB) SWAP 71/12002MB (cached 0MB) CPU [0%@1728,1%@1728,0%@1728,2%@1728,0%@1728,14%@1728] GR3D_FREQ 99% cpu@55.375C soc2@54.593C soc0@53.875C gpu@57.531C tj@57.531C soc1@54.937C VDD_IN 15954mW/9467mW VDD_CPU_GPU_CV 8507mW/3051mW VDD_SOC 3084mW/2729mW
09-26-2026 21:02:10 RAM 5916/7620MB (lfb 2x4MB) SWAP 71/12002MB (cached 0MB) CPU [4%@1728,0%@1728,0%@1728,11%@1728,0%@1728,46%@1728] GR3D_FREQ 62% cpu@55.187C soc2@54.625C soc0@53.843C gpu@57.218C tj@57.218C soc1@55C VDD_IN 14766mW/9483mW VDD_CPU_GPU_CV 7132mW/3064mW VDD_SOC 3206mW/2731mW
09-26-2026 21:02:11 RAM 5916/7620MB (lfb 2x4MB) SWAP 71/12002MB (cached 0MB) CPU [0%@1728,0%@1728,0%@1728,15%@1728,17%@1728,28%@1728] GR3D_FREQ 4% cpu@55.406C soc2@54.625C soc0@54.156C gpu@56.468C tj@56.468C soc1@54.968C VDD_IN 14319mW/9498mW VDD_CPU_GPU_CV 6119mW/3074mW VDD_SOC 3407mW/2733mW
09-26-2026 21:02:11 RAM 5916/7620MB (lfb 2x4MB) SWAP 71/12002MB (cached 0MB) CPU [0%@1728,0%@1728,0%@1728,2%@1728,100%@1728,0%@1728] GR3D_FREQ 0% cpu@55.25C soc2@54.343C soc0@54C gpu@55.687C tj@56.031C soc1@55.031C VDD_IN 10092mW/9500mW VDD_CPU_GPU_CV 3458mW/3075mW VDD_SOC 2799mW/2733mW
09-26-2026 21:02:12 RAM 5916/7620MB (lfb 2x4MB) SWAP 71/12002MB (cached 0MB) CPU [0%@1728,0%@1728,0%@1728,0%@1728,100%@1728,0%@1728] GR3D_FREQ 0% cpu@55.156C soc2@54.218C soc0@53.812C gpu@55.593C tj@55.593C soc1@55.156C VDD_IN 8924mW/9498mW VDD_CPU_GPU_CV 2759mW/3074mW VDD_SOC 2606mW/2733mW
09-26-2026 21:02:12 RAM 5916/7620MB (lfb 2x4MB) SWAP 71/12002MB (cached 0MB) CPU [1%@1728,0%@1728,0%@1728,0%@1728,100%@1728,0%@1728] GR3D_FREQ 0% cpu@55.468C soc2@54.125C soc0@53.625C gpu@55.343C tj@55.468C soc1@55.062C VDD_IN 8543mW/9495mW VDD_CPU_GPU_CV 2523mW/3072mW VDD_SOC 2566mW/2732mW
09-26-2026 21:02:13 RAM 5916/7620MB (lfb 2x4MB) SWAP 71/12002MB (cached 0MB) CPU [0%@1728,0%@1728,0%@1728,0%@1728,100%@1728,0%@1728] GR3D_FREQ 0% cpu@55C soc2@53.968C soc0@53.843C gpu@55.156C tj@55.156C soc1@54.875C VDD_IN 8424mW/9492mW VDD_CPU_GPU_CV 2404mW/3070mW VDD_SOC 2527mW/2732mW
09-26-2026 21:02:13 RAM 5916/7620MB (lfb 2x4MB) SWAP 71/12002MB (cached 0MB) CPU [0%@1728,0%@1728,0%@1728,0%@1728,100%@1728,0%@1728] GR3D_FREQ 0% cpu@54.906C soc2@54C soc0@53.593C gpu@55.593C tj@55.593C soc1@54.906C VDD_IN 8385mW/9489mW VDD_CPU_GPU_CV 2404mW/3068mW VDD_SOC 2527mW/2731mW
09-26-2026 21:02:14 RAM 5916/7620MB (lfb 2x4MB) SWAP 71/12002MB (cached 0MB) CPU [0%@1728,0%@1728,0%@1728,0%@1728,100%@1728,0%@1728] GR3D_FREQ 0% cpu@54.75C soc2@53.843C soc0@53.718C gpu@55.343C tj@55.343C soc1@55.062C VDD_IN 8345mW/9485mW VDD_CPU_GPU_CV 2365mW/3066mW VDD_SOC 2527mW/2730mW
09-26-2026 21:02:14 RAM 5916/7620MB (lfb 2x4MB) SWAP 71/12002MB (cached 0MB) CPU [1%@1728,0%@1728,3%@1728,0%@1728,100%@1728,3%@1728] GR3D_FREQ 0% cpu@55.093C soc2@53.875C soc0@53.531C gpu@55.468C tj@55.468C soc1@54.875C VDD_IN 8385mW/9482mW VDD_CPU_GPU_CV 2365mW/3064mW VDD_SOC 2527mW/2730mW
09-26-2026 21:02:15 RAM 5916/7620MB (lfb 2x4MB) SWAP 71/12002MB (cached 0MB) CPU [0%@1728,0%@1728,0%@1728,0%@1728,100%@1728,0%@1728] GR3D_FREQ 0% cpu@54.937C soc2@53.906C soc0@53.531C gpu@55.125C tj@55.125C soc1@54.875C VDD_IN 8385mW/9478mW VDD_CPU_GPU_CV 2365mW/3062mW VDD_SOC 2527mW/2729mW
09-26-2026 21:02:15 RAM 5916/7620MB (lfb 2x4MB) SWAP 71/12002MB (cached 0MB) CPU [0%@1728,0%@1728,1%@1728,0%@1728,100%@1728,0%@1728] GR3D_FREQ 0% cpu@54.843C soc2@53.875C soc0@53.562C gpu@55.062C tj@55.062C soc1@54.812C VDD_IN 8345mW/9475mW VDD_CPU_GPU_CV 2365mW/3059mW VDD_SOC 2527mW/2729mW
09-26-2026 21:02:16 RAM 5916/7620MB (lfb 2x4MB) SWAP 71/12002MB (cached 0MB) CPU [0%@1728,0%@1728,0%@1728,0%@1728,91%@1728,0%@1728] GR3D_FREQ 99% cpu@54.437C soc2@53.875C soc0@53.593C gpu@56.156C tj@56.156C soc1@55C VDD_IN 9477mW/9475mW VDD_CPU_GPU_CV 3070mW/3059mW VDD_SOC 2759mW/2729mW
09-26-2026 21:02:16 RAM 5916/7620MB (lfb 2x4MB) SWAP 71/12002MB (cached 0MB) CPU [0%@1728,0%@1728,3%@1728,6%@1728,78%@1728,0%@1728] GR3D_FREQ 0% cpu@54.968C soc2@53.937C soc0@53.5C gpu@55.593C tj@55.593C soc1@54.843C VDD_IN 9793mW/9476mW VDD_CPU_GPU_CV 3227mW/3060mW VDD_SOC 2799mW/2729mW
09-26-2026 21:02:17 RAM 5916/7620MB (lfb 2x4MB) SWAP 71/12002MB (cached 0MB) CPU [0%@1728,0%@1728,0%@1728,1%@1728,48%@1728,0%@1728] GR3D_FREQ 74% cpu@54.812C soc2@54.218C soc0@53.781C gpu@56.343C tj@56.343C soc1@54.812C VDD_IN 12496mW/9485mW VDD_CPU_GPU_CV 4817mW/3065mW VDD_SOC 3340mW/2731mW
09-26-2026 21:02:17 RAM 5917/7620MB (lfb 2x4MB) SWAP 71/12002MB (cached 0MB) CPU [1%@1728,0%@1728,2%@1728,0%@1728,64%@1728,0%@1728] GR3D_FREQ 0% cpu@55.156C soc2@54.156C soc0@53.718C gpu@55.968C tj@55.968C soc1@54.781C VDD_IN 12240mW/9493mW VDD_CPU_GPU_CV 4582mW/3070mW VDD_SOC 3261mW/2732mW
09-26-2026 21:02:18 RAM 5919/7620MB (lfb 1x4MB) SWAP 71/12002MB (cached 0MB) CPU [10%@1728,11%@1728,18%@1728,10%@1728,100%@1728,38%@1728] GR3D_FREQ 0% cpu@55.031C soc2@54.062C soc0@53.656C gpu@55.5C tj@55.5C soc1@55.062C VDD_IN 9911mW/9495mW VDD_CPU_GPU_CV 3340mW/3071mW VDD_SOC 2799mW/2733mW
09-26-2026 21:02:18 RAM 5940/7620MB (lfb 1x2MB) SWAP 71/12002MB (cached 0MB) CPU [0%@1728,0%@1728,0%@1728,1%@1728,100%@1728,0%@1728] GR3D_FREQ 0% cpu@55.156C soc2@53.875C soc0@53.375C gpu@55.187C tj@55.187C soc1@54.968C VDD_IN 8820mW/9492mW VDD_CPU_GPU_CV 2601mW/3069mW VDD_SOC 2645mW/2732mW
09-26-2026 21:02:19 RAM 5943/7620MB (lfb 1x4MB) SWAP 71/12002MB (cached 0MB) CPU [1%@1728,0%@1728,0%@1728,0%@1728,100%@1728,0%@1728] GR3D_FREQ 0% cpu@55C soc2@53.937C soc0@53.718C gpu@54.968C tj@55.031C soc1@55.031C VDD_IN 8503mW/9490mW VDD_CPU_GPU_CV 2444mW/3067mW VDD_SOC 2566mW/2732mW
09-26-2026 21:02:19 RAM 5943/7620MB (lfb 1x4MB) SWAP 71/12002MB (cached 0MB) CPU [0%@1728,0%@1728,1%@1728,0%@1728,98%@1728,0%@1728] GR3D_FREQ 0% cpu@54.75C soc2@53.875C soc0@53.687C gpu@55.375C tj@55.375C soc1@54.843C VDD_IN 8464mW/9487mW VDD_CPU_GPU_CV 2404mW/3065mW VDD_SOC 2527mW/2731mW
09-26-2026 21:02:20 RAM 5943/7620MB (lfb 1x4MB) SWAP 71/12002MB (cached 0MB) CPU [0%@1728,0%@1728,0%@1728,0%@1728,100%@1728,0%@1728] GR3D_FREQ 0% cpu@55C soc2@53.812C soc0@53.562C gpu@55.125C tj@55.125C soc1@54.968C VDD_IN 8385mW/9483mW VDD_CPU_GPU_CV 2365mW/3063mW VDD_SOC 2527mW/2731mW
09-26-2026 21:02:20 RAM 5944/7620MB (lfb 1x4MB) SWAP 71/12002MB (cached 0MB) CPU [0%@1728,0%@1728,1%@1728,0%@1728,100%@1728,0%@1728] GR3D_FREQ 0% cpu@54.718C soc2@53.75C soc0@53.531C gpu@54.968C tj@55.031C soc1@55.031C VDD_IN 8424mW/9480mW VDD_CPU_GPU_CV 2286mW/3061mW VDD_SOC 2566mW/2730mW
09-26-2026 21:02:21 RAM 5944/7620MB (lfb 1x4MB) SWAP 71/12002MB (cached 0MB) CPU [0%@1728,0%@1728,0%@1728,0%@1728,100%@1728,0%@1728] GR3D_FREQ 0% cpu@54.687C soc2@53.812C soc0@53.375C gpu@55.062C tj@55.062C soc1@54.906C VDD_IN 8385mW/9477mW VDD_CPU_GPU_CV 2365mW/3059mW VDD_SOC 2527mW/2730mW
09-26-2026 21:02:21 RAM 5944/7620MB (lfb 1x4MB) SWAP 71/12002MB (cached 0MB) CPU [0%@1728,0%@1728,1%@1728,0%@1728,100%@1728,0%@1728] GR3D_FREQ 0% cpu@54.781C soc2@53.718C soc0@53.531C gpu@54.968C tj@54.968C soc1@54.718C VDD_IN 8385mW/9474mW VDD_CPU_GPU_CV 2365mW/3057mW VDD_SOC 2527mW/2729mW
09-26-2026 21:02:22 RAM 5944/7620MB (lfb 1x4MB) SWAP 71/12002MB (cached 0MB) CPU [1%@1728,0%@1728,0%@1728,0%@1728,100%@1728,0%@1728] GR3D_FREQ 0% cpu@54.875C soc2@53.625C soc0@53.5C gpu@54.781C tj@54.937C soc1@54.937C VDD_IN 8385mW/9471mW VDD_CPU_GPU_CV 2365mW/3055mW VDD_SOC 2527mW/2728mW
09-26-2026 21:02:22 RAM 5944/7620MB (lfb 1x4MB) SWAP 71/12002MB (cached 0MB) CPU [1%@1728,0%@1728,0%@1728,1%@1728,100%@1728,0%@1728] GR3D_FREQ 0% cpu@54.75C soc2@53.562C soc0@53.343C gpu@55.218C tj@55.218C soc1@54.875C VDD_IN 8385mW/9468mW VDD_CPU_GPU_CV 2286mW/3053mW VDD_SOC 2566mW/2728mW
09-26-2026 21:02:23 RAM 5944/7620MB (lfb 1x4MB) SWAP 71/12002MB (cached 0MB) CPU [3%@1728,1%@1728,0%@1728,2%@1728,100%@1728,0%@1728] GR3D_FREQ 0% cpu@55.093C soc2@53.687C soc0@53.406C gpu@54.937C tj@55.093C soc1@54.781C VDD_IN 8424mW/9464mW VDD_CPU_GPU_CV 2404mW/3051mW VDD_SOC 2527mW/2727mW
09-26-2026 21:02:23 RAM 5943/7620MB (lfb 2x2MB) SWAP 71/12002MB (cached 0MB) CPU [0%@1728,0%@1728,0%@1728,96%@1728,98%@1728,3%@1728] GR3D_FREQ 0% cpu@55.093C soc2@53.812C soc0@53.593C gpu@55.218C tj@55.218C soc1@54.718C VDD_IN 9017mW/9463mW VDD_CPU_GPU_CV 2917mW/3050mW VDD_SOC 2566mW/2727mW
09-26-2026 21:02:24 RAM 5943/7620MB (lfb 2x2MB) SWAP 71/12002MB (cached 0MB) CPU [0%@1728,0%@1728,0%@1728,100%@1728,100%@1728,0%@1728] GR3D_FREQ 0% cpu@55.218C soc2@53.718C soc0@53.5C gpu@55.093C tj@55.218C soc1@54.781C VDD_IN 9161mW/9462mW VDD_CPU_GPU_CV 3070mW/3051mW VDD_SOC 2566mW/2726mW
09-26-2026 21:02:24 RAM 5943/7620MB (lfb 2x2MB) SWAP 71/12002MB (cached 0MB) CPU [0%@1728,0%@1728,1%@1728,100%@1728,100%@1728,0%@1728] GR3D_FREQ 0% cpu@55.156C soc2@53.812C soc0@53.437C gpu@54.968C tj@55.156C soc1@54.843C VDD_IN 9200mW/9462mW VDD_CPU_GPU_CV 3070mW/3051mW VDD_SOC 2566mW/2726mW
09-26-2026 21:02:25 RAM 5943/7620MB (lfb 2x2MB) SWAP 71/12002MB (cached 0MB) CPU [0%@1728,0%@1728,0%@1728,100%@1728,100%@1728,0%@1728] GR3D_FREQ 0% cpu@55.781C soc2@53.75C soc0@53.312C gpu@54.875C tj@55.781C soc1@54.718C VDD_IN 9240mW/9461mW VDD_CPU_GPU_CV 3148mW/3051mW VDD_SOC 2566mW/2725mW
09-26-2026 21:02:25 RAM 5943/7620MB (lfb 2x2MB) SWAP 71/12002MB (cached 0MB) CPU [0%@1728,0%@1728,0%@1728,100%@1728,100%@1728,0%@1728] GR3D_FREQ 0% cpu@55.25C soc2@53.875C soc0@53.468C gpu@55.25C tj@55.25C soc1@54.718C VDD_IN 9240mW/9460mW VDD_CPU_GPU_CV 3148mW/3051mW VDD_SOC 2566mW/2725mW
09-26-2026 21:02:26 RAM 5943/7620MB (lfb 2x2MB) SWAP 71/12002MB (cached 0MB) CPU [0%@1728,0%@1728,0%@1728,100%@1728,100%@1728,0%@1728] GR3D_FREQ 0% cpu@55.25C soc2@53.875C soc0@53.406C gpu@55.062C tj@55.25C soc1@54.75C VDD_IN 9240mW/9460mW VDD_CPU_GPU_CV 3148mW/3051mW VDD_SOC 2566mW/2725mW
09-26-2026 21:02:26 RAM 5944/7620MB (lfb 2x2MB) SWAP 71/12002MB (cached 0MB) CPU [0%@1728,1%@1728,0%@1728,92%@1728,100%@1728,0%@1728] GR3D_FREQ 0% cpu@55.062C soc2@53.875C soc0@53.406C gpu@55.156C tj@55.156C soc1@54.968C VDD_IN 9200mW/9459mW VDD_CPU_GPU_CV 3070mW/3051mW VDD_SOC 2566mW/2724mW
09-26-2026 21:02:27 RAM 5944/7620MB (lfb 2x2MB) SWAP 71/12002MB (cached 0MB) CPU [0%@1728,0%@1728,1%@1728,28%@1728,100%@1728,0%@1728] GR3D_FREQ 0% cpu@55.281C soc2@53.718C soc0@53.375C gpu@54.968C tj@55.281C soc1@54.812C VDD_IN 8780mW/9457mW VDD_CPU_GPU_CV 2680mW/3050mW VDD_SOC 2566mW/2724mW
09-26-2026 21:02:27 RAM 5944/7620MB (lfb 2x2MB) SWAP 71/12002MB (cached 0MB) CPU [0%@1728,0%@1728,0%@1728,0%@1728,98%@1728,0%@1728] GR3D_FREQ 0% cpu@54.656C soc2@53.625C soc0@53.343C gpu@54.812C tj@54.812C soc1@54.687C VDD_IN 8543mW/9454mW VDD_CPU_GPU_CV 2444mW/3049mW VDD_SOC 2566mW/2723mW
09-26-2026 21:02:28 RAM 5944/7620MB (lfb 2x2MB) SWAP 71/12002MB (cached 0MB) CPU [0%@1728,0%@1728,2%@1728,0%@1728,100%@1728,0%@1728] GR3D_FREQ 0% cpu@54.687C soc2@53.718C soc0@53.468C gpu@54.718C tj@54.718C soc1@54.656C VDD_IN 8424mW/9452mW VDD_CPU_GPU_CV 2404mW/3047mW VDD_SOC 2527mW/2723mW
09-26-2026 21:02:28 RAM 5944/7620MB (lfb 2x2MB) SWAP 71/12002MB (cached 0MB) CPU [0%@1728,0%@1728,0%@1728,0%@1728,100%@1728,0%@1728] GR3D_FREQ 0% cpu@54.562C soc2@53.593C soc0@53.343C gpu@55.093C tj@55.093C soc1@54.843C VDD_IN 8424mW/9449mW VDD_CPU_GPU_CV 2326mW/3045mW VDD_SOC 2566mW/2722mW
09-26-2026 21:02:29 RAM 5944/7620MB (lfb 2x2MB) SWAP 71/12002MB (cached 0MB) CPU [1%@1728,0%@1728,0%@1728,1%@1728,100%@1728,0%@1728] GR3D_FREQ 0% cpu@54.906C soc2@53.593C soc0@53.343C gpu@54.875C tj@54.906C soc1@54.781C VDD_IN 8385mW/9446mW VDD_CPU_GPU_CV 2365mW/3043mW VDD_SOC 2527mW/2722mW
09-26-2026 21:02:29 RAM 5944/7620MB (lfb 2x2MB) SWAP 71/12002MB (cached 0MB) CPU [0%@1728,1%@1728,0%@1728,0%@1728,100%@1728,0%@1728] GR3D_FREQ 0% cpu@54.718C soc2@53.593C soc0@53.406C gpu@54.968C tj@54.968C soc1@54.593C VDD_IN 8385mW/9443mW VDD_CPU_GPU_CV 2365mW/3041mW VDD_SOC 2527mW/2721mW
09-26-2026 21:02:30 RAM 5944/7620MB (lfb 2x2MB) SWAP 71/12002MB (cached 0MB) CPU [0%@1728,1%@1728,3%@1728,70%@1728,100%@1728,0%@1728] GR3D_FREQ 0% cpu@55.062C soc2@53.687C soc0@53.437C gpu@54.843C tj@55.156C soc1@54.593C VDD_IN 8899mW/9441mW VDD_CPU_GPU_CV 2759mW/3040mW VDD_SOC 2566mW/2721mW
09-26-2026 21:02:30 RAM 5944/7620MB (lfb 1x2MB) SWAP 71/12002MB (cached 0MB) CPU [0%@1728,0%@1728,1%@1728,100%@1728,100%@1728,0%@1728] GR3D_FREQ 0% cpu@55.093C soc2@53.593C soc0@53.343C gpu@54.843C tj@55.093C soc1@54.75C VDD_IN 9121mW/9440mW VDD_CPU_GPU_CV 2991mW/3040mW VDD_SOC 2566mW/2720mW
09-26-2026 21:02:31 RAM 5944/7620MB (lfb 1x2MB) SWAP 71/12002MB (cached 0MB) CPU [1%@1728,0%@1728,0%@1728,100%@1728,100%@1728,0%@1728] GR3D_FREQ 0% cpu@55.781C soc2@53.656C soc0@53.218C gpu@54.687C tj@55.781C soc1@54.718C VDD_IN 9240mW/9440mW VDD_CPU_GPU_CV 3148mW/3040mW VDD_SOC 2566mW/2720mW
09-26-2026 21:02:31 RAM 5944/7620MB (lfb 1x2MB) SWAP 71/12002MB (cached 0MB) CPU [0%@1728,0%@1728,0%@1728,100%@1728,100%@1728,0%@1728] GR3D_FREQ 0% cpu@55.218C soc2@53.656C soc0@53.406C gpu@55.093C tj@55.218C soc1@54.687C VDD_IN 9200mW/9439mW VDD_CPU_GPU_CV 3109mW/3041mW VDD_SOC 2566mW/2719mW
09-26-2026 21:02:32 RAM 5944/7620MB (lfb 1x2MB) SWAP 71/12002MB (cached 0MB) CPU [0%@1728,0%@1728,0%@1728,100%@1728,100%@1728,0%@1728] GR3D_FREQ 0% cpu@55.031C soc2@53.75C soc0@53.281C gpu@54.906C tj@55.031C soc1@54.593C VDD_IN 9200mW/9438mW VDD_CPU_GPU_CV 3109mW/3041mW VDD_SOC 2566mW/2719mW
09-26-2026 21:02:32 RAM 5945/7620MB (lfb 1x2MB) SWAP 71/12002MB (cached 0MB) CPU [0%@1728,0%@1728,0%@1728,100%@1728,100%@1728,0%@1728] GR3D_FREQ 0% cpu@55.031C soc2@53.656C soc0@53.406C gpu@55.062C tj@55.062C soc1@54.843C VDD_IN 9240mW/9438mW VDD_CPU_GPU_CV 3070mW/3041mW VDD_SOC 2566mW/2719mW
09-26-2026 21:02:33 RAM 5945/7620MB (lfb 1x2MB) SWAP 71/12002MB (cached 0MB) CPU [0%@1728,0%@1728,0%@1728,100%@1728,100%@1728,0%@1728] GR3D_FREQ 0% cpu@55.187C soc2@53.656C soc0@53.375C gpu@54.937C tj@55.187C soc1@54.687C VDD_IN 9240mW/9437mW VDD_CPU_GPU_CV 3148mW/3041mW VDD_SOC 2566mW/2718mW
09-26-2026 21:02:33 RAM 5945/7620MB (lfb 1x2MB) SWAP 71/12002MB (cached 0MB) CPU [30%@1728,0%@1728,1%@1728,19%@1728,98%@1728,0%@1728] GR3D_FREQ 0% cpu@54.843C soc2@53.562C soc0@53.25C gpu@54.781C tj@54.843C soc1@54.781C VDD_IN 8899mW/9436mW VDD_CPU_GPU_CV 2799mW/3041mW VDD_SOC 2566mW/2718mW
09-26-2026 21:02:34 RAM 5945/7620MB (lfb 1x2MB) SWAP 71/12002MB (cached 0MB) CPU [0%@1728,0%@1728,1%@1728,0%@1728,100%@1728,0%@1728] GR3D_FREQ 0% cpu@54.593C soc2@53.687C soc0@53.437C gpu@54.625C tj@54.625C soc1@54.625C VDD_IN 8543mW/9434mW VDD_CPU_GPU_CV 2444mW/3039mW VDD_SOC 2527mW/2717mW
09-26-2026 21:02:34 RAM 5945/7620MB (lfb 1x2MB) SWAP 71/12002MB (cached 0MB) CPU [0%@1728,0%@1728,0%@1728,0%@1728,100%@1728,0%@1728] GR3D_FREQ 0% cpu@54.593C soc2@53.593C soc0@53.343C gpu@54.906C tj@54.906C soc1@54.562C VDD_IN 8424mW/9431mW VDD_CPU_GPU_CV 2365mW/3037mW VDD_SOC 2527mW/2717mW
09-26-2026 21:02:35 RAM 5945/7620MB (lfb 1x2MB) SWAP 71/12002MB (cached 0MB) CPU [0%@1728,1%@1728,0%@1728,0%@1728,100%@1728,0%@1728] GR3D_FREQ 0% cpu@54.468C soc2@53.468C soc0@53.125C gpu@54.718C tj@54.75C soc1@54.75C VDD_IN 8345mW/9428mW VDD_CPU_GPU_CV 2365mW/3035mW VDD_SOC 2527mW/2716mW
09-26-2026 21:02:35 RAM 5945/7620MB (lfb 1x2MB) SWAP 71/12002MB (cached 0MB) CPU [0%@1728,0%@1728,0%@1728,0%@1728,100%@1728,0%@1728] GR3D_FREQ 0% cpu@54.687C soc2@53.5C soc0@53.125C gpu@54.625C tj@54.906C soc1@54.562C VDD_IN 8345mW/9425mW VDD_CPU_GPU_CV 2365mW/3033mW VDD_SOC 2527mW/2716mW
09-26-2026 21:02:36 RAM 5945/7620MB (lfb 1x2MB) SWAP 71/12002MB (cached 0MB) CPU [0%@1728,0%@1728,0%@1728,0%@1728,100%@1728,0%@1728] GR3D_FREQ 0% cpu@54.562C soc2@53.562C soc0@53.375C gpu@54.625C tj@54.625C soc1@54.562C VDD_IN 8385mW/9422mW VDD_CPU_GPU_CV 2326mW/3032mW VDD_SOC 2527mW/2715mW
09-26-2026 21:02:36 RAM 5945/7620MB (lfb 1x2MB) SWAP 71/12002MB (cached 0MB) CPU [0%@1728,0%@1728,0%@1728,0%@1728,100%@1728,0%@1728] GR3D_FREQ 0% cpu@54.562C soc2@53.375C soc0@53.25C gpu@54.562C tj@54.562C soc1@54.468C VDD_IN 8345mW/9419mW VDD_CPU_GPU_CV 2326mW/3030mW VDD_SOC 2527mW/2715mW
09-26-2026 21:02:37 RAM 5945/7620MB (lfb 1x2MB) SWAP 71/12002MB (cached 0MB) CPU [0%@1728,0%@1728,0%@1728,0%@1728,98%@1728,0%@1728] GR3D_FREQ 0% cpu@54.406C soc2@53.406C soc0@53.281C gpu@54.5C tj@54.656C soc1@54.656C VDD_IN 8385mW/9416mW VDD_CPU_GPU_CV 2365mW/3028mW VDD_SOC 2527mW/2714mW
09-26-2026 21:02:37 RAM 5945/7620MB (lfb 1x2MB) SWAP 71/12002MB (cached 0MB) CPU [0%@1728,0%@1728,0%@1728,0%@1728,100%@1728,0%@1728] GR3D_FREQ 0% cpu@54.593C soc2@53.343C soc0@53.062C gpu@54.75C tj@54.75C soc1@54.437C VDD_IN 8385mW/9414mW VDD_CPU_GPU_CV 2326mW/3026mW VDD_SOC 2527mW/2714mW
09-26-2026 21:02:38 RAM 5945/7620MB (lfb 1x2MB) SWAP 71/12002MB (cached 0MB) CPU [0%@1728,0%@1728,0%@1728,0%@1728,100%@1728,0%@1728] GR3D_FREQ 0% cpu@54.343C soc2@53.468C soc0@53.25C gpu@54.687C tj@54.687C soc1@54.593C VDD_IN 8385mW/9411mW VDD_CPU_GPU_CV 2326mW/3024mW VDD_SOC 2566mW/2713mW
09-26-2026 21:02:38 RAM 5945/7620MB (lfb 1x2MB) SWAP 71/12002MB (cached 0MB) CPU [0%@1728,0%@1728,0%@1728,0%@1728,100%@1728,0%@1728] GR3D_FREQ 0% cpu@54.375C soc2@53.406C soc0@53.187C gpu@54.5C tj@54.625C soc1@54.625C VDD_IN 8345mW/9408mW VDD_CPU_GPU_CV 2365mW/3022mW VDD_SOC 2527mW/2713mW
09-26-2026 21:02:39 RAM 5945/7620MB (lfb 1x2MB) SWAP 71/12002MB (cached 0MB) CPU [0%@1728,1%@1728,0%@1728,0%@1728,100%@1728,0%@1728] GR3D_FREQ 0% cpu@54.437C soc2@53.375C soc0@53.062C gpu@54.656C tj@54.656C soc1@54.562C VDD_IN 8345mW/9405mW VDD_CPU_GPU_CV 2326mW/3021mW VDD_SOC 2527mW/2712mW
09-26-2026 21:02:39 RAM 5945/7620MB (lfb 1x2MB) SWAP 71/12002MB (cached 0MB) CPU [0%@1728,0%@1728,0%@1728,0%@1728,100%@1728,0%@1728] GR3D_FREQ 0% cpu@54.593C soc2@53.281C soc0@53C gpu@54.5C tj@54.593C soc1@54.5C VDD_IN 8385mW/9403mW VDD_CPU_GPU_CV 2286mW/3019mW VDD_SOC 2566mW/2712mW
09-26-2026 21:02:40 RAM 5945/7620MB (lfb 1x2MB) SWAP 71/12002MB (cached 0MB) CPU [0%@1728,1%@1728,0%@1728,3%@1728,92%@1728,0%@1728] GR3D_FREQ 52% cpu@54.25C soc2@53.375C soc0@53.25C gpu@54.937C tj@54.937C soc1@54.531C VDD_IN 9279mW/9402mW VDD_CPU_GPU_CV 2912mW/3018mW VDD_SOC 2685mW/2712mW
09-26-2026 21:02:40 RAM 5945/7620MB (lfb 1x2MB) SWAP 71/12002MB (cached 0MB) CPU [1%@1728,0%@1728,0%@1728,0%@1728,68%@1728,0%@1728] GR3D_FREQ 0% cpu@54.343C soc2@53.531C soc0@53.281C gpu@55.062C tj@55.062C soc1@54.5C VDD_IN 10447mW/9405mW VDD_CPU_GPU_CV 3536mW/3020mW VDD_SOC 2917mW/2712mW
09-26-2026 21:02:41 RAM 5945/7620MB (lfb 1x2MB) SWAP 71/12002MB (cached 0MB) CPU [0%@1728,0%@1728,9%@1728,0%@1728,8%@1728,74%@1728] GR3D_FREQ 0% cpu@54.062C soc2@53.5C soc0@53.156C gpu@54.875C tj@54.875C soc1@54.562C VDD_IN 10029mW/9407mW VDD_CPU_GPU_CV 3227mW/3020mW VDD_SOC 2877mW/2713mW
09-26-2026 21:02:41 RAM 5945/7620MB (lfb 1x2MB) SWAP 71/12002MB (cached 0MB) CPU [0%@1728,1%@1728,0%@1728,0%@1728,0%@1728,100%@1728] GR3D_FREQ 0% cpu@54.343C soc2@53.5C soc0@53.031C gpu@54.625C tj@54.625C soc1@54.562C VDD_IN 8859mW/9405mW VDD_CPU_GPU_CV 2601mW/3019mW VDD_SOC 2645mW/2713mW
09-26-2026 21:02:42 RAM 5948/7620MB (lfb 1x4MB) SWAP 71/12002MB (cached 0MB) CPU [0%@1728,0%@1728,0%@1728,0%@1728,0%@1728,100%@1728] GR3D_FREQ 0% cpu@54.312C soc2@53.406C soc0@53.187C gpu@54.656C tj@54.656C soc1@54.468C VDD_IN 8543mW/9403mW VDD_CPU_GPU_CV 2365mW/3017mW VDD_SOC 2606mW/2712mW
09-26-2026 21:02:42 RAM 5948/7620MB (lfb 1x4MB) SWAP 71/12002MB (cached 0MB) CPU [0%@1728,0%@1728,0%@1728,0%@1728,0%@1728,100%@1728] GR3D_FREQ 0% cpu@54.093C soc2@53.375C soc0@53.218C gpu@54.406C tj@54.437C soc1@54.437C VDD_IN 8385mW/9400mW VDD_CPU_GPU_CV 2365mW/3016mW VDD_SOC 2527mW/2712mW
09-26-2026 21:02:43 RAM 5948/7620MB (lfb 1x4MB) SWAP 71/12002MB (cached 0MB) CPU [0%@1728,0%@1728,0%@1728,0%@1728,0%@1728,100%@1728] GR3D_FREQ 0% cpu@54C soc2@53.343C soc0@53.218C gpu@54.875C tj@54.875C soc1@54.593C VDD_IN 8345mW/9398mW VDD_CPU_GPU_CV 2365mW/3014mW VDD_SOC 2527mW/2711mW
09-26-2026 21:02:43 RAM 5958/7620MB (lfb 1x4MB) SWAP 71/12002MB (cached 0MB) CPU [0%@1728,0%@1728,98%@1728,3%@1728,0%@1728,2%@1728] GR3D_FREQ 0% cpu@55.062C soc2@53.343C soc0@53.031C gpu@54.656C tj@55.062C soc1@54.562C VDD_IN 8345mW/9395mW VDD_CPU_GPU_CV 2326mW/3012mW VDD_SOC 2527mW/2711mW
09-26-2026 21:02:44 RAM 5958/7620MB (lfb 1x4MB) SWAP 71/12002MB (cached 0MB) CPU [0%@1728,0%@1728,100%@1728,0%@1728,0%@1728,0%@1728] GR3D_FREQ 0% cpu@54.625C soc2@53.375C soc0@53C gpu@54.531C tj@54.625C soc1@54.406C VDD_IN 8385mW/9392mW VDD_CPU_GPU_CV 2326mW/3011mW VDD_SOC 2527mW/2710mW
09-26-2026 21:02:44 RAM 5958/7620MB (lfb 1x4MB) SWAP 71/12002MB (cached 0MB) CPU [5%@1728,0%@1728,100%@1728,0%@1728,74%@1728,0%@1728] GR3D_FREQ 0% cpu@54.968C soc2@53.375C soc0@53.218C gpu@54.5C tj@54.968C soc1@54.375C VDD_IN 8859mW/9391mW VDD_CPU_GPU_CV 2759mW/3010mW VDD_SOC 2566mW/2710mW
09-26-2026 21:02:45 RAM 5958/7620MB (lfb 1x4MB) SWAP 71/12002MB (cached 0MB) CPU [0%@1728,0%@1728,100%@1728,0%@1728,100%@1728,0%@1728] GR3D_FREQ 0% cpu@54.812C soc2@53.5C soc0@53.156C gpu@54.625C tj@54.812C soc1@54.562C VDD_IN 9121mW/9390mW VDD_CPU_GPU_CV 2952mW/3010mW VDD_SOC 2566mW/2710mW
09-26-2026 21:02:46 RAM 5987/7620MB (lfb 1x4MB) SWAP 71/12002MB (cached 0MB) CPU [0%@1728,0%@1728,47%@1728,60%@1728,100%@1728,0%@1728] GR3D_FREQ 0% cpu@54.843C soc2@53.375C soc0@53.031C gpu@54.562C tj@54.843C soc1@54.562C VDD_IN 9200mW/9390mW VDD_CPU_GPU_CV 2991mW/3010mW VDD_SOC 2606mW/2709mW
09-26-2026 21:02:46 RAM 6028/7620MB (lfb 2x2MB) SWAP 72/12002MB (cached 0MB) CPU [11%@1728,0%@1728,0%@1728,100%@1728,100%@1728,1%@1728] GR3D_FREQ 0% cpu@55.031C soc2@53.562C soc0@53.25C gpu@55C tj@55.031C soc1@54.375C VDD_IN 9279mW/9389mW VDD_CPU_GPU_CV 3109mW/3010mW VDD_SOC 2606mW/2709mW
09-26-2026 21:02:47 RAM 6040/7620MB (lfb 1x1MB) SWAP 72/12002MB (cached 0MB) CPU [8%@1728,0%@1728,2%@1728,100%@1728,70%@1728,0%@1728] GR3D_FREQ 0% cpu@54.75C soc2@53.375C soc0@53.125C gpu@54.687C tj@54.75C soc1@54.375C VDD_IN 9057mW/9389mW VDD_CPU_GPU_CV 2838mW/3010mW VDD_SOC 2606mW/2709mW
09-26-2026 21:02:47 RAM 6039/7620MB (lfb 1x1MB) SWAP 72/12002MB (cached 0MB) CPU [0%@1728,1%@1728,0%@1728,100%@1728,100%@1728,0%@1728] GR3D_FREQ 0% cpu@54.906C soc2@53.375C soc0@52.937C gpu@54.625C tj@54.906C soc1@54.343C VDD_IN 9121mW/9388mW VDD_CPU_GPU_CV 2991mW/3009mW VDD_SOC 2566mW/2709mW
09-26-2026 21:02:48 RAM 6040/7620MB (lfb 1x1MB) SWAP 72/12002MB (cached 0MB) CPU [2%@1728,1%@1728,0%@1728,64%@1728,100%@1728,0%@1728] GR3D_FREQ 0% cpu@54.468C soc2@53.5C soc0@52.968C gpu@54.625C tj@54.625C soc1@54.562C VDD_IN 8978mW/9387mW VDD_CPU_GPU_CV 2799mW/3009mW VDD_SOC 2566mW/2708mW
09-26-2026 21:02:48 RAM 6042/7620MB (lfb 1x1MB) SWAP 72/12002MB (cached 0MB) CPU [20%@1728,24%@1728,40%@1728,46%@1728,100%@1728,88%@1728] GR3D_FREQ 0% cpu@55.312C soc2@53.562C soc0@53.125C gpu@54.625C tj@55.312C soc1@54.468C VDD_IN 9793mW/9388mW VDD_CPU_GPU_CV 3503mW/3010mW VDD_SOC 2641mW/2708mW
09-26-2026 21:02:49 RAM 6042/7620MB (lfb 1x1MB) SWAP 72/12002MB (cached 0MB) CPU [72%@1728,0%@1728,1%@1728,0%@1728,13%@1728,100%@1728] GR3D_FREQ 0% cpu@54.281C soc2@53.593C soc0@53.187C gpu@54.531C tj@54.531C soc1@54.406C VDD_IN 9279mW/9388mW VDD_CPU_GPU_CV 3070mW/3010mW VDD_SOC 2606mW/2708mW
09-26-2026 21:02:49 RAM 6042/7620MB (lfb 1x1MB) SWAP 72/12002MB (cached 0MB) CPU [0%@1728,0%@1728,3%@1728,68%@1728,0%@1728,100%@1728] GR3D_FREQ 0% cpu@54.593C soc2@53.5C soc0@53.312C gpu@54.937C tj@54.937C soc1@54.375C VDD_IN 9082mW/9387mW VDD_CPU_GPU_CV 2956mW/3010mW VDD_SOC 2566mW/2707mW
09-26-2026 21:02:50 RAM 6042/7620MB (lfb 1x1MB) SWAP 72/12002MB (cached 0MB) CPU [0%@1728,0%@1728,0%@1728,100%@1728,0%@1728,100%@1728] GR3D_FREQ 0% cpu@54.531C soc2@53.437C soc0@53.156C gpu@54.75C tj@54.75C soc1@54.562C VDD_IN 9200mW/9386mW VDD_CPU_GPU_CV 3070mW/3010mW VDD_SOC 2566mW/2707mW
09-26-2026 21:02:50 RAM 6038/7620MB (lfb 1x1MB) SWAP 72/12002MB (cached 0MB) CPU [1%@1728,0%@1728,0%@1728,100%@1728,0%@1728,60%@1728] GR3D_FREQ 0% cpu@54.656C soc2@53.468C soc0@53C gpu@54.906C tj@54.906C soc1@54.562C VDD_IN 8899mW/9385mW VDD_CPU_GPU_CV 2720mW/3010mW VDD_SOC 2566mW/2707mW
09-26-2026 21:02:51 RAM 6039/7620MB (lfb 1x1MB) SWAP 72/12002MB (cached 0MB) CPU [0%@1728,0%@1728,0%@1728,100%@1728,0%@1728,0%@1728] GR3D_FREQ 0% cpu@54.625C soc2@53.437C soc0@53.218C gpu@54.625C tj@54.625C soc1@54.406C VDD_IN 8543mW/9383mW VDD_CPU_GPU_CV 2483mW/3008mW VDD_SOC 2527mW/2706mW
09-26-2026 21:02:51 RAM 6039/7620MB (lfb 1x1MB) SWAP 72/12002MB (cached 0MB) CPU [0%@1728,0%@1728,2%@1728,17%@1728,78%@1728,0%@1728] GR3D_FREQ 0% cpu@54.437C soc2@53.437C soc0@53.187C gpu@54.5C tj@54.5C soc1@54.406C VDD_IN 8582mW/9381mW VDD_CPU_GPU_CV 2483mW/3007mW VDD_SOC 2566mW/2706mW
09-26-2026 21:02:52 RAM 6039/7620MB (lfb 1x1MB) SWAP 72/12002MB (cached 0MB) CPU [0%@1728,0%@1728,0%@1728,0%@1728,100%@1728,0%@1728] GR3D_FREQ 0% cpu@54.25C soc2@53.218C soc0@52.906C gpu@54.406C tj@54.531C soc1@54.531C VDD_IN 8424mW/9379mW VDD_CPU_GPU_CV 2404mW/3006mW VDD_SOC 2527mW/2705mW
09-26-2026 21:02:52 RAM 6039/7620MB (lfb 1x1MB) SWAP 72/12002MB (cached 0MB) CPU [0%@1728,0%@1728,0%@1728,0%@1728,100%@1728,0%@1728] GR3D_FREQ 0% cpu@54.593C soc2@53.218C soc0@53.031C gpu@54.75C tj@54.75C soc1@54.343C VDD_IN 8385mW/9376mW VDD_CPU_GPU_CV 2404mW/3004mW VDD_SOC 2527mW/2705mW
09-26-2026 21:02:53 RAM 6039/7620MB (lfb 1x1MB) SWAP 72/12002MB (cached 0MB) CPU [0%@1728,0%@1728,0%@1728,0%@1728,100%@1728,0%@1728] GR3D_FREQ 0% cpu@54.343C soc2@53.312C soc0@52.906C gpu@54.593C tj@54.375C soc1@54.375C VDD_IN 8345mW/9374mW VDD_CPU_GPU_CV 2365mW/3002mW VDD_SOC 2531mW/2705mW
09-26-2026 21:02:53 RAM 6039/7620MB (lfb 1x1MB) SWAP 72/12002MB (cached 0MB) CPU [0%@1728,0%@1728,0%@1728,0%@1728,100%@1728,0%@1728] GR3D_FREQ 0% cpu@54.312C soc2@53.218C soc0@52.906C gpu@54.75C tj@54.75C soc1@54.375C VDD_IN 8345mW/9371mW VDD_CPU_GPU_CV 2365mW/3001mW VDD_SOC 2527mW/2704mW
09-26-2026 21:02:54 RAM 6039/7620MB (lfb 1x1MB) SWAP 72/12002MB (cached 0MB) CPU [0%@1728,0%@1728,0%@1728,0%@1728,100%@1728,0%@1728] GR3D_FREQ 0% cpu@54.156C soc2@53.281C soc0@52.937C gpu@54.437C tj@54.437C soc1@54.312C VDD_IN 8345mW/9369mW VDD_CPU_GPU_CV 2326mW/2999mW VDD_SOC 2527mW/2704mW
09-26-2026 21:02:54 RAM 6039/7620MB (lfb 1x1MB) SWAP 72/12002MB (cached 0MB) CPU [0%@1728,0%@1728,1%@1728,0%@1728,100%@1728,0%@1728] GR3D_FREQ 0% cpu@54.437C soc2@53.25C soc0@52.906C gpu@54.406C tj@54.437C soc1@54.375C VDD_IN 8345mW/9366mW VDD_CPU_GPU_CV 2365mW/2998mW VDD_SOC 2531mW/2703mW
09-26-2026 21:02:55 RAM 6039/7620MB (lfb 1x1MB) SWAP 72/12002MB (cached 0MB) CPU [0%@1728,1%@1728,1%@1728,0%@1728,100%@1728,0%@1728] GR3D_FREQ 0% cpu@54.312C soc2@53.218C soc0@52.875C gpu@54.281C tj@54.312C soc1@54.312C VDD_IN 8345mW/9364mW VDD_CPU_GPU_CV 2365mW/2996mW VDD_SOC 2531mW/2703mW
09-26-2026 21:02:55 RAM 6039/7620MB (lfb 1x1MB) SWAP 72/12002MB (cached 0MB) CPU [0%@1728,1%@1728,0%@1728,0%@1728,100%@1728,0%@1728] GR3D_FREQ 0% cpu@54.312C soc2@53.25C soc0@52.937C gpu@54.625C tj@54.625C soc1@54.343C VDD_IN 8345mW/9361mW VDD_CPU_GPU_CV 2326mW/2994mW VDD_SOC 2531mW/2702mW
09-26-2026 21:02:56 RAM 6039/7620MB (lfb 1x1MB) SWAP 72/12002MB (cached 0MB) CPU [0%@1728,0%@1728,0%@1728,0%@1728,100%@1728,0%@1728] GR3D_FREQ 1% cpu@54.312C soc2@53.25C soc0@52.906C gpu@54.281C tj@54.468C soc1@54.25C VDD_IN 8345mW/9359mW VDD_CPU_GPU_CV 2365mW/2993mW VDD_SOC 2527mW/2702mW
09-26-2026 21:02:56 RAM 6039/7620MB (lfb 1x1MB) SWAP 72/12002MB (cached 0MB) CPU [0%@1728,0%@1728,0%@1728,0%@1728,100%@1728,0%@1728] GR3D_FREQ 0% cpu@54.562C soc2@53.281C soc0@52.875C gpu@54.593C tj@54.593C soc1@54.406C VDD_IN 8305mW/9356mW VDD_CPU_GPU_CV 2326mW/2991mW VDD_SOC 2531mW/2702mW
09-26-2026 21:02:57 RAM 6038/7620MB (lfb 1x1MB) SWAP 72/12002MB (cached 0MB) CPU [1%@1728,0%@1728,2%@1728,0%@1728,85%@1728,0%@1728] GR3D_FREQ 0% cpu@54.312C soc2@53.281C soc0@52.906C gpu@54.593C tj@54.593C soc1@54.343C VDD_IN 9319mW/9356mW VDD_CPU_GPU_CV 2794mW/2991mW VDD_SOC 2803mW/2702mW
09-26-2026 21:02:57 RAM 6038/7620MB (lfb 1x1MB) SWAP 72/12002MB (cached 0MB) CPU [0%@1728,1%@1728,16%@1728,0%@1728,90%@1728,0%@1728] GR3D_FREQ 76% cpu@54.312C soc2@53.5C soc0@53.031C gpu@55.656C tj@55.656C soc1@54.25C VDD_IN 11038mW/9360mW VDD_CPU_GPU_CV 3811mW/2993mW VDD_SOC 3188mW/2703mW
09-26-2026 21:02:58 RAM 6038/7620MB (lfb 1x1MB) SWAP 72/12002MB (cached 0MB) CPU [10%@1728,16%@1728,21%@1728,16%@1728,76%@1728,14%@1728] GR3D_FREQ 2% cpu@54.562C soc2@53.406C soc0@53.187C gpu@54.687C tj@54.687C soc1@54.343C VDD_IN 11038mW/9364mW VDD_CPU_GPU_CV 4001mW/2995mW VDD_SOC 3109mW/2704mW
09-26-2026 21:02:58 RAM 6038/7620MB (lfb 1x1MB) SWAP 72/12002MB (cached 0MB) CPU [3%@1728,0%@1728,0%@1728,4%@1728,90%@1728,0%@1728] GR3D_FREQ 2% cpu@54.375C soc2@53.312C soc0@53.093C gpu@54.562C tj@54.562C soc1@54.468C VDD_IN 9358mW/9364mW VDD_CPU_GPU_CV 2873mW/2995mW VDD_SOC 2759mW/2704mW
09-26-2026 21:02:59 RAM 6039/7620MB (lfb 1x1MB) SWAP 72/12002MB (cached 0MB) CPU [0%@1728,0%@1728,0%@1728,0%@1728,100%@1728,0%@1728] GR3D_FREQ 2% cpu@54.468C soc2@53.312C soc0@53.031C gpu@54.406C tj@54.468C soc1@54.406C VDD_IN 8938mW/9363mW VDD_CPU_GPU_CV 2601mW/2994mW VDD_SOC 2685mW/2704mW
09-26-2026 21:02:59 RAM 6039/7620MB (lfb 1x1MB) SWAP 72/12002MB (cached 0MB) CPU [0%@1728,1%@1728,0%@1728,0%@1728,100%@1728,0%@1728] GR3D_FREQ 3% cpu@54.375C soc2@53.406C soc0@52.906C gpu@54.75C tj@54.75C soc1@54.25C VDD_IN 8820mW/9362mW VDD_CPU_GPU_CV 2562mW/2993mW VDD_SOC 2645mW/2704mW
09-26-2026 21:03:00 RAM 6046/7620MB (lfb 1x1MB) SWAP 72/12002MB (cached 0MB) CPU [0%@1728,0%@1728,0%@1728,1%@1728,100%@1728,0%@1728] GR3D_FREQ 0% cpu@54.312C soc2@53.375C soc0@52.968C gpu@54.625C tj@54.625C soc1@54.312C VDD_IN 8582mW/9360mW VDD_CPU_GPU_CV 2404mW/2992mW VDD_SOC 2606mW/2704mW
09-26-2026 21:03:00 RAM 6050/7620MB (lfb 1x1MB) SWAP 72/12002MB (cached 0MB) CPU [0%@1728,0%@1728,0%@1728,0%@1728,21%@1728,0%@1728] GR3D_FREQ 99% cpu@54.468C soc2@53.625C soc0@53.031C gpu@56.593C tj@56.593C soc1@54.5C VDD_IN 13927mW/9371mW VDD_CPU_GPU_CV 6636mW/3000mW VDD_SOC 3094mW/2705mW
09-26-2026 21:03:01 RAM 6050/7620MB (lfb 1x1MB) SWAP 72/12002MB (cached 0MB) CPU [1%@1728,0%@1728,0%@1728,0%@1728,5%@1728,0%@1728] GR3D_FREQ 94% cpu@54.406C soc2@54C soc0@53.343C gpu@57.25C tj@57.531C soc1@54.5C VDD_IN 16462mW/9388mW VDD_CPU_GPU_CV 8818mW/3014mW VDD_SOC 3201mW/2706mW
09-26-2026 21:03:01 RAM 6050/7620MB (lfb 1x1MB) SWAP 72/12002MB (cached 0MB) CPU [0%@1728,0%@1728,0%@1728,0%@1728,5%@1728,0%@1728] GR3D_FREQ 99% cpu@54.781C soc2@54.281C soc0@53.593C gpu@57.218C tj@57.218C soc1@54.562C VDD_IN 17021mW/9406mW VDD_CPU_GPU_CV 9269mW/3029mW VDD_SOC 3273mW/2707mW
09-26-2026 21:03:02 RAM 6050/7620MB (lfb 1x1MB) SWAP 72/12002MB (cached 0MB) CPU [0%@1728,0%@1728,0%@1728,0%@1728,14%@1728,0%@1728] GR3D_FREQ 53% cpu@54.687C soc2@54.156C soc0@53.718C gpu@56.718C tj@56.718C soc1@54.531C VDD_IN 15236mW/9420mW VDD_CPU_GPU_CV 7665mW/3040mW VDD_SOC 3167mW/2708mW
09-26-2026 21:03:02 RAM 6050/7620MB (lfb 1x1MB) SWAP 72/12002MB (cached 0MB) CPU [0%@1728,0%@1728,0%@1728,0%@1728,16%@1728,0%@1728] GR3D_FREQ 87% cpu@54.843C soc2@54.343C soc0@53.656C gpu@57.906C tj@57.906C soc1@54.812C VDD_IN 15954mW/9435mW VDD_CPU_GPU_CV 8352mW/3052mW VDD_SOC 3201mW/2709mW
09-26-2026 21:03:03 RAM 6050/7620MB (lfb 1x1MB) SWAP 72/12002MB (cached 0MB) CPU [1%@1728,0%@1728,0%@1728,0%@1728,10%@1728,0%@1728] GR3D_FREQ 99% cpu@54.906C soc2@54.562C soc0@53.75C gpu@57.843C tj@57.843C soc1@54.843C VDD_IN 16423mW/9451mW VDD_CPU_GPU_CV 8740mW/3066mW VDD_SOC 3240mW/2711mW
09-26-2026 21:03:03 RAM 6050/7620MB (lfb 1x1MB) SWAP 72/12002MB (cached 0MB) CPU [1%@1728,0%@1728,0%@1728,0%@1728,13%@1728,0%@1728] GR3D_FREQ 99% cpu@55.312C soc2@54.718C soc0@54.093C gpu@57.843C tj@57.843C soc1@54.843C VDD_IN 17255mW/9470mW VDD_CPU_GPU_CV 9540mW/3081mW VDD_SOC 3235mW/2712mW
09-26-2026 21:03:04 RAM 6050/7620MB (lfb 1x1MB) SWAP 72/12002MB (cached 0MB) CPU [0%@1728,0%@1728,1%@1728,0%@1728,9%@1728,0%@1728] GR3D_FREQ 99% cpu@55.125C soc2@54.875C soc0@54.062C gpu@58.031C tj@58.031C soc1@54.968C VDD_IN 16462mW/9486mW VDD_CPU_GPU_CV 8857mW/3095mW VDD_SOC 3201mW/2713mW
09-26-2026 21:03:04 RAM 6050/7620MB (lfb 1x1MB) SWAP 72/12002MB (cached 0MB) CPU [3%@1728,0%@1728,0%@1728,0%@1728,6%@1728,0%@1728] GR3D_FREQ 99% cpu@55.062C soc2@54.843C soc0@54.062C gpu@58.093C tj@58.093C soc1@55.156C VDD_IN 16592mW/9503mW VDD_CPU_GPU_CV 9036mW/3108mW VDD_SOC 3123mW/2714mW
09-26-2026 21:03:05 RAM 6052/7620MB (lfb 1x1MB) SWAP 72/12002MB (cached 0MB) CPU [2%@1728,0%@1728,0%@1728,0%@1728,33%@1728,0%@1728] GR3D_FREQ 83% cpu@55.218C soc2@54.781C soc0@54.125C gpu@57.687C tj@57.687C soc1@55.062C VDD_IN 15432mW/9517mW VDD_CPU_GPU_CV 7860mW/3119mW VDD_SOC 3167mW/2715mW
09-26-2026 21:03:05 RAM 6062/7620MB (lfb 1x1MB) SWAP 72/12002MB (cached 0MB) CPU [9%@1728,8%@1728,0%@1728,0%@1728,18%@1728,0%@1728] GR3D_FREQ 83% cpu@55.562C soc2@54.781C soc0@54.093C gpu@58.093C tj@58.093C soc1@55.218C VDD_IN 15954mW/9532mW VDD_CPU_GPU_CV 7924mW/3131mW VDD_SOC 3318mW/2716mW
09-26-2026 21:03:06 RAM 6079/7620MB (lfb 1x1MB) SWAP 72/12002MB (cached 0MB) CPU [13%@1728,0%@1728,0%@1728,1%@1728,18%@1728,0%@1728] GR3D_FREQ 93% cpu@55.406C soc2@55.031C soc0@54.406C gpu@57.812C tj@57.812C soc1@55.125C VDD_IN 16462mW/9548mW VDD_CPU_GPU_CV 7886mW/3142mW VDD_SOC 3513mW/2718mW
09-26-2026 21:03:06 RAM 6084/7620MB (lfb 1x1MB) SWAP 72/12002MB (cached 0MB) CPU [16%@1728,0%@1728,0%@1728,0%@1728,10%@1728,66%@1728] GR3D_FREQ 0% cpu@55.25C soc2@54.75C soc0@54.312C gpu@56.406C tj@56.406C soc1@55.156C VDD_IN 12181mW/9554mW VDD_CPU_GPU_CV 4778mW/3145mW VDD_SOC 3065mW/2719mW
09-26-2026 21:03:07 RAM 6084/7620MB (lfb 1x1MB) SWAP 72/12002MB (cached 0MB) CPU [0%@1728,0%@1728,0%@1728,0%@1728,0%@1728,100%@1728] GR3D_FREQ 0% cpu@55.375C soc2@54.437C soc0@54.062C gpu@55.812C tj@55.812C soc1@55.281C VDD_IN 9477mW/9554mW VDD_CPU_GPU_CV 3109mW/3145mW VDD_SOC 2680mW/2719mW
09-26-2026 21:03:07 RAM 6084/7620MB (lfb 1x1MB) SWAP 72/12002MB (cached 0MB) CPU [0%@1728,0%@1728,1%@1728,1%@1728,0%@1728,100%@1728] GR3D_FREQ 0% cpu@55.281C soc2@54.343C soc0@53.781C gpu@55.5C tj@55.5C soc1@55.281C VDD_IN 8740mW/9552mW VDD_CPU_GPU_CV 2641mW/3144mW VDD_SOC 2606mW/2719mW
09-26-2026 21:03:08 RAM 6084/7620MB (lfb 1x1MB) SWAP 72/12002MB (cached 0MB) CPU [1%@1728,0%@1728,0%@1728,0%@1728,0%@1728,100%@1728] GR3D_FREQ 0% cpu@54.937C soc2@54.187C soc0@54.031C gpu@55.312C tj@55.312C soc1@55.156C VDD_IN 8503mW/9549mW VDD_CPU_GPU_CV 2444mW/3143mW VDD_SOC 2527mW/2718mW
09-26-2026 21:03:08 RAM 6084/7620MB (lfb 1x1MB) SWAP 72/12002MB (cached 0MB) CPU [1%@1728,1%@1728,0%@1728,0%@1728,0%@1728,100%@1728] GR3D_FREQ 0% cpu@54.875C soc2@54.187C soc0@53.906C gpu@55.593C tj@55.593C soc1@55.093C VDD_IN 8424mW/9547mW VDD_CPU_GPU_CV 2404mW/3141mW VDD_SOC 2527mW/2718mW
09-26-2026 21:03:09 RAM 6084/7620MB (lfb 1x1MB) SWAP 72/12002MB (cached 0MB) CPU [0%@1728,1%@1728,0%@1728,2%@1728,0%@1728,100%@1728] GR3D_FREQ 0% cpu@55.218C soc2@54.156C soc0@53.75C gpu@55.375C tj@55.687C soc1@55.187C VDD_IN 8424mW/9544mW VDD_CPU_GPU_CV 2404mW/3139mW VDD_SOC 2527mW/2717mW
09-26-2026 21:03:09 RAM 6085/7620MB (lfb 1x1MB) SWAP 72/12002MB (cached 0MB) CPU [5%@1728,2%@1728,0%@1728,2%@1728,1%@1728,100%@1728] GR3D_FREQ 0% cpu@55.031C soc2@54.062C soc0@53.687C gpu@55.343C tj@55.343C soc1@55.062C VDD_IN 8424mW/9542mW VDD_CPU_GPU_CV 2404mW/3138mW VDD_SOC 2527mW/2717mW
09-26-2026 21:03:10 RAM 6085/7620MB (lfb 1x1MB) SWAP 72/12002MB (cached 0MB) CPU [0%@1728,0%@1728,0%@1728,0%@1728,0%@1728,100%@1728] GR3D_FREQ 0% cpu@54.687C soc2@53.906C soc0@53.875C gpu@55.25C tj@55.25C soc1@55.062C VDD_IN 8385mW/9539mW VDD_CPU_GPU_CV 2404mW/3136mW VDD_SOC 2527mW/2717mW
09-26-2026 21:03:10 RAM 6085/7620MB (lfb 1x1MB) SWAP 72/12002MB (cached 0MB) CPU [0%@1728,0%@1728,0%@1728,0%@1728,0%@1728,100%@1728] GR3D_FREQ 0% cpu@54.656C soc2@53.968C soc0@53.875C gpu@55.093C tj@55.093C soc1@55.031C VDD_IN 8385mW/9536mW VDD_CPU_GPU_CV 2404mW/3134mW VDD_SOC 2527mW/2716mW
09-26-2026 21:03:11 RAM 6085/7620MB (lfb 1x1MB) SWAP 72/12002MB (cached 0MB) CPU [0%@1728,0%@1728,0%@1728,0%@1728,0%@1728,100%@1728] GR3D_FREQ 0% cpu@54.718C soc2@53.968C soc0@53.625C gpu@55.562C tj@55.562C soc1@55.093C VDD_IN 8385mW/9534mW VDD_CPU_GPU_CV 2365mW/3132mW VDD_SOC 2527mW/2716mW
09-26-2026 21:03:11 RAM 6091/7620MB (lfb 1x1MB) SWAP 72/12002MB (cached 0MB) CPU [3%@1728,0%@1728,0%@1728,3%@1728,0%@1728,47%@1728] GR3D_FREQ 41% cpu@55.218C soc2@54.343C soc0@53.625C gpu@56.812C tj@56.812C soc1@55.062C VDD_IN 14005mW/9544mW VDD_CPU_GPU_CV 6090mW/3139mW VDD_SOC 3564mW/2718mW
09-26-2026 21:03:12 RAM 6091/7620MB (lfb 1x1MB) SWAP 72/12002MB (cached 0MB) CPU [6%@1728,0%@1728,0%@1728,0%@1728,0%@1728,92%@1728] GR3D_FREQ 67% cpu@54.906C soc2@54.156C soc0@53.781C gpu@56.5C tj@56.5C soc1@55.062C VDD_IN 10762mW/9547mW VDD_CPU_GPU_CV 3890mW/3141mW VDD_SOC 2952mW/2718mW
09-26-2026 21:03:12 RAM 6091/7620MB (lfb 1x1MB) SWAP 72/12002MB (cached 0MB) CPU [2%@1728,0%@1728,0%@1728,0%@1728,14%@1728,12%@1728] GR3D_FREQ 87% cpu@55.062C soc2@54.468C soc0@53.968C gpu@56.968C tj@56.968C soc1@55.031C VDD_IN 14398mW/9557mW VDD_CPU_GPU_CV 5934mW/3147mW VDD_SOC 3681mW/2720mW
09-26-2026 21:03:13 RAM 6091/7620MB (lfb 1x1MB) SWAP 72/12002MB (cached 0MB) CPU [0%@1728,1%@1728,0%@1728,0%@1728,0%@1728,30%@1728] GR3D_FREQ 64% cpu@55.093C soc2@54.593C soc0@54.031C gpu@56.937C tj@56.937C soc1@54.968C VDD_IN 15236mW/9570mW VDD_CPU_GPU_CV 6470mW/3155mW VDD_SOC 3793mW/2723mW
09-26-2026 21:03:13 RAM 6091/7620MB (lfb 1x1MB) SWAP 72/12002MB (cached 0MB) CPU [0%@1728,0%@1728,0%@1728,0%@1728,0%@1728,75%@1728] GR3D_FREQ 0% cpu@55.062C soc2@54.406C soc0@53.937C gpu@55.843C tj@55.843C soc1@55.312C VDD_IN 11689mW/9575mW VDD_CPU_GPU_CV 4276mW/3157mW VDD_SOC 3182mW/2724mW
09-26-2026 21:03:14 RAM 6091/7620MB (lfb 1x1MB) SWAP 72/12002MB (cached 0MB) CPU [0%@1728,0%@1728,0%@1728,1%@1728,0%@1728,100%@1728] GR3D_FREQ 0% cpu@55.062C soc2@54.25C soc0@53.875C gpu@55.968C tj@55.968C soc1@55.187C VDD_IN 9358mW/9574mW VDD_CPU_GPU_CV 2912mW/3157mW VDD_SOC 2720mW/2724mW
09-26-2026 21:03:14 RAM 6095/7620MB (lfb 1x1MB) SWAP 72/12002MB (cached 0MB) CPU [5%@1728,0%@1728,0%@1728,0%@1728,1%@1728,100%@1728] GR3D_FREQ 0% cpu@54.843C soc2@54.093C soc0@54.031C gpu@55.593C tj@55.593C soc1@55.093C VDD_IN 8701mW/9573mW VDD_CPU_GPU_CV 2523mW/3155mW VDD_SOC 2606mW/2724mW
09-26-2026 21:03:15 RAM 6095/7620MB (lfb 1x1MB) SWAP 72/12002MB (cached 0MB) CPU [0%@1728,0%@1728,0%@1728,0%@1728,0%@1728,100%@1728] GR3D_FREQ 0% cpu@54.718C soc2@54.187C soc0@53.875C gpu@55.718C tj@55.718C soc1@55.062C VDD_IN 8503mW/9570mW VDD_CPU_GPU_CV 2444mW/3154mW VDD_SOC 2566mW/2723mW
09-26-2026 21:03:15 RAM 6096/7620MB (lfb 1x1MB) SWAP 72/12002MB (cached 0MB) CPU [0%@1728,1%@1728,0%@1728,0%@1728,0%@1728,98%@1728] GR3D_FREQ 0% cpu@54.812C soc2@54.093C soc0@53.843C gpu@55.5C tj@55.5C soc1@55.187C VDD_IN 8464mW/9568mW VDD_CPU_GPU_CV 2404mW/3152mW VDD_SOC 2527mW/2723mW
09-26-2026 21:03:16 RAM 6096/7620MB (lfb 1x1MB) SWAP 72/12002MB (cached 0MB) CPU [0%@1728,0%@1728,0%@1728,0%@1728,0%@1728,100%@1728] GR3D_FREQ 0% cpu@55C soc2@53.968C soc0@53.75C gpu@55.281C tj@55.281C soc1@55.093C VDD_IN 8424mW/9565mW VDD_CPU_GPU_CV 2365mW/3150mW VDD_SOC 2527mW/2722mW
09-26-2026 21:03:16 RAM 6097/7620MB (lfb 1x1MB) SWAP 72/12002MB (cached 0MB) CPU [0%@1728,0%@1728,0%@1728,0%@1728,0%@1728,100%@1728] GR3D_FREQ 0% cpu@54.718C soc2@53.968C soc0@53.843C gpu@55.062C tj@55.062C soc1@55.031C VDD_IN 8385mW/9563mW VDD_CPU_GPU_CV 2326mW/3148mW VDD_SOC 2566mW/2722mW
09-26-2026 21:03:17 RAM 6097/7620MB (lfb 1x1MB) SWAP 72/12002MB (cached 0MB) CPU [0%@1728,0%@1728,0%@1728,0%@1728,0%@1728,100%@1728] GR3D_FREQ 0% cpu@54.656C soc2@53.937C soc0@53.75C gpu@55.5C tj@55.5C soc1@54.937C VDD_IN 8385mW/9560mW VDD_CPU_GPU_CV 2404mW/3147mW VDD_SOC 2527mW/2722mW
09-26-2026 21:03:17 RAM 6097/7620MB (lfb 1x1MB) SWAP 72/12002MB (cached 0MB) CPU [0%@1728,0%@1728,0%@1728,0%@1728,0%@1728,98%@1728] GR3D_FREQ 0% cpu@54.906C soc2@53.875C soc0@53.562C gpu@55.25C tj@55.25C soc1@55.093C VDD_IN 8424mW/9557mW VDD_CPU_GPU_CV 2365mW/3145mW VDD_SOC 2527mW/2721mW
09-26-2026 21:03:18 RAM 6091/7620MB (lfb 1x1MB) SWAP 72/12002MB (cached 0MB) CPU [3%@1728,3%@1728,0%@1728,1%@1728,0%@1728,100%@1728] GR3D_FREQ 0% cpu@55C soc2@53.875C soc0@53.687C gpu@55.375C tj@55.375C soc1@55.031C VDD_IN 8464mW/9555mW VDD_CPU_GPU_CV 2404mW/3143mW VDD_SOC 2527mW/2721mW
09-26-2026 21:03:18 RAM 6095/7620MB (lfb 1x1MB) SWAP 72/12002MB (cached 0MB) CPU [6%@1728,10%@1728,34%@1728,18%@1728,14%@1728,100%@1728] GR3D_FREQ 0% cpu@54.812C soc2@54.125C soc0@53.687C gpu@55.25C tj@55.25C soc1@55C VDD_IN 8820mW/9553mW VDD_CPU_GPU_CV 2680mW/3142mW VDD_SOC 2566mW/2720mW
09-26-2026 21:03:19 RAM 6095/7620MB (lfb 1x1MB) SWAP 72/12002MB (cached 0MB) CPU [0%@1728,0%@1728,0%@1728,0%@1728,0%@1728,100%@1728] GR3D_FREQ 0% cpu@54.562C soc2@53.843C soc0@53.687C gpu@55.125C tj@55.125C soc1@55C VDD_IN 8464mW/9551mW VDD_CPU_GPU_CV 2483mW/3141mW VDD_SOC 2527mW/2720mW
09-26-2026 21:03:19 RAM 6095/7620MB (lfb 1x1MB) SWAP 72/12002MB (cached 0MB) CPU [0%@1728,1%@1728,0%@1728,0%@1728,0%@1728,98%@1728] GR3D_FREQ 0% cpu@54.875C soc2@53.875C soc0@53.75C gpu@55.031C tj@55.125C soc1@55.125C VDD_IN 8424mW/9549mW VDD_CPU_GPU_CV 2404mW/3139mW VDD_SOC 2527mW/2719mW
09-26-2026 21:03:20 RAM 6095/7620MB (lfb 1x1MB) SWAP 72/12002MB (cached 0MB) CPU [0%@1728,1%@1728,0%@1728,0%@1728,0%@1728,100%@1728] GR3D_FREQ 0% cpu@54.781C soc2@53.718C soc0@53.468C gpu@55.375C tj@55.375C soc1@55C VDD_IN 8385mW/9546mW VDD_CPU_GPU_CV 2365mW/3138mW VDD_SOC 2527mW/2719mW
09-26-2026 21:03:20 RAM 6095/7620MB (lfb 1x1MB) SWAP 72/12002MB (cached 0MB) CPU [0%@1728,0%@1728,0%@1728,0%@1728,0%@1728,100%@1728] GR3D_FREQ 0% cpu@54.593C soc2@53.937C soc0@53.656C gpu@55.093C tj@55C soc1@55C VDD_IN 8385mW/9544mW VDD_CPU_GPU_CV 2365mW/3136mW VDD_SOC 2527mW/2719mW
09-26-2026 21:03:21 RAM 6095/7620MB (lfb 1x1MB) SWAP 72/12002MB (cached 0MB) CPU [0%@1728,1%@1728,0%@1728,0%@1728,0%@1728,100%@1728] GR3D_FREQ 2% cpu@54.625C soc2@53.875C soc0@53.656C gpu@55.406C tj@55.406C soc1@54.968C VDD_IN 8385mW/9541mW VDD_CPU_GPU_CV 2365mW/3134mW VDD_SOC 2527mW/2718mW
09-26-2026 21:03:21 RAM 6095/7620MB (lfb 1x1MB) SWAP 72/12002MB (cached 0MB) CPU [0%@1728,0%@1728,0%@1728,0%@1728,0%@1728,98%@1728] GR3D_FREQ 0% cpu@54.937C soc2@53.781C soc0@53.625C gpu@55.093C tj@55.093C soc1@55.062C VDD_IN 8385mW/9539mW VDD_CPU_GPU_CV 2365mW/3133mW VDD_SOC 2527mW/2718mW
09-26-2026 21:03:22 RAM 6095/7620MB (lfb 1x1MB) SWAP 72/12002MB (cached 0MB) CPU [0%@1728,0%@1728,1%@1728,3%@1728,0%@1728,100%@1728] GR3D_FREQ 0% cpu@54.687C soc2@53.843C soc0@53.437C gpu@54.968C tj@54.968C soc1@54.968C VDD_IN 8385mW/9536mW VDD_CPU_GPU_CV 2365mW/3131mW VDD_SOC 2527mW/2717mW
09-26-2026 21:03:22 RAM 6095/7620MB (lfb 1x1MB) SWAP 72/12002MB (cached 0MB) CPU [1%@1728,0%@1728,0%@1728,0%@1728,0%@1728,100%@1728] GR3D_FREQ 0% cpu@54.625C soc2@53.718C soc0@53.718C gpu@54.906C tj@55C soc1@55C VDD_IN 8385mW/9534mW VDD_CPU_GPU_CV 2365mW/3129mW VDD_SOC 2527mW/2717mW
09-26-2026 21:03:23 RAM 6095/7620MB (lfb 1x1MB) SWAP 72/12002MB (cached 0MB) CPU [0%@1728,0%@1728,0%@1728,0%@1728,0%@1728,98%@1728] GR3D_FREQ 0% cpu@54.5C soc2@53.718C soc0@53.625C gpu@55.312C tj@55.312C soc1@54.781C VDD_IN 8543mW/9531mW VDD_CPU_GPU_CV 2483mW/3128mW VDD_SOC 2566mW/2717mW
09-26-2026 21:03:23 RAM 6095/7620MB (lfb 1x1MB) SWAP 72/12002MB (cached 0MB) CPU [0%@1728,0%@1728,0%@1728,0%@1728,0%@1728,100%@1728] GR3D_FREQ 0% cpu@54.625C soc2@53.875C soc0@53.593C gpu@55.031C tj@55C soc1@55C VDD_IN 8385mW/9529mW VDD_CPU_GPU_CV 2365mW/3126mW VDD_SOC 2527mW/2716mW
09-26-2026 21:03:24 RAM 6095/7620MB (lfb 1x1MB) SWAP 72/12002MB (cached 0MB) CPU [0%@1728,0%@1728,0%@1728,0%@1728,0%@1728,100%@1728] GR3D_FREQ 0% cpu@54.687C soc2@53.656C soc0@53.406C gpu@55.093C tj@55.093C soc1@54.906C VDD_IN 8424mW/9527mW VDD_CPU_GPU_CV 2326mW/3125mW VDD_SOC 2566mW/2716mW
09-26-2026 21:03:24 RAM 6095/7620MB (lfb 1x1MB) SWAP 72/12002MB (cached 0MB) CPU [0%@1728,0%@1728,1%@1728,0%@1728,0%@1728,100%@1728] GR3D_FREQ 0% cpu@54.562C soc2@53.75C soc0@53.437C gpu@55.031C tj@55.031C soc1@54.875C VDD_IN 8385mW/9524mW VDD_CPU_GPU_CV 2365mW/3123mW VDD_SOC 2527mW/2716mW
09-26-2026 21:03:25 RAM 6095/7620MB (lfb 1x1MB) SWAP 72/12002MB (cached 0MB) CPU [0%@1728,0%@1728,0%@1728,0%@1728,0%@1728,98%@1728] GR3D_FREQ 0% cpu@54.437C soc2@53.687C soc0@53.5C gpu@54.906C tj@54.906C soc1@54.781C VDD_IN 8464mW/9522mW VDD_CPU_GPU_CV 2404mW/3121mW VDD_SOC 2527mW/2715mW
09-26-2026 21:03:25 RAM 6095/7620MB (lfb 1x1MB) SWAP 72/12002MB (cached 0MB) CPU [0%@1728,0%@1728,0%@1728,0%@1728,0%@1728,100%@1728] GR3D_FREQ 0% cpu@54.312C soc2@53.625C soc0@53.531C gpu@54.781C tj@54.781C soc1@54.75C VDD_IN 8385mW/9519mW VDD_CPU_GPU_CV 2365mW/3120mW VDD_SOC 2527mW/2715mW
09-26-2026 21:03:26 RAM 6095/7620MB (lfb 1x1MB) SWAP 72/12002MB (cached 0MB) CPU [0%@1728,0%@1728,0%@1728,0%@1728,0%@1728,100%@1728] GR3D_FREQ 0% cpu@54.375C soc2@53.625C soc0@53.406C gpu@55.187C tj@55.187C soc1@54.875C VDD_IN 8385mW/9517mW VDD_CPU_GPU_CV 2326mW/3118mW VDD_SOC 2527mW/2714mW
09-26-2026 21:03:26 RAM 6095/7620MB (lfb 1x1MB) SWAP 72/12002MB (cached 0MB) CPU [0%@1728,0%@1728,0%@1728,0%@1728,0%@1728,100%@1728] GR3D_FREQ 0% cpu@54.593C soc2@53.656C soc0@53.406C gpu@54.906C tj@54.906C soc1@54.781C VDD_IN 8385mW/9515mW VDD_CPU_GPU_CV 2404mW/3117mW VDD_SOC 2527mW/2714mW
09-26-2026 21:03:27 RAM 6095/7620MB (lfb 1x1MB) SWAP 72/12002MB (cached 0MB) CPU [1%@1728,0%@1728,0%@1728,0%@1728,0%@1728,98%@1728] GR3D_FREQ 0% cpu@54.312C soc2@53.75C soc0@53.593C gpu@55.125C tj@55.125C soc1@54.75C VDD_IN 8503mW/9513mW VDD_CPU_GPU_CV 2404mW/3115mW VDD_SOC 2566mW/2714mW
09-26-2026 21:03:27 RAM 6095/7620MB (lfb 1x1MB) SWAP 72/12002MB (cached 0MB) CPU [0%@1728,0%@1728,0%@1728,0%@1728,0%@1728,100%@1728] GR3D_FREQ 0% cpu@54.375C soc2@53.625C soc0@53.437C gpu@54.968C tj@54.968C soc1@54.687C VDD_IN 8385mW/9510mW VDD_CPU_GPU_CV 2326mW/3113mW VDD_SOC 2527mW/2713mW
09-26-2026 21:03:28 RAM 6096/7620MB (lfb 1x1MB) SWAP 72/12002MB (cached 0MB) CPU [1%@1728,0%@1728,0%@1728,1%@1728,0%@1728,100%@1728] GR3D_FREQ 0% cpu@54.375C soc2@53.625C soc0@53.218C gpu@54.718C tj@54.906C soc1@54.906C VDD_IN 8424mW/9508mW VDD_CPU_GPU_CV 2286mW/3112mW VDD_SOC 2566mW/2713mW
09-26-2026 21:03:28 RAM 6096/7620MB (lfb 1x1MB) SWAP 72/12002MB (cached 0MB) CPU [0%@1728,0%@1728,0%@1728,0%@1728,0%@1728,100%@1728] GR3D_FREQ 0% cpu@54.718C soc2@53.531C soc0@53.406C gpu@54.687C tj@54.718C soc1@54.687C VDD_IN 8385mW/9505mW VDD_CPU_GPU_CV 2365mW/3110mW VDD_SOC 2527mW/2713mW
09-26-2026 21:03:29 RAM 6096/7620MB (lfb 1x1MB) SWAP 72/12002MB (cached 0MB) CPU [1%@1728,1%@1728,0%@1728,0%@1728,0%@1728,98%@1728] GR3D_FREQ 0% cpu@54.312C soc2@53.718C soc0@53.5C gpu@54.937C tj@54.937C soc1@54.781C VDD_IN 8424mW/9503mW VDD_CPU_GPU_CV 2404mW/3109mW VDD_SOC 2566mW/2712mW
09-26-2026 21:03:29 RAM 6096/7620MB (lfb 1x1MB) SWAP 72/12002MB (cached 0MB) CPU [0%@1728,0%@1728,0%@1728,0%@1728,0%@1728,100%@1728] GR3D_FREQ 0% cpu@54.375C soc2@53.687C soc0@53.312C gpu@54.875C tj@54.875C soc1@54.687C VDD_IN 8385mW/9501mW VDD_CPU_GPU_CV 2365mW/3107mW VDD_SOC 2527mW/2712mW
09-26-2026 21:03:30 RAM 6096/7620MB (lfb 1x1MB) SWAP 72/12002MB (cached 0MB) CPU [0%@1728,0%@1728,0%@1728,0%@1728,0%@1728,100%@1728] GR3D_FREQ 0% cpu@54.5C soc2@53.625C soc0@53.281C gpu@54.937C tj@54.937C soc1@54.843C VDD_IN 8385mW/9499mW VDD_CPU_GPU_CV 2326mW/3105mW VDD_SOC 2527mW/2711mW
09-26-2026 21:03:30 RAM 6096/7620MB (lfb 1x1MB) SWAP 72/12002MB (cached 0MB) CPU [0%@1728,1%@1728,0%@1728,0%@1728,0%@1728,100%@1728] GR3D_FREQ 0% cpu@54.437C soc2@53.468C soc0@53.281C gpu@54.812C tj@54.812C soc1@54.75C VDD_IN 8385mW/9496mW VDD_CPU_GPU_CV 2404mW/3104mW VDD_SOC 2527mW/2711mW
09-26-2026 21:03:31 RAM 6096/7620MB (lfb 1x1MB) SWAP 72/12002MB (cached 0MB) CPU [0%@1728,0%@1728,0%@1728,0%@1728,0%@1728,100%@1728] GR3D_FREQ 0% cpu@54.312C soc2@53.562C soc0@53.406C gpu@54.625C tj@54.656C soc1@54.656C VDD_IN 8345mW/9494mW VDD_CPU_GPU_CV 2326mW/3102mW VDD_SOC 2527mW/2711mW
09-26-2026 21:03:31 RAM 6096/7620MB (lfb 1x1MB) SWAP 72/12002MB (cached 0MB) CPU [0%@1728,0%@1728,1%@1728,0%@1728,0%@1728,100%@1728] GR3D_FREQ 0% cpu@54.25C soc2@53.562C soc0@53.406C gpu@54.5C tj@54.531C soc1@54.531C VDD_IN 8345mW/9491mW VDD_CPU_GPU_CV 2326mW/3101mW VDD_SOC 2527mW/2710mW
09-26-2026 21:03:32 RAM 6096/7620MB (lfb 1x1MB) SWAP 72/12002MB (cached 0MB) CPU [0%@1728,0%@1728,0%@1728,0%@1728,0%@1728,100%@1728] GR3D_FREQ 0% cpu@54.468C soc2@53.531C soc0@53.156C gpu@54.843C tj@54.843C soc1@54.718C VDD_IN 8385mW/9489mW VDD_CPU_GPU_CV 2286mW/3099mW VDD_SOC 2566mW/2710mW
09-26-2026 21:03:32 RAM 6096/7620MB (lfb 1x1MB) SWAP 72/12002MB (cached 0MB) CPU [0%@1728,0%@1728,1%@1728,0%@1728,0%@1728,98%@1728] GR3D_FREQ 70% cpu@54.437C soc2@53.406C soc0@53.218C gpu@54.968C tj@54.968C soc1@54.593C VDD_IN 8622mW/9487mW VDD_CPU_GPU_CV 2523mW/3098mW VDD_SOC 2566mW/2710mW
09-26-2026 21:03:33 RAM 6096/7620MB (lfb 1x1MB) SWAP 72/12002MB (cached 0MB) CPU [0%@1728,0%@1728,0%@1728,0%@1728,0%@1728,100%@1728] GR3D_FREQ 0% cpu@54.406C soc2@53.656C soc0@53.406C gpu@54.625C tj@54.843C soc1@54.562C VDD_IN 8385mW/9485mW VDD_CPU_GPU_CV 2365mW/3096mW VDD_SOC 2527mW/2709mW
09-26-2026 21:03:33 RAM 6096/7620MB (lfb 1x1MB) SWAP 72/12002MB (cached 0MB) CPU [0%@1728,0%@1728,0%@1728,0%@1728,0%@1728,100%@1728] GR3D_FREQ 0% cpu@54.093C soc2@53.437C soc0@53.312C gpu@54.718C tj@54.718C soc1@54.531C VDD_IN 8385mW/9483mW VDD_CPU_GPU_CV 2326mW/3095mW VDD_SOC 2527mW/2709mW
09-26-2026 21:03:34 RAM 6093/7620MB (lfb 1x1MB) SWAP 72/12002MB (cached 0MB) CPU [0%@1728,1%@1728,0%@1728,0%@1728,0%@1728,100%@1728] GR3D_FREQ 0% cpu@54.281C soc2@53.343C soc0@53.281C gpu@54.593C tj@54.781C soc1@54.781C VDD_IN 8345mW/9481mW VDD_CPU_GPU_CV 2326mW/3093mW VDD_SOC 2527mW/2709mW
09-26-2026 21:03:35 RAM 6094/7620MB (lfb 1x1MB) SWAP 72/12002MB (cached 0MB) CPU [0%@1728,0%@1728,0%@1728,0%@1728,0%@1728,98%@1728] GR3D_FREQ 0% cpu@54.437C soc2@53.468C soc0@53.156C gpu@54.468C tj@54.656C soc1@54.656C VDD_IN 8385mW/9478mW VDD_CPU_GPU_CV 2365mW/3092mW VDD_SOC 2527mW/2708mW
09-26-2026 21:03:35 RAM 6094/7620MB (lfb 1x1MB) SWAP 72/12002MB (cached 0MB) CPU [0%@1728,0%@1728,0%@1728,0%@1728,0%@1728,100%@1728] GR3D_FREQ 0% cpu@54.281C soc2@53.468C soc0@53.156C gpu@54.781C tj@54.781C soc1@54.531C VDD_IN 8385mW/9476mW VDD_CPU_GPU_CV 2326mW/3090mW VDD_SOC 2527mW/2708mW
09-26-2026 21:03:36 RAM 6094/7620MB (lfb 1x1MB) SWAP 72/12002MB (cached 0MB) CPU [0%@1728,0%@1728,0%@1728,0%@1728,0%@1728,100%@1728] GR3D_FREQ 0% cpu@54.093C soc2@53.437C soc0@53.187C gpu@54.625C tj@54.625C soc1@54.531C VDD_IN 8385mW/9474mW VDD_CPU_GPU_CV 2326mW/3089mW VDD_SOC 2527mW/2707mW
09-26-2026 21:03:36 RAM 6094/7620MB (lfb 1x1MB) SWAP 72/12002MB (cached 0MB) CPU [0%@1728,0%@1728,0%@1728,0%@1728,0%@1728,62%@1728] GR3D_FREQ 71% cpu@54.468C soc2@53.75C soc0@53.25C gpu@56.187C tj@56.187C soc1@54.718C VDD_IN 12378mW/9480mW VDD_CPU_GPU_CV 4660mW/3092mW VDD_SOC 3261mW/2709mW
09-26-2026 21:03:37 RAM 6094/7620MB (lfb 1x1MB) SWAP 72/12002MB (cached 0MB) CPU [0%@1728,0%@1728,0%@1728,1%@1728,0%@1728,64%@1728] GR3D_FREQ 0% cpu@54.718C soc2@53.687C soc0@53.25C gpu@55.406C tj@55.406C soc1@54.656C VDD_IN 11611mW/9484mW VDD_CPU_GPU_CV 4197mW/3094mW VDD_SOC 3143mW/2709mW
09-26-2026 21:03:37 RAM 6094/7620MB (lfb 1x1MB) SWAP 72/12002MB (cached 0MB) CPU [11%@1728,1%@1728,0%@1728,0%@1728,36%@1728,38%@1728] GR3D_FREQ 0% cpu@54.843C soc2@53.75C soc0@53.375C gpu@55.031C tj@55.031C soc1@54.625C VDD_IN 10959mW/9487mW VDD_CPU_GPU_CV 3727mW/3095mW VDD_SOC 3070mW/2710mW
09-26-2026 21:03:38 RAM 6094/7620MB (lfb 1x1MB) SWAP 72/12002MB (cached 0MB) CPU [0%@1728,0%@1728,0%@1728,0%@1728,100%@1728,0%@1728] GR3D_FREQ 0% cpu@54.531C soc2@53.687C soc0@53.531C gpu@54.75C tj@54.75C soc1@54.625C VDD_IN 9121mW/9486mW VDD_CPU_GPU_CV 2755mW/3095mW VDD_SOC 2685mW/2710mW
09-26-2026 21:03:38 RAM 6095/7620MB (lfb 1x1MB) SWAP 72/12002MB (cached 0MB) CPU [0%@1728,0%@1728,0%@1728,0%@1728,100%@1728,0%@1728] GR3D_FREQ 0% cpu@54.437C soc2@53.562C soc0@53.375C gpu@55C tj@55C soc1@54.562C VDD_IN 8622mW/9485mW VDD_CPU_GPU_CV 2404mW/3093mW VDD_SOC 2606mW/2710mW
09-26-2026 21:03:39 RAM 6096/7620MB (lfb 1x1MB) SWAP 72/12002MB (cached 0MB) CPU [0%@1728,0%@1728,0%@1728,0%@1728,100%@1728,0%@1728] GR3D_FREQ 0% cpu@54.718C soc2@53.562C soc0@53.125C gpu@54.718C tj@54.75C soc1@54.687C VDD_IN 8424mW/9482mW VDD_CPU_GPU_CV 2404mW/3092mW VDD_SOC 2527mW/2710mW
09-26-2026 21:03:39 RAM 6096/7620MB (lfb 1x1MB) SWAP 72/12002MB (cached 0MB) CPU [0%@1728,0%@1728,0%@1728,1%@1728,100%@1728,0%@1728] GR3D_FREQ 0% cpu@54.656C soc2@53.375C soc0@53.125C gpu@54.812C tj@54.812C soc1@54.562C VDD_IN 8345mW/9480mW VDD_CPU_GPU_CV 2365mW/3090mW VDD_SOC 2527mW/2709mW
09-26-2026 21:03:40 RAM 6096/7620MB (lfb 1x1MB) SWAP 72/12002MB (cached 0MB) CPU [0%@1728,2%@1728,0%@1728,0%@1728,3%@1728,96%@1728] GR3D_FREQ 0% cpu@54.125C soc2@53.437C soc0@53.187C gpu@54.625C tj@54.625C soc1@54.437C VDD_IN 8345mW/9478mW VDD_CPU_GPU_CV 2326mW/3089mW VDD_SOC 2527mW/2709mW
09-26-2026 21:03:40 RAM 6096/7620MB (lfb 1x1MB) SWAP 72/12002MB (cached 0MB) CPU [0%@1728,0%@1728,0%@1728,0%@1728,0%@1728,100%@1728] GR3D_FREQ 0% cpu@54.093C soc2@53.5C soc0@53.156C gpu@54.531C tj@54.531C soc1@54.531C VDD_IN 8385mW/9476mW VDD_CPU_GPU_CV 2326mW/3087mW VDD_SOC 2527mW/2708mW
09-26-2026 21:03:41 RAM 6096/7620MB (lfb 1x1MB) SWAP 72/12002MB (cached 0MB) CPU [0%@1728,80%@1728,0%@1728,0%@1728,0%@1728,100%@1728] GR3D_FREQ 0% cpu@54.468C soc2@53.562C soc0@53.156C gpu@54.968C tj@54.968C soc1@54.593C VDD_IN 8859mW/9474mW VDD_CPU_GPU_CV 2759mW/3087mW VDD_SOC 2566mW/2708mW
09-26-2026 21:03:41 RAM 6096/7620MB (lfb 1x1MB) SWAP 72/12002MB (cached 0MB) CPU [3%@1728,100%@1728,0%@1728,1%@1728,0%@1728,90%@1728] GR3D_FREQ 0% cpu@54.687C soc2@53.5C soc0@53.031C gpu@54.875C tj@54.875C soc1@54.562C VDD_IN 9057mW/9474mW VDD_CPU_GPU_CV 2917mW/3086mW VDD_SOC 2566mW/2708mW
09-26-2026 21:03:42 RAM 6096/7620MB (lfb 1x1MB) SWAP 72/12002MB (cached 0MB) CPU [5%@1728,100%@1728,0%@1728,1%@1728,56%@1728,0%@1728] GR3D_FREQ 0% cpu@54.75C soc2@53.687C soc0@53.406C gpu@55C tj@55C soc1@54.531C VDD_IN 8978mW/9473mW VDD_CPU_GPU_CV 2838mW/3086mW VDD_SOC 2566mW/2708mW
09-26-2026 21:03:42 RAM 6096/7620MB (lfb 1x1MB) SWAP 72/12002MB (cached 0MB) CPU [0%@1728,100%@1728,0%@1728,0%@1728,100%@1728,0%@1728] GR3D_FREQ 0% cpu@54.687C soc2@53.687C soc0@53.281C gpu@54.75C tj@54.75C soc1@54.531C VDD_IN 9121mW/9472mW VDD_CPU_GPU_CV 2991mW/3086mW VDD_SOC 2566mW/2707mW
09-26-2026 21:03:43 RAM 6096/7620MB (lfb 1x1MB) SWAP 72/12002MB (cached 0MB) CPU [38%@1728,9%@1728,0%@1728,0%@1728,62%@1728,42%@1728] GR3D_FREQ 0% cpu@54.625C soc2@53.531C soc0@53.093C gpu@54.625C tj@54.687C soc1@54.687C VDD_IN 8978mW/9471mW VDD_CPU_GPU_CV 2838mW/3085mW VDD_SOC 2566mW/2707mW
09-26-2026 21:03:43 RAM 6096/7620MB (lfb 1x1MB) SWAP 72/12002MB (cached 0MB) CPU [100%@1728,1%@1728,1%@1728,0%@1728,0%@1728,100%@1728] GR3D_FREQ 0% cpu@54.968C soc2@53.562C soc0@53C gpu@54.562C tj@54.968C soc1@54.562C VDD_IN 9121mW/9470mW VDD_CPU_GPU_CV 2991mW/3085mW VDD_SOC 2566mW/2707mW
09-26-2026 21:03:44 RAM 6096/7620MB (lfb 1x1MB) SWAP 72/12002MB (cached 0MB) CPU [26%@1728,26%@1728,0%@1728,0%@1728,0%@1728,100%@1728] GR3D_FREQ 0% cpu@54.562C soc2@53.406C soc0@53C gpu@54.968C tj@54.968C soc1@54.5C VDD_IN 8938mW/9469mW VDD_CPU_GPU_CV 2759mW/3084mW VDD_SOC 2566mW/2706mW
09-26-2026 21:03:44 RAM 6096/7620MB (lfb 1x1MB) SWAP 72/12002MB (cached 0MB) CPU [0%@1728,100%@1728,0%@1728,0%@1728,2%@1728,100%@1728] GR3D_FREQ 0% cpu@54.625C soc2@53.562C soc0@53.187C gpu@54.593C tj@54.625C soc1@54.562C VDD_IN 9161mW/9469mW VDD_CPU_GPU_CV 2991mW/3084mW VDD_SOC 2566mW/2706mW
09-26-2026 21:03:45 RAM 6096/7620MB (lfb 1x1MB) SWAP 72/12002MB (cached 0MB) CPU [5%@1728,100%@1728,0%@1728,0%@1728,3%@1728,41%@1728] GR3D_FREQ 0% cpu@54.5C soc2@53.656C soc0@53.281C gpu@54.906C tj@54.906C soc1@54.5C VDD_IN 8859mW/9467mW VDD_CPU_GPU_CV 2680mW/3083mW VDD_SOC 2566mW/2706mW
09-26-2026 21:03:45 RAM 6096/7620MB (lfb 1x1MB) SWAP 72/12002MB (cached 0MB) CPU [0%@1728,100%@1728,0%@1728,0%@1728,100%@1728,0%@1728] GR3D_FREQ 0% cpu@54.875C soc2@53.656C soc0@53.218C gpu@54.75C tj@54.875C soc1@54.562C VDD_IN 9082mW/9467mW VDD_CPU_GPU_CV 2956mW/3083mW VDD_SOC 2566mW/2706mW
09-26-2026 21:03:46 RAM 6096/7620MB (lfb 1x1MB) SWAP 72/12002MB (cached 0MB) CPU [0%@1728,80%@1728,1%@1728,0%@1728,100%@1728,0%@1728] GR3D_FREQ 0% cpu@54.593C soc2@53.437C soc0@53.093C gpu@54.625C tj@54.625C soc1@54.531C VDD_IN 9057mW/9466mW VDD_CPU_GPU_CV 2838mW/3083mW VDD_SOC 2606mW/2705mW
09-26-2026 21:03:46 RAM 6096/7620MB (lfb 1x1MB) SWAP 72/12002MB (cached 0MB) CPU [0%@1728,0%@1728,0%@1728,0%@1728,100%@1728,0%@1728] GR3D_FREQ 0% cpu@54.468C soc2@53.437C soc0@53.125C gpu@54.531C tj@54.531C soc1@54.468C VDD_IN 8543mW/9464mW VDD_CPU_GPU_CV 2523mW/3081mW VDD_SOC 2527mW/2705mW
09-26-2026 21:03:47 RAM 6096/7620MB (lfb 1x1MB) SWAP 72/12002MB (cached 0MB) CPU [0%@1728,0%@1728,1%@1728,0%@1728,77%@1728,17%@1728] GR3D_FREQ 2% cpu@54.093C soc2@53.375C soc0@53.125C gpu@54.781C tj@54.781C soc1@54.375C VDD_IN 9279mW/9464mW VDD_CPU_GPU_CV 2833mW/3081mW VDD_SOC 2724mW/2705mW
09-26-2026 21:03:47 RAM 6096/7620MB (lfb 1x1MB) SWAP 72/12002MB (cached 0MB) CPU [0%@1728,0%@1728,1%@1728,0%@1728,0%@1728,100%@1728] GR3D_FREQ 0% cpu@54.343C soc2@53.375C soc0@53.187C gpu@54.468C tj@54.531C soc1@54.531C VDD_IN 8622mW/9462mW VDD_CPU_GPU_CV 2523mW/3080mW VDD_SOC 2566mW/2705mW
09-26-2026 21:03:48 RAM 6096/7620MB (lfb 1x1MB) SWAP 72/12002MB (cached 0MB) CPU [0%@1728,0%@1728,0%@1728,1%@1728,0%@1728,100%@1728] GR3D_FREQ 0% cpu@54.25C soc2@53.375C soc0@53.062C gpu@54.812C tj@54.812C soc1@54.531C VDD_IN 8424mW/9460mW VDD_CPU_GPU_CV 2404mW/3079mW VDD_SOC 2527mW/2705mW
09-26-2026 21:03:48 RAM 6096/7620MB (lfb 1x1MB) SWAP 72/12002MB (cached 0MB) CPU [0%@1728,0%@1728,0%@1728,3%@1728,0%@1728,100%@1728] GR3D_FREQ 0% cpu@54.125C soc2@53.343C soc0@53.187C gpu@54.656C tj@54.656C soc1@54.375C VDD_IN 8385mW/9458mW VDD_CPU_GPU_CV 2404mW/3077mW VDD_SOC 2527mW/2704mW
09-26-2026 21:03:49 RAM 6098/7620MB (lfb 1x1MB) SWAP 72/12002MB (cached 0MB) CPU [6%@1728,27%@1728,22%@1728,6%@1728,14%@1728,100%@1728] GR3D_FREQ 0% cpu@54.125C soc2@53.25C soc0@53.25C gpu@54.468C tj@54.468C soc1@54.468C VDD_IN 8780mW/9457mW VDD_CPU_GPU_CV 2680mW/3077mW VDD_SOC 2566mW/2704mW
09-26-2026 21:03:49 RAM 6098/7620MB (lfb 1x1MB) SWAP 72/12002MB (cached 0MB) CPU [0%@1728,0%@1728,0%@1728,0%@1728,0%@1728,100%@1728] GR3D_FREQ 0% cpu@54.343C soc2@53.25C soc0@53.093C gpu@54.406C tj@54.531C soc1@54.531C VDD_IN 8424mW/9455mW VDD_CPU_GPU_CV 2444mW/3075mW VDD_SOC 2527mW/2704mW
09-26-2026 21:03:50 RAM 6098/7620MB (lfb 1x1MB) SWAP 72/12002MB (cached 0MB) CPU [1%@1728,0%@1728,1%@1728,0%@1728,0%@1728,100%@1728] GR3D_FREQ 0% cpu@54.062C soc2@53.312C soc0@53.031C gpu@54.406C tj@54.406C soc1@54.343C VDD_IN 8385mW/9453mW VDD_CPU_GPU_CV 2404mW/3074mW VDD_SOC 2527mW/2703mW
09-26-2026 21:03:50 RAM 6098/7620MB (lfb 1x1MB) SWAP 72/12002MB (cached 0MB) CPU [0%@1728,0%@1728,0%@1728,0%@1728,0%@1728,100%@1728] GR3D_FREQ 0% cpu@54.062C soc2@53.25C soc0@53.187C gpu@54.343C tj@54.375C soc1@54.375C VDD_IN 8345mW/9450mW VDD_CPU_GPU_CV 2365mW/3073mW VDD_SOC 2527mW/2703mW
09-26-2026 21:03:51 RAM 6098/7620MB (lfb 1x1MB) SWAP 72/12002MB (cached 0MB) CPU [0%@1728,0%@1728,0%@1728,0%@1728,0%@1728,100%@1728] GR3D_FREQ 0% cpu@54.031C soc2@53.281C soc0@53.125C gpu@54.718C tj@54.718C soc1@54.281C VDD_IN 8345mW/9448mW VDD_CPU_GPU_CV 2365mW/3071mW VDD_SOC 2531mW/2703mW
09-26-2026 21:03:51 RAM 6098/7620MB (lfb 1x1MB) SWAP 72/12002MB (cached 0MB) CPU [0%@1728,0%@1728,0%@1728,0%@1728,0%@1728,100%@1728] GR3D_FREQ 0% cpu@53.843C soc2@53.25C soc0@52.937C gpu@54.562C tj@54.562C soc1@54.531C VDD_IN 8345mW/9446mW VDD_CPU_GPU_CV 2326mW/3070mW VDD_SOC 2531mW/2702mW
09-26-2026 21:03:52 RAM 6098/7620MB (lfb 1x1MB) SWAP 72/12002MB (cached 0MB) CPU [0%@1728,0%@1728,0%@1728,0%@1728,0%@1728,100%@1728] GR3D_FREQ 0% cpu@54.25C soc2@53.218C soc0@52.968C gpu@54.437C tj@54.437C soc1@54.312C VDD_IN 8345mW/9444mW VDD_CPU_GPU_CV 2365mW/3068mW VDD_SOC 2527mW/2702mW
09-26-2026 21:03:52 RAM 6098/7620MB (lfb 1x1MB) SWAP 72/12002MB (cached 0MB) CPU [0%@1728,0%@1728,0%@1728,0%@1728,0%@1728,100%@1728] GR3D_FREQ 0% cpu@54.218C soc2@53.281C soc0@53.125C gpu@54.218C tj@54.406C soc1@54.375C VDD_IN 8385mW/9442mW VDD_CPU_GPU_CV 2326mW/3067mW VDD_SOC 2527mW/2702mW
09-26-2026 21:03:53 RAM 6096/7620MB (lfb 1x1MB) SWAP 72/12002MB (cached 0MB) CPU [0%@1728,0%@1728,10%@1728,0%@1728,0%@1728,83%@1728] GR3D_FREQ 0% cpu@54.187C soc2@53.375C soc0@53.125C gpu@54.625C tj@54.625C soc1@54.312C VDD_IN 9832mW/9443mW VDD_CPU_GPU_CV 3030mW/3067mW VDD_SOC 2877mW/2702mW
09-26-2026 21:03:53 RAM 6098/7620MB (lfb 1x1MB) SWAP 72/12002MB (cached 0MB) CPU [1%@1728,3%@1728,13%@1728,1%@1728,1%@1728,64%@1728] GR3D_FREQ 10% cpu@54.687C soc2@53.75C soc0@53.062C gpu@55.406C tj@55.406C soc1@54.531C VDD_IN 13478mW/9450mW VDD_CPU_GPU_CV 5200mW/3071mW VDD_SOC 3687mW/2704mW
09-26-2026 21:03:54 RAM 6098/7620MB (lfb 1x1MB) SWAP 72/12002MB (cached 0MB) CPU [15%@1728,16%@1728,16%@1728,18%@1728,16%@1728,94%@1728] GR3D_FREQ 0% cpu@54.375C soc2@53.406C soc0@53.125C gpu@55.093C tj@55.093C soc1@54.406C VDD_IN 10289mW/9452mW VDD_CPU_GPU_CV 3418mW/3072mW VDD_SOC 2956mW/2704mW
09-26-2026 21:03:54 RAM 6093/7620MB (lfb 1x1MB) SWAP 72/12002MB (cached 0MB) CPU [0%@1728,1%@1728,0%@1728,1%@1728,0%@1728,98%@1728] GR3D_FREQ 3% cpu@54.375C soc2@53.437C soc0@53.125C gpu@54.781C tj@54.781C soc1@54.437C VDD_IN 9200mW/9452mW VDD_CPU_GPU_CV 2755mW/3071mW VDD_SOC 2724mW/2704mW
09-26-2026 21:03:55 RAM 6093/7620MB (lfb 1x1MB) SWAP 72/12002MB (cached 0MB) CPU [0%@1728,0%@1728,0%@1728,0%@1728,0%@1728,100%@1728] GR3D_FREQ 2% cpu@54.093C soc2@53.312C soc0@53.25C gpu@54.593C tj@54.593C soc1@54.375C VDD_IN 8899mW/9451mW VDD_CPU_GPU_CV 2601mW/3070mW VDD_SOC 2645mW/2704mW
09-26-2026 21:03:55 RAM 6093/7620MB (lfb 1x1MB) SWAP 72/12002MB (cached 0MB) CPU [0%@1728,0%@1728,0%@1728,0%@1728,0%@1728,100%@1728] GR3D_FREQ 0% cpu@54.031C soc2@53.375C soc0@53.25C gpu@54.562C tj@54.562C soc1@54.531C VDD_IN 8740mW/9449mW VDD_CPU_GPU_CV 2523mW/3069mW VDD_SOC 2606mW/2704mW
09-26-2026 21:03:56 RAM 6112/7620MB (lfb 1x2MB) SWAP 73/12002MB (cached 0MB) CPU [0%@1728,2%@1728,1%@1728,0%@1728,0%@1728,70%@1728] GR3D_FREQ 86% cpu@54.312C soc2@53.5C soc0@53.031C gpu@56.031C tj@56.031C soc1@54.562C VDD_IN 11235mW/9453mW VDD_CPU_GPU_CV 4276mW/3071mW VDD_SOC 2991mW/2705mW
09-26-2026 21:03:56 RAM 6114/7620MB (lfb 2x1MB) SWAP 73/12002MB (cached 0MB) CPU [0%@1728,0%@1728,1%@1728,0%@1728,0%@1728,8%@1728] GR3D_FREQ 99% cpu@54.406C soc2@53.781C soc0@53.187C gpu@57.031C tj@57.031C soc1@54.437C VDD_IN 15118mW/9463mW VDD_CPU_GPU_CV 7471mW/3080mW VDD_SOC 3245mW/2706mW
09-26-2026 21:03:57 RAM 6114/7620MB (lfb 2x1MB) SWAP 73/12002MB (cached 0MB) CPU [0%@1728,0%@1728,0%@1728,0%@1728,0%@1728,2%@1728] GR3D_FREQ 99% cpu@54.812C soc2@54.25C soc0@53.468C gpu@57.687C tj@57.687C soc1@54.437C VDD_IN 16865mW/9477mW VDD_CPU_GPU_CV 9075mW/3091mW VDD_SOC 3273mW/2707mW
09-26-2026 21:03:57 RAM 6114/7620MB (lfb 2x1MB) SWAP 73/12002MB (cached 0MB) CPU [1%@1728,0%@1728,0%@1728,0%@1728,0%@1728,5%@1728] GR3D_FREQ 99% cpu@54.812C soc2@54.406C soc0@53.625C gpu@57.968C tj@57.968C soc1@54.531C VDD_IN 17372mW/9492mW VDD_CPU_GPU_CV 9579mW/3103mW VDD_SOC 3273mW/2708mW
09-26-2026 21:03:58 RAM 6114/7620MB (lfb 2x1MB) SWAP 73/12002MB (cached 0MB) CPU [0%@1728,0%@1728,0%@1728,0%@1728,0%@1728,0%@1728] GR3D_FREQ 99% cpu@55.406C soc2@54.656C soc0@53.781C gpu@58.156C tj@58.156C soc1@54.812C VDD_IN 18279mW/9508mW VDD_CPU_GPU_CV 10437mW/3117mW VDD_SOC 3307mW/2709mW
09-26-2026 21:03:58 RAM 6114/7620MB (lfb 2x1MB) SWAP 73/12002MB (cached 0MB) CPU [1%@1728,0%@1728,0%@1728,0%@1728,0%@1728,5%@1728] GR3D_FREQ 99% cpu@55.281C soc2@54.781C soc0@53.812C gpu@58.031C tj@58.031C soc1@54.937C VDD_IN 17889mW/9524mW VDD_CPU_GPU_CV 10067mW/3130mW VDD_SOC 3268mW/2710mW
09-26-2026 21:03:59 RAM 6114/7620MB (lfb 2x1MB) SWAP 73/12002MB (cached 0MB) CPU [0%@1728,3%@1728,0%@1728,0%@1728,0%@1728,3%@1728] GR3D_FREQ 99% cpu@55.343C soc2@54.875C soc0@54.062C gpu@57.906C tj@57.906C soc1@54.875C VDD_IN 16631mW/9537mW VDD_CPU_GPU_CV 9036mW/3141mW VDD_SOC 3240mW/2711mW
09-26-2026 21:03:59 RAM 6114/7620MB (lfb 2x1MB) SWAP 73/12002MB (cached 0MB) CPU [0%@1728,0%@1728,1%@1728,0%@1728,0%@1728,8%@1728] GR3D_FREQ 85% cpu@55.156C soc2@54.718C soc0@54.156C gpu@57.5C tj@57.5C soc1@54.968C VDD_IN 15353mW/9548mW VDD_CPU_GPU_CV 7704mW/3149mW VDD_SOC 3206mW/2712mW
09-26-2026 21:04:00 RAM 6115/7620MB (lfb 2x1MB) SWAP 73/12002MB (cached 0MB) CPU [0%@1728,0%@1728,0%@1728,0%@1728,0%@1728,13%@1728] GR3D_FREQ 99% cpu@55.25C soc2@54.812C soc0@54.062C gpu@58.125C tj@58.125C soc1@55.156C VDD_IN 15432mW/9559mW VDD_CPU_GPU_CV 7665mW/3158mW VDD_SOC 3284mW/2713mW
09-26-2026 21:04:00 RAM 6115/7620MB (lfb 2x1MB) SWAP 73/12002MB (cached 0MB) CPU [1%@1728,0%@1728,0%@1728,0%@1728,0%@1728,8%@1728] GR3D_FREQ 99% cpu@55.437C soc2@54.937C soc0@54.125C gpu@58.343C tj@58.343C soc1@55.062C VDD_IN 16982mW/9573mW VDD_CPU_GPU_CV 9230mW/3169mW VDD_SOC 3273mW/2714mW
09-26-2026 21:04:01 RAM 6115/7620MB (lfb 2x1MB) SWAP 73/12002MB (cached 0MB) CPU [1%@1728,0%@1728,0%@1728,0%@1728,0%@1728,8%@1728] GR3D_FREQ 89% cpu@55.656C soc2@55.093C soc0@54.437C gpu@58.125C tj@58.375C soc1@55.093C VDD_IN 16384mW/9585mW VDD_CPU_GPU_CV 8701mW/3179mW VDD_SOC 3240mW/2715mW
09-26-2026 21:04:01 RAM 6115/7620MB (lfb 2x1MB) SWAP 73/12002MB (cached 0MB) CPU [0%@1728,0%@1728,0%@1728,0%@1728,0%@1728,5%@1728] GR3D_FREQ 99% cpu@55.562C soc2@55.281C soc0@54.375C gpu@58.468C tj@58.468C soc1@55.218C VDD_IN 17099mW/9599mW VDD_CPU_GPU_CV 9269mW/3191mW VDD_SOC 3273mW/2716mW
09-26-2026 21:04:02 RAM 6115/7620MB (lfb 2x1MB) SWAP 73/12002MB (cached 0MB) CPU [0%@1728,0%@1728,0%@1728,0%@1728,0%@1728,5%@1728] GR3D_FREQ 99% cpu@55.562C soc2@55.312C soc0@54.375C gpu@58.843C tj@58.843C soc1@55.5C VDD_IN 17851mW/9615mW VDD_CPU_GPU_CV 10067mW/3203mW VDD_SOC 3268mW/2717mW
09-26-2026 21:04:02 RAM 6115/7620MB (lfb 2x1MB) SWAP 73/12002MB (cached 0MB) CPU [1%@1728,0%@1728,0%@1728,0%@1728,0%@1728,2%@1728] GR3D_FREQ 99% cpu@55.968C soc2@55.406C soc0@54.531C gpu@58.312C tj@58.312C soc1@55.312C VDD_IN 17333mW/9629mW VDD_CPU_GPU_CV 9579mW/3215mW VDD_SOC 3235mW/2718mW
09-26-2026 21:04:03 RAM 6115/7620MB (lfb 2x1MB) SWAP 73/12002MB (cached 0MB) CPU [0%@1728,0%@1728,0%@1728,0%@1728,0%@1728,9%@1728] GR3D_FREQ 99% cpu@56.062C soc2@55.312C soc0@54.593C gpu@58.718C tj@58.718C soc1@55.375C VDD_IN 16748mW/9642mW VDD_CPU_GPU_CV 9036mW/3226mW VDD_SOC 3235mW/2719mW
09-26-2026 21:04:03 RAM 6115/7620MB (lfb 2x1MB) SWAP 73/12002MB (cached 0MB) CPU [0%@1728,0%@1728,1%@1728,0%@1728,0%@1728,4%@1728] GR3D_FREQ 99% cpu@55.906C soc2@55.625C soc0@54.75C gpu@58.593C tj@58.593C soc1@55.437C VDD_IN 16513mW/9654mW VDD_CPU_GPU_CV 8842mW/3236mW VDD_SOC 3201mW/2720mW
09-26-2026 21:04:04 RAM 6115/7620MB (lfb 2x1MB) SWAP 73/12002MB (cached 0MB) CPU [1%@1728,1%@1728,0%@1728,1%@1728,0%@1728,7%@1728] GR3D_FREQ 99% cpu@55.781C soc2@55.5C soc0@54.75C gpu@58.937C tj@58.937C soc1@55.468C VDD_IN 16513mW/9667mW VDD_CPU_GPU_CV 8881mW/3246mW VDD_SOC 3201mW/2721mW
09-26-2026 21:04:04 RAM 6115/7620MB (lfb 2x1MB) SWAP 73/12002MB (cached 0MB) CPU [1%@1728,0%@1728,1%@1728,0%@1728,0%@1728,2%@1728] GR3D_FREQ 99% cpu@56.25C soc2@55.593C soc0@54.843C gpu@59.156C tj@59.156C soc1@55.625C VDD_IN 17372mW/9681mW VDD_CPU_GPU_CV 9834mW/3258mW VDD_SOC 3118mW/2721mW
09-26-2026 21:04:05 RAM 6117/7620MB (lfb 1x1MB) SWAP 73/12002MB (cached 0MB) CPU [3%@1728,0%@1728,0%@1728,0%@1728,26%@1728,0%@1728] GR3D_FREQ 99% cpu@56.281C soc2@55.656C soc0@54.812C gpu@58.437C tj@58.437C soc1@55.656C VDD_IN 15837mW/9692mW VDD_CPU_GPU_CV 8119mW/3267mW VDD_SOC 3240mW/2722mW
09-26-2026 21:04:05 RAM 6117/7620MB (lfb 1x1MB) SWAP 73/12002MB (cached 0MB) CPU [0%@1728,0%@1728,0%@1728,0%@1728,4%@1728,0%@1728] GR3D_FREQ 82% cpu@56.031C soc2@55.593C soc0@55.031C gpu@58.437C tj@58.437C soc1@55.687C VDD_IN 15798mW/9703mW VDD_CPU_GPU_CV 8041mW/3276mW VDD_SOC 3201mW/2723mW
09-26-2026 21:04:06 RAM 6121/7620MB (lfb 1x1MB) SWAP 80/12002MB (cached 0MB) CPU [16%@1728,3%@1728,0%@1728,0%@1728,13%@1728,0%@1728] GR3D_FREQ 99% cpu@55.968C soc2@55.687C soc0@55.031C gpu@59.062C tj@59.062C soc1@55.562C VDD_IN 16787mW/9716mW VDD_CPU_GPU_CV 8338mW/3285mW VDD_SOC 3507mW/2725mW
09-26-2026 21:04:06 RAM 6138/7620MB (lfb 1x4MB) SWAP 80/12002MB (cached 0MB) CPU [15%@1728,4%@1728,0%@1728,1%@1728,9%@1728,0%@1728] GR3D_FREQ 46% cpu@56.375C soc2@55.75C soc0@55C gpu@58.406C tj@58.812C soc1@55.906C VDD_IN 16228mW/9728mW VDD_CPU_GPU_CV 7924mW/3294mW VDD_SOC 3435mW/2726mW
09-26-2026 21:04:07 RAM 6150/7620MB (lfb 1x1MB) SWAP 84/12002MB (cached 0MB) CPU [16%@1728,14%@1728,6%@1728,0%@1728,0%@1728,0%@1728] GR3D_FREQ 62% cpu@56.625C soc2@55.843C soc0@55C gpu@58.812C tj@58.812C soc1@55.843C VDD_IN 17060mW/9741mW VDD_CPU_GPU_CV 8222mW/3303mW VDD_SOC 3624mW/2727mW
09-26-2026 21:04:07 RAM 6147/7620MB (lfb 1x1MB) SWAP 91/12002MB (cached 0MB) CPU [24%@1728,33%@1728,13%@1728,1%@1728,28%@1728,0%@1728] GR3D_FREQ 0% cpu@56.5C soc2@55.781C soc0@55.25C gpu@57.375C tj@57.375C soc1@55.812C VDD_IN 14123mW/9749mW VDD_CPU_GPU_CV 5816mW/3307mW VDD_SOC 3446mW/2729mW
09-26-2026 21:04:08 RAM 6147/7620MB (lfb 1x4MB) SWAP 91/12002MB (cached 0MB) CPU [73%@1728,0%@1728,0%@1728,0%@1728,21%@1728,5%@1728] GR3D_FREQ 0% cpu@56.281C soc2@55.531C soc0@55C gpu@56.718C tj@56.718C soc1@55.937C VDD_IN 10053mW/9750mW VDD_CPU_GPU_CV 3379mW/3307mW VDD_SOC 2799mW/2729mW
09-26-2026 21:04:08 RAM 6147/7620MB (lfb 1x4MB) SWAP 91/12002MB (cached 0MB) CPU [100%@1728,0%@1728,1%@1728,0%@1728,0%@1728,0%@1728] GR3D_FREQ 0% cpu@56.562C soc2@55.343C soc0@54.843C gpu@56.906C tj@56.906C soc1@56.031C VDD_IN 8924mW/9748mW VDD_CPU_GPU_CV 2720mW/3306mW VDD_SOC 2606mW/2729mW
09-26-2026 21:04:09 RAM 6147/7620MB (lfb 1x4MB) SWAP 91/12002MB (cached 0MB) CPU [100%@1728,0%@1728,0%@1728,0%@1728,0%@1728,0%@1728] GR3D_FREQ 0% cpu@56.375C soc2@55.187C soc0@54.843C gpu@56.343C tj@56.375C soc1@55.937C VDD_IN 8543mW/9746mW VDD_CPU_GPU_CV 2483mW/3305mW VDD_SOC 2566mW/2728mW
09-26-2026 21:04:09 RAM 6147/7620MB (lfb 1x4MB) SWAP 91/12002MB (cached 0MB) CPU [100%@1728,0%@1728,0%@1728,1%@1728,0%@1728,0%@1728] GR3D_FREQ 0% cpu@56.125C soc2@55.25C soc0@54.625C gpu@56.593C tj@56.593C soc1@55.937C VDD_IN 8424mW/9744mW VDD_CPU_GPU_CV 2404mW/3303mW VDD_SOC 2527mW/2728mW
09-26-2026 21:04:10 RAM 6147/7620MB (lfb 1x4MB) SWAP 91/12002MB (cached 0MB) CPU [100%@1728,3%@1728,0%@1728,0%@1728,0%@1728,0%@1728] GR3D_FREQ 0% cpu@55.656C soc2@54.937C soc0@54.812C gpu@56.406C tj@56.406C soc1@55.781C VDD_IN 8424mW/9742mW VDD_CPU_GPU_CV 2404mW/3301mW VDD_SOC 2566mW/2728mW
09-26-2026 21:04:10 RAM 6147/7620MB (lfb 1x4MB) SWAP 91/12002MB (cached 0MB) CPU [2%@1728,0%@1728,0%@1728,1%@1728,98%@1728,0%@1728] GR3D_FREQ 0% cpu@55.75C soc2@54.843C soc0@54.593C gpu@56.093C tj@56.093C soc1@56C VDD_IN 8385mW/9739mW VDD_CPU_GPU_CV 2404mW/3300mW VDD_SOC 2527mW/2727mW
09-26-2026 21:04:11 RAM 6147/7620MB (lfb 1x4MB) SWAP 91/12002MB (cached 0MB) CPU [0%@1728,0%@1728,0%@1728,0%@1728,100%@1728,0%@1728] GR3D_FREQ 0% cpu@55.937C soc2@54.718C soc0@54.406C gpu@55.937C tj@55.937C soc1@55.718C VDD_IN 8385mW/9737mW VDD_CPU_GPU_CV 2365mW/3298mW VDD_SOC 2527mW/2727mW
09-26-2026 21:04:11 RAM 6147/7620MB (lfb 1x4MB) SWAP 91/12002MB (cached 0MB) CPU [0%@1728,0%@1728,0%@1728,0%@1728,100%@1728,0%@1728] GR3D_FREQ 0% cpu@55.843C soc2@54.718C soc0@54.5C gpu@55.968C tj@55.968C soc1@55.656C VDD_IN 8385mW/9734mW VDD_CPU_GPU_CV 2365mW/3297mW VDD_SOC 2527mW/2727mW
09-26-2026 21:04:12 RAM 6147/7620MB (lfb 1x4MB) SWAP 91/12002MB (cached 0MB) CPU [0%@1728,0%@1728,0%@1728,1%@1728,100%@1728,0%@1728] GR3D_FREQ 0% cpu@56.031C soc2@54.781C soc0@54.468C gpu@55.843C tj@56.031C soc1@55.656C VDD_IN 8385mW/9732mW VDD_CPU_GPU_CV 2365mW/3295mW VDD_SOC 2527mW/2726mW
09-26-2026 21:04:12 RAM 6150/7620MB (lfb 1x4MB) SWAP 91/12002MB (cached 0MB) CPU [0%@1728,0%@1728,0%@1728,0%@1728,76%@1728,0%@1728] GR3D_FREQ 99% cpu@55.375C soc2@54.937C soc0@54.437C gpu@58.187C tj@58.187C soc1@55.843C VDD_IN 11453mW/9735mW VDD_CPU_GPU_CV 4393mW/3297mW VDD_SOC 3104mW/2727mW
09-26-2026 21:04:13 RAM 6150/7620MB (lfb 1x4MB) SWAP 91/12002MB (cached 0MB) CPU [0%@1728,12%@1728,0%@1728,0%@1728,14%@1728,0%@1728] GR3D_FREQ 15% cpu@55.968C soc2@55.25C soc0@54.562C gpu@57.406C tj@57.406C soc1@55.718C VDD_IN 15993mW/9746mW VDD_CPU_GPU_CV 7315mW/3304mW VDD_SOC 3904mW/2729mW
09-26-2026 21:04:13 RAM 6150/7620MB (lfb 1x4MB) SWAP 91/12002MB (cached 0MB) CPU [0%@1728,5%@1728,1%@1728,1%@1728,84%@1728,0%@1728] GR3D_FREQ 81% cpu@55.781C soc2@55.062C soc0@54.562C gpu@57.375C tj@57.375C soc1@55.781C VDD_IN 11886mW/9750mW VDD_CPU_GPU_CV 4621mW/3306mW VDD_SOC 3143mW/2730mW
09-26-2026 21:04:14 RAM 6150/7620MB (lfb 1x4MB) SWAP 91/12002MB (cached 0MB) CPU [0%@1728,3%@1728,0%@1728,1%@1728,25%@1728,0%@1728] GR3D_FREQ 99% cpu@55.843C soc2@55.406C soc0@54.75C gpu@58.437C tj@58.437C soc1@55.781C VDD_IN 15954mW/9761mW VDD_CPU_GPU_CV 7043mW/3313mW VDD_SOC 3904mW/2732mW
09-26-2026 21:04:14 RAM 6150/7620MB (lfb 1x4MB) SWAP 91/12002MB (cached 0MB) CPU [0%@1728,3%@1728,0%@1728,0%@1728,15%@1728,0%@1728] GR3D_FREQ 85% cpu@55.937C soc2@55.531C soc0@54.875C gpu@58.062C tj@58.062C soc1@55.843C VDD_IN 16345mW/9772mW VDD_CPU_GPU_CV 6992mW/3319mW VDD_SOC 4060mW/2734mW
09-26-2026 21:04:15 RAM 6150/7620MB (lfb 1x4MB) SWAP 91/12002MB (cached 0MB) CPU [0%@1728,2%@1728,0%@1728,0%@1728,14%@1728,0%@1728] GR3D_FREQ 78% cpu@56.031C soc2@55.656C soc0@54.875C gpu@58.062C tj@58.062C soc1@56C VDD_IN 16552mW/9784mW VDD_CPU_GPU_CV 7381mW/3326mW VDD_SOC 3982mW/2736mW
09-26-2026 21:04:15 RAM 6150/7620MB (lfb 1x4MB) SWAP 91/12002MB (cached 0MB) CPU [0%@1728,4%@1728,0%@1728,0%@1728,30%@1728,0%@1728] GR3D_FREQ 72% cpu@56.375C soc2@55.718C soc0@54.968C gpu@58.593C tj@58.593C soc1@56C VDD_IN 16552mW/9796mW VDD_CPU_GPU_CV 7031mW/3333mW VDD_SOC 4177mW/2739mW
09-26-2026 21:04:16 RAM 6150/7620MB (lfb 1x4MB) SWAP 91/12002MB (cached 0MB) CPU [0%@1728,0%@1728,0%@1728,0%@1728,86%@1728,0%@1728] GR3D_FREQ 0% cpu@56.343C soc2@55.625C soc0@55.125C gpu@57C tj@57C soc1@56.062C VDD_IN 11375mW/9799mW VDD_CPU_GPU_CV 4040mW/3334mW VDD_SOC 3143mW/2740mW
09-26-2026 21:04:16 RAM 6152/7620MB (lfb 1x4MB) SWAP 91/12002MB (cached 0MB) CPU [0%@1728,0%@1728,0%@1728,1%@1728,100%@1728,0%@1728] GR3D_FREQ 0% cpu@56.187C soc2@55.156C soc0@54.968C gpu@56.468C tj@56.468C soc1@56C VDD_IN 9279mW/9798mW VDD_CPU_GPU_CV 2833mW/3333mW VDD_SOC 2720mW/2740mW
09-26-2026 21:04:17 RAM 6164/7620MB (lfb 1x4MB) SWAP 91/12002MB (cached 0MB) CPU [0%@1728,0%@1728,0%@1728,0%@1728,100%@1728,0%@1728] GR3D_FREQ 0% cpu@56.281C soc2@55.062C soc0@54.843C gpu@56.468C tj@56.468C soc1@56.093C VDD_IN 8661mW/9796mW VDD_CPU_GPU_CV 2483mW/3332mW VDD_SOC 2606mW/2739mW
09-26-2026 21:04:17 RAM 6164/7620MB (lfb 1x4MB) SWAP 91/12002MB (cached 0MB) CPU [0%@1728,0%@1728,0%@1728,0%@1728,100%@1728,0%@1728] GR3D_FREQ 0% cpu@55.937C soc2@55C soc0@54.687C gpu@56.281C tj@56.281C soc1@55.968C VDD_IN 8464mW/9794mW VDD_CPU_GPU_CV 2404mW/3330mW VDD_SOC 2566mW/2739mW
09-26-2026 21:04:18 RAM 6164/7620MB (lfb 1x4MB) SWAP 91/12002MB (cached 0MB) CPU [0%@1728,1%@1728,0%@1728,0%@1728,98%@1728,0%@1728] GR3D_FREQ 0% cpu@55.937C soc2@54.968C soc0@54.843C gpu@56.125C tj@56.125C soc1@55.937C VDD_IN 8464mW/9791mW VDD_CPU_GPU_CV 2404mW/3329mW VDD_SOC 2566mW/2739mW
09-26-2026 21:04:18 RAM 6166/7620MB (lfb 1x4MB) SWAP 91/12002MB (cached 0MB) CPU [3%@1728,1%@1728,0%@1728,0%@1728,100%@1728,0%@1728] GR3D_FREQ 0% cpu@55.781C soc2@54.937C soc0@54.656C gpu@56.406C tj@56.406C soc1@55.812C VDD_IN 8464mW/9789mW VDD_CPU_GPU_CV 2365mW/3327mW VDD_SOC 2566mW/2738mW
09-26-2026 21:04:19 RAM 6172/7620MB (lfb 1x4MB) SWAP 91/12002MB (cached 0MB) CPU [25%@1728,12%@1728,15%@1728,28%@1728,100%@1728,6%@1728] GR3D_FREQ 0% cpu@56.125C soc2@54.937C soc0@54.593C gpu@56.281C tj@56.281C soc1@56.031C VDD_IN 8780mW/9787mW VDD_CPU_GPU_CV 2680mW/3326mW VDD_SOC 2566mW/2738mW
09-26-2026 21:04:19 RAM 6172/7620MB (lfb 1x4MB) SWAP 91/12002MB (cached 0MB) CPU [0%@1728,1%@1728,0%@1728,0%@1728,98%@1728,0%@1728] GR3D_FREQ 4% cpu@55.812C soc2@54.812C soc0@54.562C gpu@56.125C tj@56.125C soc1@55.937C VDD_IN 8503mW/9785mW VDD_CPU_GPU_CV 2523mW/3324mW VDD_SOC 2566mW/2738mW
09-26-2026 21:04:20 RAM 6172/7620MB (lfb 1x4MB) SWAP 91/12002MB (cached 0MB) CPU [0%@1728,0%@1728,0%@1728,0%@1728,98%@1728,0%@1728] GR3D_FREQ 0% cpu@56C soc2@54.75C soc0@54.687C gpu@56.093C tj@56.093C soc1@55.843C VDD_IN 8503mW/9783mW VDD_CPU_GPU_CV 2444mW/3323mW VDD_SOC 2566mW/2738mW
09-26-2026 21:04:20 RAM 6172/7620MB (lfb 1x4MB) SWAP 91/12002MB (cached 0MB) CPU [0%@1728,0%@1728,0%@1728,0%@1728,100%@1728,0%@1728] GR3D_FREQ 0% cpu@55.718C soc2@54.843C soc0@54.5C gpu@55.937C tj@55.937C soc1@55.75C VDD_IN 8424mW/9781mW VDD_CPU_GPU_CV 2365mW/3321mW VDD_SOC 2566mW/2737mW
09-26-2026 21:04:21 RAM 6172/7620MB (lfb 1x4MB) SWAP 91/12002MB (cached 0MB) CPU [0%@1728,0%@1728,0%@1728,1%@1728,100%@1728,0%@1728] GR3D_FREQ 0% cpu@55.625C soc2@54.625C soc0@54.437C gpu@55.812C tj@55.937C soc1@55.937C VDD_IN 8385mW/9778mW VDD_CPU_GPU_CV 2365mW/3320mW VDD_SOC 2527mW/2737mW
09-26-2026 21:04:21 RAM 6172/7620MB (lfb 1x4MB) SWAP 91/12002MB (cached 0MB) CPU [0%@1728,0%@1728,1%@1728,0%@1728,96%@1728,0%@1728] GR3D_FREQ 66% cpu@55.468C soc2@54.625C soc0@54.281C gpu@56.343C tj@56.343C soc1@55.718C VDD_IN 8701mW/9776mW VDD_CPU_GPU_CV 2562mW/3318mW VDD_SOC 2606mW/2737mW
09-26-2026 21:04:22 RAM 6172/7620MB (lfb 1x4MB) SWAP 91/12002MB (cached 0MB) CPU [0%@1728,0%@1728,0%@1728,0%@1728,100%@1728,0%@1728] GR3D_FREQ 0% cpu@55.875C soc2@54.781C soc0@54.187C gpu@55.968C tj@55.968C soc1@55.687C VDD_IN 8424mW/9774mW VDD_CPU_GPU_CV 2404mW/3317mW VDD_SOC 2566mW/2736mW
09-26-2026 21:04:23 RAM 6172/7620MB (lfb 1x4MB) SWAP 91/12002MB (cached 0MB) CPU [0%@1728,0%@1728,0%@1728,1%@1728,100%@1728,0%@1728] GR3D_FREQ 0% cpu@55.468C soc2@54.593C soc0@54.5C gpu@56C tj@56C soc1@55.593C VDD_IN 8424mW/9772mW VDD_CPU_GPU_CV 2326mW/3315mW VDD_SOC 2566mW/2736mW
09-26-2026 21:04:23 RAM 6172/7620MB (lfb 1x4MB) SWAP 91/12002MB (cached 0MB) CPU [0%@1728,0%@1728,0%@1728,0%@1728,100%@1728,0%@1728] GR3D_FREQ 0% cpu@55.468C soc2@54.593C soc0@54.406C gpu@55.843C tj@55.843C soc1@55.812C VDD_IN 8385mW/9769mW VDD_CPU_GPU_CV 2365mW/3313mW VDD_SOC 2527mW/2736mW
09-26-2026 21:04:24 RAM 6172/7620MB (lfb 1x4MB) SWAP 91/12002MB (cached 0MB) CPU [0%@1728,0%@1728,0%@1728,0%@1728,96%@1728,0%@1728] GR3D_FREQ 0% cpu@55.531C soc2@54.687C soc0@54.25C gpu@55.906C tj@55.906C soc1@55.718C VDD_IN 8740mW/9768mW VDD_CPU_GPU_CV 2601mW/3312mW VDD_SOC 2606mW/2736mW
09-26-2026 21:04:24 RAM 6172/7620MB (lfb 1x4MB) SWAP 91/12002MB (cached 0MB) CPU [0%@1728,3%@1728,0%@1728,0%@1728,100%@1728,0%@1728] GR3D_FREQ 0% cpu@55.718C soc2@54.5C soc0@54.281C gpu@55.625C tj@55.718C soc1@55.656C VDD_IN 8464mW/9765mW VDD_CPU_GPU_CV 2404mW/3311mW VDD_SOC 2566mW/2735mW
09-26-2026 21:04:25 RAM 6172/7620MB (lfb 1x4MB) SWAP 91/12002MB (cached 0MB) CPU [0%@1728,0%@1728,0%@1728,0%@1728,100%@1728,0%@1728] GR3D_FREQ 0% cpu@55.468C soc2@54.593C soc0@54.343C gpu@56C tj@56C soc1@55.625C VDD_IN 8424mW/9763mW VDD_CPU_GPU_CV 2326mW/3309mW VDD_SOC 2566mW/2735mW
09-26-2026 21:04:25 RAM 6172/7620MB (lfb 1x4MB) SWAP 91/12002MB (cached 0MB) CPU [0%@1728,0%@1728,0%@1728,0%@1728,100%@1728,0%@1728] GR3D_FREQ 0% cpu@55.375C soc2@54.562C soc0@54.343C gpu@55.812C tj@55.812C soc1@55.562C VDD_IN 8345mW/9761mW VDD_CPU_GPU_CV 2365mW/3307mW VDD_SOC 2527mW/2735mW
09-26-2026 21:04:26 RAM 6172/7620MB (lfb 1x4MB) SWAP 91/12002MB (cached 0MB) CPU [0%@1728,0%@1728,0%@1728,0%@1728,100%@1728,0%@1728] GR3D_FREQ 0% cpu@55.25C soc2@54.343C soc0@54.281C gpu@55.843C tj@55.843C soc1@55.687C VDD_IN 8385mW/9758mW VDD_CPU_GPU_CV 2365mW/3306mW VDD_SOC 2527mW/2734mW
09-26-2026 21:04:26 RAM 6172/7620MB (lfb 1x4MB) SWAP 91/12002MB (cached 0MB) CPU [0%@1728,0%@1728,0%@1728,0%@1728,100%@1728,0%@1728] GR3D_FREQ 0% cpu@55.75C soc2@54.437C soc0@54.031C gpu@55.718C tj@55.75C soc1@55.531C VDD_IN 8385mW/9756mW VDD_CPU_GPU_CV 2326mW/3304mW VDD_SOC 2527mW/2734mW
09-26-2026 21:04:27 RAM 6172/7620MB (lfb 1x4MB) SWAP 91/12002MB (cached 0MB) CPU [0%@1728,0%@1728,0%@1728,0%@1728,100%@1728,0%@1728] GR3D_FREQ 0% cpu@55.5C soc2@54.406C soc0@54.437C gpu@55.656C tj@55.656C soc1@55.437C VDD_IN 8385mW/9754mW VDD_CPU_GPU_CV 2326mW/3302mW VDD_SOC 2566mW/2734mW
09-26-2026 21:04:27 RAM 6172/7620MB (lfb 1x4MB) SWAP 91/12002MB (cached 0MB) CPU [0%@1728,0%@1728,0%@1728,0%@1728,100%@1728,0%@1728] GR3D_FREQ 0% cpu@55.312C soc2@54.437C soc0@54.156C gpu@55.5C tj@55.5C soc1@55.343C VDD_IN 8385mW/9751mW VDD_CPU_GPU_CV 2326mW/3301mW VDD_SOC 2566mW/2733mW
09-26-2026 21:04:28 RAM 6172/7620MB (lfb 1x4MB) SWAP 91/12002MB (cached 0MB) CPU [1%@1728,0%@1728,0%@1728,1%@1728,96%@1728,0%@1728] GR3D_FREQ 0% cpu@55.25C soc2@54.375C soc0@54C gpu@55.812C tj@55.812C soc1@55.625C VDD_IN 8780mW/9750mW VDD_CPU_GPU_CV 2601mW/3300mW VDD_SOC 2606mW/2733mW
09-26-2026 21:04:28 RAM 6172/7620MB (lfb 1x4MB) SWAP 91/12002MB (cached 0MB) CPU [0%@1728,0%@1728,0%@1728,0%@1728,100%@1728,0%@1728] GR3D_FREQ 0% cpu@55.75C soc2@54.25C soc0@54.093C gpu@55.656C tj@55.75C soc1@55.5C VDD_IN 8464mW/9748mW VDD_CPU_GPU_CV 2404mW/3298mW VDD_SOC 2566mW/2733mW
09-26-2026 21:04:29 RAM 6172/7620MB (lfb 1x4MB) SWAP 91/12002MB (cached 0MB) CPU [0%@1728,0%@1728,0%@1728,1%@1728,100%@1728,0%@1728] GR3D_FREQ 0% cpu@55.343C soc2@54.343C soc0@54.031C gpu@55.75C tj@55.75C soc1@55.343C VDD_IN 8424mW/9745mW VDD_CPU_GPU_CV 2326mW/3296mW VDD_SOC 2566mW/2733mW
09-26-2026 21:04:29 RAM 6172/7620MB (lfb 1x4MB) SWAP 91/12002MB (cached 0MB) CPU [0%@1728,1%@1728,0%@1728,0%@1728,100%@1728,0%@1728] GR3D_FREQ 0% cpu@55.312C soc2@54.218C soc0@54.093C gpu@55.5C tj@55.5C soc1@55.281C VDD_IN 8385mW/9743mW VDD_CPU_GPU_CV 2365mW/3295mW VDD_SOC 2527mW/2732mW
09-26-2026 21:04:30 RAM 6172/7620MB (lfb 1x4MB) SWAP 91/12002MB (cached 0MB) CPU [1%@1728,0%@1728,1%@1728,0%@1728,100%@1728,0%@1728] GR3D_FREQ 0% cpu@55.531C soc2@54.187C soc0@54.062C gpu@55.531C tj@55.531C soc1@55.531C VDD_IN 8385mW/9741mW VDD_CPU_GPU_CV 2365mW/3293mW VDD_SOC 2527mW/2732mW
09-26-2026 21:04:30 RAM 6172/7620MB (lfb 1x4MB) SWAP 91/12002MB (cached 0MB) CPU [1%@1728,0%@1728,0%@1728,0%@1728,100%@1728,0%@1728] GR3D_FREQ 0% cpu@55.312C soc2@54.312C soc0@54.031C gpu@55.343C tj@55.343C soc1@55.281C VDD_IN 8385mW/9739mW VDD_CPU_GPU_CV 2326mW/3292mW VDD_SOC 2527mW/2732mW
09-26-2026 21:04:31 RAM 6172/7620MB (lfb 1x4MB) SWAP 91/12002MB (cached 0MB) CPU [1%@1728,0%@1728,0%@1728,0%@1728,100%@1728,0%@1728] GR3D_FREQ 0% cpu@55.468C soc2@54.187C soc0@54.031C gpu@55.593C tj@55.593C soc1@55.312C VDD_IN 8385mW/9736mW VDD_CPU_GPU_CV 2326mW/3290mW VDD_SOC 2527mW/2731mW
09-26-2026 21:04:31 RAM 6173/7620MB (lfb 1x4MB) SWAP 91/12002MB (cached 0MB) CPU [0%@1728,0%@1728,0%@1728,1%@1728,100%@1728,0%@1728] GR3D_FREQ 0% cpu@55.375C soc2@54.312C soc0@54.156C gpu@55.468C tj@55.375C soc1@55.281C VDD_IN 8385mW/9734mW VDD_CPU_GPU_CV 2326mW/3289mW VDD_SOC 2527mW/2731mW
09-26-2026 21:04:32 RAM 6173/7620MB (lfb 1x4MB) SWAP 91/12002MB (cached 0MB) CPU [0%@1728,0%@1728,0%@1728,0%@1728,96%@1728,0%@1728] GR3D_FREQ 0% cpu@55.593C soc2@54.312C soc0@53.875C gpu@55.593C tj@55.593C soc1@55.312C VDD_IN 8701mW/9732mW VDD_CPU_GPU_CV 2562mW/3287mW VDD_SOC 2566mW/2731mW
09-26-2026 21:04:32 RAM 6173/7620MB (lfb 1x4MB) SWAP 91/12002MB (cached 0MB) CPU [0%@1728,0%@1728,0%@1728,0%@1728,100%@1728,0%@1728] GR3D_FREQ 0% cpu@55.093C soc2@54.093C soc0@53.906C gpu@55.468C tj@55.468C soc1@55.343C VDD_IN 8464mW/9730mW VDD_CPU_GPU_CV 2404mW/3286mW VDD_SOC 2566mW/2730mW
09-26-2026 21:04:33 RAM 6173/7620MB (lfb 1x4MB) SWAP 91/12002MB (cached 0MB) CPU [0%@1728,0%@1728,0%@1728,1%@1728,100%@1728,0%@1728] GR3D_FREQ 0% cpu@55.187C soc2@54.25C soc0@54.125C gpu@55.343C tj@55.343C soc1@55.25C VDD_IN 8424mW/9728mW VDD_CPU_GPU_CV 2326mW/3284mW VDD_SOC 2566mW/2730mW
09-26-2026 21:04:33 RAM 6173/7620MB (lfb 1x4MB) SWAP 91/12002MB (cached 0MB) CPU [0%@1728,0%@1728,0%@1728,0%@1728,100%@1728,0%@1728] GR3D_FREQ 0% cpu@55.062C soc2@54.281C soc0@54.093C gpu@55.218C tj@55.218C soc1@55.187C VDD_IN 8385mW/9726mW VDD_CPU_GPU_CV 2365mW/3283mW VDD_SOC 2527mW/2730mW
09-26-2026 21:04:34 RAM 6173/7620MB (lfb 1x4MB) SWAP 91/12002MB (cached 0MB) CPU [0%@1728,0%@1728,0%@1728,0%@1728,96%@1728,0%@1728] GR3D_FREQ 0% cpu@55.156C soc2@54.156C soc0@54C gpu@55.531C tj@55.531C soc1@55.406C VDD_IN 8622mW/9724mW VDD_CPU_GPU_CV 2523mW/3281mW VDD_SOC 2566mW/2729mW
09-26-2026 21:04:34 RAM 6173/7620MB (lfb 1x4MB) SWAP 91/12002MB (cached 0MB) CPU [0%@1728,0%@1728,0%@1728,0%@1728,100%@1728,0%@1728] GR3D_FREQ 0% cpu@55.281C soc2@54.031C soc0@53.781C gpu@55.375C tj@55.375C soc1@55.281C VDD_IN 8424mW/9722mW VDD_CPU_GPU_CV 2365mW/3280mW VDD_SOC 2566mW/2729mW
09-26-2026 21:04:35 RAM 6173/7620MB (lfb 1x4MB) SWAP 91/12002MB (cached 0MB) CPU [0%@1728,0%@1728,0%@1728,0%@1728,100%@1728,0%@1728] GR3D_FREQ 0% cpu@55.312C soc2@54C soc0@53.812C gpu@55.562C tj@55.562C soc1@55.281C VDD_IN 8424mW/9720mW VDD_CPU_GPU_CV 2326mW/3278mW VDD_SOC 2566mW/2729mW
09-26-2026 21:04:35 RAM 6173/7620MB (lfb 1x4MB) SWAP 91/12002MB (cached 0MB) CPU [0%@1728,1%@1728,0%@1728,0%@1728,98%@1728,0%@1728] GR3D_FREQ 23% cpu@55.156C soc2@54.062C soc0@53.812C gpu@55.312C tj@55.312C soc1@55.156C VDD_IN 8464mW/9718mW VDD_CPU_GPU_CV 2404mW/3277mW VDD_SOC 2566mW/2729mW
09-26-2026 21:04:36 RAM 6173/7620MB (lfb 1x4MB) SWAP 91/12002MB (cached 0MB) CPU [0%@1728,0%@1728,0%@1728,0%@1728,100%@1728,0%@1728] GR3D_FREQ 0% cpu@55.031C soc2@54.062C soc0@53.906C gpu@55.25C tj@55.25C soc1@55.125C VDD_IN 8345mW/9715mW VDD_CPU_GPU_CV 2326mW/3275mW VDD_SOC 2527mW/2728mW
09-26-2026 21:04:36 RAM 6173/7620MB (lfb 1x4MB) SWAP 91/12002MB (cached 0MB) CPU [0%@1728,0%@1728,0%@1728,0%@1728,100%@1728,0%@1728] GR3D_FREQ 0% cpu@54.75C soc2@54.031C soc0@53.781C gpu@55.593C tj@55.593C soc1@55.343C VDD_IN 8385mW/9713mW VDD_CPU_GPU_CV 2326mW/3274mW VDD_SOC 2527mW/2728mW
09-26-2026 21:04:37 RAM 6173/7620MB (lfb 1x4MB) SWAP 91/12002MB (cached 0MB) CPU [0%@1728,0%@1728,0%@1728,0%@1728,100%@1728,0%@1728] GR3D_FREQ 0% cpu@55.281C soc2@53.968C soc0@53.625C gpu@55.437C tj@55.437C soc1@55.187C VDD_IN 8345mW/9711mW VDD_CPU_GPU_CV 2326mW/3272mW VDD_SOC 2527mW/2728mW
09-26-2026 21:04:37 RAM 6173/7620MB (lfb 1x4MB) SWAP 91/12002MB (cached 0MB) CPU [0%@1728,0%@1728,0%@1728,0%@1728,100%@1728,0%@1728] GR3D_FREQ 0% cpu@55.125C soc2@54.031C soc0@53.875C gpu@55.312C tj@55.312C soc1@55.125C VDD_IN 8385mW/9709mW VDD_CPU_GPU_CV 2365mW/3271mW VDD_SOC 2527mW/2727mW
09-26-2026 21:04:38 RAM 6173/7620MB (lfb 1x4MB) SWAP 91/12002MB (cached 0MB) CPU [0%@1728,0%@1728,0%@1728,3%@1728,100%@1728,0%@1728] GR3D_FREQ 0% cpu@54.875C soc2@54.062C soc0@53.812C gpu@55.406C tj@55.406C soc1@55.125C VDD_IN 8385mW/9707mW VDD_CPU_GPU_CV 2326mW/3269mW VDD_SOC 2527mW/2727mW
09-26-2026 21:04:38 RAM 6173/7620MB (lfb 1x4MB) SWAP 91/12002MB (cached 0MB) CPU [0%@1728,0%@1728,0%@1728,0%@1728,100%@1728,0%@1728] GR3D_FREQ 0% cpu@54.968C soc2@53.937C soc0@53.687C gpu@55.25C tj@55.281C soc1@55.281C VDD_IN 8385mW/9704mW VDD_CPU_GPU_CV 2326mW/3268mW VDD_SOC 2527mW/2727mW
09-26-2026 21:04:39 RAM 6173/7620MB (lfb 1x4MB) SWAP 91/12002MB (cached 0MB) CPU [0%@1728,3%@1728,0%@1728,0%@1728,54%@1728,0%@1728] GR3D_FREQ 85% cpu@55.031C soc2@54.281C soc0@53.781C gpu@56.593C tj@56.593C soc1@55.093C VDD_IN 12889mW/9710mW VDD_CPU_GPU_CV 4888mW/3270mW VDD_SOC 3373mW/2728mW
09-26-2026 21:04:39 RAM 6173/7620MB (lfb 1x4MB) SWAP 91/12002MB (cached 0MB) CPU [0%@1728,2%@1728,0%@1728,0%@1728,18%@1728,0%@1728] GR3D_FREQ 85% cpu@55.125C soc2@54.593C soc0@54.156C gpu@57.531C tj@57.531C soc1@55.156C VDD_IN 16149mW/9720mW VDD_CPU_GPU_CV 6692mW/3276mW VDD_SOC 4021mW/2730mW
09-26-2026 21:04:40 RAM 6173/7620MB (lfb 1x4MB) SWAP 91/12002MB (cached 0MB) CPU [0%@1728,3%@1728,0%@1728,0%@1728,67%@1728,0%@1728] GR3D_FREQ 62% cpu@55.187C soc2@54.593C soc0@54C gpu@57C tj@57C soc1@55.218C VDD_IN 14005mW/9727mW VDD_CPU_GPU_CV 5465mW/3279mW VDD_SOC 3642mW/2731mW
09-26-2026 21:04:40 RAM 6173/7620MB (lfb 1x4MB) SWAP 91/12002MB (cached 0MB) CPU [1%@1728,8%@1728,0%@1728,1%@1728,73%@1728,0%@1728] GR3D_FREQ 0% cpu@55.468C soc2@54.468C soc0@54C gpu@56.25C tj@56.25C soc1@55.343C VDD_IN 11768mW/9730mW VDD_CPU_GPU_CV 4190mW/3281mW VDD_SOC 3222mW/2732mW
09-26-2026 21:04:41 RAM 6173/7620MB (lfb 1x4MB) SWAP 91/12002MB (cached 0MB) CPU [0%@1728,0%@1728,0%@1728,0%@1728,100%@1728,0%@1728] GR3D_FREQ 0% cpu@55.562C soc2@54.375C soc0@54.031C gpu@55.812C tj@55.812C soc1@55.312C VDD_IN 9358mW/9730mW VDD_CPU_GPU_CV 2873mW/3280mW VDD_SOC 2759mW/2732mW
09-26-2026 21:04:41 RAM 6176/7620MB (lfb 1x4MB) SWAP 91/12002MB (cached 0MB) CPU [0%@1728,0%@1728,0%@1728,0%@1728,100%@1728,0%@1728] GR3D_FREQ 0% cpu@55.25C soc2@54.281C soc0@53.906C gpu@55.468C tj@55.468C soc1@55.156C VDD_IN 8701mW/9728mW VDD_CPU_GPU_CV 2483mW/3279mW VDD_SOC 2606mW/2732mW
09-26-2026 21:04:42 RAM 6176/7620MB (lfb 1x4MB) SWAP 91/12002MB (cached 0MB) CPU [0%@1728,0%@1728,1%@1728,0%@1728,100%@1728,0%@1728] GR3D_FREQ 0% cpu@55.437C soc2@54.281C soc0@54C gpu@55.437C tj@55.437C soc1@55.125C VDD_IN 8464mW/9726mW VDD_CPU_GPU_CV 2404mW/3278mW VDD_SOC 2566mW/2732mW
09-26-2026 21:04:42 RAM 6176/7620MB (lfb 1x4MB) SWAP 91/12002MB (cached 0MB) CPU [0%@1728,13%@1728,1%@1728,0%@1728,86%@1728,0%@1728] GR3D_FREQ 0% cpu@54.875C soc2@54.187C soc0@53.875C gpu@55.656C tj@55.656C soc1@55.437C VDD_IN 8543mW/9724mW VDD_CPU_GPU_CV 2404mW/3276mW VDD_SOC 2606mW/2731mW
09-26-2026 21:04:43 RAM 6176/7620MB (lfb 1x4MB) SWAP 91/12002MB (cached 0MB) CPU [0%@1728,100%@1728,0%@1728,0%@1728,0%@1728,0%@1728] GR3D_FREQ 0% cpu@55.156C soc2@54.125C soc0@53.906C gpu@55.437C tj@55.437C soc1@55.156C VDD_IN 8385mW/9722mW VDD_CPU_GPU_CV 2365mW/3275mW VDD_SOC 2566mW/2731mW
09-26-2026 21:04:43 RAM 6176/7620MB (lfb 1x4MB) SWAP 91/12002MB (cached 0MB) CPU [0%@1728,100%@1728,0%@1728,0%@1728,0%@1728,0%@1728] GR3D_FREQ 0% cpu@54.875C soc2@54.218C soc0@53.843C gpu@55.625C tj@55.625C soc1@55.156C VDD_IN 8424mW/9720mW VDD_CPU_GPU_CV 2286mW/3273mW VDD_SOC 2566mW/2731mW
09-26-2026 21:04:44 RAM 6176/7620MB (lfb 1x4MB) SWAP 91/12002MB (cached 0MB) CPU [0%@1728,7%@1728,0%@1728,96%@1728,94%@1728,0%@1728] GR3D_FREQ 0% cpu@55.437C soc2@54.218C soc0@53.75C gpu@55.437C tj@55.5C soc1@55.093C VDD_IN 8938mW/9719mW VDD_CPU_GPU_CV 2838mW/3272mW VDD_SOC 2566mW/2731mW
09-26-2026 21:04:44 RAM 6176/7620MB (lfb 1x4MB) SWAP 91/12002MB (cached 0MB) CPU [0%@1728,0%@1728,0%@1728,100%@1728,68%@1728,0%@1728] GR3D_FREQ 0% cpu@54.968C soc2@54.25C soc0@53.875C gpu@55.312C tj@55.312C soc1@55.062C VDD_IN 8899mW/9717mW VDD_CPU_GPU_CV 2759mW/3272mW VDD_SOC 2566mW/2730mW
09-26-2026 21:04:45 RAM 6176/7620MB (lfb 1x4MB) SWAP 91/12002MB (cached 0MB) CPU [1%@1728,0%@1728,4%@1728,100%@1728,78%@1728,0%@1728] GR3D_FREQ 0% cpu@55.531C soc2@54.187C soc0@53.875C gpu@55.281C tj@55.531C soc1@55.187C VDD_IN 9003mW/9716mW VDD_CPU_GPU_CV 2912mW/3271mW VDD_SOC 2566mW/2730mW
09-26-2026 21:04:45 RAM 6176/7620MB (lfb 1x4MB) SWAP 91/12002MB (cached 0MB) CPU [0%@1728,0%@1728,0%@1728,80%@1728,100%@1728,0%@1728] GR3D_FREQ 0% cpu@55.343C soc2@54.062C soc0@53.75C gpu@55.625C tj@55.625C soc1@55.125C VDD_IN 9017mW/9715mW VDD_CPU_GPU_CV 2838mW/3270mW VDD_SOC 2566mW/2730mW
09-26-2026 21:04:46 RAM 6176/7620MB (lfb 1x4MB) SWAP 91/12002MB (cached 0MB) CPU [62%@1728,0%@1728,0%@1728,0%@1728,37%@1728,67%@1728] GR3D_FREQ 0% cpu@55.375C soc2@54.312C soc0@53.906C gpu@55.187C tj@55.375C soc1@55.125C VDD_IN 9003mW/9714mW VDD_CPU_GPU_CV 2877mW/3270mW VDD_SOC 2566mW/2730mW
09-26-2026 21:04:46 RAM 6176/7620MB (lfb 1x4MB) SWAP 91/12002MB (cached 0MB) CPU [96%@1728,0%@1728,1%@1728,0%@1728,0%@1728,100%@1728] GR3D_FREQ 0% cpu@54.937C soc2@54.281C soc0@53.687C gpu@55.593C tj@55.593C soc1@55.125C VDD_IN 9121mW/9713mW VDD_CPU_GPU_CV 2991mW/3269mW VDD_SOC 2566mW/2729mW
09-26-2026 21:04:47 RAM 6176/7620MB (lfb 1x4MB) SWAP 91/12002MB (cached 0MB) CPU [0%@1728,0%@1728,0%@1728,54%@1728,0%@1728,100%@1728] GR3D_FREQ 0% cpu@55.281C soc2@54.062C soc0@53.75C gpu@55.375C tj@55.375C soc1@55.25C VDD_IN 8978mW/9712mW VDD_CPU_GPU_CV 2838mW/3269mW VDD_SOC 2566mW/2729mW
09-26-2026 21:04:47 RAM 6176/7620MB (lfb 1x4MB) SWAP 91/12002MB (cached 0MB) CPU [0%@1728,1%@1728,0%@1728,100%@1728,0%@1728,100%@1728] GR3D_FREQ 0% cpu@55.5C soc2@54.062C soc0@53.75C gpu@55.312C tj@55.5C soc1@55.125C VDD_IN 9161mW/9711mW VDD_CPU_GPU_CV 3030mW/3268mW VDD_SOC 2566mW/2729mW
09-26-2026 21:04:48 RAM 6176/7620MB (lfb 1x4MB) SWAP 91/12002MB (cached 0MB) CPU [4%@1728,0%@1728,0%@1728,100%@1728,32%@1728,26%@1728] GR3D_FREQ 0% cpu@55.562C soc2@54.156C soc0@53.718C gpu@55.187C tj@55.562C soc1@55.156C VDD_IN 9017mW/9710mW VDD_CPU_GPU_CV 2877mW/3268mW VDD_SOC 2566mW/2729mW
09-26-2026 21:04:48 RAM 6176/7620MB (lfb 1x4MB) SWAP 91/12002MB (cached 0MB) CPU [0%@1728,0%@1728,0%@1728,100%@1728,100%@1728,0%@1728] GR3D_FREQ 0% cpu@55.562C soc2@54.187C soc0@53.656C gpu@55.218C tj@55.562C soc1@55.093C VDD_IN 9161mW/9709mW VDD_CPU_GPU_CV 3030mW/3267mW VDD_SOC 2566mW/2728mW
09-26-2026 21:04:49 RAM 6176/7620MB (lfb 1x4MB) SWAP 91/12002MB (cached 0MB) CPU [1%@1728,1%@1728,5%@1728,22%@1728,100%@1728,0%@1728] GR3D_FREQ 0% cpu@55.187C soc2@54C soc0@53.625C gpu@55.187C tj@55.312C soc1@55.312C VDD_IN 8740mW/9707mW VDD_CPU_GPU_CV 2601mW/3266mW VDD_SOC 2566mW/2728mW
09-26-2026 21:04:49 RAM 6179/7620MB (lfb 1x4MB) SWAP 91/12002MB (cached 0MB) CPU [28%@1728,4%@1728,8%@1728,14%@1728,100%@1728,17%@1728] GR3D_FREQ 0% cpu@55.562C soc2@54C soc0@53.687C gpu@55.468C tj@55.562C soc1@55.156C VDD_IN 8859mW/9706mW VDD_CPU_GPU_CV 2720mW/3265mW VDD_SOC 2566mW/2728mW
09-26-2026 21:04:50 RAM 6179/7620MB (lfb 1x4MB) SWAP 91/12002MB (cached 0MB) CPU [0%@1728,5%@1728,0%@1728,0%@1728,40%@1728,46%@1728] GR3D_FREQ 0% cpu@54.906C soc2@54C soc0@53.718C gpu@55.468C tj@55.468C soc1@55.125C VDD_IN 9753mW/9706mW VDD_CPU_GPU_CV 3070mW/3265mW VDD_SOC 2799mW/2728mW
09-26-2026 21:04:50 RAM 6179/7620MB (lfb 1x4MB) SWAP 91/12002MB (cached 0MB) CPU [1%@1728,1%@1728,0%@1728,0%@1728,0%@1728,100%@1728] GR3D_FREQ 0% cpu@54.968C soc2@54.062C soc0@53.812C gpu@55.218C tj@55.218C soc1@55.093C VDD_IN 8780mW/9705mW VDD_CPU_GPU_CV 2601mW/3264mW VDD_SOC 2606mW/2728mW
09-26-2026 21:04:51 RAM 6179/7620MB (lfb 1x4MB) SWAP 91/12002MB (cached 0MB) CPU [0%@1728,0%@1728,0%@1728,0%@1728,0%@1728,100%@1728] GR3D_FREQ 0% cpu@54.625C soc2@54C soc0@53.812C gpu@55.218C tj@55.218C soc1@55.031C VDD_IN 8464mW/9703mW VDD_CPU_GPU_CV 2444mW/3263mW VDD_SOC 2527mW/2727mW
09-26-2026 21:04:51 RAM 6179/7620MB (lfb 1x4MB) SWAP 91/12002MB (cached 0MB) CPU [0%@1728,0%@1728,0%@1728,0%@1728,0%@1728,100%@1728] GR3D_FREQ 0% cpu@55C soc2@53.875C soc0@53.656C gpu@55.062C tj@55.125C soc1@55.125C VDD_IN 8385mW/9701mW VDD_CPU_GPU_CV 2404mW/3261mW VDD_SOC 2527mW/2727mW
09-26-2026 21:04:52 RAM 6179/7620MB (lfb 1x4MB) SWAP 91/12002MB (cached 0MB) CPU [0%@1728,1%@1728,0%@1728,0%@1728,0%@1728,100%@1728] GR3D_FREQ 0% cpu@54.843C soc2@53.937C soc0@53.593C gpu@54.906C tj@55.062C soc1@55.062C VDD_IN 8345mW/9699mW VDD_CPU_GPU_CV 2365mW/3260mW VDD_SOC 2527mW/2727mW
09-26-2026 21:04:52 RAM 6179/7620MB (lfb 1x4MB) SWAP 91/12002MB (cached 0MB) CPU [0%@1728,0%@1728,1%@1728,0%@1728,0%@1728,100%@1728] GR3D_FREQ 0% cpu@54.625C soc2@53.906C soc0@53.593C gpu@55.343C tj@55.343C soc1@55.062C VDD_IN 8345mW/9697mW VDD_CPU_GPU_CV 2326mW/3259mW VDD_SOC 2527mW/2726mW
09-26-2026 21:04:53 RAM 6179/7620MB (lfb 1x4MB) SWAP 91/12002MB (cached 0MB) CPU [0%@1728,0%@1728,0%@1728,0%@1728,0%@1728,100%@1728] GR3D_FREQ 0% cpu@54.656C soc2@53.843C soc0@53.625C gpu@55.093C tj@55.187C soc1@55.187C VDD_IN 8345mW/9694mW VDD_CPU_GPU_CV 2365mW/3257mW VDD_SOC 2527mW/2726mW
09-26-2026 21:04:53 RAM 6179/7620MB (lfb 1x4MB) SWAP 91/12002MB (cached 0MB) CPU [0%@1728,0%@1728,0%@1728,0%@1728,0%@1728,100%@1728] GR3D_FREQ 0% cpu@54.718C soc2@53.875C soc0@53.562C gpu@55C tj@55.031C soc1@55.031C VDD_IN 8345mW/9692mW VDD_CPU_GPU_CV 2365mW/3256mW VDD_SOC 2527mW/2726mW
09-26-2026 21:04:54 RAM 6179/7620MB (lfb 1x4MB) SWAP 91/12002MB (cached 0MB) CPU [1%@1728,1%@1728,0%@1728,0%@1728,0%@1728,100%@1728] GR3D_FREQ 0% cpu@54.843C soc2@53.781C soc0@53.562C gpu@55.125C tj@55.125C soc1@55C VDD_IN 8345mW/9690mW VDD_CPU_GPU_CV 2365mW/3254mW VDD_SOC 2527mW/2726mW
09-26-2026 21:04:54 RAM 6179/7620MB (lfb 1x4MB) SWAP 91/12002MB (cached 0MB) CPU [0%@1728,0%@1728,0%@1728,0%@1728,0%@1728,100%@1728] GR3D_FREQ 0% cpu@54.593C soc2@53.937C soc0@53.656C gpu@54.937C tj@55.031C soc1@55.031C VDD_IN 8345mW/9688mW VDD_CPU_GPU_CV 2365mW/3253mW VDD_SOC 2527mW/2725mW
09-26-2026 21:04:55 RAM 6179/7620MB (lfb 1x4MB) SWAP 91/12002MB (cached 0MB) CPU [0%@1728,0%@1728,0%@1728,0%@1728,0%@1728,100%@1728] GR3D_FREQ 0% cpu@54.531C soc2@53.875C soc0@53.687C gpu@54.968C tj@54.968C soc1@54.906C VDD_IN 8345mW/9686mW VDD_CPU_GPU_CV 2326mW/3252mW VDD_SOC 2527mW/2725mW
09-26-2026 21:04:55 RAM 6179/7620MB (lfb 1x4MB) SWAP 91/12002MB (cached 0MB) CPU [0%@1728,0%@1728,0%@1728,0%@1728,0%@1728,90%@1728] GR3D_FREQ 99% cpu@55C soc2@53.968C soc0@53.562C gpu@56.5C tj@56.5C soc1@55.093C VDD_IN 9950mW/9687mW VDD_CPU_GPU_CV 3227mW/3252mW VDD_SOC 2917mW/2725mW
09-26-2026 21:04:56 RAM 6178/7620MB (lfb 1x2MB) SWAP 91/12002MB (cached 0MB) CPU [10%@1728,17%@1728,0%@1728,0%@1728,0%@1728,80%@1728] GR3D_FREQ 0% cpu@55C soc2@54.031C soc0@53.593C gpu@55.312C tj@55.312C soc1@54.937C VDD_IN 10447mW/9688mW VDD_CPU_GPU_CV 3340mW/3252mW VDD_SOC 3030mW/2726mW
09-26-2026 21:04:56 RAM 6178/7620MB (lfb 1x2MB) SWAP 91/12002MB (cached 0MB) CPU [9%@1728,0%@1728,0%@1728,0%@1728,0%@1728,63%@1728] GR3D_FREQ 5% cpu@54.875C soc2@54.281C soc0@53.718C gpu@55.843C tj@55.906C soc1@54.937C VDD_IN 13006mW/9693mW VDD_CPU_GPU_CV 4927mW/3254mW VDD_SOC 3570mW/2727mW
09-26-2026 21:04:57 RAM 5822/7620MB (lfb 49x4MB) SWAP 91/12002MB (cached 0MB) CPU [22%@1728,17%@1728,16%@1728,17%@1728,17%@1728,89%@1728] GR3D_FREQ 0% cpu@54.625C soc2@54.125C soc0@53.656C gpu@55.343C tj@55.343C soc1@55C VDD_IN 10069mW/9693mW VDD_CPU_GPU_CV 3143mW/3254mW VDD_SOC 2956mW/2727mW
09-26-2026 21:04:57 RAM 4706/7620MB (lfb 54x4MB) SWAP 91/12002MB (cached 0MB) CPU [0%@1728,10%@1728,0%@1728,0%@1728,0%@1728,77%@1728] GR3D_FREQ 0% cpu@54.656C soc2@53.906C soc0@53.718C gpu@55.125C tj@55.125C soc1@55.093C VDD_IN 8859mW/9692mW VDD_CPU_GPU_CV 2444mW/3253mW VDD_SOC 2724mW/2727mW
09-26-2026 21:04:58 RAM 2997/7620MB (lfb 83x4MB) SWAP 91/12002MB (cached 0MB) CPU [29%@1728,52%@1728,41%@1728,14%@1728,14%@1728,12%@1728] GR3D_FREQ 0% cpu@54.781C soc2@54C soc0@53.531C gpu@55.093C tj@55.093C soc1@55.093C VDD_IN 8622mW/9690mW VDD_CPU_GPU_CV 2404mW/3252mW VDD_SOC 2645mW/2727mW
09-26-2026 21:04:58 RAM 3103/7620MB (lfb 83x4MB) SWAP 91/12002MB (cached 0MB) CPU [14%@1728,14%@1728,86%@1728,12%@1728,12%@1728,13%@1728] GR3D_FREQ 0% cpu@55.406C soc2@53.937C soc0@53.781C gpu@55.406C tj@55.406C soc1@55.031C VDD_IN 8661mW/9689mW VDD_CPU_GPU_CV 2562mW/3250mW VDD_SOC 2566mW/2727mW
09-26-2026 21:04:59 RAM 3154/7620MB (lfb 83x4MB) SWAP 91/12002MB (cached 0MB) CPU [3%@1728,0%@1728,83%@1728,0%@1728,0%@1728,0%@1728] GR3D_FREQ 0% cpu@55.093C soc2@53.968C soc0@53.687C gpu@55.562C tj@55.562C soc1@55C VDD_IN 8424mW/9687mW VDD_CPU_GPU_CV 2326mW/3249mW VDD_SOC 2566mW/2727mW
09-26-2026 21:04:59 RAM 3174/7620MB (lfb 83x4MB) SWAP 91/12002MB (cached 0MB) CPU [2%@1728,0%@1728,90%@1728,1%@1728,0%@1728,0%@1728] GR3D_FREQ 0% cpu@55.093C soc2@53.906C soc0@53.593C gpu@55.312C tj@55.312C soc1@55.156C VDD_IN 8385mW/9685mW VDD_CPU_GPU_CV 2326mW/3248mW VDD_SOC 2566mW/2726mW
09-26-2026 21:05:00 RAM 3188/7620MB (lfb 83x4MB) SWAP 91/12002MB (cached 0MB) CPU [0%@1728,0%@1728,100%@1728,0%@1728,0%@1728,0%@1728] GR3D_FREQ 0% cpu@55.218C soc2@53.781C soc0@53.625C gpu@55.125C tj@55.218C soc1@55.062C VDD_IN 8424mW/9683mW VDD_CPU_GPU_CV 2326mW/3246mW VDD_SOC 2566mW/2726mW
09-26-2026 21:05:00 RAM 3252/7620MB (lfb 83x4MB) SWAP 91/12002MB (cached 0MB) CPU [15%@1728,12%@1728,90%@1728,13%@1728,13%@1728,13%@1728] GR3D_FREQ 0% cpu@55.031C soc2@53.906C soc0@53.468C gpu@54.937C tj@55.031C soc1@55C VDD_IN 8385mW/9681mW VDD_CPU_GPU_CV 2365mW/3245mW VDD_SOC 2566mW/2726mW
09-26-2026 21:05:01 RAM 3347/7620MB (lfb 79x4MB) SWAP 91/12002MB (cached 0MB) CPU [0%@1728,0%@1728,94%@1728,0%@1728,0%@1728,0%@1728] GR3D_FREQ 0% cpu@54.937C soc2@53.875C soc0@53.656C gpu@55.468C tj@55.468C soc1@54.906C VDD_IN 8266mW/9679mW VDD_CPU_GPU_CV 2250mW/3243mW VDD_SOC 2570mW/2726mW
09-26-2026 21:05:01 RAM 3460/7620MB (lfb 51x4MB) SWAP 91/12002MB (cached 0MB) CPU [1%@1728,1%@1728,98%@1728,0%@1728,0%@1728,0%@1728] GR3D_FREQ 0% cpu@55.156C soc2@53.781C soc0@53.593C gpu@54.937C tj@55.156C soc1@54.781C VDD_IN 8266mW/9677mW VDD_CPU_GPU_CV 2207mW/3242mW VDD_SOC 2570mW/2725mW
09-26-2026 21:05:02 RAM 3670/7620MB (lfb 30x4MB) SWAP 91/12002MB (cached 0MB) CPU [0%@1728,2%@1728,88%@1728,0%@1728,0%@1728,0%@1728] GR3D_FREQ 0% cpu@54.968C soc2@53.781C soc0@53.406C gpu@55.468C tj@55.468C soc1@54.968C VDD_IN 8543mW/9675mW VDD_CPU_GPU_CV 2286mW/3240mW VDD_SOC 2645mW/2725mW
09-26-2026 21:05:02 RAM 3889/7620MB (lfb 29x4MB) SWAP 91/12002MB (cached 0MB) CPU [0%@1728,0%@1728,57%@1728,0%@1728,1%@1728,0%@1728] GR3D_FREQ 89% cpu@55.093C soc2@54.093C soc0@53.468C gpu@57.437C tj@57.437C soc1@54.875C VDD_IN 14123mW/9682mW VDD_CPU_GPU_CV 6324mW/3245mW VDD_SOC 3446mW/2726mW
09-26-2026 21:05:03 RAM 4078/7620MB (lfb 30x4MB) SWAP 91/12002MB (cached 0MB) CPU [9%@1728,9%@1728,42%@1728,9%@1728,7%@1728,7%@1728] GR3D_FREQ 0% cpu@56C soc2@54.437C soc0@53.687C gpu@56.437C tj@56.437C soc1@54.875C VDD_IN 15758mW/9691mW VDD_CPU_GPU_CV 7510mW/3251mW VDD_SOC 3669mW/2728mW
09-26-2026 21:05:03 RAM 4078/7620MB (lfb 30x4MB) SWAP 91/12002MB (cached 0MB) CPU [29%@1728,19%@1728,72%@1728,47%@1728,47%@1728,39%@1728] GR3D_FREQ 0% cpu@55.656C soc2@54.312C soc0@53.875C gpu@55.687C tj@55.687C soc1@54.968C VDD_IN 11178mW/9693mW VDD_CPU_GPU_CV 4393mW/3253mW VDD_SOC 2912mW/2728mW
09-26-2026 21:05:04 RAM 4072/7620MB (lfb 29x4MB) SWAP 91/12002MB (cached 0MB) CPU [70%@1728,13%@1728,34%@1728,58%@1728,44%@1728,40%@1728] GR3D_FREQ 0% cpu@55.281C soc2@54.312C soc0@53.656C gpu@55.437C tj@55.437C soc1@55.031C VDD_IN 9832mW/9693mW VDD_CPU_GPU_CV 3424mW/3253mW VDD_SOC 2720mW/2728mW
09-26-2026 21:05:04 RAM 4072/7620MB (lfb 29x4MB) SWAP 91/12002MB (cached 0MB) CPU [3%@1728,47%@1728,30%@1728,84%@1728,42%@1728,43%@1728] GR3D_FREQ 0% cpu@55.562C soc2@54.156C soc0@53.656C gpu@55.218C tj@55.562C soc1@55.125C VDD_IN 9398mW/9693mW VDD_CPU_GPU_CV 3188mW/3253mW VDD_SOC 2641mW/2728mW
09-26-2026 21:05:05 RAM 3852/7620MB (lfb 51x4MB) SWAP 91/12002MB (cached 0MB) CPU [0%@1728,98%@1728,26%@1728,27%@1728,29%@1728,40%@1728] GR3D_FREQ 0% cpu@54.843C soc2@54.093C soc0@53.562C gpu@55.625C tj@55.625C soc1@55.031C VDD_IN 9161mW/9692mW VDD_CPU_GPU_CV 2873mW/3253mW VDD_SOC 2645mW/2728mW
09-26-2026 21:05:05 RAM 4031/7620MB (lfb 30x4MB) SWAP 91/12002MB (cached 0MB) CPU [0%@1728,92%@1728,0%@1728,0%@1728,0%@1728,0%@1728] GR3D_FREQ 2% cpu@54.843C soc2@54.093C soc0@53.812C gpu@55.125C tj@55.125C soc1@55C VDD_IN 8820mW/9691mW VDD_CPU_GPU_CV 2523mW/3252mW VDD_SOC 2645mW/2728mW
09-26-2026 21:05:06 RAM 4240/7620MB (lfb 30x4MB) SWAP 91/12002MB (cached 0MB) CPU [0%@1728,96%@1728,0%@1728,1%@1728,0%@1728,5%@1728] GR3D_FREQ 4% cpu@54.687C soc2@54C soc0@53.718C gpu@55.562C tj@55.562C soc1@55C VDD_IN 8740mW/9689mW VDD_CPU_GPU_CV 2523mW/3251mW VDD_SOC 2606mW/2728mW
09-26-2026 21:05:06 RAM 4456/7620MB (lfb 30x4MB) SWAP 91/12002MB (cached 0MB) CPU [1%@1728,100%@1728,0%@1728,0%@1728,0%@1728,3%@1728] GR3D_FREQ 2% cpu@54.875C soc2@53.968C soc0@53.593C gpu@55.281C tj@55.281C soc1@55.125C VDD_IN 8740mW/9688mW VDD_CPU_GPU_CV 2523mW/3249mW VDD_SOC 2606mW/2727mW
09-26-2026 21:05:07 RAM 4689/7620MB (lfb 30x4MB) SWAP 91/12002MB (cached 0MB) CPU [1%@1728,100%@1728,0%@1728,0%@1728,0%@1728,0%@1728] GR3D_FREQ 3% cpu@54.718C soc2@53.875C soc0@53.562C gpu@55.093C tj@55.093C soc1@55.062C VDD_IN 8740mW/9687mW VDD_CPU_GPU_CV 2523mW/3248mW VDD_SOC 2606mW/2727mW
09-26-2026 21:05:07 RAM 4873/7620MB (lfb 29x4MB) SWAP 91/12002MB (cached 0MB) CPU [0%@1728,71%@1728,0%@1728,0%@1728,14%@1728,0%@1728] GR3D_FREQ 77% cpu@54.75C soc2@54.031C soc0@53.718C gpu@56.25C tj@56.25C soc1@54.812C VDD_IN 10644mW/9688mW VDD_CPU_GPU_CV 4008mW/3250mW VDD_SOC 2794mW/2727mW
09-26-2026 21:05:08 RAM 4874/7620MB (lfb 29x4MB) SWAP 91/12002MB (cached 0MB) CPU [0%@1728,16%@1728,14%@1728,1%@1728,47%@1728,0%@1728] GR3D_FREQ 63% cpu@54.843C soc2@54.281C soc0@53.781C gpu@56.687C tj@56.687C soc1@54.875C VDD_IN 13809mW/9694mW VDD_CPU_GPU_CV 6480mW/3254mW VDD_SOC 3015mW/2728mW
09-26-2026 21:05:08 RAM 4887/7620MB (lfb 29x4MB) SWAP 91/12002MB (cached 0MB) CPU [0%@1728,54%@1728,1%@1728,0%@1728,35%@1728,0%@1728] GR3D_FREQ 61% cpu@55.093C soc2@54.375C soc0@53.781C gpu@56.562C tj@56.562C soc1@55.093C VDD_IN 13046mW/9699mW VDD_CPU_GPU_CV 5630mW/3258mW VDD_SOC 3138mW/2728mW
09-26-2026 21:05:09 RAM 4888/7620MB (lfb 29x4MB) SWAP 91/12002MB (cached 0MB) CPU [1%@1728,51%@1728,0%@1728,0%@1728,42%@1728,0%@1728] GR3D_FREQ 0% cpu@55.156C soc2@54.406C soc0@53.75C gpu@56.062C tj@56.062C soc1@55.093C VDD_IN 12456mW/9703mW VDD_CPU_GPU_CV 5131mW/3261mW VDD_SOC 3065mW/2729mW
09-26-2026 21:05:09 RAM 4913/7620MB (lfb 29x4MB) SWAP 91/12002MB (cached 0MB) CPU [0%@1728,100%@1728,0%@1728,0%@1728,0%@1728,0%@1728] GR3D_FREQ 0% cpu@55C soc2@54.125C soc0@53.812C gpu@55.593C tj@55.593C soc1@55.093C VDD_IN 9635mW/9703mW VDD_CPU_GPU_CV 3188mW/3261mW VDD_SOC 2720mW/2729mW
09-26-2026 21:05:10 RAM 4929/7620MB (lfb 29x4MB) SWAP 91/12002MB (cached 0MB) CPU [1%@1728,100%@1728,2%@1728,5%@1728,2%@1728,2%@1728] GR3D_FREQ 0% cpu@54.75C soc2@54.218C soc0@53.75C gpu@55.312C tj@55.593C soc1@55.062C VDD_IN 8899mW/9702mW VDD_CPU_GPU_CV 2680mW/3260mW VDD_SOC 2606mW/2729mW
09-26-2026 21:05:10 RAM 4948/7620MB (lfb 29x4MB) SWAP 91/12002MB (cached 0MB) CPU [0%@1728,66%@1728,0%@1728,0%@1728,3%@1728,0%@1728] GR3D_FREQ 75% cpu@54.625C soc2@54.343C soc0@53.781C gpu@56.562C tj@56.562C soc1@54.968C VDD_IN 11926mW/9705mW VDD_CPU_GPU_CV 4543mW/3262mW VDD_SOC 3182mW/2729mW
09-26-2026 21:05:11 RAM 4948/7620MB (lfb 29x4MB) SWAP 91/12002MB (cached 0MB) CPU [1%@1728,44%@1728,0%@1728,0%@1728,0%@1728,0%@1728] GR3D_FREQ 53% cpu@54.906C soc2@54.437C soc0@53.875C gpu@56.406C tj@56.406C soc1@55.156C VDD_IN 13613mW/9711mW VDD_CPU_GPU_CV 5435mW/3265mW VDD_SOC 3525mW/2731mW
09-26-2026 21:05:12 RAM 4998/7620MB (lfb 29x4MB) SWAP 91/12002MB (cached 0MB) CPU [0%@1728,94%@1728,0%@1728,0%@1728,0%@1728,0%@1728] GR3D_FREQ 0% cpu@55.375C soc2@54.343C soc0@53.875C gpu@55.406C tj@55.406C soc1@55.125C VDD_IN 10210mW/9712mW VDD_CPU_GPU_CV 3418mW/3265mW VDD_SOC 2877mW/2731mW
09-26-2026 21:05:12 RAM 5082/7620MB (lfb 29x4MB) SWAP 91/12002MB (cached 0MB) CPU [1%@1728,100%@1728,0%@1728,0%@1728,0%@1728,0%@1728] GR3D_FREQ 0% cpu@54.968C soc2@54.187C soc0@54.031C gpu@55.625C tj@55.625C soc1@55.062C VDD_IN 8899mW/9710mW VDD_CPU_GPU_CV 2641mW/3264mW VDD_SOC 2645mW/2731mW
09-26-2026 21:05:13 RAM 5120/7620MB (lfb 29x4MB) SWAP 91/12002MB (cached 0MB) CPU [0%@1728,100%@1728,1%@1728,0%@1728,0%@1728,0%@1728] GR3D_FREQ 0% cpu@54.781C soc2@54.093C soc0@53.937C gpu@55.375C tj@55.218C soc1@55.062C VDD_IN 8543mW/9709mW VDD_CPU_GPU_CV 2404mW/3263mW VDD_SOC 2566mW/2730mW
09-26-2026 21:05:13 RAM 5121/7620MB (lfb 29x4MB) SWAP 91/12002MB (cached 0MB) CPU [0%@1728,100%@1728,0%@1728,0%@1728,0%@1728,0%@1728] GR3D_FREQ 0% cpu@54.718C soc2@53.937C soc0@53.687C gpu@55.437C tj@55.437C soc1@55.156C VDD_IN 8464mW/9707mW VDD_CPU_GPU_CV 2404mW/3262mW VDD_SOC 2527mW/2730mW
09-26-2026 21:05:14 RAM 5122/7620MB (lfb 29x4MB) SWAP 91/12002MB (cached 0MB) CPU [0%@1728,98%@1728,0%@1728,0%@1728,0%@1728,0%@1728] GR3D_FREQ 0% cpu@55.125C soc2@53.875C soc0@53.531C gpu@55.25C tj@55.25C soc1@55.093C VDD_IN 8424mW/9705mW VDD_CPU_GPU_CV 2365mW/3260mW VDD_SOC 2527mW/2730mW
09-26-2026 21:05:14 RAM 5122/7620MB (lfb 29x4MB) SWAP 91/12002MB (cached 0MB) CPU [1%@1728,100%@1728,1%@1728,0%@1728,0%@1728,0%@1728] GR3D_FREQ 0% cpu@54.843C soc2@54.031C soc0@53.687C gpu@55.093C tj@55.093C soc1@55.031C VDD_IN 8385mW/9703mW VDD_CPU_GPU_CV 2326mW/3259mW VDD_SOC 2527mW/2729mW
09-26-2026 21:05:15 RAM 5122/7620MB (lfb 29x4MB) SWAP 91/12002MB (cached 0MB) CPU [1%@1728,100%@1728,0%@1728,0%@1728,1%@1728,0%@1728] GR3D_FREQ 0% cpu@54.656C soc2@54.031C soc0@53.656C gpu@54.968C tj@54.968C soc1@54.968C VDD_IN 8385mW/9701mW VDD_CPU_GPU_CV 2326mW/3258mW VDD_SOC 2566mW/2729mW
09-26-2026 21:05:15 RAM 5122/7620MB (lfb 29x4MB) SWAP 91/12002MB (cached 0MB) CPU [0%@1728,100%@1728,0%@1728,0%@1728,0%@1728,0%@1728] GR3D_FREQ 0% cpu@54.843C soc2@53.937C soc0@53.625C gpu@55C tj@55.125C soc1@55.125C VDD_IN 8385mW/9699mW VDD_CPU_GPU_CV 2365mW/3256mW VDD_SOC 2527mW/2729mW
09-26-2026 21:05:16 RAM 5122/7620MB (lfb 29x4MB) SWAP 91/12002MB (cached 0MB) CPU [0%@1728,100%@1728,0%@1728,0%@1728,0%@1728,0%@1728] GR3D_FREQ 0% cpu@54.937C soc2@53.812C soc0@53.5C gpu@54.843C tj@55.093C soc1@55.093C VDD_IN 8385mW/9697mW VDD_CPU_GPU_CV 2365mW/3255mW VDD_SOC 2527mW/2729mW
09-26-2026 21:05:16 RAM 5122/7620MB (lfb 29x4MB) SWAP 91/12002MB (cached 0MB) CPU [1%@1728,100%@1728,0%@1728,0%@1728,0%@1728,0%@1728] GR3D_FREQ 0% cpu@54.843C soc2@53.875C soc0@53.531C gpu@55.25C tj@55.25C soc1@55C VDD_IN 8385mW/9696mW VDD_CPU_GPU_CV 2326mW/3254mW VDD_SOC 2527mW/2728mW
09-26-2026 21:05:17 RAM 5122/7620MB (lfb 29x4MB) SWAP 91/12002MB (cached 0MB) CPU [0%@1728,100%@1728,0%@1728,0%@1728,0%@1728,0%@1728] GR3D_FREQ 0% cpu@54.468C soc2@53.875C soc0@53.687C gpu@55.031C tj@55.031C soc1@54.968C VDD_IN 8385mW/9694mW VDD_CPU_GPU_CV 2326mW/3252mW VDD_SOC 2566mW/2728mW
09-26-2026 21:05:17 RAM 5122/7620MB (lfb 29x4MB) SWAP 91/12002MB (cached 0MB) CPU [0%@1728,100%@1728,0%@1728,0%@1728,0%@1728,0%@1728] GR3D_FREQ 0% cpu@54.531C soc2@53.843C soc0@53.562C gpu@54.937C tj@55.156C soc1@55.156C VDD_IN 8345mW/9692mW VDD_CPU_GPU_CV 2365mW/3251mW VDD_SOC 2527mW/2728mW
09-26-2026 21:05:18 RAM 5122/7620MB (lfb 29x4MB) SWAP 91/12002MB (cached 0MB) CPU [0%@1728,98%@1728,0%@1728,0%@1728,0%@1728,0%@1728] GR3D_FREQ 0% cpu@54.562C soc2@53.843C soc0@53.437C gpu@55.031C tj@55.031C soc1@55C VDD_IN 8385mW/9690mW VDD_CPU_GPU_CV 2365mW/3250mW VDD_SOC 2527mW/2728mW
09-26-2026 21:05:18 RAM 5122/7620MB (lfb 29x4MB) SWAP 91/12002MB (cached 0MB) CPU [0%@1728,100%@1728,0%@1728,1%@1728,0%@1728,0%@1728] GR3D_FREQ 0% cpu@54.718C soc2@53.781C soc0@53.406C gpu@54.906C tj@54.906C soc1@54.906C VDD_IN 8385mW/9688mW VDD_CPU_GPU_CV 2326mW/3248mW VDD_SOC 2527mW/2727mW
09-26-2026 21:05:19 RAM 5122/7620MB (lfb 29x4MB) SWAP 91/12002MB (cached 0MB) CPU [0%@1728,100%@1728,0%@1728,0%@1728,0%@1728,0%@1728] GR3D_FREQ 0% cpu@54.5C soc2@53.843C soc0@53.531C gpu@54.718C tj@54.906C soc1@54.906C VDD_IN 8385mW/9686mW VDD_CPU_GPU_CV 2326mW/3247mW VDD_SOC 2527mW/2727mW
09-26-2026 21:05:19 RAM 5123/7620MB (lfb 29x4MB) SWAP 91/12002MB (cached 0MB) CPU [9%@1728,100%@1728,9%@1728,13%@1728,6%@1728,5%@1728] GR3D_FREQ 0% cpu@54.968C soc2@53.875C soc0@53.531C gpu@55.093C tj@55.093C soc1@54.781C VDD_IN 8661mW/9685mW VDD_CPU_GPU_CV 2601mW/3246mW VDD_SOC 2566mW/2727mW
09-26-2026 21:05:20 RAM 5124/7620MB (lfb 29x4MB) SWAP 91/12002MB (cached 0MB) CPU [7%@1728,100%@1728,6%@1728,7%@1728,14%@1728,18%@1728] GR3D_FREQ 0% cpu@54.562C soc2@53.781C soc0@53.531C gpu@55C tj@55.062C soc1@55.062C VDD_IN 8661mW/9683mW VDD_CPU_GPU_CV 2601mW/3245mW VDD_SOC 2566mW/2726mW
09-26-2026 21:05:20 RAM 5124/7620MB (lfb 29x4MB) SWAP 91/12002MB (cached 0MB) CPU [0%@1728,100%@1728,0%@1728,0%@1728,0%@1728,0%@1728] GR3D_FREQ 0% cpu@54.75C soc2@53.843C soc0@53.406C gpu@55.125C tj@55.125C soc1@54.937C VDD_IN 8464mW/9681mW VDD_CPU_GPU_CV 2404mW/3244mW VDD_SOC 2566mW/2726mW
09-26-2026 21:05:21 RAM 5124/7620MB (lfb 29x4MB) SWAP 91/12002MB (cached 0MB) CPU [0%@1728,100%@1728,1%@1728,0%@1728,0%@1728,0%@1728] GR3D_FREQ 0% cpu@54.562C soc2@53.718C soc0@53.718C gpu@54.843C tj@54.843C soc1@54.75C VDD_IN 8385mW/9679mW VDD_CPU_GPU_CV 2365mW/3243mW VDD_SOC 2527mW/2726mW
09-26-2026 21:05:21 RAM 5124/7620MB (lfb 29x4MB) SWAP 91/12002MB (cached 0MB) CPU [0%@1728,98%@1728,0%@1728,0%@1728,0%@1728,0%@1728] GR3D_FREQ 0% cpu@54.531C soc2@53.687C soc0@53.562C gpu@54.812C tj@54.812C soc1@54.75C VDD_IN 8464mW/9678mW VDD_CPU_GPU_CV 2404mW/3241mW VDD_SOC 2566mW/2726mW
09-26-2026 21:05:22 RAM 5124/7620MB (lfb 29x4MB) SWAP 91/12002MB (cached 0MB) CPU [0%@1728,100%@1728,0%@1728,0%@1728,0%@1728,0%@1728] GR3D_FREQ 0% cpu@54.437C soc2@53.781C soc0@53.468C gpu@54.687C tj@54.937C soc1@54.937C VDD_IN 8385mW/9676mW VDD_CPU_GPU_CV 2365mW/3240mW VDD_SOC 2527mW/2725mW
09-26-2026 21:05:22 RAM 5122/7620MB (lfb 29x4MB) SWAP 91/12002MB (cached 0MB) CPU [0%@1728,100%@1728,1%@1728,0%@1728,0%@1728,0%@1728] GR3D_FREQ 0% cpu@54.593C soc2@53.718C soc0@53.406C gpu@55C tj@55C soc1@54.875C VDD_IN 8385mW/9674mW VDD_CPU_GPU_CV 2326mW/3239mW VDD_SOC 2566mW/2725mW
09-26-2026 21:05:23 RAM 5122/7620MB (lfb 29x4MB) SWAP 91/12002MB (cached 0MB) CPU [0%@1728,100%@1728,0%@1728,0%@1728,0%@1728,0%@1728] GR3D_FREQ 0% cpu@54.562C soc2@53.843C soc0@53.312C gpu@55.25C tj@55.25C soc1@54.718C VDD_IN 8385mW/9672mW VDD_CPU_GPU_CV 2365mW/3238mW VDD_SOC 2527mW/2725mW
09-26-2026 21:05:23 RAM 5122/7620MB (lfb 29x4MB) SWAP 91/12002MB (cached 0MB) CPU [0%@1728,98%@1728,0%@1728,0%@1728,0%@1728,0%@1728] GR3D_FREQ 8% cpu@54.468C soc2@53.656C soc0@53.468C gpu@55.125C tj@55.125C soc1@54.656C VDD_IN 8503mW/9671mW VDD_CPU_GPU_CV 2404mW/3237mW VDD_SOC 2566mW/2725mW
09-26-2026 21:05:24 RAM 5122/7620MB (lfb 29x4MB) SWAP 91/12002MB (cached 0MB) CPU [0%@1728,100%@1728,0%@1728,0%@1728,0%@1728,0%@1728] GR3D_FREQ 0% cpu@54.375C soc2@53.625C soc0@53.437C gpu@54.875C tj@54.875C soc1@54.843C VDD_IN 8385mW/9669mW VDD_CPU_GPU_CV 2326mW/3235mW VDD_SOC 2527mW/2724mW
09-26-2026 21:05:24 RAM 5122/7620MB (lfb 29x4MB) SWAP 91/12002MB (cached 0MB) CPU [0%@1728,0%@1728,0%@1728,0%@1728,100%@1728,0%@1728] GR3D_FREQ 0% cpu@54.656C soc2@53.531C soc0@53.281C gpu@54.625C tj@54.781C soc1@54.781C VDD_IN 8385mW/9667mW VDD_CPU_GPU_CV 2326mW/3234mW VDD_SOC 2527mW/2724mW
09-26-2026 21:05:25 RAM 5122/7620MB (lfb 29x4MB) SWAP 91/12002MB (cached 0MB) CPU [1%@1728,0%@1728,0%@1728,0%@1728,100%@1728,0%@1728] GR3D_FREQ 0% cpu@54.718C soc2@53.5C soc0@53.25C gpu@55.093C tj@55.093C soc1@54.625C VDD_IN 8345mW/9665mW VDD_CPU_GPU_CV 2326mW/3233mW VDD_SOC 2527mW/2724mW
09-26-2026 21:05:25 RAM 5122/7620MB (lfb 29x4MB) SWAP 91/12002MB (cached 0MB) CPU [0%@1728,0%@1728,0%@1728,0%@1728,100%@1728,0%@1728] GR3D_FREQ 0% cpu@54.437C soc2@53.562C soc0@53.5C gpu@54.843C tj@54.843C soc1@54.656C VDD_IN 8385mW/9663mW VDD_CPU_GPU_CV 2365mW/3231mW VDD_SOC 2527mW/2724mW
09-26-2026 21:05:26 RAM 5122/7620MB (lfb 29x4MB) SWAP 91/12002MB (cached 0MB) CPU [0%@1728,0%@1728,0%@1728,0%@1728,100%@1728,0%@1728] GR3D_FREQ 0% cpu@54.593C soc2@53.406C soc0@53.406C gpu@55.093C tj@55.093C soc1@54.593C VDD_IN 8345mW/9661mW VDD_CPU_GPU_CV 2326mW/3230mW VDD_SOC 2527mW/2723mW
09-26-2026 21:05:26 RAM 5122/7620MB (lfb 29x4MB) SWAP 91/12002MB (cached 0MB) CPU [0%@1728,0%@1728,0%@1728,0%@1728,100%@1728,0%@1728] GR3D_FREQ 0% cpu@54.468C soc2@53.593C soc0@53.406C gpu@54.843C tj@54.843C soc1@54.687C VDD_IN 8345mW/9659mW VDD_CPU_GPU_CV 2326mW/3229mW VDD_SOC 2527mW/2723mW
09-26-2026 21:05:27 RAM 5122/7620MB (lfb 29x4MB) SWAP 91/12002MB (cached 0MB) CPU [0%@1728,0%@1728,0%@1728,0%@1728,100%@1728,0%@1728] GR3D_FREQ 0% cpu@54.625C soc2@53.406C soc0@53.343C gpu@54.593C tj@54.625C soc1@54.593C VDD_IN 8385mW/9658mW VDD_CPU_GPU_CV 2326mW/3228mW VDD_SOC 2527mW/2723mW
09-26-2026 21:05:27 RAM 5122/7620MB (lfb 29x4MB) SWAP 91/12002MB (cached 0MB) CPU [0%@1728,0%@1728,0%@1728,0%@1728,98%@1728,0%@1728] GR3D_FREQ 0% cpu@54.5C soc2@53.468C soc0@53.312C gpu@54.625C tj@54.625C soc1@54.562C VDD_IN 8464mW/9656mW VDD_CPU_GPU_CV 2444mW/3226mW VDD_SOC 2566mW/2723mW
09-26-2026 21:05:28 RAM 5122/7620MB (lfb 29x4MB) SWAP 91/12002MB (cached 0MB) CPU [0%@1728,0%@1728,0%@1728,0%@1728,100%@1728,0%@1728] GR3D_FREQ 0% cpu@54.593C soc2@53.5C soc0@53.375C gpu@55C tj@55C soc1@54.531C VDD_IN 8385mW/9654mW VDD_CPU_GPU_CV 2365mW/3225mW VDD_SOC 2527mW/2722mW
09-26-2026 21:05:28 RAM 5122/7620MB (lfb 29x4MB) SWAP 91/12002MB (cached 0MB) CPU [0%@1728,0%@1728,0%@1728,0%@1728,100%@1728,0%@1728] GR3D_FREQ 0% cpu@54.25C soc2@53.375C soc0@53.25C gpu@54.843C tj@54.843C soc1@54.75C VDD_IN 8385mW/9652mW VDD_CPU_GPU_CV 2286mW/3224mW VDD_SOC 2566mW/2722mW
09-26-2026 21:05:29 RAM 5122/7620MB (lfb 29x4MB) SWAP 91/12002MB (cached 0MB) CPU [1%@1728,0%@1728,0%@1728,1%@1728,100%@1728,0%@1728] GR3D_FREQ 0% cpu@54.625C soc2@53.343C soc0@53.187C gpu@55C tj@55C soc1@54.562C VDD_IN 8345mW/9651mW VDD_CPU_GPU_CV 2365mW/3223mW VDD_SOC 2527mW/2722mW
09-26-2026 21:05:29 RAM 5122/7620MB (lfb 29x4MB) SWAP 91/12002MB (cached 0MB) CPU [0%@1728,0%@1728,1%@1728,0%@1728,98%@1728,0%@1728] GR3D_FREQ 0% cpu@54.437C soc2@53.406C soc0@53.062C gpu@54.812C tj@54.812C soc1@54.562C VDD_IN 8424mW/9649mW VDD_CPU_GPU_CV 2404mW/3222mW VDD_SOC 2527mW/2722mW
09-26-2026 21:05:30 RAM 5122/7620MB (lfb 29x4MB) SWAP 91/12002MB (cached 0MB) CPU [0%@1728,0%@1728,0%@1728,0%@1728,100%@1728,0%@1728] GR3D_FREQ 0% cpu@54.562C soc2@53.531C soc0@53.093C gpu@54.531C tj@54.562C soc1@54.531C VDD_IN 8385mW/9647mW VDD_CPU_GPU_CV 2326mW/3220mW VDD_SOC 2527mW/2721mW
09-26-2026 21:05:30 RAM 5122/7620MB (lfb 29x4MB) SWAP 91/12002MB (cached 0MB) CPU [0%@1728,4%@1728,0%@1728,0%@1728,100%@1728,0%@1728] GR3D_FREQ 0% cpu@54.406C soc2@53.312C soc0@53.125C gpu@54.5C tj@54.625C soc1@54.625C VDD_IN 8424mW/9645mW VDD_CPU_GPU_CV 2326mW/3219mW VDD_SOC 2566mW/2721mW
09-26-2026 21:05:31 RAM 5122/7620MB (lfb 29x4MB) SWAP 91/12002MB (cached 0MB) CPU [0%@1728,1%@1728,1%@1728,0%@1728,100%@1728,0%@1728] GR3D_FREQ 0% cpu@54.562C soc2@53.312C soc0@53.281C gpu@54.937C tj@54.937C soc1@54.562C VDD_IN 8345mW/9644mW VDD_CPU_GPU_CV 2365mW/3218mW VDD_SOC 2527mW/2721mW
09-26-2026 21:05:31 RAM 5122/7620MB (lfb 29x4MB) SWAP 91/12002MB (cached 0MB) CPU [0%@1728,0%@1728,0%@1728,0%@1728,100%@1728,0%@1728] GR3D_FREQ 0% cpu@54.468C soc2@53.406C soc0@53.125C gpu@54.5C tj@54.5C soc1@54.468C VDD_IN 8385mW/9642mW VDD_CPU_GPU_CV 2365mW/3217mW VDD_SOC 2527mW/2720mW
09-26-2026 21:05:32 RAM 5122/7620MB (lfb 29x4MB) SWAP 91/12002MB (cached 0MB) CPU [0%@1728,0%@1728,0%@1728,0%@1728,100%@1728,0%@1728] GR3D_FREQ 0% cpu@54.5C soc2@53.343C soc0@53.062C gpu@54.875C tj@54.875C soc1@54.375C VDD_IN 8385mW/9640mW VDD_CPU_GPU_CV 2326mW/3215mW VDD_SOC 2527mW/2720mW
09-26-2026 21:05:32 RAM 5122/7620MB (lfb 29x4MB) SWAP 91/12002MB (cached 0MB) CPU [0%@1728,0%@1728,0%@1728,0%@1728,100%@1728,0%@1728] GR3D_FREQ 0% cpu@54.25C soc2@53.406C soc0@53.187C gpu@54.656C tj@54.656C soc1@54.406C VDD_IN 8345mW/9638mW VDD_CPU_GPU_CV 2326mW/3214mW VDD_SOC 2527mW/2720mW
09-26-2026 21:05:33 RAM 5122/7620MB (lfb 29x4MB) SWAP 91/12002MB (cached 0MB) CPU [0%@1728,0%@1728,0%@1728,0%@1728,100%@1728,0%@1728] GR3D_FREQ 0% cpu@54.781C soc2@53.343C soc0@52.937C gpu@54.562C tj@54.781C soc1@54.468C VDD_IN 8345mW/9637mW VDD_CPU_GPU_CV 2326mW/3213mW VDD_SOC 2527mW/2720mW
09-26-2026 21:05:33 RAM 5122/7620MB (lfb 29x4MB) SWAP 91/12002MB (cached 0MB) CPU [1%@1728,0%@1728,0%@1728,0%@1728,100%@1728,0%@1728] GR3D_FREQ 0% cpu@54.406C soc2@53.343C soc0@53.062C gpu@54.468C tj@54.468C soc1@54.468C VDD_IN 8385mW/9635mW VDD_CPU_GPU_CV 2326mW/3212mW VDD_SOC 2527mW/2719mW
09-26-2026 21:05:34 RAM 5123/7620MB (lfb 29x4MB) SWAP 91/12002MB (cached 0MB) CPU [0%@1728,0%@1728,0%@1728,0%@1728,100%@1728,0%@1728] GR3D_FREQ 0% cpu@54.437C soc2@53.375C soc0@53.187C gpu@54.812C tj@54.812C soc1@54.468C VDD_IN 8385mW/9633mW VDD_CPU_GPU_CV 2326mW/3211mW VDD_SOC 2566mW/2719mW
09-26-2026 21:05:34 RAM 5123/7620MB (lfb 29x4MB) SWAP 91/12002MB (cached 0MB) CPU [0%@1728,0%@1728,0%@1728,0%@1728,70%@1728,0%@1728] GR3D_FREQ 67% cpu@54.093C soc2@53.468C soc0@53.062C gpu@55.656C tj@55.656C soc1@54.593C VDD_IN 11453mW/9636mW VDD_CPU_GPU_CV 4080mW/3212mW VDD_SOC 3109mW/2720mW
09-26-2026 21:05:35 RAM 5123/7620MB (lfb 29x4MB) SWAP 91/12002MB (cached 0MB) CPU [0%@1728,0%@1728,0%@1728,0%@1728,73%@1728,1%@1728] GR3D_FREQ 36% cpu@54.562C soc2@53.718C soc0@53.062C gpu@55.625C tj@55.625C soc1@54.562C VDD_IN 11611mW/9638mW VDD_CPU_GPU_CV 4119mW/3213mW VDD_SOC 3182mW/2720mW
09-26-2026 21:05:35 RAM 5123/7620MB (lfb 29x4MB) SWAP 91/12002MB (cached 0MB) CPU [0%@1728,0%@1728,0%@1728,0%@1728,87%@1728,5%@1728] GR3D_FREQ 0% cpu@54.687C soc2@53.562C soc0@53C gpu@54.968C tj@54.968C soc1@54.437C VDD_IN 10029mW/9639mW VDD_CPU_GPU_CV 3222mW/3213mW VDD_SOC 2877mW/2721mW
09-26-2026 21:05:36 RAM 5123/7620MB (lfb 29x4MB) SWAP 91/12002MB (cached 0MB) CPU [1%@1728,0%@1728,0%@1728,0%@1728,100%@1728,0%@1728] GR3D_FREQ 0% cpu@54.5C soc2@53.5C soc0@53.093C gpu@54.625C tj@54.625C soc1@54.437C VDD_IN 8859mW/9638mW VDD_CPU_GPU_CV 2601mW/3212mW VDD_SOC 2645mW/2720mW
09-26-2026 21:05:36 RAM 5127/7620MB (lfb 29x4MB) SWAP 91/12002MB (cached 0MB) CPU [0%@1728,0%@1728,0%@1728,0%@1728,100%@1728,0%@1728] GR3D_FREQ 0% cpu@54.437C soc2@53.343C soc0@53.156C gpu@54.593C tj@54.656C soc1@54.656C VDD_IN 8543mW/9636mW VDD_CPU_GPU_CV 2404mW/3211mW VDD_SOC 2566mW/2720mW
09-26-2026 21:05:37 RAM 5127/7620MB (lfb 29x4MB) SWAP 91/12002MB (cached 0MB) CPU [0%@1728,0%@1728,0%@1728,0%@1728,100%@1728,1%@1728] GR3D_FREQ 0% cpu@54.593C soc2@53.312C soc0@53.031C gpu@54.906C tj@54.906C soc1@54.593C VDD_IN 8424mW/9635mW VDD_CPU_GPU_CV 2404mW/3210mW VDD_SOC 2527mW/2720mW
09-26-2026 21:05:37 RAM 5160/7620MB (lfb 29x4MB) SWAP 91/12002MB (cached 0MB) CPU [3%@1728,0%@1728,1%@1728,24%@1728,74%@1728,0%@1728] GR3D_FREQ 0% cpu@54.406C soc2@53.343C soc0@52.937C gpu@54.625C tj@54.625C soc1@54.562C VDD_IN 8424mW/9633mW VDD_CPU_GPU_CV 2404mW/3209mW VDD_SOC 2566mW/2720mW
09-26-2026 21:05:38 RAM 5224/7620MB (lfb 29x4MB) SWAP 91/12002MB (cached 0MB) CPU [3%@1728,0%@1728,0%@1728,100%@1728,0%@1728,0%@1728] GR3D_FREQ 0% cpu@54.687C soc2@53.312C soc0@53.093C gpu@54.781C tj@54.781C soc1@54.437C VDD_IN 8345mW/9631mW VDD_CPU_GPU_CV 2326mW/3208mW VDD_SOC 2527mW/2720mW
09-26-2026 21:05:38 RAM 5315/7620MB (lfb 29x4MB) SWAP 91/12002MB (cached 0MB) CPU [0%@1728,0%@1728,0%@1728,100%@1728,0%@1728,0%@1728] GR3D_FREQ 0% cpu@54.406C soc2@53.375C soc0@53.031C gpu@54.656C tj@54.656C soc1@54.312C VDD_IN 8345mW/9629mW VDD_CPU_GPU_CV 2326mW/3206mW VDD_SOC 2527mW/2719mW
09-26-2026 21:05:39 RAM 5358/7620MB (lfb 29x4MB) SWAP 91/12002MB (cached 0MB) CPU [7%@1728,0%@1728,0%@1728,100%@1728,64%@1728,0%@1728] GR3D_FREQ 0% cpu@54.75C soc2@53.375C soc0@53.187C gpu@54.5C tj@54.75C soc1@54.562C VDD_IN 8820mW/9628mW VDD_CPU_GPU_CV 2720mW/3206mW VDD_SOC 2566mW/2719mW
09-26-2026 21:05:39 RAM 5442/7620MB (lfb 29x4MB) SWAP 91/12002MB (cached 0MB) CPU [0%@1728,1%@1728,0%@1728,100%@1728,100%@1728,0%@1728] GR3D_FREQ 0% cpu@54.875C soc2@53.468C soc0@53.125C gpu@54.468C tj@54.875C soc1@54.468C VDD_IN 9082mW/9628mW VDD_CPU_GPU_CV 2991mW/3206mW VDD_SOC 2566mW/2719mW
09-26-2026 21:05:40 RAM 5501/7620MB (lfb 29x4MB) SWAP 91/12002MB (cached 0MB) CPU [1%@1728,0%@1728,14%@1728,56%@1728,100%@1728,0%@1728] GR3D_FREQ 0% cpu@55C soc2@53.437C soc0@53.25C gpu@54.906C tj@55C soc1@54.5C VDD_IN 8938mW/9627mW VDD_CPU_GPU_CV 2759mW/3205mW VDD_SOC 2606mW/2719mW
09-26-2026 21:05:40 RAM 5559/7620MB (lfb 29x4MB) SWAP 91/12002MB (cached 0MB) CPU [0%@1728,0%@1728,100%@1728,0%@1728,100%@1728,0%@1728] GR3D_FREQ 0% cpu@55C soc2@53.5C soc0@53.062C gpu@54.562C tj@55C soc1@54.406C VDD_IN 9082mW/9626mW VDD_CPU_GPU_CV 2952mW/3205mW VDD_SOC 2566mW/2718mW
09-26-2026 21:05:41 RAM 5655/7620MB (lfb 29x4MB) SWAP 91/12002MB (cached 0MB) CPU [0%@1728,0%@1728,100%@1728,0%@1728,100%@1728,0%@1728] GR3D_FREQ 0% cpu@54.937C soc2@53.5C soc0@53.093C gpu@54.781C tj@54.937C soc1@54.593C VDD_IN 9136mW/9625mW VDD_CPU_GPU_CV 2952mW/3204mW VDD_SOC 2566mW/2718mW
09-26-2026 21:05:41 RAM 5666/7620MB (lfb 29x4MB) SWAP 91/12002MB (cached 0MB) CPU [1%@1728,0%@1728,45%@1728,58%@1728,66%@1728,0%@1728] GR3D_FREQ 0% cpu@55.062C soc2@53.343C soc0@52.937C gpu@54.687C tj@55.062C soc1@54.5C VDD_IN 9057mW/9624mW VDD_CPU_GPU_CV 2877mW/3204mW VDD_SOC 2566mW/2718mW
09-26-2026 21:05:42 RAM 5666/7620MB (lfb 29x4MB) SWAP 91/12002MB (cached 0MB) CPU [0%@1728,0%@1728,0%@1728,100%@1728,100%@1728,0%@1728] GR3D_FREQ 0% cpu@55.062C soc2@53.468C soc0@52.906C gpu@54.593C tj@55.062C soc1@54.531C VDD_IN 9161mW/9624mW VDD_CPU_GPU_CV 3030mW/3204mW VDD_SOC 2566mW/2718mW
09-26-2026 21:05:42 RAM 5666/7620MB (lfb 29x4MB) SWAP 91/12002MB (cached 0MB) CPU [0%@1728,0%@1728,0%@1728,100%@1728,50%@1728,0%@1728] GR3D_FREQ 0% cpu@54.875C soc2@53.437C soc0@53.125C gpu@54.468C tj@54.875C soc1@54.343C VDD_IN 8978mW/9623mW VDD_CPU_GPU_CV 2838mW/3203mW VDD_SOC 2566mW/2718mW
09-26-2026 21:05:43 RAM 5666/7620MB (lfb 29x4MB) SWAP 91/12002MB (cached 0MB) CPU [0%@1728,0%@1728,1%@1728,100%@1728,100%@1728,0%@1728] GR3D_FREQ 0% cpu@54.906C soc2@53.531C soc0@53.187C gpu@54.562C tj@54.906C soc1@54.593C VDD_IN 9161mW/9622mW VDD_CPU_GPU_CV 2991mW/3203mW VDD_SOC 2566mW/2717mW
09-26-2026 21:05:43 RAM 5667/7620MB (lfb 29x4MB) SWAP 91/12002MB (cached 0MB) CPU [16%@1728,1%@1728,0%@1728,26%@1728,86%@1728,22%@1728] GR3D_FREQ 0% cpu@54.343C soc2@53.593C soc0@53.062C gpu@54.406C tj@54.468C soc1@54.468C VDD_IN 8899mW/9621mW VDD_CPU_GPU_CV 2759mW/3202mW VDD_SOC 2566mW/2717mW
09-26-2026 21:05:44 RAM 5667/7620MB (lfb 29x4MB) SWAP 91/12002MB (cached 0MB) CPU [100%@1728,0%@1728,0%@1728,0%@1728,0%@1728,100%@1728] GR3D_FREQ 0% cpu@54.718C soc2@53.468C soc0@52.906C gpu@54.781C tj@54.781C soc1@54.375C VDD_IN 9082mW/9621mW VDD_CPU_GPU_CV 2952mW/3202mW VDD_SOC 2566mW/2717mW
09-26-2026 21:05:44 RAM 5667/7620MB (lfb 29x4MB) SWAP 91/12002MB (cached 0MB) CPU [100%@1728,0%@1728,0%@1728,0%@1728,2%@1728,100%@1728] GR3D_FREQ 0% cpu@54.406C soc2@53.531C soc0@53.125C gpu@54.562C tj@54.562C soc1@54.5C VDD_IN 9200mW/9620mW VDD_CPU_GPU_CV 2952mW/3201mW VDD_SOC 2606mW/2717mW
09-26-2026 21:05:45 RAM 5667/7620MB (lfb 29x4MB) SWAP 91/12002MB (cached 0MB) CPU [4%@1728,1%@1728,0%@1728,0%@1728,0%@1728,100%@1728] GR3D_FREQ 0% cpu@54.125C soc2@53.437C soc0@53.218C gpu@54.718C tj@54.718C soc1@54.406C VDD_IN 8622mW/9619mW VDD_CPU_GPU_CV 2562mW/3201mW VDD_SOC 2566mW/2717mW
09-26-2026 21:05:45 RAM 5667/7620MB (lfb 29x4MB) SWAP 91/12002MB (cached 0MB) CPU [0%@1728,0%@1728,0%@1728,0%@1728,32%@1728,63%@1728] GR3D_FREQ 0% cpu@54.687C soc2@53.343C soc0@53.062C gpu@54.625C tj@54.687C soc1@54.531C VDD_IN 8899mW/9618mW VDD_CPU_GPU_CV 2641mW/3200mW VDD_SOC 2645mW/2717mW
09-26-2026 21:05:46 RAM 5667/7620MB (lfb 29x4MB) SWAP 91/12002MB (cached 0MB) CPU [0%@1728,0%@1728,1%@1728,0%@1728,100%@1728,0%@1728] GR3D_FREQ 0% cpu@54.343C soc2@53.25C soc0@53.031C gpu@54.406C tj@54.406C soc1@54.406C VDD_IN 8503mW/9616mW VDD_CPU_GPU_CV 2404mW/3199mW VDD_SOC 2566mW/2716mW
09-26-2026 21:05:46 RAM 5667/7620MB (lfb 29x4MB) SWAP 91/12002MB (cached 0MB) CPU [0%@1728,0%@1728,1%@1728,0%@1728,100%@1728,0%@1728] GR3D_FREQ 0% cpu@54.375C soc2@53.375C soc0@53.093C gpu@54.343C tj@54.375C soc1@54.281C VDD_IN 8385mW/9615mW VDD_CPU_GPU_CV 2404mW/3198mW VDD_SOC 2527mW/2716mW
09-26-2026 21:05:47 RAM 5667/7620MB (lfb 29x4MB) SWAP 91/12002MB (cached 0MB) CPU [0%@1728,0%@1728,0%@1728,1%@1728,100%@1728,0%@1728] GR3D_FREQ 0% cpu@54.343C soc2@53.312C soc0@53.093C gpu@54.656C tj@54.656C soc1@54.343C VDD_IN 8385mW/9613mW VDD_CPU_GPU_CV 2404mW/3197mW VDD_SOC 2527mW/2716mW
09-26-2026 21:05:47 RAM 5667/7620MB (lfb 29x4MB) SWAP 91/12002MB (cached 0MB) CPU [0%@1728,0%@1728,0%@1728,1%@1728,100%@1728,0%@1728] GR3D_FREQ 0% cpu@54.687C soc2@53.281C soc0@52.875C gpu@54.406C tj@54.687C soc1@54.5C VDD_IN 8345mW/9611mW VDD_CPU_GPU_CV 2365mW/3196mW VDD_SOC 2527mW/2716mW
09-26-2026 21:05:48 RAM 5667/7620MB (lfb 29x4MB) SWAP 91/12002MB (cached 0MB) CPU [0%@1728,0%@1728,0%@1728,0%@1728,100%@1728,0%@1728] GR3D_FREQ 0% cpu@54.343C soc2@53.187C soc0@52.906C gpu@54.406C tj@54.406C soc1@54.406C VDD_IN 8345mW/9610mW VDD_CPU_GPU_CV 2365mW/3194mW VDD_SOC 2527mW/2715mW
09-26-2026 21:05:48 RAM 5667/7620MB (lfb 29x4MB) SWAP 91/12002MB (cached 0MB) CPU [1%@1728,0%@1728,0%@1728,0%@1728,100%@1728,0%@1728] GR3D_FREQ 0% cpu@54.375C soc2@53.343C soc0@52.875C gpu@54.437C tj@54.437C soc1@54.343C VDD_IN 8345mW/9608mW VDD_CPU_GPU_CV 2365mW/3193mW VDD_SOC 2527mW/2715mW
09-26-2026 21:05:49 RAM 5667/7620MB (lfb 29x4MB) SWAP 91/12002MB (cached 0MB) CPU [0%@1728,0%@1728,0%@1728,0%@1728,100%@1728,0%@1728] GR3D_FREQ 0% cpu@54.281C soc2@53.343C soc0@53.031C gpu@54.406C tj@54.406C soc1@54.312C VDD_IN 8345mW/9606mW VDD_CPU_GPU_CV 2365mW/3192mW VDD_SOC 2531mW/2715mW
09-26-2026 21:05:49 RAM 5672/7620MB (lfb 29x4MB) SWAP 91/12002MB (cached 0MB) CPU [13%@1728,16%@1728,9%@1728,20%@1728,100%@1728,4%@1728] GR3D_FREQ 0% cpu@54.781C soc2@53.25C soc0@52.812C gpu@54.343C tj@54.781C soc1@54.468C VDD_IN 8820mW/9605mW VDD_CPU_GPU_CV 2759mW/3192mW VDD_SOC 2566mW/2715mW
09-26-2026 21:05:50 RAM 5672/7620MB (lfb 29x4MB) SWAP 91/12002MB (cached 0MB) CPU [88%@1728,7%@1728,3%@1728,3%@1728,23%@1728,0%@1728] GR3D_FREQ 0% cpu@54.218C soc2@53.375C soc0@52.875C gpu@54.656C tj@54.656C soc1@54.312C VDD_IN 8543mW/9604mW VDD_CPU_GPU_CV 2523mW/3191mW VDD_SOC 2527mW/2714mW
09-26-2026 21:05:50 RAM 5672/7620MB (lfb 29x4MB) SWAP 91/12002MB (cached 0MB) CPU [91%@1728,0%@1728,1%@1728,0%@1728,0%@1728,0%@1728] GR3D_FREQ 99% cpu@54.125C soc2@53.468C soc0@52.906C gpu@55.656C tj@55.656C soc1@54.343C VDD_IN 9911mW/9604mW VDD_CPU_GPU_CV 3306mW/3191mW VDD_SOC 2877mW/2715mW
09-26-2026 21:05:51 RAM 5672/7620MB (lfb 29x4MB) SWAP 91/12002MB (cached 0MB) CPU [98%@1728,0%@1728,0%@1728,0%@1728,0%@1728,3%@1728] GR3D_FREQ 7% cpu@54.125C soc2@53.375C soc0@53.093C gpu@54.75C tj@54.75C soc1@54.343C VDD_IN 8938mW/9603mW VDD_CPU_GPU_CV 2641mW/3190mW VDD_SOC 2685mW/2715mW
09-26-2026 21:05:51 RAM 5672/7620MB (lfb 29x4MB) SWAP 91/12002MB (cached 0MB) CPU [100%@1728,3%@1728,0%@1728,1%@1728,0%@1728,3%@1728] GR3D_FREQ 0% cpu@54.312C soc2@53.437C soc0@53.093C gpu@54.531C tj@54.531C soc1@54.281C VDD_IN 8582mW/9602mW VDD_CPU_GPU_CV 2444mW/3189mW VDD_SOC 2566mW/2714mW
09-26-2026 21:05:52 RAM 5672/7620MB (lfb 29x4MB) SWAP 91/12002MB (cached 0MB) CPU [100%@1728,0%@1728,0%@1728,0%@1728,0%@1728,0%@1728] GR3D_FREQ 0% cpu@54.218C soc2@53.531C soc0@52.906C gpu@54.375C tj@54.468C soc1@54.468C VDD_IN 8424mW/9600mW VDD_CPU_GPU_CV 2404mW/3188mW VDD_SOC 2527mW/2714mW
09-26-2026 21:05:52 RAM 5672/7620MB (lfb 29x4MB) SWAP 91/12002MB (cached 0MB) CPU [100%@1728,0%@1728,0%@1728,0%@1728,0%@1728,0%@1728] GR3D_FREQ 0% cpu@54.468C soc2@53.343C soc0@52.906C gpu@54.875C tj@54.875C soc1@54.343C VDD_IN 8345mW/9599mW VDD_CPU_GPU_CV 2365mW/3187mW VDD_SOC 2527mW/2714mW
09-26-2026 21:05:53 RAM 5672/7620MB (lfb 29x4MB) SWAP 91/12002MB (cached 0MB) CPU [74%@1728,3%@1728,0%@1728,1%@1728,0%@1728,23%@1728] GR3D_FREQ 62% cpu@54.187C soc2@53.468C soc0@53.093C gpu@55.312C tj@54.968C soc1@54.312C VDD_IN 10999mW/9601mW VDD_CPU_GPU_CV 3844mW/3188mW VDD_SOC 3109mW/2714mW
09-26-2026 21:05:53 RAM 5675/7620MB (lfb 29x4MB) SWAP 91/12002MB (cached 0MB) CPU [0%@1728,98%@1728,1%@1728,1%@1728,10%@1728,4%@1728] GR3D_FREQ 29% cpu@54.281C soc2@53.375C soc0@53C gpu@55C tj@55C soc1@54.375C VDD_IN 9516mW/9601mW VDD_CPU_GPU_CV 2833mW/3188mW VDD_SOC 2838mW/2715mW
09-26-2026 21:05:54 RAM 5719/7620MB (lfb 29x4MB) SWAP 91/12002MB (cached 0MB) CPU [0%@1728,100%@1728,0%@1728,0%@1728,0%@1728,0%@1728] GR3D_FREQ 2% cpu@54.093C soc2@53.406C soc0@53.093C gpu@54.625C tj@54.625C soc1@54.562C VDD_IN 8978mW/9600mW VDD_CPU_GPU_CV 2601mW/3187mW VDD_SOC 2685mW/2715mW
09-26-2026 21:05:54 RAM 5767/7620MB (lfb 19x4MB) SWAP 91/12002MB (cached 0MB) CPU [0%@1728,100%@1728,0%@1728,0%@1728,0%@1728,0%@1728] GR3D_FREQ 3% cpu@54.343C soc2@53.406C soc0@52.875C gpu@54.531C tj@54.531C soc1@54.437C VDD_IN 8820mW/9599mW VDD_CPU_GPU_CV 2523mW/3186mW VDD_SOC 2645mW/2715mW
09-26-2026 21:05:55 RAM 5812/7620MB (lfb 7x4MB) SWAP 91/12002MB (cached 0MB) CPU [0%@1728,100%@1728,0%@1728,1%@1728,0%@1728,0%@1728] GR3D_FREQ 2% cpu@54.187C soc2@53.437C soc0@53.187C gpu@54.375C tj@54.375C soc1@54.312C VDD_IN 8780mW/9598mW VDD_CPU_GPU_CV 2523mW/3185mW VDD_SOC 2606mW/2714mW
09-26-2026 21:05:55 RAM 5818/7620MB (lfb 6x4MB) SWAP 91/12002MB (cached 0MB) CPU [1%@1728,48%@1728,0%@1728,0%@1728,32%@1728,0%@1728] GR3D_FREQ 66% cpu@54.25C soc2@53.562C soc0@53.125C gpu@56.062C tj@56.062C soc1@54.281C VDD_IN 12359mW/9601mW VDD_CPU_GPU_CV 5405mW/3188mW VDD_SOC 2907mW/2715mW
09-26-2026 21:05:56 RAM 5818/7620MB (lfb 6x4MB) SWAP 91/12002MB (cached 0MB) CPU [0%@1728,34%@1728,0%@1728,0%@1728,50%@1728,0%@1728] GR3D_FREQ 58% cpu@54.375C soc2@53.75C soc0@53.218C gpu@56.062C tj@56.062C soc1@54.562C VDD_IN 14045mW/9607mW VDD_CPU_GPU_CV 6597mW/3192mW VDD_SOC 3133mW/2715mW
09-26-2026 21:05:56 RAM 5818/7620MB (lfb 6x4MB) SWAP 91/12002MB (cached 0MB) CPU [0%@1728,37%@1728,1%@1728,0%@1728,56%@1728,0%@1728] GR3D_FREQ 49% cpu@54.812C soc2@53.843C soc0@53.25C gpu@56.062C tj@56.062C soc1@54.562C VDD_IN 14398mW/9613mW VDD_CPU_GPU_CV 6470mW/3197mW VDD_SOC 3290mW/2716mW
09-26-2026 21:05:57 RAM 5823/7620MB (lfb 5x4MB) SWAP 91/12002MB (cached 0MB) CPU [1%@1728,100%@1728,0%@1728,0%@1728,0%@1728,0%@1728] GR3D_FREQ 11% cpu@54.593C soc2@53.656C soc0@53.281C gpu@55.093C tj@55.093C soc1@54.593C VDD_IN 10250mW/9614mW VDD_CPU_GPU_CV 3615mW/3197mW VDD_SOC 2799mW/2716mW
09-26-2026 21:05:57 RAM 5823/7620MB (lfb 5x4MB) SWAP 91/12002MB (cached 0MB) CPU [0%@1728,32%@1728,0%@1728,0%@1728,2%@1728,0%@1728] GR3D_FREQ 76% cpu@54.75C soc2@53.906C soc0@53.406C gpu@56.312C tj@56.312C soc1@54.562C VDD_IN 14123mW/9620mW VDD_CPU_GPU_CV 5895mW/3201mW VDD_SOC 3525mW/2717mW
09-26-2026 21:05:58 RAM 5824/7620MB (lfb 4x4MB) SWAP 91/12002MB (cached 0MB) CPU [0%@1728,72%@1728,0%@1728,0%@1728,0%@1728,0%@1728] GR3D_FREQ 0% cpu@54.593C soc2@53.906C soc0@53.437C gpu@55.343C tj@55.343C soc1@54.531C VDD_IN 11808mW/9623mW VDD_CPU_GPU_CV 4347mW/3202mW VDD_SOC 3182mW/2718mW
09-26-2026 21:05:58 RAM 5824/7620MB (lfb 4x4MB) SWAP 91/12002MB (cached 0MB) CPU [0%@1728,100%@1728,0%@1728,0%@1728,0%@1728,0%@1728] GR3D_FREQ 0% cpu@54.781C soc2@53.843C soc0@53.312C gpu@54.937C tj@54.937C soc1@54.718C VDD_IN 9398mW/9622mW VDD_CPU_GPU_CV 2912mW/3202mW VDD_SOC 2720mW/2718mW
09-26-2026 21:05:59 RAM 5870/7620MB (lfb 1x4MB) SWAP 91/12002MB (cached 0MB) CPU [0%@1728,100%@1728,0%@1728,0%@1728,0%@1728,0%@1728] GR3D_FREQ 0% cpu@54.406C soc2@53.625C soc0@53.187C gpu@54.718C tj@54.718C soc1@54.593C VDD_IN 8701mW/9621mW VDD_CPU_GPU_CV 2483mW/3201mW VDD_SOC 2606mW/2718mW
09-26-2026 21:05:59 RAM 5870/7620MB (lfb 1x4MB) SWAP 91/12002MB (cached 0MB) CPU [0%@1728,100%@1728,0%@1728,0%@1728,0%@1728,0%@1728] GR3D_FREQ 0% cpu@54.406C soc2@53.75C soc0@53.437C gpu@55.125C tj@55.125C soc1@54.593C VDD_IN 8464mW/9620mW VDD_CPU_GPU_CV 2404mW/3200mW VDD_SOC 2566mW/2717mW
09-26-2026 21:06:00 RAM 5870/7620MB (lfb 1x4MB) SWAP 91/12002MB (cached 0MB) CPU [4%@1728,100%@1728,0%@1728,0%@1728,0%@1728,0%@1728] GR3D_FREQ 0% cpu@54.437C soc2@53.625C soc0@53.25C gpu@54.875C tj@54.875C soc1@54.5C VDD_IN 8464mW/9618mW VDD_CPU_GPU_CV 2404mW/3199mW VDD_SOC 2566mW/2717mW
09-26-2026 21:06:01 RAM 5871/7620MB (lfb 1x4MB) SWAP 91/12002MB (cached 0MB) CPU [0%@1728,100%@1728,1%@1728,0%@1728,0%@1728,0%@1728] GR3D_FREQ 0% cpu@54.437C soc2@53.562C soc0@53.218C gpu@54.875C tj@54.875C soc1@54.687C VDD_IN 8385mW/9617mW VDD_CPU_GPU_CV 2365mW/3198mW VDD_SOC 2527mW/2717mW
09-26-2026 21:06:01 RAM 5871/7620MB (lfb 1x4MB) SWAP 91/12002MB (cached 0MB) CPU [0%@1728,100%@1728,0%@1728,0%@1728,0%@1728,0%@1728] GR3D_FREQ 0% cpu@54.187C soc2@53.5C soc0@53.156C gpu@54.781C tj@54.781C soc1@54.625C VDD_IN 8385mW/9615mW VDD_CPU_GPU_CV 2326mW/3197mW VDD_SOC 2566mW/2717mW
09-26-2026 21:06:02 RAM 5871/7620MB (lfb 1x4MB) SWAP 91/12002MB (cached 0MB) CPU [0%@1728,100%@1728,0%@1728,0%@1728,0%@1728,0%@1728] GR3D_FREQ 0% cpu@54.437C soc2@53.5C soc0@53.218C gpu@54.562C tj@54.562C soc1@54.562C VDD_IN 8385mW/9614mW VDD_CPU_GPU_CV 2365mW/3196mW VDD_SOC 2527mW/2716mW
09-26-2026 21:06:02 RAM 5871/7620MB (lfb 1x4MB) SWAP 91/12002MB (cached 0MB) CPU [0%@1728,98%@1728,0%@1728,0%@1728,0%@1728,0%@1728] GR3D_FREQ 0% cpu@54.218C soc2@53.531C soc0@53.125C gpu@54.468C tj@54.468C soc1@54.437C VDD_IN 8385mW/9612mW VDD_CPU_GPU_CV 2365mW/3195mW VDD_SOC 2527mW/2716mW
09-26-2026 21:06:03 RAM 5871/7620MB (lfb 1x4MB) SWAP 91/12002MB (cached 0MB) CPU [0%@1728,100%@1728,0%@1728,0%@1728,0%@1728,0%@1728] GR3D_FREQ 0% cpu@54C soc2@53.437C soc0@52.968C gpu@54.875C tj@54.875C soc1@54.625C VDD_IN 8385mW/9610mW VDD_CPU_GPU_CV 2326mW/3193mW VDD_SOC 2527mW/2716mW
09-26-2026 21:06:03 RAM 5872/7620MB (lfb 1x4MB) SWAP 91/12002MB (cached 0MB) CPU [0%@1728,100%@1728,0%@1728,1%@1728,0%@1728,0%@1728] GR3D_FREQ 0% cpu@54.218C soc2@53.468C soc0@53.093C gpu@54.468C tj@54.562C soc1@54.562C VDD_IN 8385mW/9609mW VDD_CPU_GPU_CV 2326mW/3192mW VDD_SOC 2566mW/2716mW
09-26-2026 21:06:04 RAM 5872/7620MB (lfb 1x4MB) SWAP 91/12002MB (cached 0MB) CPU [1%@1728,100%@1728,1%@1728,0%@1728,0%@1728,0%@1728] GR3D_FREQ 0% cpu@54.343C soc2@53.375C soc0@52.968C gpu@54.812C tj@54.812C soc1@54.531C VDD_IN 8385mW/9607mW VDD_CPU_GPU_CV 2365mW/3191mW VDD_SOC 2527mW/2716mW
09-26-2026 21:06:04 RAM 5872/7620MB (lfb 1x4MB) SWAP 91/12002MB (cached 0MB) CPU [0%@1728,98%@1728,1%@1728,0%@1728,0%@1728,0%@1728] GR3D_FREQ 0% cpu@54.218C soc2@53.437C soc0@53.187C gpu@54.625C tj@54.625C soc1@54.375C VDD_IN 8385mW/9606mW VDD_CPU_GPU_CV 2365mW/3190mW VDD_SOC 2527mW/2715mW
09-26-2026 21:06:05 RAM 5872/7620MB (lfb 1x4MB) SWAP 91/12002MB (cached 0MB) CPU [0%@1728,100%@1728,0%@1728,0%@1728,0%@1728,0%@1728] GR3D_FREQ 0% cpu@54.093C soc2@53.375C soc0@53.093C gpu@54.5C tj@54.625C soc1@54.625C VDD_IN 8385mW/9604mW VDD_CPU_GPU_CV 2326mW/3189mW VDD_SOC 2527mW/2715mW
09-26-2026 21:06:05 RAM 5872/7620MB (lfb 1x4MB) SWAP 91/12002MB (cached 0MB) CPU [0%@1728,100%@1728,0%@1728,0%@1728,0%@1728,0%@1728] GR3D_FREQ 0% cpu@54.187C soc2@53.468C soc0@53.125C gpu@54.468C tj@54.562C soc1@54.562C VDD_IN 8385mW/9603mW VDD_CPU_GPU_CV 2326mW/3188mW VDD_SOC 2566mW/2715mW
09-26-2026 21:06:06 RAM 5872/7620MB (lfb 1x4MB) SWAP 91/12002MB (cached 0MB) CPU [0%@1728,100%@1728,0%@1728,0%@1728,0%@1728,0%@1728] GR3D_FREQ 0% cpu@54.406C soc2@53.375C soc0@52.937C gpu@54.468C tj@54.5C soc1@54.5C VDD_IN 8385mW/9601mW VDD_CPU_GPU_CV 2365mW/3187mW VDD_SOC 2527mW/2715mW
09-26-2026 21:06:06 RAM 5872/7620MB (lfb 1x4MB) SWAP 91/12002MB (cached 0MB) CPU [1%@1728,100%@1728,0%@1728,0%@1728,0%@1728,0%@1728] GR3D_FREQ 0% cpu@54.312C soc2@53.375C soc0@53.25C gpu@54.375C tj@54.375C soc1@54.406C VDD_IN 8385mW/9600mW VDD_CPU_GPU_CV 2365mW/3186mW VDD_SOC 2527mW/2714mW
09-26-2026 21:06:07 RAM 5872/7620MB (lfb 1x4MB) SWAP 91/12002MB (cached 0MB) CPU [0%@1728,100%@1728,0%@1728,0%@1728,0%@1728,0%@1728] GR3D_FREQ 0% cpu@54.062C soc2@53.375C soc0@53.218C gpu@54.75C tj@54.75C soc1@54.437C VDD_IN 8385mW/9598mW VDD_CPU_GPU_CV 2326mW/3185mW VDD_SOC 2527mW/2714mW
09-26-2026 21:06:07 RAM 5872/7620MB (lfb 1x2MB) SWAP 91/12002MB (cached 0MB) CPU [0%@1728,100%@1728,0%@1728,0%@1728,0%@1728,0%@1728] GR3D_FREQ 0% cpu@54.156C soc2@53.375C soc0@53.093C gpu@54.5C tj@54.5C soc1@54.5C VDD_IN 8385mW/9596mW VDD_CPU_GPU_CV 2326mW/3184mW VDD_SOC 2566mW/2714mW
09-26-2026 21:06:08 RAM 5872/7620MB (lfb 1x2MB) SWAP 91/12002MB (cached 0MB) CPU [0%@1728,98%@1728,1%@1728,0%@1728,0%@1728,0%@1728] GR3D_FREQ 0% cpu@54.437C soc2@53.375C soc0@53.031C gpu@54.343C tj@54.437C soc1@54.406C VDD_IN 8464mW/9595mW VDD_CPU_GPU_CV 2444mW/3183mW VDD_SOC 2566mW/2714mW
09-26-2026 21:06:08 RAM 5872/7620MB (lfb 1x2MB) SWAP 91/12002MB (cached 0MB) CPU [0%@1728,100%@1728,0%@1728,1%@1728,0%@1728,0%@1728] GR3D_FREQ 0% cpu@54.25C soc2@53.468C soc0@53.218C gpu@54.5C tj@54.5C soc1@54.406C VDD_IN 8385mW/9593mW VDD_CPU_GPU_CV 2365mW/3182mW VDD_SOC 2527mW/2714mW
09-26-2026 21:06:09 RAM 5872/7620MB (lfb 1x2MB) SWAP 91/12002MB (cached 0MB) CPU [0%@1728,100%@1728,0%@1728,0%@1728,0%@1728,0%@1728] GR3D_FREQ 0% cpu@53.875C soc2@53.375C soc0@53.125C gpu@54.406C tj@54.406C soc1@54.312C VDD_IN 8424mW/9592mW VDD_CPU_GPU_CV 2286mW/3181mW VDD_SOC 2566mW/2713mW
09-26-2026 21:06:09 RAM 5872/7620MB (lfb 1x2MB) SWAP 91/12002MB (cached 0MB) CPU [0%@1728,100%@1728,0%@1728,1%@1728,0%@1728,0%@1728] GR3D_FREQ 0% cpu@54.218C soc2@53.25C soc0@53.062C gpu@54.312C tj@54.593C soc1@54.593C VDD_IN 8345mW/9590mW VDD_CPU_GPU_CV 2365mW/3180mW VDD_SOC 2527mW/2713mW
09-26-2026 21:06:10 RAM 5872/7620MB (lfb 1x2MB) SWAP 91/12002MB (cached 0MB) CPU [0%@1728,100%@1728,0%@1728,0%@1728,0%@1728,0%@1728] GR3D_FREQ 0% cpu@54.125C soc2@53.281C soc0@53.031C gpu@54.718C tj@54.718C soc1@54.406C VDD_IN 8345mW/9589mW VDD_CPU_GPU_CV 2326mW/3179mW VDD_SOC 2527mW/2713mW
09-26-2026 21:06:10 RAM 5872/7620MB (lfb 1x2MB) SWAP 91/12002MB (cached 0MB) CPU [0%@1728,98%@1728,0%@1728,0%@1728,0%@1728,0%@1728] GR3D_FREQ 0% cpu@53.968C soc2@53.218C soc0@52.968C gpu@54.406C tj@54.468C soc1@54.468C VDD_IN 8385mW/9587mW VDD_CPU_GPU_CV 2326mW/3177mW VDD_SOC 2527mW/2713mW
09-26-2026 21:06:11 RAM 5872/7620MB (lfb 1x2MB) SWAP 91/12002MB (cached 0MB) CPU [0%@1728,100%@1728,0%@1728,0%@1728,0%@1728,0%@1728] GR3D_FREQ 0% cpu@53.937C soc2@53.25C soc0@52.937C gpu@54.625C tj@54.625C soc1@54.375C VDD_IN 8385mW/9586mW VDD_CPU_GPU_CV 2326mW/3176mW VDD_SOC 2527mW/2712mW
09-26-2026 21:06:11 RAM 5873/7620MB (lfb 1x2MB) SWAP 91/12002MB (cached 0MB) CPU [0%@1728,100%@1728,0%@1728,0%@1728,0%@1728,0%@1728] GR3D_FREQ 0% cpu@54C soc2@53.281C soc0@52.968C gpu@54.5C tj@54.562C soc1@54.562C VDD_IN 8385mW/9584mW VDD_CPU_GPU_CV 2326mW/3175mW VDD_SOC 2527mW/2712mW
09-26-2026 21:06:12 RAM 5873/7620MB (lfb 1x2MB) SWAP 91/12002MB (cached 0MB) CPU [0%@1728,100%@1728,0%@1728,0%@1728,0%@1728,0%@1728] GR3D_FREQ 0% cpu@53.968C soc2@53.375C soc0@52.968C gpu@54.281C tj@54.5C soc1@54.5C VDD_IN 8385mW/9583mW VDD_CPU_GPU_CV 2365mW/3174mW VDD_SOC 2527mW/2712mW
09-26-2026 21:06:12 RAM 5873/7620MB (lfb 1x2MB) SWAP 91/12002MB (cached 0MB) CPU [0%@1728,100%@1728,1%@1728,0%@1728,0%@1728,0%@1728] GR3D_FREQ 0% cpu@54.156C soc2@53.281C soc0@53C gpu@54.187C tj@54.375C soc1@54.375C VDD_IN 8345mW/9581mW VDD_CPU_GPU_CV 2326mW/3173mW VDD_SOC 2527mW/2712mW
09-26-2026 21:06:13 RAM 5873/7620MB (lfb 1x2MB) SWAP 91/12002MB (cached 0MB) CPU [0%@1728,100%@1728,0%@1728,0%@1728,0%@1728,0%@1728] GR3D_FREQ 0% cpu@54.062C soc2@53.312C soc0@53.062C gpu@54.593C tj@54.593C soc1@54.343C VDD_IN 8345mW/9580mW VDD_CPU_GPU_CV 2326mW/3172mW VDD_SOC 2527mW/2711mW
09-26-2026 21:06:13 RAM 5873/7620MB (lfb 1x2MB) SWAP 91/12002MB (cached 0MB) CPU [0%@1728,100%@1728,0%@1728,0%@1728,0%@1728,0%@1728] GR3D_FREQ 0% cpu@54.093C soc2@53.218C soc0@52.968C gpu@54.187C tj@54.312C soc1@54.312C VDD_IN 8385mW/9578mW VDD_CPU_GPU_CV 2326mW/3171mW VDD_SOC 2566mW/2711mW
09-26-2026 21:06:14 RAM 5873/7620MB (lfb 1x2MB) SWAP 91/12002MB (cached 0MB) CPU [1%@1728,100%@1728,1%@1728,0%@1728,0%@1728,0%@1728] GR3D_FREQ 0% cpu@53.875C soc2@53.187C soc0@52.906C gpu@54.531C tj@54.531C soc1@54.406C VDD_IN 8345mW/9577mW VDD_CPU_GPU_CV 2365mW/3170mW VDD_SOC 2527mW/2711mW
09-26-2026 21:06:14 RAM 5873/7620MB (lfb 1x2MB) SWAP 91/12002MB (cached 0MB) CPU [0%@1728,100%@1728,0%@1728,0%@1728,0%@1728,0%@1728] GR3D_FREQ 0% cpu@54.125C soc2@53.25C soc0@52.906C gpu@54.406C tj@54.406C soc1@54.343C VDD_IN 8385mW/9575mW VDD_CPU_GPU_CV 2365mW/3169mW VDD_SOC 2527mW/2711mW
09-26-2026 21:06:15 RAM 5873/7620MB (lfb 1x2MB) SWAP 91/12002MB (cached 0MB) CPU [0%@1728,100%@1728,0%@1728,0%@1728,2%@1728,0%@1728] GR3D_FREQ 0% cpu@54.062C soc2@53.187C soc0@53.125C gpu@54.281C tj@54.281C soc1@54.25C VDD_IN 8385mW/9574mW VDD_CPU_GPU_CV 2326mW/3168mW VDD_SOC 2527mW/2711mW
09-26-2026 21:06:15 RAM 5873/7620MB (lfb 1x2MB) SWAP 91/12002MB (cached 0MB) CPU [0%@1728,100%@1728,0%@1728,0%@1728,0%@1728,0%@1728] GR3D_FREQ 0% cpu@54C soc2@53.312C soc0@52.875C gpu@54.25C tj@54.25C soc1@54.25C VDD_IN 8345mW/9572mW VDD_CPU_GPU_CV 2326mW/3167mW VDD_SOC 2527mW/2710mW
09-26-2026 21:06:16 RAM 5873/7620MB (lfb 1x2MB) SWAP 91/12002MB (cached 0MB) CPU [0%@1728,98%@1728,0%@1728,0%@1728,0%@1728,0%@1728] GR3D_FREQ 0% cpu@53.843C soc2@53.281C soc0@52.937C gpu@54.312C tj@54.531C soc1@54.531C VDD_IN 8464mW/9571mW VDD_CPU_GPU_CV 2444mW/3166mW VDD_SOC 2566mW/2710mW
09-26-2026 21:06:16 RAM 5873/7620MB (lfb 1x2MB) SWAP 91/12002MB (cached 0MB) CPU [0%@1728,100%@1728,0%@1728,1%@1728,0%@1728,0%@1728] GR3D_FREQ 0% cpu@54.156C soc2@53.25C soc0@52.937C gpu@54.656C tj@54.656C soc1@54.437C VDD_IN 8385mW/9569mW VDD_CPU_GPU_CV 2365mW/3165mW VDD_SOC 2527mW/2710mW
09-26-2026 21:06:17 RAM 5873/7620MB (lfb 1x2MB) SWAP 91/12002MB (cached 0MB) CPU [0%@1728,100%@1728,0%@1728,0%@1728,0%@1728,0%@1728] GR3D_FREQ 0% cpu@54.093C soc2@53.156C soc0@52.781C gpu@54.437C tj@54.437C soc1@54.312C VDD_IN 8385mW/9568mW VDD_CPU_GPU_CV 2286mW/3164mW VDD_SOC 2566mW/2710mW
09-26-2026 21:06:17 RAM 5873/7620MB (lfb 1x2MB) SWAP 91/12002MB (cached 0MB) CPU [0%@1728,100%@1728,0%@1728,0%@1728,0%@1728,0%@1728] GR3D_FREQ 0% cpu@54.187C soc2@53.312C soc0@53C gpu@54.406C tj@54.406C soc1@54.187C VDD_IN 8385mW/9566mW VDD_CPU_GPU_CV 2365mW/3163mW VDD_SOC 2527mW/2710mW
09-26-2026 21:06:18 RAM 5873/7620MB (lfb 1x2MB) SWAP 91/12002MB (cached 0MB) CPU [0%@1728,98%@1728,0%@1728,0%@1728,0%@1728,0%@1728] GR3D_FREQ 0% cpu@53.937C soc2@53.187C soc0@53.031C gpu@54.312C tj@54.5C soc1@54.5C VDD_IN 8385mW/9565mW VDD_CPU_GPU_CV 2365mW/3162mW VDD_SOC 2527mW/2709mW
09-26-2026 21:06:18 RAM 5873/7620MB (lfb 1x2MB) SWAP 91/12002MB (cached 0MB) CPU [0%@1728,100%@1728,0%@1728,0%@1728,0%@1728,0%@1728] GR3D_FREQ 0% cpu@54.343C soc2@53.093C soc0@52.906C gpu@54.281C tj@54.343C soc1@54.343C VDD_IN 8385mW/9564mW VDD_CPU_GPU_CV 2326mW/3161mW VDD_SOC 2527mW/2709mW
09-26-2026 21:06:19 RAM 5874/7620MB (lfb 1x2MB) SWAP 91/12002MB (cached 0MB) CPU [0%@1728,100%@1728,0%@1728,0%@1728,0%@1728,0%@1728] GR3D_FREQ 0% cpu@54.156C soc2@53.187C soc0@52.781C gpu@54.156C tj@54.187C soc1@54.187C VDD_IN 8385mW/9562mW VDD_CPU_GPU_CV 2326mW/3160mW VDD_SOC 2527mW/2709mW
09-26-2026 21:06:19 RAM 5874/7620MB (lfb 1x2MB) SWAP 91/12002MB (cached 0MB) CPU [0%@1728,100%@1728,1%@1728,0%@1728,0%@1728,0%@1728] GR3D_FREQ 0% cpu@54C soc2@53.218C soc0@52.875C gpu@54.625C tj@54.625C soc1@54.218C VDD_IN 8345mW/9561mW VDD_CPU_GPU_CV 2365mW/3159mW VDD_SOC 2527mW/2709mW
09-26-2026 21:06:20 RAM 5876/7620MB (lfb 1x1MB) SWAP 91/12002MB (cached 0MB) CPU [32%@1728,92%@1728,14%@1728,17%@1728,17%@1728,6%@1728] GR3D_FREQ 0% cpu@54.406C soc2@53.187C soc0@52.906C gpu@54.468C tj@54.468C soc1@54.187C VDD_IN 8899mW/9560mW VDD_CPU_GPU_CV 2799mW/3159mW VDD_SOC 2566mW/2709mW
09-26-2026 21:06:20 RAM 5876/7620MB (lfb 1x1MB) SWAP 91/12002MB (cached 0MB) CPU [4%@1728,0%@1728,0%@1728,3%@1728,100%@1728,0%@1728] GR3D_FREQ 0% cpu@54.218C soc2@53C soc0@52.875C gpu@54.343C tj@54.406C soc1@54.406C VDD_IN 8582mW/9559mW VDD_CPU_GPU_CV 2444mW/3158mW VDD_SOC 2566mW/2708mW
09-26-2026 21:06:21 RAM 5876/7620MB (lfb 1x1MB) SWAP 91/12002MB (cached 0MB) CPU [1%@1728,0%@1728,0%@1728,0%@1728,86%@1728,0%@1728] GR3D_FREQ 58% cpu@54.25C soc2@53.25C soc0@52.812C gpu@55.25C tj@55.25C soc1@54.218C VDD_IN 10187mW/9559mW VDD_CPU_GPU_CV 3379mW/3158mW VDD_SOC 2838mW/2708mW
09-26-2026 21:06:21 RAM 5876/7620MB (lfb 1x1MB) SWAP 91/12002MB (cached 0MB) CPU [0%@1728,0%@1728,0%@1728,0%@1728,66%@1728,0%@1728] GR3D_FREQ 4% cpu@54.281C soc2@53.375C soc0@53.156C gpu@54.875C tj@54.875C soc1@54.25C VDD_IN 10841mW/9561mW VDD_CPU_GPU_CV 3772mW/3159mW VDD_SOC 2991mW/2709mW
09-26-2026 21:06:22 RAM 5876/7620MB (lfb 1x1MB) SWAP 91/12002MB (cached 0MB) CPU [1%@1728,0%@1728,1%@1728,3%@1728,75%@1728,4%@1728] GR3D_FREQ 0% cpu@54.281C soc2@53.375C soc0@53.062C gpu@54.625C tj@54.625C soc1@54.281C VDD_IN 10802mW/9562mW VDD_CPU_GPU_CV 3654mW/3159mW VDD_SOC 3030mW/2709mW
09-26-2026 21:06:22 RAM 5876/7620MB (lfb 1x1MB) SWAP 91/12002MB (cached 0MB) CPU [0%@1728,0%@1728,0%@1728,0%@1728,100%@1728,0%@1728] GR3D_FREQ 0% cpu@54.25C soc2@53.281C soc0@52.937C gpu@54.843C tj@54.843C soc1@54.343C VDD_IN 9042mW/9562mW VDD_CPU_GPU_CV 2720mW/3159mW VDD_SOC 2685mW/2709mW
09-26-2026 21:06:23 RAM 5879/7620MB (lfb 1x4MB) SWAP 91/12002MB (cached 0MB) CPU [0%@1728,0%@1728,0%@1728,0%@1728,100%@1728,0%@1728] GR3D_FREQ 0% cpu@54.406C soc2@53.25C soc0@52.906C gpu@54.531C tj@54.531C soc1@54.437C VDD_IN 8622mW/9561mW VDD_CPU_GPU_CV 2404mW/3158mW VDD_SOC 2606mW/2709mW
09-26-2026 21:06:23 RAM 5879/7620MB (lfb 1x4MB) SWAP 91/12002MB (cached 0MB) CPU [0%@1728,1%@1728,0%@1728,0%@1728,100%@1728,0%@1728] GR3D_FREQ 0% cpu@54.25C soc2@53.218C soc0@53.031C gpu@54.406C tj@54.468C soc1@54.281C VDD_IN 8424mW/9559mW VDD_CPU_GPU_CV 2404mW/3157mW VDD_SOC 2566mW/2709mW
09-26-2026 21:06:24 RAM 5879/7620MB (lfb 1x4MB) SWAP 91/12002MB (cached 0MB) CPU [0%@1728,0%@1728,0%@1728,0%@1728,100%@1728,0%@1728] GR3D_FREQ 0% cpu@54.25C soc2@53.062C soc0@52.968C gpu@54.531C tj@54.531C soc1@54.281C VDD_IN 8345mW/9558mW VDD_CPU_GPU_CV 2365mW/3156mW VDD_SOC 2527mW/2709mW
09-26-2026 21:06:24 RAM 5879/7620MB (lfb 1x4MB) SWAP 91/12002MB (cached 0MB) CPU [0%@1728,0%@1728,96%@1728,1%@1728,4%@1728,0%@1728] GR3D_FREQ 0% cpu@54.5C soc2@53.187C soc0@52.906C gpu@54.343C tj@54.531C soc1@54.531C VDD_IN 8345mW/9556mW VDD_CPU_GPU_CV 2326mW/3155mW VDD_SOC 2527mW/2708mW
09-26-2026 21:06:25 RAM 5879/7620MB (lfb 1x4MB) SWAP 91/12002MB (cached 0MB) CPU [0%@1728,0%@1728,100%@1728,1%@1728,0%@1728,0%@1728] GR3D_FREQ 0% cpu@54.593C soc2@53.125C soc0@52.812C gpu@54.156C tj@54.593C soc1@54.343C VDD_IN 8345mW/9555mW VDD_CPU_GPU_CV 2326mW/3154mW VDD_SOC 2527mW/2708mW
09-26-2026 21:06:25 RAM 5879/7620MB (lfb 1x4MB) SWAP 91/12002MB (cached 0MB) CPU [0%@1728,0%@1728,35%@1728,76%@1728,67%@1728,0%@1728] GR3D_FREQ 0% cpu@54.5C soc2@53.25C soc0@52.781C gpu@54.656C tj@54.843C soc1@54.25C VDD_IN 8859mW/9554mW VDD_CPU_GPU_CV 2759mW/3154mW VDD_SOC 2566mW/2708mW
09-26-2026 21:06:26 RAM 5879/7620MB (lfb 1x4MB) SWAP 91/12002MB (cached 0MB) CPU [0%@1728,0%@1728,0%@1728,100%@1728,92%@1728,0%@1728] GR3D_FREQ 0% cpu@54.281C soc2@53.312C soc0@52.875C gpu@54.531C tj@54.531C soc1@54.187C VDD_IN 9096mW/9554mW VDD_CPU_GPU_CV 2917mW/3153mW VDD_SOC 2566mW/2708mW
09-26-2026 21:06:26 RAM 5879/7620MB (lfb 1x4MB) SWAP 91/12002MB (cached 0MB) CPU [9%@1728,0%@1728,0%@1728,100%@1728,54%@1728,0%@1728] GR3D_FREQ 0% cpu@54.593C soc2@53.343C soc0@52.875C gpu@54.687C tj@54.687C soc1@54.187C VDD_IN 8978mW/9553mW VDD_CPU_GPU_CV 2838mW/3153mW VDD_SOC 2566mW/2708mW
09-26-2026 21:06:27 RAM 5879/7620MB (lfb 1x4MB) SWAP 91/12002MB (cached 0MB) CPU [0%@1728,0%@1728,0%@1728,100%@1728,100%@1728,1%@1728] GR3D_FREQ 0% cpu@55C soc2@53.218C soc0@53.031C gpu@54.531C tj@55C soc1@54.312C VDD_IN 9161mW/9552mW VDD_CPU_GPU_CV 3030mW/3153mW VDD_SOC 2566mW/2708mW
09-26-2026 21:06:27 RAM 5879/7620MB (lfb 1x4MB) SWAP 91/12002MB (cached 0MB) CPU [25%@1728,1%@1728,0%@1728,68%@1728,74%@1728,41%@1728] GR3D_FREQ 0% cpu@54.687C soc2@53.437C soc0@52.781C gpu@54.437C tj@54.687C soc1@54.343C VDD_IN 9240mW/9552mW VDD_CPU_GPU_CV 2991mW/3153mW VDD_SOC 2606mW/2707mW
09-26-2026 21:06:28 RAM 5879/7620MB (lfb 1x4MB) SWAP 91/12002MB (cached 0MB) CPU [100%@1728,0%@1728,0%@1728,0%@1728,0%@1728,100%@1728] GR3D_FREQ 0% cpu@54.718C soc2@53.406C soc0@52.968C gpu@54.312C tj@54.718C soc1@54.312C VDD_IN 9240mW/9552mW VDD_CPU_GPU_CV 3030mW/3152mW VDD_SOC 2606mW/2707mW
09-26-2026 21:06:28 RAM 5879/7620MB (lfb 1x4MB) SWAP 91/12002MB (cached 0MB) CPU [88%@1728,0%@1728,0%@1728,22%@1728,0%@1728,100%@1728] GR3D_FREQ 0% cpu@54.343C soc2@53.375C soc0@52.937C gpu@54.781C tj@54.781C soc1@54.187C VDD_IN 9279mW/9551mW VDD_CPU_GPU_CV 3030mW/3152mW VDD_SOC 2606mW/2707mW
09-26-2026 21:06:29 RAM 5879/7620MB (lfb 1x4MB) SWAP 91/12002MB (cached 0MB) CPU [0%@1728,0%@1728,0%@1728,100%@1728,0%@1728,100%@1728] GR3D_FREQ 0% cpu@54.875C soc2@53.281C soc0@52.843C gpu@54.406C tj@54.875C soc1@54.468C VDD_IN 9240mW/9551mW VDD_CPU_GPU_CV 3070mW/3152mW VDD_SOC 2606mW/2707mW
09-26-2026 21:06:29 RAM 5879/7620MB (lfb 1x4MB) SWAP 91/12002MB (cached 0MB) CPU [3%@1728,0%@1728,0%@1728,100%@1728,0%@1728,46%@1728] GR3D_FREQ 0% cpu@54.625C soc2@53.25C soc0@52.906C gpu@54.625C tj@54.625C soc1@54.343C VDD_IN 8899mW/9550mW VDD_CPU_GPU_CV 2680mW/3152mW VDD_SOC 2606mW/2707mW
09-26-2026 21:06:30 RAM 5879/7620MB (lfb 1x4MB) SWAP 91/12002MB (cached 0MB) CPU [4%@1728,3%@1728,0%@1728,100%@1728,96%@1728,1%@1728] GR3D_FREQ 0% cpu@54.906C soc2@53.281C soc0@52.906C gpu@54.437C tj@54.906C soc1@54.343C VDD_IN 9121mW/9550mW VDD_CPU_GPU_CV 2952mW/3151mW VDD_SOC 2566mW/2707mW
09-26-2026 21:06:30 RAM 5879/7620MB (lfb 1x4MB) SWAP 91/12002MB (cached 0MB) CPU [0%@1728,0%@1728,1%@1728,100%@1728,100%@1728,0%@1728] GR3D_FREQ 0% cpu@54.593C soc2@53.312C soc0@53C gpu@54.75C tj@54.75C soc1@54.312C VDD_IN 9161mW/9549mW VDD_CPU_GPU_CV 2991mW/3151mW VDD_SOC 2606mW/2707mW
09-26-2026 21:06:31 RAM 5879/7620MB (lfb 1x4MB) SWAP 91/12002MB (cached 0MB) CPU [1%@1728,0%@1728,0%@1728,22%@1728,100%@1728,0%@1728] GR3D_FREQ 0% cpu@54.281C soc2@53.281C soc0@52.968C gpu@54.468C tj@54.468C soc1@54.312C VDD_IN 8701mW/9548mW VDD_CPU_GPU_CV 2601mW/3150mW VDD_SOC 2566mW/2706mW
09-26-2026 21:06:31 RAM 5879/7620MB (lfb 1x4MB) SWAP 91/12002MB (cached 0MB) CPU [0%@1728,0%@1728,0%@1728,0%@1728,80%@1728,14%@1728] GR3D_FREQ 2% cpu@54.187C soc2@53.218C soc0@52.968C gpu@54.406C tj@54.406C soc1@54.406C VDD_IN 8963mW/9547mW VDD_CPU_GPU_CV 2680mW/3150mW VDD_SOC 2645mW/2706mW
09-26-2026 21:06:32 RAM 5879/7620MB (lfb 1x4MB) SWAP 91/12002MB (cached 0MB) CPU [0%@1728,1%@1728,1%@1728,0%@1728,0%@1728,100%@1728] GR3D_FREQ 0% cpu@53.968C soc2@53.125C soc0@52.718C gpu@54.218C tj@54.312C soc1@54.312C VDD_IN 8543mW/9546mW VDD_CPU_GPU_CV 2444mW/3149mW VDD_SOC 2566mW/2706mW
09-26-2026 21:06:32 RAM 5879/7620MB (lfb 1x4MB) SWAP 91/12002MB (cached 0MB) CPU [1%@1728,0%@1728,0%@1728,0%@1728,0%@1728,100%@1728] GR3D_FREQ 0% cpu@53.937C soc2@53.125C soc0@53.031C gpu@54.531C tj@54.531C soc1@54.218C VDD_IN 8385mW/9545mW VDD_CPU_GPU_CV 2404mW/3148mW VDD_SOC 2527mW/2706mW
09-26-2026 21:06:33 RAM 5879/7620MB (lfb 1x4MB) SWAP 91/12002MB (cached 0MB) CPU [0%@1728,0%@1728,0%@1728,0%@1728,0%@1728,100%@1728] GR3D_FREQ 0% cpu@53.812C soc2@53.156C soc0@52.906C gpu@54.281C tj@54.375C soc1@54.156C VDD_IN 8385mW/9543mW VDD_CPU_GPU_CV 2404mW/3147mW VDD_SOC 2527mW/2706mW
09-26-2026 21:06:33 RAM 5879/7620MB (lfb 1x4MB) SWAP 91/12002MB (cached 0MB) CPU [0%@1728,0%@1728,1%@1728,1%@1728,0%@1728,100%@1728] GR3D_FREQ 0% cpu@53.843C soc2@53.125C soc0@52.843C gpu@54.437C tj@54.437C soc1@54.281C VDD_IN 8345mW/9542mW VDD_CPU_GPU_CV 2365mW/3146mW VDD_SOC 2527mW/2706mW
09-26-2026 21:06:34 RAM 5879/7620MB (lfb 1x4MB) SWAP 91/12002MB (cached 0MB) CPU [0%@1728,0%@1728,0%@1728,0%@1728,0%@1728,100%@1728] GR3D_FREQ 0% cpu@54.031C soc2@52.968C soc0@52.75C gpu@54.312C tj@54.312C soc1@54.281C VDD_IN 8345mW/9541mW VDD_CPU_GPU_CV 2326mW/3145mW VDD_SOC 2527mW/2705mW
09-26-2026 21:06:34 RAM 5879/7620MB (lfb 1x4MB) SWAP 91/12002MB (cached 0MB) CPU [0%@1728,0%@1728,0%@1728,0%@1728,0%@1728,100%@1728] GR3D_FREQ 0% cpu@53.937C soc2@53.093C soc0@52.968C gpu@54.187C tj@54.281C soc1@54.281C VDD_IN 8345mW/9539mW VDD_CPU_GPU_CV 2365mW/3144mW VDD_SOC 2527mW/2705mW
09-26-2026 21:06:35 RAM 5879/7620MB (lfb 1x4MB) SWAP 91/12002MB (cached 0MB) CPU [0%@1728,0%@1728,0%@1728,0%@1728,0%@1728,100%@1728] GR3D_FREQ 0% cpu@53.781C soc2@53.031C soc0@52.812C gpu@54.062C tj@54.187C soc1@54.187C VDD_IN 8345mW/9538mW VDD_CPU_GPU_CV 2365mW/3144mW VDD_SOC 2527mW/2705mW
09-26-2026 21:06:35 RAM 5879/7620MB (lfb 1x4MB) SWAP 91/12002MB (cached 0MB) CPU [0%@1728,0%@1728,0%@1728,0%@1728,0%@1728,100%@1728] GR3D_FREQ 1% cpu@53.625C soc2@52.968C soc0@52.75C gpu@54.468C tj@54.468C soc1@54.281C VDD_IN 8345mW/9536mW VDD_CPU_GPU_CV 2365mW/3143mW VDD_SOC 2527mW/2705mW
09-26-2026 21:06:36 RAM 5879/7620MB (lfb 1x4MB) SWAP 91/12002MB (cached 0MB) CPU [0%@1728,0%@1728,0%@1728,0%@1728,0%@1728,100%@1728] GR3D_FREQ 0% cpu@54.125C soc2@52.906C soc0@52.843C gpu@54.218C tj@54.25C soc1@54.25C VDD_IN 8345mW/9535mW VDD_CPU_GPU_CV 2365mW/3142mW VDD_SOC 2527mW/2705mW
09-26-2026 21:06:36 RAM 5879/7620MB (lfb 1x4MB) SWAP 91/12002MB (cached 0MB) CPU [0%@1728,0%@1728,1%@1728,0%@1728,0%@1728,100%@1728] GR3D_FREQ 4% cpu@53.781C soc2@53.031C soc0@53.031C gpu@54.125C tj@54.218C soc1@54.218C VDD_IN 8385mW/9534mW VDD_CPU_GPU_CV 2365mW/3141mW VDD_SOC 2527mW/2704mW
09-26-2026 21:06:37 RAM 5879/7620MB (lfb 1x4MB) SWAP 91/12002MB (cached 0MB) CPU [0%@1728,0%@1728,0%@1728,0%@1728,0%@1728,90%@1728] GR3D_FREQ 3% cpu@53.75C soc2@53.093C soc0@52.843C gpu@54.343C tj@54.343C soc1@54.093C VDD_IN 8978mW/9533mW VDD_CPU_GPU_CV 2680mW/3140mW VDD_SOC 2685mW/2704mW
09-26-2026 21:06:37 RAM 5879/7620MB (lfb 1x4MB) SWAP 91/12002MB (cached 0MB) CPU [1%@1728,0%@1728,4%@1728,1%@1728,0%@1728,100%@1728] GR3D_FREQ 0% cpu@53.781C soc2@52.968C soc0@52.781C gpu@54.218C tj@54.25C soc1@54.25C VDD_IN 8582mW/9532mW VDD_CPU_GPU_CV 2483mW/3139mW VDD_SOC 2606mW/2704mW
09-26-2026 21:06:38 RAM 5879/7620MB (lfb 1x4MB) SWAP 91/12002MB (cached 0MB) CPU [1%@1728,0%@1728,0%@1728,0%@1728,0%@1728,100%@1728] GR3D_FREQ 0% cpu@54.125C soc2@52.968C soc0@52.718C gpu@54.125C tj@54.156C soc1@54.156C VDD_IN 8424mW/9531mW VDD_CPU_GPU_CV 2404mW/3139mW VDD_SOC 2527mW/2704mW
09-26-2026 21:06:38 RAM 5879/7620MB (lfb 1x4MB) SWAP 91/12002MB (cached 0MB) CPU [0%@1728,0%@1728,0%@1728,0%@1728,0%@1728,100%@1728] GR3D_FREQ 0% cpu@53.843C soc2@53.093C soc0@52.781C gpu@54.312C tj@54.312C soc1@54.125C VDD_IN 8345mW/9529mW VDD_CPU_GPU_CV 2365mW/3138mW VDD_SOC 2527mW/2704mW
09-26-2026 21:06:39 RAM 5879/7620MB (lfb 1x4MB) SWAP 91/12002MB (cached 0MB) CPU [0%@1728,0%@1728,16%@1728,0%@1728,0%@1728,80%@1728] GR3D_FREQ 64% cpu@54.062C soc2@53.218C soc0@52.718C gpu@55.218C tj@55.218C soc1@54.093C VDD_IN 10644mW/9530mW VDD_CPU_GPU_CV 3693mW/3138mW VDD_SOC 3030mW/2704mW
09-26-2026 21:06:39 RAM 5875/7620MB (lfb 1x2MB) SWAP 91/12002MB (cached 0MB) CPU [1%@1728,3%@1728,29%@1728,0%@1728,0%@1728,94%@1728] GR3D_FREQ 13% cpu@53.843C soc2@53.031C soc0@52.718C gpu@54.625C tj@54.625C soc1@54.312C VDD_IN 9595mW/9531mW VDD_CPU_GPU_CV 2873mW/3138mW VDD_SOC 2838mW/2704mW
09-26-2026 21:06:40 RAM 5880/7620MB (lfb 1x4MB) SWAP 91/12002MB (cached 0MB) CPU [0%@1728,0%@1728,0%@1728,0%@1728,90%@1728,8%@1728] GR3D_FREQ 2% cpu@54.156C soc2@53.062C soc0@52.781C gpu@54.343C tj@54.343C soc1@54.218C VDD_IN 9017mW/9530mW VDD_CPU_GPU_CV 2601mW/3137mW VDD_SOC 2685mW/2704mW
09-26-2026 21:06:40 RAM 5888/7620MB (lfb 1x4MB) SWAP 91/12002MB (cached 0MB) CPU [0%@1728,0%@1728,0%@1728,0%@1728,100%@1728,0%@1728] GR3D_FREQ 2% cpu@54.406C soc2@53.031C soc0@52.875C gpu@54.156C tj@54.406C soc1@54.187C VDD_IN 8820mW/9529mW VDD_CPU_GPU_CV 2523mW/3137mW VDD_SOC 2645mW/2704mW
09-26-2026 21:06:41 RAM 5896/7620MB (lfb 1x4MB) SWAP 91/12002MB (cached 0MB) CPU [0%@1728,0%@1728,0%@1728,0%@1728,100%@1728,0%@1728] GR3D_FREQ 2% cpu@54.031C soc2@53.125C soc0@52.906C gpu@54.125C tj@54.125C soc1@54.125C VDD_IN 8780mW/9528mW VDD_CPU_GPU_CV 2523mW/3136mW VDD_SOC 2606mW/2704mW
09-26-2026 21:06:41 RAM 5897/7620MB (lfb 1x4MB) SWAP 91/12002MB (cached 0MB) CPU [0%@1728,0%@1728,32%@1728,0%@1728,55%@1728,0%@1728] GR3D_FREQ 80% cpu@54.062C soc2@53.375C soc0@52.875C gpu@56.062C tj@56.062C soc1@54.218C VDD_IN 12162mW/9531mW VDD_CPU_GPU_CV 5248mW/3138mW VDD_SOC 2868mW/2704mW
09-26-2026 21:06:42 RAM 5897/7620MB (lfb 1x4MB) SWAP 91/12002MB (cached 0MB) CPU [0%@1728,1%@1728,47%@1728,1%@1728,30%@1728,0%@1728] GR3D_FREQ 67% cpu@54.437C soc2@53.562C soc0@53C gpu@56.531C tj@56.531C soc1@54.343C VDD_IN 14084mW/9537mW VDD_CPU_GPU_CV 6636mW/3143mW VDD_SOC 3094mW/2705mW
09-26-2026 21:06:42 RAM 5897/7620MB (lfb 1x4MB) SWAP 91/12002MB (cached 0MB) CPU [0%@1728,0%@1728,59%@1728,0%@1728,34%@1728,0%@1728] GR3D_FREQ 71% cpu@54.5C soc2@53.718C soc0@53.031C gpu@56.187C tj@56.187C soc1@54.312C VDD_IN 14688mW/9543mW VDD_CPU_GPU_CV 6703mW/3147mW VDD_SOC 3323mW/2705mW
09-26-2026 21:06:43 RAM 5897/7620MB (lfb 1x4MB) SWAP 91/12002MB (cached 0MB) CPU [1%@1728,0%@1728,1%@1728,0%@1728,100%@1728,0%@1728] GR3D_FREQ 11% cpu@54.5C soc2@53.625C soc0@53.218C gpu@54.843C tj@54.843C soc1@54.25C VDD_IN 10329mW/9543mW VDD_CPU_GPU_CV 3654mW/3147mW VDD_SOC 2799mW/2706mW
09-26-2026 21:06:43 RAM 5897/7620MB (lfb 1x4MB) SWAP 91/12002MB (cached 0MB) CPU [0%@1728,0%@1728,1%@1728,0%@1728,32%@1728,0%@1728] GR3D_FREQ 75% cpu@54.25C soc2@53.843C soc0@53.218C gpu@56.125C tj@56.125C soc1@54.281C VDD_IN 14123mW/9549mW VDD_CPU_GPU_CV 5895mW/3150mW VDD_SOC 3525mW/2707mW
09-26-2026 21:06:44 RAM 5897/7620MB (lfb 1x4MB) SWAP 91/12002MB (cached 0MB) CPU [0%@1728,0%@1728,0%@1728,0%@1728,71%@1728,0%@1728] GR3D_FREQ 0% cpu@54.468C soc2@53.75C soc0@53.375C gpu@55.531C tj@55.531C soc1@54.562C VDD_IN 11965mW/9552mW VDD_CPU_GPU_CV 4425mW/3152mW VDD_SOC 3222mW/2707mW
09-26-2026 21:06:44 RAM 5898/7620MB (lfb 1x4MB) SWAP 91/12002MB (cached 0MB) CPU [0%@1728,0%@1728,0%@1728,0%@1728,100%@1728,2%@1728] GR3D_FREQ 0% cpu@54.625C soc2@53.375C soc0@52.968C gpu@55C tj@55C soc1@54.562C VDD_IN 9437mW/9551mW VDD_CPU_GPU_CV 2952mW/3152mW VDD_SOC 2720mW/2707mW
09-26-2026 21:06:45 RAM 5905/7620MB (lfb 1x4MB) SWAP 91/12002MB (cached 0MB) CPU [0%@1728,0%@1728,0%@1728,1%@1728,100%@1728,0%@1728] GR3D_FREQ 0% cpu@54.437C soc2@53.5C soc0@53.25C gpu@55.062C tj@55.062C soc1@54.406C VDD_IN 8701mW/9550mW VDD_CPU_GPU_CV 2483mW/3151mW VDD_SOC 2606mW/2707mW
09-26-2026 21:06:45 RAM 5905/7620MB (lfb 1x4MB) SWAP 91/12002MB (cached 0MB) CPU [0%@1728,0%@1728,0%@1728,0%@1728,100%@1728,0%@1728] GR3D_FREQ 0% cpu@54.75C soc2@53.406C soc0@53.125C gpu@54.718C tj@54.75C soc1@54.312C VDD_IN 8464mW/9549mW VDD_CPU_GPU_CV 2404mW/3150mW VDD_SOC 2566mW/2707mW
09-26-2026 21:06:46 RAM 5905/7620MB (lfb 1x4MB) SWAP 91/12002MB (cached 0MB) CPU [0%@1728,0%@1728,0%@1728,0%@1728,98%@1728,0%@1728] GR3D_FREQ 0% cpu@54.312C soc2@53.5C soc0@53.093C gpu@54.531C tj@54.531C soc1@54.468C VDD_IN 8424mW/9548mW VDD_CPU_GPU_CV 2404mW/3149mW VDD_SOC 2527mW/2707mW
09-26-2026 21:06:46 RAM 5905/7620MB (lfb 1x4MB) SWAP 91/12002MB (cached 0MB) CPU [0%@1728,0%@1728,0%@1728,0%@1728,100%@1728,0%@1728] GR3D_FREQ 0% cpu@54.687C soc2@53.375C soc0@52.968C gpu@54.343C tj@54.687C soc1@54.437C VDD_IN 8385mW/9547mW VDD_CPU_GPU_CV 2326mW/3148mW VDD_SOC 2527mW/2706mW
09-26-2026 21:06:47 RAM 5906/7620MB (lfb 1x4MB) SWAP 91/12002MB (cached 0MB) CPU [0%@1728,0%@1728,0%@1728,0%@1728,100%@1728,0%@1728] GR3D_FREQ 0% cpu@54.312C soc2@53.343C soc0@53.156C gpu@54.812C tj@54.812C soc1@54.375C VDD_IN 8385mW/9545mW VDD_CPU_GPU_CV 2326mW/3147mW VDD_SOC 2566mW/2706mW
09-26-2026 21:06:47 RAM 5906/7620MB (lfb 1x4MB) SWAP 91/12002MB (cached 0MB) CPU [0%@1728,0%@1728,0%@1728,0%@1728,100%@1728,0%@1728] GR3D_FREQ 0% cpu@54.562C soc2@53.281C soc0@53C gpu@54.625C tj@54.625C soc1@54.218C VDD_IN 8385mW/9544mW VDD_CPU_GPU_CV 2365mW/3146mW VDD_SOC 2527mW/2706mW
09-26-2026 21:06:48 RAM 5906/7620MB (lfb 1x4MB) SWAP 91/12002MB (cached 0MB) CPU [0%@1728,2%@1728,1%@1728,0%@1728,100%@1728,0%@1728] GR3D_FREQ 0% cpu@54.312C soc2@53.218C soc0@53.031C gpu@54.718C tj@54.718C soc1@54.531C VDD_IN 8385mW/9543mW VDD_CPU_GPU_CV 2365mW/3145mW VDD_SOC 2527mW/2706mW
09-26-2026 21:06:49 RAM 5906/7620MB (lfb 1x4MB) SWAP 91/12002MB (cached 0MB) CPU [1%@1728,0%@1728,0%@1728,1%@1728,100%@1728,0%@1728] GR3D_FREQ 0% cpu@54.593C soc2@53.156C soc0@52.843C gpu@54.468C tj@54.593C soc1@54.406C VDD_IN 8385mW/9541mW VDD_CPU_GPU_CV 2326mW/3145mW VDD_SOC 2527mW/2706mW
09-26-2026 21:06:49 RAM 5906/7620MB (lfb 1x4MB) SWAP 91/12002MB (cached 0MB) CPU [0%@1728,0%@1728,0%@1728,1%@1728,100%@1728,0%@1728] GR3D_FREQ 0% cpu@54.343C soc2@53.312C soc0@53.093C gpu@54.343C tj@54.375C soc1@54.375C VDD_IN 8385mW/9540mW VDD_CPU_GPU_CV 2326mW/3144mW VDD_SOC 2566mW/2706mW
09-26-2026 21:06:50 RAM 5906/7620MB (lfb 1x4MB) SWAP 91/12002MB (cached 0MB) CPU [0%@1728,0%@1728,0%@1728,0%@1728,100%@1728,0%@1728] GR3D_FREQ 0% cpu@54.281C soc2@53.156C soc0@52.968C gpu@54.218C tj@54.281C soc1@54.25C VDD_IN 8385mW/9539mW VDD_CPU_GPU_CV 2365mW/3143mW VDD_SOC 2527mW/2705mW
09-26-2026 21:06:50 RAM 5906/7620MB (lfb 1x4MB) SWAP 91/12002MB (cached 0MB) CPU [0%@1728,0%@1728,0%@1728,0%@1728,98%@1728,0%@1728] GR3D_FREQ 0% cpu@54.25C soc2@53.187C soc0@52.906C gpu@54.656C tj@54.656C soc1@54.531C VDD_IN 8385mW/9537mW VDD_CPU_GPU_CV 2365mW/3142mW VDD_SOC 2527mW/2705mW
09-26-2026 21:06:51 RAM 5909/7620MB (lfb 1x1MB) SWAP 91/12002MB (cached 0MB) CPU [10%@1728,14%@1728,21%@1728,13%@1728,100%@1728,27%@1728] GR3D_FREQ 0% cpu@55.093C soc2@53.25C soc0@52.875C gpu@54.562C tj@55.093C soc1@54.343C VDD_IN 8978mW/9537mW VDD_CPU_GPU_CV 2799mW/3141mW VDD_SOC 2566mW/2705mW
09-26-2026 21:06:51 RAM 5909/7620MB (lfb 1x1MB) SWAP 91/12002MB (cached 0MB) CPU [1%@1728,0%@1728,0%@1728,0%@1728,100%@1728,0%@1728] GR3D_FREQ 0% cpu@54.437C soc2@53.187C soc0@52.843C gpu@54.75C tj@54.75C soc1@54.375C VDD_IN 8543mW/9536mW VDD_CPU_GPU_CV 2444mW/3141mW VDD_SOC 2566mW/2705mW
09-26-2026 21:06:52 RAM 5909/7620MB (lfb 1x1MB) SWAP 91/12002MB (cached 0MB) CPU [0%@1728,0%@1728,0%@1728,0%@1728,100%@1728,1%@1728] GR3D_FREQ 0% cpu@54.25C soc2@53.156C soc0@52.937C gpu@54.5C tj@54.5C soc1@54.281C VDD_IN 8424mW/9534mW VDD_CPU_GPU_CV 2404mW/3140mW VDD_SOC 2527mW/2705mW
09-26-2026 21:06:52 RAM 5909/7620MB (lfb 1x1MB) SWAP 91/12002MB (cached 0MB) CPU [1%@1728,0%@1728,0%@1728,0%@1728,100%@1728,0%@1728] GR3D_FREQ 0% cpu@54.218C soc2@53.187C soc0@52.906C gpu@54.375C tj@54.468C soc1@54.468C VDD_IN 8424mW/9533mW VDD_CPU_GPU_CV 2365mW/3139mW VDD_SOC 2527mW/2704mW
09-26-2026 21:06:53 RAM 5909/7620MB (lfb 1x1MB) SWAP 91/12002MB (cached 0MB) CPU [0%@1728,0%@1728,0%@1728,0%@1728,100%@1728,0%@1728] GR3D_FREQ 0% cpu@54.218C soc2@53.156C soc0@52.906C gpu@54.218C tj@54.343C soc1@54.343C VDD_IN 8385mW/9532mW VDD_CPU_GPU_CV 2326mW/3138mW VDD_SOC 2527mW/2704mW
09-26-2026 21:06:53 RAM 5909/7620MB (lfb 1x1MB) SWAP 91/12002MB (cached 0MB) CPU [0%@1728,1%@1728,0%@1728,1%@1728,100%@1728,0%@1728] GR3D_FREQ 0% cpu@54.281C soc2@53.093C soc0@52.875C gpu@54.687C tj@54.687C soc1@54.281C VDD_IN 8385mW/9530mW VDD_CPU_GPU_CV 2326mW/3137mW VDD_SOC 2527mW/2704mW
09-26-2026 21:06:54 RAM 5909/7620MB (lfb 1x1MB) SWAP 91/12002MB (cached 0MB) CPU [0%@1728,0%@1728,0%@1728,0%@1728,98%@1728,0%@1728] GR3D_FREQ 0% cpu@54.093C soc2@53.187C soc0@52.968C gpu@54.218C tj@54.218C soc1@54.156C VDD_IN 8464mW/9529mW VDD_CPU_GPU_CV 2404mW/3136mW VDD_SOC 2527mW/2704mW
09-26-2026 21:06:54 RAM 5909/7620MB (lfb 1x1MB) SWAP 91/12002MB (cached 0MB) CPU [0%@1728,0%@1728,0%@1728,1%@1728,100%@1728,0%@1728] GR3D_FREQ 0% cpu@54.156C soc2@53.187C soc0@52.906C gpu@54.625C tj@54.625C soc1@54.218C VDD_IN 8385mW/9528mW VDD_CPU_GPU_CV 2365mW/3135mW VDD_SOC 2527mW/2704mW
09-26-2026 21:06:55 RAM 5909/7620MB (lfb 1x1MB) SWAP 91/12002MB (cached 0MB) CPU [0%@1728,0%@1728,0%@1728,0%@1728,100%@1728,0%@1728] GR3D_FREQ 0% cpu@54.093C soc2@53.093C soc0@52.812C gpu@54.375C tj@54.468C soc1@54.468C VDD_IN 8385mW/9527mW VDD_CPU_GPU_CV 2286mW/3134mW VDD_SOC 2566mW/2703mW
09-26-2026 21:06:55 RAM 5909/7620MB (lfb 1x1MB) SWAP 91/12002MB (cached 0MB) CPU [0%@1728,0%@1728,0%@1728,0%@1728,100%@1728,0%@1728] GR3D_FREQ 0% cpu@54.406C soc2@53.031C soc0@52.781C gpu@54.25C tj@54.406C soc1@54.312C VDD_IN 8345mW/9525mW VDD_CPU_GPU_CV 2365mW/3134mW VDD_SOC 2527mW/2703mW
09-26-2026 21:06:56 RAM 5909/7620MB (lfb 1x1MB) SWAP 91/12002MB (cached 0MB) CPU [0%@1728,0%@1728,0%@1728,1%@1728,100%@1728,0%@1728] GR3D_FREQ 0% cpu@54.062C soc2@53.156C soc0@53C gpu@54.187C tj@54.281C soc1@54.281C VDD_IN 8345mW/9524mW VDD_CPU_GPU_CV 2326mW/3133mW VDD_SOC 2527mW/2703mW
09-26-2026 21:06:56 RAM 5909/7620MB (lfb 1x1MB) SWAP 91/12002MB (cached 0MB) CPU [0%@1728,0%@1728,0%@1728,0%@1728,98%@1728,0%@1728] GR3D_FREQ 0% cpu@54.093C soc2@53.093C soc0@52.906C gpu@54.625C tj@54.625C soc1@54.187C VDD_IN 8385mW/9523mW VDD_CPU_GPU_CV 2326mW/3132mW VDD_SOC 2527mW/2703mW
09-26-2026 21:06:57 RAM 5909/7620MB (lfb 1x1MB) SWAP 91/12002MB (cached 0MB) CPU [0%@1728,0%@1728,0%@1728,0%@1728,100%@1728,0%@1728] GR3D_FREQ 0% cpu@54.156C soc2@53.031C soc0@52.875C gpu@54.343C tj@54.406C soc1@54.406C VDD_IN 8385mW/9521mW VDD_CPU_GPU_CV 2326mW/3131mW VDD_SOC 2527mW/2703mW
09-26-2026 21:06:57 RAM 5910/7620MB (lfb 1x1MB) SWAP 91/12002MB (cached 0MB) CPU [0%@1728,0%@1728,0%@1728,0%@1728,100%@1728,0%@1728] GR3D_FREQ 0% cpu@54.25C soc2@52.968C soc0@52.75C gpu@54.5C tj@54.5C soc1@54.25C VDD_IN 8345mW/9520mW VDD_CPU_GPU_CV 2326mW/3130mW VDD_SOC 2527mW/2702mW
09-26-2026 21:06:58 RAM 5910/7620MB (lfb 1x1MB) SWAP 91/12002MB (cached 0MB) CPU [0%@1728,0%@1728,0%@1728,0%@1728,100%@1728,0%@1728] GR3D_FREQ 0% cpu@54.187C soc2@53.093C soc0@52.937C gpu@54.375C tj@54.375C soc1@54.218C VDD_IN 8385mW/9519mW VDD_CPU_GPU_CV 2365mW/3129mW VDD_SOC 2527mW/2702mW
09-26-2026 21:06:58 RAM 5910/7620MB (lfb 1x1MB) SWAP 91/12002MB (cached 0MB) CPU [0%@1728,0%@1728,1%@1728,0%@1728,100%@1728,0%@1728] GR3D_FREQ 0% cpu@54.156C soc2@53.093C soc0@52.781C gpu@54.25C tj@54.25C soc1@54.156C VDD_IN 8345mW/9517mW VDD_CPU_GPU_CV 2326mW/3128mW VDD_SOC 2531mW/2702mW
09-26-2026 21:06:59 RAM 5910/7620MB (lfb 1x1MB) SWAP 91/12002MB (cached 0MB) CPU [0%@1728,0%@1728,1%@1728,0%@1728,100%@1728,0%@1728] GR3D_FREQ 0% cpu@54.062C soc2@53.062C soc0@52.812C gpu@54.156C tj@54.343C soc1@54.343C VDD_IN 8345mW/9516mW VDD_CPU_GPU_CV 2326mW/3127mW VDD_SOC 2531mW/2702mW
09-26-2026 21:06:59 RAM 5910/7620MB (lfb 1x1MB) SWAP 91/12002MB (cached 0MB) CPU [1%@1728,0%@1728,0%@1728,0%@1728,100%@1728,0%@1728] GR3D_FREQ 0% cpu@54.343C soc2@53.031C soc0@52.875C gpu@54.531C tj@54.531C soc1@54.281C VDD_IN 8385mW/9515mW VDD_CPU_GPU_CV 2326mW/3126mW VDD_SOC 2566mW/2702mW
09-26-2026 21:07:00 RAM 5910/7620MB (lfb 1x1MB) SWAP 91/12002MB (cached 0MB) CPU [0%@1728,0%@1728,0%@1728,0%@1728,98%@1728,0%@1728] GR3D_FREQ 42% cpu@54.125C soc2@53.156C soc0@52.906C gpu@54.406C tj@54.406C soc1@54.218C VDD_IN 8503mW/9514mW VDD_CPU_GPU_CV 2444mW/3126mW VDD_SOC 2566mW/2702mW
09-26-2026 21:07:00 RAM 5910/7620MB (lfb 1x1MB) SWAP 91/12002MB (cached 0MB) CPU [0%@1728,0%@1728,0%@1728,0%@1728,100%@1728,0%@1728] GR3D_FREQ 0% cpu@54.031C soc2@53.156C soc0@52.906C gpu@54.468C tj@54.468C soc1@54.125C VDD_IN 8385mW/9512mW VDD_CPU_GPU_CV 2365mW/3125mW VDD_SOC 2527mW/2701mW
09-26-2026 21:07:01 RAM 5910/7620MB (lfb 1x1MB) SWAP 91/12002MB (cached 0MB) CPU [0%@1728,0%@1728,0%@1728,0%@1728,100%@1728,0%@1728] GR3D_FREQ 0% cpu@53.937C soc2@53.062C soc0@52.781C gpu@54.343C tj@54.343C soc1@54.218C VDD_IN 8385mW/9511mW VDD_CPU_GPU_CV 2326mW/3124mW VDD_SOC 2527mW/2701mW
09-26-2026 21:07:01 RAM 5911/7620MB (lfb 1x1MB) SWAP 91/12002MB (cached 0MB) CPU [4%@1728,0%@1728,0%@1728,1%@1728,100%@1728,0%@1728] GR3D_FREQ 0% cpu@54.343C soc2@53.156C soc0@52.718C gpu@54.218C tj@54.343C soc1@54.281C VDD_IN 8345mW/9510mW VDD_CPU_GPU_CV 2365mW/3123mW VDD_SOC 2527mW/2701mW
09-26-2026 21:07:02 RAM 5911/7620MB (lfb 1x1MB) SWAP 91/12002MB (cached 0MB) CPU [0%@1728,0%@1728,0%@1728,1%@1728,100%@1728,0%@1728] GR3D_FREQ 0% cpu@54.218C soc2@53.062C soc0@53C gpu@54.125C tj@54.218C soc1@54.218C VDD_IN 8464mW/9509mW VDD_CPU_GPU_CV 2404mW/3122mW VDD_SOC 2527mW/2701mW
09-26-2026 21:07:02 RAM 5911/7620MB (lfb 1x1MB) SWAP 91/12002MB (cached 0MB) CPU [0%@1728,0%@1728,0%@1728,0%@1728,100%@1728,0%@1728] GR3D_FREQ 0% cpu@54.156C soc2@53.062C soc0@52.875C gpu@54.406C tj@54.406C soc1@54.125C VDD_IN 8385mW/9508mW VDD_CPU_GPU_CV 2365mW/3121mW VDD_SOC 2527mW/2701mW
09-26-2026 21:07:03 RAM 5911/7620MB (lfb 1x1MB) SWAP 91/12002MB (cached 0MB) CPU [0%@1728,0%@1728,0%@1728,1%@1728,100%@1728,0%@1728] GR3D_FREQ 0% cpu@53.906C soc2@53C soc0@52.75C gpu@54.312C tj@54.312C soc1@54.25C VDD_IN 8385mW/9506mW VDD_CPU_GPU_CV 2286mW/3120mW VDD_SOC 2566mW/2700mW
09-26-2026 21:07:03 RAM 5911/7620MB (lfb 1x1MB) SWAP 91/12002MB (cached 0MB) CPU [0%@1728,0%@1728,0%@1728,0%@1728,100%@1728,0%@1728] GR3D_FREQ 0% cpu@54.062C soc2@52.906C soc0@52.781C gpu@54.5C tj@54.5C soc1@54.25C VDD_IN 8345mW/9505mW VDD_CPU_GPU_CV 2365mW/3120mW VDD_SOC 2527mW/2700mW
09-26-2026 21:07:04 RAM 5911/7620MB (lfb 1x1MB) SWAP 91/12002MB (cached 0MB) CPU [0%@1728,0%@1728,0%@1728,0%@1728,98%@1728,0%@1728] GR3D_FREQ 0% cpu@54.281C soc2@53.031C soc0@52.531C gpu@54.218C tj@54.281C soc1@54.218C VDD_IN 8385mW/9504mW VDD_CPU_GPU_CV 2365mW/3119mW VDD_SOC 2527mW/2700mW
09-26-2026 21:07:04 RAM 5911/7620MB (lfb 1x1MB) SWAP 91/12002MB (cached 0MB) CPU [0%@1728,0%@1728,0%@1728,0%@1728,100%@1728,0%@1728] GR3D_FREQ 0% cpu@54.093C soc2@53C soc0@52.906C gpu@54.125C tj@54.125C soc1@54.093C VDD_IN 8385mW/9502mW VDD_CPU_GPU_CV 2326mW/3118mW VDD_SOC 2527mW/2700mW
09-26-2026 21:07:05 RAM 5911/7620MB (lfb 1x1MB) SWAP 91/12002MB (cached 0MB) CPU [0%@1728,1%@1728,0%@1728,0%@1728,100%@1728,0%@1728] GR3D_FREQ 0% cpu@54.281C soc2@52.968C soc0@52.781C gpu@54C tj@54.093C soc1@54.093C VDD_IN 8345mW/9501mW VDD_CPU_GPU_CV 2326mW/3117mW VDD_SOC 2527mW/2700mW
09-26-2026 21:07:05 RAM 5911/7620MB (lfb 1x1MB) SWAP 91/12002MB (cached 0MB) CPU [0%@1728,0%@1728,0%@1728,0%@1728,100%@1728,0%@1728] GR3D_FREQ 0% cpu@54.125C soc2@52.937C soc0@52.687C gpu@54.343C tj@54.343C soc1@54.093C VDD_IN 8345mW/9500mW VDD_CPU_GPU_CV 2365mW/3116mW VDD_SOC 2527mW/2699mW
09-26-2026 21:07:06 RAM 5911/7620MB (lfb 1x1MB) SWAP 91/12002MB (cached 0MB) CPU [1%@1728,0%@1728,0%@1728,0%@1728,100%@1728,0%@1728] GR3D_FREQ 0% cpu@54.218C soc2@52.906C soc0@52.5C gpu@54.156C tj@54.218C soc1@54.062C VDD_IN 8345mW/9499mW VDD_CPU_GPU_CV 2326mW/3115mW VDD_SOC 2531mW/2699mW
09-26-2026 21:07:06 RAM 5911/7620MB (lfb 1x1MB) SWAP 91/12002MB (cached 0MB) CPU [0%@1728,0%@1728,0%@1728,0%@1728,100%@1728,0%@1728] GR3D_FREQ 0% cpu@54.156C soc2@53.031C soc0@52.75C gpu@54.125C tj@54.375C soc1@54.093C VDD_IN 8385mW/9497mW VDD_CPU_GPU_CV 2326mW/3114mW VDD_SOC 2527mW/2699mW
09-26-2026 21:07:07 RAM 5911/7620MB (lfb 1x1MB) SWAP 91/12002MB (cached 0MB) CPU [0%@1728,0%@1728,0%@1728,0%@1728,78%@1728,0%@1728] GR3D_FREQ 69% cpu@53.718C soc2@53.218C soc0@52.75C gpu@55.25C tj@55.25C soc1@54.375C VDD_IN 10802mW/9499mW VDD_CPU_GPU_CV 3772mW/3115mW VDD_SOC 2991mW/2699mW
09-26-2026 21:07:07 RAM 5911/7620MB (lfb 1x1MB) SWAP 91/12002MB (cached 0MB) CPU [2%@1728,0%@1728,7%@1728,0%@1728,69%@1728,0%@1728] GR3D_FREQ 49% cpu@54.156C soc2@53.281C soc0@52.843C gpu@55C tj@55C soc1@54.187C VDD_IN 11335mW/9501mW VDD_CPU_GPU_CV 4001mW/3116mW VDD_SOC 3109mW/2700mW
09-26-2026 21:07:08 RAM 5911/7620MB (lfb 1x1MB) SWAP 91/12002MB (cached 0MB) CPU [0%@1728,0%@1728,4%@1728,0%@1728,49%@1728,30%@1728] GR3D_FREQ 0% cpu@54.437C soc2@53.25C soc0@52.906C gpu@54.343C tj@54.437C soc1@54.218C VDD_IN 10368mW/9502mW VDD_CPU_GPU_CV 3418mW/3116mW VDD_SOC 2956mW/2700mW
09-26-2026 21:07:08 RAM 5911/7620MB (lfb 1x1MB) SWAP 91/12002MB (cached 0MB) CPU [3%@1728,0%@1728,0%@1728,0%@1728,100%@1728,0%@1728] GR3D_FREQ 0% cpu@54.156C soc2@53.218C soc0@52.937C gpu@54.593C tj@54.593C soc1@54.093C VDD_IN 8978mW/9501mW VDD_CPU_GPU_CV 2641mW/3116mW VDD_SOC 2645mW/2700mW
09-26-2026 21:07:09 RAM 5914/7620MB (lfb 1x4MB) SWAP 91/12002MB (cached 0MB) CPU [0%@1728,0%@1728,0%@1728,0%@1728,100%@1728,0%@1728] GR3D_FREQ 0% cpu@54.093C soc2@53.062C soc0@52.812C gpu@54.25C tj@54.156C soc1@54.093C VDD_IN 8543mW/9500mW VDD_CPU_GPU_CV 2404mW/3115mW VDD_SOC 2606mW/2700mW
09-26-2026 21:07:09 RAM 5914/7620MB (lfb 1x4MB) SWAP 91/12002MB (cached 0MB) CPU [0%@1728,0%@1728,0%@1728,0%@1728,100%@1728,0%@1728] GR3D_FREQ 0% cpu@54.093C soc2@53.093C soc0@52.75C gpu@54.437C tj@54.437C soc1@54.218C VDD_IN 8424mW/9499mW VDD_CPU_GPU_CV 2365mW/3114mW VDD_SOC 2566mW/2700mW
09-26-2026 21:07:10 RAM 5914/7620MB (lfb 1x4MB) SWAP 91/12002MB (cached 0MB) CPU [1%@1728,0%@1728,1%@1728,1%@1728,88%@1728,11%@1728] GR3D_FREQ 0% cpu@54C soc2@53.062C soc0@52.812C gpu@54.281C tj@54.281C soc1@54.218C VDD_IN 8464mW/9498mW VDD_CPU_GPU_CV 2404mW/3114mW VDD_SOC 2566mW/2700mW
09-26-2026 21:07:10 RAM 5914/7620MB (lfb 1x4MB) SWAP 91/12002MB (cached 0MB) CPU [0%@1728,0%@1728,0%@1728,0%@1728,0%@1728,100%@1728] GR3D_FREQ 0% cpu@53.906C soc2@53.031C soc0@53C gpu@54.156C tj@54.156C soc1@54.156C VDD_IN 8385mW/9497mW VDD_CPU_GPU_CV 2326mW/3113mW VDD_SOC 2527mW/2700mW
09-26-2026 21:07:11 RAM 5914/7620MB (lfb 1x4MB) SWAP 91/12002MB (cached 0MB) CPU [2%@1728,1%@1728,1%@1728,0%@1728,0%@1728,100%@1728] GR3D_FREQ 0% cpu@53.718C soc2@53C soc0@52.75C gpu@53.937C tj@54.093C soc1@54.093C VDD_IN 8424mW/9496mW VDD_CPU_GPU_CV 2326mW/3112mW VDD_SOC 2566mW/2699mW
09-26-2026 21:07:11 RAM 5914/7620MB (lfb 1x4MB) SWAP 91/12002MB (cached 0MB) CPU [3%@1728,2%@1728,92%@1728,2%@1728,3%@1728,100%@1728] GR3D_FREQ 0% cpu@54.531C soc2@53.031C soc0@52.718C gpu@54.437C tj@54.531C soc1@54.281C VDD_IN 8938mW/9495mW VDD_CPU_GPU_CV 2838mW/3112mW VDD_SOC 2566mW/2699mW
09-26-2026 21:07:12 RAM 5914/7620MB (lfb 1x4MB) SWAP 91/12002MB (cached 0MB) CPU [0%@1728,1%@1728,100%@1728,0%@1728,0%@1728,100%@1728] GR3D_FREQ 0% cpu@54.656C soc2@53.125C soc0@52.656C gpu@54.625C tj@54.656C soc1@54.187C VDD_IN 9136mW/9495mW VDD_CPU_GPU_CV 2952mW/3111mW VDD_SOC 2566mW/2699mW
09-26-2026 21:07:12 RAM 5914/7620MB (lfb 1x4MB) SWAP 91/12002MB (cached 0MB) CPU [14%@1728,0%@1728,100%@1728,1%@1728,60%@1728,33%@1728] GR3D_FREQ 0% cpu@54.656C soc2@53.187C soc0@52.968C gpu@54.5C tj@54.843C soc1@54.125C VDD_IN 9200mW/9494mW VDD_CPU_GPU_CV 2991mW/3111mW VDD_SOC 2606mW/2699mW
09-26-2026 21:07:13 RAM 5914/7620MB (lfb 1x4MB) SWAP 91/12002MB (cached 0MB) CPU [0%@1728,0%@1728,96%@1728,0%@1728,100%@1728,0%@1728] GR3D_FREQ 2% cpu@54.468C soc2@53.218C soc0@52.812C gpu@54.312C tj@54.468C soc1@54.187C VDD_IN 9161mW/9494mW VDD_CPU_GPU_CV 2991mW/3111mW VDD_SOC 2566mW/2699mW
09-26-2026 21:07:13 RAM 5914/7620MB (lfb 1x4MB) SWAP 91/12002MB (cached 0MB) CPU [52%@1728,0%@1728,0%@1728,0%@1728,48%@1728,58%@1728] GR3D_FREQ 0% cpu@54.25C soc2@53.343C soc0@52.781C gpu@54.187C tj@54.312C soc1@54.312C VDD_IN 9017mW/9493mW VDD_CPU_GPU_CV 2877mW/3111mW VDD_SOC 2566mW/2699mW
09-26-2026 21:07:14 RAM 5914/7620MB (lfb 1x4MB) SWAP 91/12002MB (cached 0MB) CPU [100%@1728,0%@1728,0%@1728,1%@1728,0%@1728,100%@1728] GR3D_FREQ 0% cpu@54.406C soc2@53.375C soc0@52.812C gpu@54.656C tj@54.656C soc1@54.375C VDD_IN 9161mW/9493mW VDD_CPU_GPU_CV 3030mW/3111mW VDD_SOC 2566mW/2699mW
09-26-2026 21:07:14 RAM 5914/7620MB (lfb 1x4MB) SWAP 91/12002MB (cached 0MB) CPU [70%@1728,1%@1728,38%@1728,0%@1728,0%@1728,100%@1728] GR3D_FREQ 0% cpu@54.968C soc2@53.125C soc0@52.781C gpu@54.156C tj@54.968C soc1@54.218C VDD_IN 9240mW/9493mW VDD_CPU_GPU_CV 3030mW/3111mW VDD_SOC 2606mW/2698mW
09-26-2026 21:07:15 RAM 5914/7620MB (lfb 1x4MB) SWAP 91/12002MB (cached 0MB) CPU [0%@1728,0%@1728,100%@1728,0%@1728,2%@1728,100%@1728] GR3D_FREQ 0% cpu@54.75C soc2@53.375C soc0@52.968C gpu@54.75C tj@54.75C soc1@54.187C VDD_IN 9240mW/9492mW VDD_CPU_GPU_CV 3070mW/3111mW VDD_SOC 2566mW/2698mW
09-26-2026 21:07:15 RAM 5914/7620MB (lfb 1x4MB) SWAP 91/12002MB (cached 0MB) CPU [5%@1728,0%@1728,100%@1728,0%@1728,16%@1728,28%@1728] GR3D_FREQ 0% cpu@54.593C soc2@53.093C soc0@52.875C gpu@54.5C tj@54.593C soc1@54.093C VDD_IN 8899mW/9492mW VDD_CPU_GPU_CV 2759mW/3110mW VDD_SOC 2566mW/2698mW
09-26-2026 21:07:16 RAM 5914/7620MB (lfb 1x4MB) SWAP 91/12002MB (cached 0MB) CPU [0%@1728,0%@1728,100%@1728,1%@1728,100%@1728,0%@1728] GR3D_FREQ 0% cpu@55.375C soc2@53.156C soc0@52.656C gpu@54.406C tj@55.375C soc1@54.375C VDD_IN 9121mW/9491mW VDD_CPU_GPU_CV 2952mW/3110mW VDD_SOC 2566mW/2698mW
09-26-2026 21:07:16 RAM 5914/7620MB (lfb 1x4MB) SWAP 91/12002MB (cached 0MB) CPU [0%@1728,0%@1728,47%@1728,0%@1728,100%@1728,0%@1728] GR3D_FREQ 0% cpu@54.093C soc2@53.125C soc0@52.812C gpu@54.468C tj@54.468C soc1@54.25C VDD_IN 8820mW/9491mW VDD_CPU_GPU_CV 2641mW/3110mW VDD_SOC 2566mW/2698mW
09-26-2026 21:07:17 RAM 5914/7620MB (lfb 1x4MB) SWAP 91/12002MB (cached 0MB) CPU [0%@1728,0%@1728,0%@1728,0%@1728,100%@1728,0%@1728] GR3D_FREQ 0% cpu@54.25C soc2@53.218C soc0@52.718C gpu@54.281C tj@54.281C soc1@54.187C VDD_IN 8464mW/9490mW VDD_CPU_GPU_CV 2444mW/3109mW VDD_SOC 2527mW/2698mW
09-26-2026 21:07:17 RAM 5914/7620MB (lfb 1x4MB) SWAP 91/12002MB (cached 0MB) CPU [0%@1728,0%@1728,0%@1728,0%@1728,100%@1728,0%@1728] GR3D_FREQ 0% cpu@54.187C soc2@53.093C soc0@52.781C gpu@54.156C tj@54.187C soc1@54.093C VDD_IN 8385mW/9488mW VDD_CPU_GPU_CV 2365mW/3108mW VDD_SOC 2527mW/2698mW
09-26-2026 21:07:18 RAM 5914/7620MB (lfb 1x4MB) SWAP 91/12002MB (cached 0MB) CPU [0%@1728,0%@1728,0%@1728,3%@1728,19%@1728,78%@1728] GR3D_FREQ 0% cpu@53.937C soc2@53.125C soc0@52.875C gpu@54.531C tj@54.531C soc1@54.312C VDD_IN 8622mW/9487mW VDD_CPU_GPU_CV 2444mW/3107mW VDD_SOC 2606mW/2697mW
09-26-2026 21:07:18 RAM 5914/7620MB (lfb 1x4MB) SWAP 91/12002MB (cached 0MB) CPU [0%@1728,0%@1728,0%@1728,0%@1728,0%@1728,100%@1728] GR3D_FREQ 0% cpu@54.156C soc2@53.031C soc0@52.843C gpu@54.375C tj@54.375C soc1@54.187C VDD_IN 8424mW/9486mW VDD_CPU_GPU_CV 2365mW/3107mW VDD_SOC 2527mW/2697mW
09-26-2026 21:07:19 RAM 5914/7620MB (lfb 1x4MB) SWAP 91/12002MB (cached 0MB) CPU [0%@1728,0%@1728,0%@1728,0%@1728,0%@1728,100%@1728] GR3D_FREQ 0% cpu@54.125C soc2@53C soc0@52.843C gpu@54.156C tj@54.156C soc1@54.062C VDD_IN 8385mW/9485mW VDD_CPU_GPU_CV 2404mW/3106mW VDD_SOC 2527mW/2697mW
09-26-2026 21:07:19 RAM 5914/7620MB (lfb 1x4MB) SWAP 91/12002MB (cached 0MB) CPU [0%@1728,1%@1728,0%@1728,0%@1728,0%@1728,100%@1728] GR3D_FREQ 0% cpu@53.687C soc2@53.062C soc0@52.781C gpu@54.25C tj@54.25C soc1@54.093C VDD_IN 8345mW/9484mW VDD_CPU_GPU_CV 2365mW/3105mW VDD_SOC 2527mW/2697mW
09-26-2026 21:07:20 RAM 5914/7620MB (lfb 1x4MB) SWAP 91/12002MB (cached 0MB) CPU [0%@1728,0%@1728,0%@1728,0%@1728,0%@1728,100%@1728] GR3D_FREQ 0% cpu@54.062C soc2@52.937C soc0@52.718C gpu@54.093C tj@54.25C soc1@54.25C VDD_IN 8345mW/9483mW VDD_CPU_GPU_CV 2326mW/3104mW VDD_SOC 2527mW/2697mW
09-26-2026 21:07:20 RAM 5914/7620MB (lfb 1x4MB) SWAP 91/12002MB (cached 0MB) CPU [0%@1728,0%@1728,0%@1728,0%@1728,0%@1728,100%@1728] GR3D_FREQ 1% cpu@53.937C soc2@52.968C soc0@52.687C gpu@54.125C tj@54.187C soc1@54.187C VDD_IN 8345mW/9481mW VDD_CPU_GPU_CV 2365mW/3103mW VDD_SOC 2527mW/2696mW
09-26-2026 21:07:21 RAM 5914/7620MB (lfb 1x4MB) SWAP 91/12002MB (cached 0MB) CPU [1%@1728,0%@1728,0%@1728,3%@1728,0%@1728,100%@1728] GR3D_FREQ 0% cpu@53.843C soc2@52.937C soc0@52.843C gpu@54.406C tj@54.406C soc1@54.187C VDD_IN 8385mW/9480mW VDD_CPU_GPU_CV 2365mW/3103mW VDD_SOC 2527mW/2696mW
09-26-2026 21:07:21 RAM 5913/7620MB (lfb 1x2MB) SWAP 91/12002MB (cached 0MB) CPU [14%@1728,25%@1728,14%@1728,21%@1728,2%@1728,100%@1728] GR3D_FREQ 0% cpu@53.906C soc2@53.093C soc0@52.781C gpu@54.25C tj@54.25C soc1@54.062C VDD_IN 8740mW/9479mW VDD_CPU_GPU_CV 2641mW/3102mW VDD_SOC 2566mW/2696mW
09-26-2026 21:07:22 RAM 5913/7620MB (lfb 1x2MB) SWAP 91/12002MB (cached 0MB) CPU [0%@1728,0%@1728,0%@1728,0%@1728,0%@1728,100%@1728] GR3D_FREQ 0% cpu@54.125C soc2@53.031C soc0@52.75C gpu@54.093C tj@54.468C soc1@54.468C VDD_IN 8424mW/9478mW VDD_CPU_GPU_CV 2444mW/3101mW VDD_SOC 2527mW/2696mW
09-26-2026 21:07:22 RAM 5913/7620MB (lfb 1x2MB) SWAP 91/12002MB (cached 0MB) CPU [0%@1728,0%@1728,0%@1728,0%@1728,2%@1728,100%@1728] GR3D_FREQ 0% cpu@54.062C soc2@52.875C soc0@52.687C gpu@54.218C tj@54.281C soc1@54.281C VDD_IN 8385mW/9477mW VDD_CPU_GPU_CV 2404mW/3101mW VDD_SOC 2527mW/2696mW
09-26-2026 21:07:23 RAM 5913/7620MB (lfb 1x2MB) SWAP 91/12002MB (cached 0MB) CPU [0%@1728,0%@1728,0%@1728,3%@1728,0%@1728,90%@1728] GR3D_FREQ 0% cpu@53.968C soc2@53.031C soc0@52.75C gpu@54.218C tj@54.218C soc1@54.156C VDD_IN 9319mW/9477mW VDD_CPU_GPU_CV 2912mW/3100mW VDD_SOC 2764mW/2696mW
09-26-2026 21:07:23 RAM 5913/7620MB (lfb 1x2MB) SWAP 91/12002MB (cached 0MB) CPU [1%@1728,0%@1728,0%@1728,3%@1728,0%@1728,100%@1728] GR3D_FREQ 0% cpu@53.875C soc2@53.062C soc0@52.875C gpu@54.125C tj@54.125C soc1@54.093C VDD_IN 8701mW/9476mW VDD_CPU_GPU_CV 2523mW/3100mW VDD_SOC 2606mW/2696mW
09-26-2026 21:07:24 RAM 5913/7620MB (lfb 1x2MB) SWAP 91/12002MB (cached 0MB) CPU [0%@1728,1%@1728,1%@1728,0%@1728,0%@1728,100%@1728] GR3D_FREQ 0% cpu@53.75C soc2@52.968C soc0@52.718C gpu@54.437C tj@54.437C soc1@54.343C VDD_IN 8464mW/9475mW VDD_CPU_GPU_CV 2404mW/3099mW VDD_SOC 2566mW/2696mW
09-26-2026 21:07:24 RAM 5913/7620MB (lfb 1x2MB) SWAP 91/12002MB (cached 0MB) CPU [0%@1728,0%@1728,0%@1728,0%@1728,0%@1728,100%@1728] GR3D_FREQ 0% cpu@53.843C soc2@52.968C soc0@52.656C gpu@54.281C tj@54.312C soc1@54.312C VDD_IN 8385mW/9474mW VDD_CPU_GPU_CV 2365mW/3098mW VDD_SOC 2527mW/2695mW
09-26-2026 21:07:25 RAM 5913/7620MB (lfb 1x2MB) SWAP 91/12002MB (cached 0MB) CPU [1%@1728,0%@1728,0%@1728,0%@1728,0%@1728,100%@1728] GR3D_FREQ 0% cpu@53.937C soc2@52.937C soc0@52.781C gpu@54.093C tj@54.093C soc1@54.093C VDD_IN 8385mW/9473mW VDD_CPU_GPU_CV 2326mW/3097mW VDD_SOC 2527mW/2695mW
09-26-2026 21:07:25 RAM 5913/7620MB (lfb 1x4MB) SWAP 91/12002MB (cached 0MB) CPU [6%@1728,0%@1728,1%@1728,28%@1728,58%@1728,19%@1728] GR3D_FREQ 0% cpu@54.375C soc2@53.218C soc0@52.843C gpu@54.437C tj@54.437C soc1@54.125C VDD_IN 10108mW/9473mW VDD_CPU_GPU_CV 3182mW/3098mW VDD_SOC 2956mW/2696mW
09-26-2026 21:07:26 RAM 5913/7620MB (lfb 1x4MB) SWAP 91/12002MB (cached 0MB) CPU [7%@1728,0%@1728,0%@1728,7%@1728,72%@1728,0%@1728] GR3D_FREQ 75% cpu@54.062C soc2@53.437C soc0@52.906C gpu@55.968C tj@55.968C soc1@54.062C VDD_IN 13456mW/9478mW VDD_CPU_GPU_CV 5435mW/3100mW VDD_SOC 3687mW/2697mW
09-26-2026 21:07:26 RAM 5913/7620MB (lfb 1x4MB) SWAP 91/12002MB (cached 0MB) CPU [0%@1728,0%@1728,0%@1728,0%@1728,38%@1728,0%@1728] GR3D_FREQ 68% cpu@54.562C soc2@53.75C soc0@53.062C gpu@56.5C tj@56.5C soc1@54.343C VDD_IN 17255mW/9486mW VDD_CPU_GPU_CV 7756mW/3105mW VDD_SOC 4443mW/2698mW
09-26-2026 21:07:27 RAM 5913/7620MB (lfb 1x4MB) SWAP 91/12002MB (cached 0MB) CPU [0%@1728,1%@1728,0%@1728,0%@1728,43%@1728,0%@1728] GR3D_FREQ 77% cpu@55C soc2@54.093C soc0@53.156C gpu@57.156C tj@57.156C soc1@54.437C VDD_IN 18396mW/9495mW VDD_CPU_GPU_CV 8557mW/3111mW VDD_SOC 4708mW/2701mW
09-26-2026 21:07:27 RAM 5913/7620MB (lfb 1x4MB) SWAP 91/12002MB (cached 0MB) CPU [0%@1728,1%@1728,0%@1728,0%@1728,36%@1728,0%@1728] GR3D_FREQ 77% cpu@55C soc2@54.406C soc0@53.562C gpu@57.25C tj@57.25C soc1@54.375C VDD_IN 18716mW/9505mW VDD_CPU_GPU_CV 8852mW/3117mW VDD_SOC 4778mW/2703mW
09-26-2026 21:07:28 RAM 5921/7620MB (lfb 1x4MB) SWAP 91/12002MB (cached 0MB) CPU [18%@1728,15%@1728,18%@1728,24%@1728,92%@1728,16%@1728] GR3D_FREQ 0% cpu@55.531C soc2@54.125C soc0@53.406C gpu@55.593C tj@55.593C soc1@54.531C VDD_IN 12810mW/9508mW VDD_CPU_GPU_CV 5200mW/3119mW VDD_SOC 3413mW/2704mW
09-26-2026 21:07:28 RAM 5922/7620MB (lfb 1x4MB) SWAP 91/12002MB (cached 0MB) CPU [11%@1728,5%@1728,11%@1728,10%@1728,11%@1728,98%@1728] GR3D_FREQ 2% cpu@54.5C soc2@53.75C soc0@53.281C gpu@55.093C tj@55.093C soc1@54.718C VDD_IN 10053mW/9509mW VDD_CPU_GPU_CV 3379mW/3119mW VDD_SOC 2877mW/2704mW
09-26-2026 21:07:29 RAM 5924/7620MB (lfb 1x4MB) SWAP 91/12002MB (cached 0MB) CPU [1%@1728,0%@1728,0%@1728,1%@1728,0%@1728,100%@1728] GR3D_FREQ 2% cpu@54.625C soc2@53.593C soc0@53.218C gpu@54.906C tj@54.906C soc1@54.625C VDD_IN 9161mW/9509mW VDD_CPU_GPU_CV 2755mW/3119mW VDD_SOC 2685mW/2704mW
09-26-2026 21:07:29 RAM 5926/7620MB (lfb 1x2MB) SWAP 91/12002MB (cached 0MB) CPU [0%@1728,0%@1728,0%@1728,0%@1728,0%@1728,100%@1728] GR3D_FREQ 2% cpu@54.437C soc2@53.5C soc0@53.093C gpu@54.593C tj@54.593C soc1@54.468C VDD_IN 8899mW/9508mW VDD_CPU_GPU_CV 2601mW/3118mW VDD_SOC 2645mW/2704mW
09-26-2026 21:07:30 RAM 5926/7620MB (lfb 2x1MB) SWAP 91/12002MB (cached 0MB) CPU [0%@1728,0%@1728,0%@1728,0%@1728,0%@1728,100%@1728] GR3D_FREQ 0% cpu@54.125C soc2@53.531C soc0@53.093C gpu@54.906C tj@54.906C soc1@54.5C VDD_IN 8622mW/9507mW VDD_CPU_GPU_CV 2444mW/3118mW VDD_SOC 2606mW/2704mW
09-26-2026 21:07:30 RAM 5926/7620MB (lfb 2x1MB) SWAP 91/12002MB (cached 0MB) CPU [0%@1728,0%@1728,0%@1728,1%@1728,0%@1728,36%@1728] GR3D_FREQ 90% cpu@54.531C soc2@53.781C soc0@53.281C gpu@56.875C tj@56.875C soc1@54.656C VDD_IN 13203mW/9511mW VDD_CPU_GPU_CV 5982mW/3121mW VDD_SOC 3060mW/2704mW
09-26-2026 21:07:31 RAM 5926/7620MB (lfb 2x1MB) SWAP 91/12002MB (cached 0MB) CPU [3%@1728,1%@1728,0%@1728,0%@1728,0%@1728,7%@1728] GR3D_FREQ 84% cpu@54.593C soc2@54.093C soc0@53.281C gpu@57.593C tj@57.593C soc1@54.593C VDD_IN 16032mW/9518mW VDD_CPU_GPU_CV 8430mW/3126mW VDD_SOC 3201mW/2704mW
09-26-2026 21:07:31 RAM 5926/7620MB (lfb 2x1MB) SWAP 91/12002MB (cached 0MB) CPU [0%@1728,0%@1728,0%@1728,0%@1728,0%@1728,4%@1728] GR3D_FREQ 99% cpu@54.843C soc2@54.437C soc0@53.406C gpu@57.625C tj@57.625C soc1@54.625C VDD_IN 17411mW/9526mW VDD_CPU_GPU_CV 9657mW/3133mW VDD_SOC 3235mW/2705mW
09-26-2026 21:07:32 RAM 5926/7620MB (lfb 2x1MB) SWAP 91/12002MB (cached 0MB) CPU [0%@1728,0%@1728,0%@1728,0%@1728,0%@1728,12%@1728] GR3D_FREQ 73% cpu@54.843C soc2@54.531C soc0@53.781C gpu@57.062C tj@57.062C soc1@54.625C VDD_IN 15798mW/9533mW VDD_CPU_GPU_CV 8054mW/3138mW VDD_SOC 3240mW/2706mW
09-26-2026 21:07:32 RAM 5926/7620MB (lfb 2x1MB) SWAP 91/12002MB (cached 0MB) CPU [0%@1728,0%@1728,0%@1728,0%@1728,0%@1728,18%@1728] GR3D_FREQ 99% cpu@54.906C soc2@54.531C soc0@53.718C gpu@57.5C tj@57.5C soc1@54.656C VDD_IN 15602mW/9539mW VDD_CPU_GPU_CV 7976mW/3143mW VDD_SOC 3201mW/2706mW
09-26-2026 21:07:33 RAM 5926/7620MB (lfb 2x1MB) SWAP 91/12002MB (cached 0MB) CPU [0%@1728,0%@1728,0%@1728,0%@1728,0%@1728,10%@1728] GR3D_FREQ 83% cpu@55C soc2@54.656C soc0@53.781C gpu@57.968C tj@57.968C soc1@54.75C VDD_IN 16267mW/9546mW VDD_CPU_GPU_CV 8624mW/3149mW VDD_SOC 3240mW/2707mW
09-26-2026 21:07:33 RAM 5926/7620MB (lfb 2x1MB) SWAP 91/12002MB (cached 0MB) CPU [0%@1728,0%@1728,0%@1728,1%@1728,0%@1728,6%@1728] GR3D_FREQ 84% cpu@55.375C soc2@54.687C soc0@53.906C gpu@58.125C tj@58.125C soc1@54.843C VDD_IN 17372mW/9554mW VDD_CPU_GPU_CV 9641mW/3156mW VDD_SOC 3235mW/2707mW
09-26-2026 21:07:34 RAM 5926/7620MB (lfb 2x1MB) SWAP 91/12002MB (cached 0MB) CPU [0%@1728,0%@1728,0%@1728,2%@1728,1%@1728,11%@1728] GR3D_FREQ 99% cpu@55.25C soc2@54.843C soc0@54.093C gpu@58.25C tj@58.25C soc1@54.906C VDD_IN 16552mW/9561mW VDD_CPU_GPU_CV 8959mW/3162mW VDD_SOC 3201mW/2708mW
09-26-2026 21:07:34 RAM 5924/7620MB (lfb 1x2MB) SWAP 91/12002MB (cached 0MB) CPU [0%@1728,0%@1728,0%@1728,3%@1728,7%@1728,3%@1728] GR3D_FREQ 84% cpu@55.312C soc2@54.843C soc0@54.093C gpu@58.218C tj@58.218C soc1@54.968C VDD_IN 16345mW/9568mW VDD_CPU_GPU_CV 8740mW/3167mW VDD_SOC 3162mW/2708mW
09-26-2026 21:07:35 RAM 5924/7620MB (lfb 1x2MB) SWAP 91/12002MB (cached 0MB) CPU [0%@1728,0%@1728,0%@1728,2%@1728,28%@1728,0%@1728] GR3D_FREQ 80% cpu@55.25C soc2@55C soc0@54.218C gpu@57.375C tj@57.375C soc1@55.062C VDD_IN 14962mW/9574mW VDD_CPU_GPU_CV 7626mW/3172mW VDD_SOC 3089mW/2709mW
09-26-2026 21:07:35 RAM 5924/7620MB (lfb 1x2MB) SWAP 91/12002MB (cached 0MB) CPU [1%@1728,1%@1728,0%@1728,9%@1728,20%@1728,0%@1728] GR3D_FREQ 90% cpu@55.75C soc2@54.968C soc0@54.156C gpu@57.5C tj@57.5C soc1@55.125C VDD_IN 15680mW/9580mW VDD_CPU_GPU_CV 7548mW/3177mW VDD_SOC 3357mW/2709mW
09-26-2026 21:07:36 RAM 5924/7620MB (lfb 1x2MB) SWAP 91/12002MB (cached 0MB) CPU [0%@1728,0%@1728,0%@1728,10%@1728,18%@1728,0%@1728] GR3D_FREQ 78% cpu@55.437C soc2@55.093C soc0@54.468C gpu@57.781C tj@57.781C soc1@55.156C VDD_IN 16345mW/9587mW VDD_CPU_GPU_CV 7730mW/3181mW VDD_SOC 3513mW/2710mW
09-26-2026 21:07:36 RAM 5924/7620MB (lfb 1x2MB) SWAP 91/12002MB (cached 0MB) CPU [0%@1728,0%@1728,0%@1728,19%@1728,11%@1728,56%@1728] GR3D_FREQ 0% cpu@55.25C soc2@54.718C soc0@54.25C gpu@56.656C tj@56.656C soc1@55.25C VDD_IN 12574mW/9590mW VDD_CPU_GPU_CV 5044mW/3183mW VDD_SOC 3138mW/2710mW
09-26-2026 21:07:37 RAM 5924/7620MB (lfb 1x2MB) SWAP 91/12002MB (cached 0MB) CPU [0%@1728,0%@1728,0%@1728,0%@1728,0%@1728,100%@1728] GR3D_FREQ 0% cpu@55.375C soc2@54.562C soc0@54.312C gpu@56.031C tj@56.031C soc1@55.281C VDD_IN 9595mW/9590mW VDD_CPU_GPU_CV 3188mW/3183mW VDD_SOC 2720mW/2710mW
09-26-2026 21:07:38 RAM 5924/7620MB (lfb 1x2MB) SWAP 91/12002MB (cached 0MB) CPU [0%@1728,1%@1728,0%@1728,0%@1728,0%@1728,100%@1728] GR3D_FREQ 0% cpu@55.312C soc2@54.375C soc0@54.031C gpu@55.656C tj@55.656C soc1@55.187C VDD_IN 8780mW/9590mW VDD_CPU_GPU_CV 2680mW/3183mW VDD_SOC 2606mW/2710mW
09-26-2026 21:07:38 RAM 5924/7620MB (lfb 1x2MB) SWAP 91/12002MB (cached 0MB) CPU [0%@1728,0%@1728,0%@1728,0%@1728,0%@1728,100%@1728] GR3D_FREQ 0% cpu@55.031C soc2@54.312C soc0@54.218C gpu@55.5C tj@55.5C soc1@55.156C VDD_IN 8503mW/9588mW VDD_CPU_GPU_CV 2483mW/3182mW VDD_SOC 2527mW/2710mW
09-26-2026 21:07:39 RAM 5924/7620MB (lfb 1x2MB) SWAP 91/12002MB (cached 0MB) CPU [1%@1728,0%@1728,0%@1728,0%@1728,0%@1728,100%@1728] GR3D_FREQ 0% cpu@54.875C soc2@54.093C soc0@53.843C gpu@55.906C tj@55.906C soc1@55.125C VDD_IN 8424mW/9587mW VDD_CPU_GPU_CV 2404mW/3181mW VDD_SOC 2527mW/2710mW
09-26-2026 21:07:39 RAM 5924/7620MB (lfb 1x2MB) SWAP 91/12002MB (cached 0MB) CPU [0%@1728,0%@1728,0%@1728,1%@1728,0%@1728,100%@1728] GR3D_FREQ 0% cpu@55.125C soc2@54.062C soc0@53.875C gpu@55.281C tj@55.281C soc1@55.281C VDD_IN 8385mW/9586mW VDD_CPU_GPU_CV 2365mW/3180mW VDD_SOC 2527mW/2710mW
09-26-2026 21:07:40 RAM 5924/7620MB (lfb 1x2MB) SWAP 91/12002MB (cached 0MB) CPU [0%@1728,0%@1728,0%@1728,0%@1728,0%@1728,100%@1728] GR3D_FREQ 0% cpu@55C soc2@54.062C soc0@53.875C gpu@55.781C tj@55.781C soc1@55.062C VDD_IN 8385mW/9585mW VDD_CPU_GPU_CV 2365mW/3180mW VDD_SOC 2527mW/2710mW
09-26-2026 21:07:40 RAM 5924/7620MB (lfb 1x2MB) SWAP 91/12002MB (cached 0MB) CPU [0%@1728,0%@1728,0%@1728,0%@1728,0%@1728,100%@1728] GR3D_FREQ 0% cpu@54.781C soc2@54C soc0@53.875C gpu@55.375C tj@55.375C soc1@55.031C VDD_IN 8385mW/9584mW VDD_CPU_GPU_CV 2365mW/3179mW VDD_SOC 2527mW/2709mW
09-26-2026 21:07:41 RAM 5924/7620MB (lfb 1x2MB) SWAP 91/12002MB (cached 0MB) CPU [0%@1728,1%@1728,0%@1728,0%@1728,0%@1728,100%@1728] GR3D_FREQ 0% cpu@54.75C soc2@54.031C soc0@53.812C gpu@55.218C tj@55.218C soc1@55.031C VDD_IN 8385mW/9582mW VDD_CPU_GPU_CV 2404mW/3178mW VDD_SOC 2527mW/2709mW
09-26-2026 21:07:41 RAM 5924/7620MB (lfb 1x2MB) SWAP 91/12002MB (cached 0MB) CPU [0%@1728,0%@1728,0%@1728,0%@1728,0%@1728,100%@1728] GR3D_FREQ 0% cpu@54.687C soc2@53.906C soc0@53.781C gpu@55.093C tj@55.187C soc1@55.187C VDD_IN 8385mW/9581mW VDD_CPU_GPU_CV 2365mW/3177mW VDD_SOC 2527mW/2709mW
09-26-2026 21:07:42 RAM 5922/7620MB (lfb 2x2MB) SWAP 91/12002MB (cached 0MB) CPU [2%@1728,0%@1728,0%@1728,0%@1728,0%@1728,48%@1728] GR3D_FREQ 99% cpu@55.218C soc2@54.312C soc0@53.656C gpu@57.906C tj@57.906C soc1@55.062C VDD_IN 14084mW/9586mW VDD_CPU_GPU_CV 6168mW/3180mW VDD_SOC 3564mW/2710mW
09-26-2026 21:07:42 RAM 5922/7620MB (lfb 2x2MB) SWAP 91/12002MB (cached 0MB) CPU [0%@1728,0%@1728,0%@1728,10%@1728,0%@1728,94%@1728] GR3D_FREQ 57% cpu@54.875C soc2@54.093C soc0@53.718C gpu@55.968C tj@55.968C soc1@55.031C VDD_IN 10644mW/9587mW VDD_CPU_GPU_CV 3811mW/3181mW VDD_SOC 2952mW/2710mW
09-26-2026 21:07:43 RAM 5922/7620MB (lfb 2x2MB) SWAP 91/12002MB (cached 0MB) CPU [2%@1728,0%@1728,1%@1728,1%@1728,0%@1728,29%@1728] GR3D_FREQ 87% cpu@55.062C soc2@54.562C soc0@53.906C gpu@57.218C tj@57.218C soc1@55.062C VDD_IN 14437mW/9592mW VDD_CPU_GPU_CV 6012mW/3184mW VDD_SOC 3681mW/2711mW
09-26-2026 21:07:43 RAM 5922/7620MB (lfb 2x2MB) SWAP 91/12002MB (cached 0MB) CPU [0%@1728,0%@1728,0%@1728,0%@1728,0%@1728,30%@1728] GR3D_FREQ 63% cpu@55.156C soc2@54.687C soc0@54.125C gpu@57.125C tj@57.125C soc1@55.406C VDD_IN 15353mW/9598mW VDD_CPU_GPU_CV 6470mW/3187mW VDD_SOC 3793mW/2712mW
09-26-2026 21:07:44 RAM 5922/7620MB (lfb 2x2MB) SWAP 91/12002MB (cached 0MB) CPU [3%@1728,0%@1728,0%@1728,0%@1728,0%@1728,74%@1728] GR3D_FREQ 0% cpu@55C soc2@54.468C soc0@54.062C gpu@55.875C tj@55.875C soc1@55.343C VDD_IN 11729mW/9600mW VDD_CPU_GPU_CV 4269mW/3188mW VDD_SOC 3182mW/2713mW
09-26-2026 21:07:44 RAM 5922/7620MB (lfb 2x2MB) SWAP 91/12002MB (cached 0MB) CPU [0%@1728,0%@1728,1%@1728,0%@1728,0%@1728,100%@1728] GR3D_FREQ 0% cpu@55.156C soc2@54.218C soc0@53.875C gpu@55.562C tj@55.562C soc1@55.25C VDD_IN 9398mW/9600mW VDD_CPU_GPU_CV 2912mW/3188mW VDD_SOC 2720mW/2713mW
09-26-2026 21:07:45 RAM 5948/7620MB (lfb 1x4MB) SWAP 91/12002MB (cached 0MB) CPU [0%@1728,0%@1728,0%@1728,0%@1728,3%@1728,100%@1728] GR3D_FREQ 0% cpu@54.875C soc2@54.281C soc0@53.968C gpu@55.875C tj@55.875C soc1@55.093C VDD_IN 8701mW/9599mW VDD_CPU_GPU_CV 2483mW/3187mW VDD_SOC 2606mW/2713mW
09-26-2026 21:07:45 RAM 5948/7620MB (lfb 1x2MB) SWAP 91/12002MB (cached 0MB) CPU [0%@1728,0%@1728,0%@1728,0%@1728,0%@1728,100%@1728] GR3D_FREQ 0% cpu@54.843C soc2@54.093C soc0@53.968C gpu@55.281C tj@55.281C soc1@55.156C VDD_IN 8464mW/9598mW VDD_CPU_GPU_CV 2444mW/3186mW VDD_SOC 2566mW/2713mW
09-26-2026 21:07:46 RAM 5948/7620MB (lfb 1x2MB) SWAP 91/12002MB (cached 0MB) CPU [0%@1728,0%@1728,0%@1728,0%@1728,0%@1728,98%@1728] GR3D_FREQ 0% cpu@54.75C soc2@54.062C soc0@53.906C gpu@55.656C tj@55.656C soc1@55.25C VDD_IN 8424mW/9596mW VDD_CPU_GPU_CV 2404mW/3186mW VDD_SOC 2527mW/2712mW
09-26-2026 21:07:46 RAM 5948/7620MB (lfb 1x2MB) SWAP 91/12002MB (cached 0MB) CPU [0%@1728,0%@1728,0%@1728,0%@1728,0%@1728,100%@1728] GR3D_FREQ 0% cpu@55.031C soc2@53.937C soc0@53.843C gpu@55.437C tj@55.437C soc1@55.093C VDD_IN 8385mW/9595mW VDD_CPU_GPU_CV 2365mW/3185mW VDD_SOC 2527mW/2712mW
09-26-2026 21:07:47 RAM 5949/7620MB (lfb 1x2MB) SWAP 91/12002MB (cached 0MB) CPU [0%@1728,0%@1728,0%@1728,0%@1728,0%@1728,100%@1728] GR3D_FREQ 0% cpu@54.75C soc2@54.093C soc0@53.937C gpu@55.187C tj@55.187C soc1@55.031C VDD_IN 8385mW/9594mW VDD_CPU_GPU_CV 2326mW/3184mW VDD_SOC 2566mW/2712mW
09-26-2026 21:07:47 RAM 5949/7620MB (lfb 1x2MB) SWAP 91/12002MB (cached 0MB) CPU [1%@1728,0%@1728,0%@1728,0%@1728,0%@1728,100%@1728] GR3D_FREQ 0% cpu@54.687C soc2@54.031C soc0@53.812C gpu@55.093C tj@55.093C soc1@55.031C VDD_IN 8385mW/9593mW VDD_CPU_GPU_CV 2365mW/3183mW VDD_SOC 2527mW/2712mW
09-26-2026 21:07:48 RAM 5949/7620MB (lfb 1x2MB) SWAP 91/12002MB (cached 0MB) CPU [0%@1728,0%@1728,1%@1728,1%@1728,0%@1728,98%@1728] GR3D_FREQ 0% cpu@54.906C soc2@53.937C soc0@53.718C gpu@55.5C tj@55.5C soc1@55.156C VDD_IN 8424mW/9591mW VDD_CPU_GPU_CV 2404mW/3182mW VDD_SOC 2527mW/2712mW
09-26-2026 21:07:48 RAM 5949/7620MB (lfb 1x2MB) SWAP 91/12002MB (cached 0MB) CPU [0%@1728,0%@1728,0%@1728,0%@1728,0%@1728,100%@1728] GR3D_FREQ 0% cpu@54.968C soc2@53.906C soc0@53.687C gpu@55.156C tj@55.156C soc1@55.062C VDD_IN 8385mW/9590mW VDD_CPU_GPU_CV 2326mW/3181mW VDD_SOC 2527mW/2711mW
09-26-2026 21:07:49 RAM 5949/7620MB (lfb 1x2MB) SWAP 91/12002MB (cached 0MB) CPU [0%@1728,0%@1728,0%@1728,0%@1728,0%@1728,100%@1728] GR3D_FREQ 0% cpu@54.625C soc2@53.968C soc0@53.687C gpu@55.5C tj@55.5C soc1@55.031C VDD_IN 8385mW/9589mW VDD_CPU_GPU_CV 2326mW/3181mW VDD_SOC 2527mW/2711mW
09-26-2026 21:07:49 RAM 5949/7620MB (lfb 1x2MB) SWAP 91/12002MB (cached 0MB) CPU [0%@1728,0%@1728,0%@1728,0%@1728,0%@1728,100%@1728] GR3D_FREQ 0% cpu@54.593C soc2@53.906C soc0@53.625C gpu@55.125C tj@55.125C soc1@54.875C VDD_IN 8345mW/9588mW VDD_CPU_GPU_CV 2365mW/3180mW VDD_SOC 2527mW/2711mW
09-26-2026 21:07:50 RAM 5949/7620MB (lfb 1x2MB) SWAP 91/12002MB (cached 0MB) CPU [0%@1728,0%@1728,0%@1728,0%@1728,0%@1728,98%@1728] GR3D_FREQ 0% cpu@54.781C soc2@53.906C soc0@53.687C gpu@55C tj@55.093C soc1@55.093C VDD_IN 8385mW/9587mW VDD_CPU_GPU_CV 2365mW/3179mW VDD_SOC 2527mW/2711mW
09-26-2026 21:07:50 RAM 5949/7620MB (lfb 1x2MB) SWAP 91/12002MB (cached 0MB) CPU [0%@1728,0%@1728,0%@1728,0%@1728,0%@1728,100%@1728] GR3D_FREQ 0% cpu@54.812C soc2@53.875C soc0@53.562C gpu@54.968C tj@55.062C soc1@55.062C VDD_IN 8385mW/9585mW VDD_CPU_GPU_CV 2326mW/3178mW VDD_SOC 2527mW/2711mW
09-26-2026 21:07:51 RAM 5949/7620MB (lfb 1x2MB) SWAP 91/12002MB (cached 0MB) CPU [0%@1728,0%@1728,0%@1728,0%@1728,0%@1728,100%@1728] GR3D_FREQ 0% cpu@54.656C soc2@53.937C soc0@53.656C gpu@55.375C tj@55.375C soc1@54.875C VDD_IN 8385mW/9584mW VDD_CPU_GPU_CV 2365mW/3177mW VDD_SOC 2527mW/2710mW
09-26-2026 21:07:51 RAM 5949/7620MB (lfb 1x2MB) SWAP 91/12002MB (cached 0MB) CPU [1%@1728,0%@1728,0%@1728,0%@1728,0%@1728,100%@1728] GR3D_FREQ 0% cpu@54.531C soc2@53.812C soc0@53.625C gpu@55.062C tj@55.062C soc1@54.843C VDD_IN 8385mW/9583mW VDD_CPU_GPU_CV 2365mW/3176mW VDD_SOC 2527mW/2710mW
09-26-2026 21:07:52 RAM 5949/7620MB (lfb 1x2MB) SWAP 91/12002MB (cached 0MB) CPU [0%@1728,0%@1728,0%@1728,0%@1728,0%@1728,98%@1728] GR3D_FREQ 0% cpu@54.843C soc2@53.75C soc0@53.437C gpu@55.281C tj@55.281C soc1@55.062C VDD_IN 8385mW/9582mW VDD_CPU_GPU_CV 2365mW/3176mW VDD_SOC 2527mW/2710mW
09-26-2026 21:07:52 RAM 5950/7620MB (lfb 1x2MB) SWAP 91/12002MB (cached 0MB) CPU [4%@1728,0%@1728,0%@1728,0%@1728,0%@1728,100%@1728] GR3D_FREQ 0% cpu@54.843C soc2@53.718C soc0@53.625C gpu@55.031C tj@55.031C soc1@55C VDD_IN 8424mW/9581mW VDD_CPU_GPU_CV 2365mW/3175mW VDD_SOC 2527mW/2710mW
09-26-2026 21:07:53 RAM 5951/7620MB (lfb 2x1MB) SWAP 91/12002MB (cached 0MB) CPU [14%@1728,9%@1728,14%@1728,33%@1728,17%@1728,100%@1728] GR3D_FREQ 0% cpu@54.625C soc2@53.937C soc0@53.687C gpu@55C tj@55C soc1@54.812C VDD_IN 8740mW/9580mW VDD_CPU_GPU_CV 2641mW/3174mW VDD_SOC 2566mW/2710mW
09-26-2026 21:07:53 RAM 5951/7620MB (lfb 2x1MB) SWAP 91/12002MB (cached 0MB) CPU [0%@1728,0%@1728,1%@1728,0%@1728,0%@1728,98%@1728] GR3D_FREQ 0% cpu@54.593C soc2@53.875C soc0@53.656C gpu@54.906C tj@54.906C soc1@54.75C VDD_IN 8661mW/9579mW VDD_CPU_GPU_CV 2562mW/3174mW VDD_SOC 2566mW/2710mW
09-26-2026 21:07:54 RAM 5951/7620MB (lfb 2x1MB) SWAP 91/12002MB (cached 0MB) CPU [0%@1728,0%@1728,0%@1728,0%@1728,0%@1728,100%@1728] GR3D_FREQ 0% cpu@54.562C soc2@53.875C soc0@53.5C gpu@55.25C tj@55.25C soc1@55.031C VDD_IN 8424mW/9578mW VDD_CPU_GPU_CV 2404mW/3173mW VDD_SOC 2527mW/2709mW
09-26-2026 21:07:54 RAM 5951/7620MB (lfb 2x1MB) SWAP 91/12002MB (cached 0MB) CPU [0%@1728,0%@1728,1%@1728,0%@1728,0%@1728,100%@1728] GR3D_FREQ 0% cpu@54.718C soc2@53.718C soc0@53.406C gpu@54.75C tj@54.875C soc1@54.875C VDD_IN 8424mW/9577mW VDD_CPU_GPU_CV 2326mW/3172mW VDD_SOC 2566mW/2709mW
09-26-2026 21:07:55 RAM 5951/7620MB (lfb 2x1MB) SWAP 91/12002MB (cached 0MB) CPU [0%@1728,0%@1728,0%@1728,0%@1728,0%@1728,100%@1728] GR3D_FREQ 0% cpu@54.468C soc2@53.656C soc0@53.343C gpu@55.156C tj@55.156C soc1@54.75C VDD_IN 8385mW/9575mW VDD_CPU_GPU_CV 2365mW/3171mW VDD_SOC 2527mW/2709mW
09-26-2026 21:07:55 RAM 5951/7620MB (lfb 2x1MB) SWAP 91/12002MB (cached 0MB) CPU [0%@1728,0%@1728,0%@1728,0%@1728,0%@1728,98%@1728] GR3D_FREQ 0% cpu@54.437C soc2@53.781C soc0@53.625C gpu@55.031C tj@55.031C soc1@54.687C VDD_IN 8464mW/9574mW VDD_CPU_GPU_CV 2404mW/3170mW VDD_SOC 2566mW/2709mW
09-26-2026 21:07:56 RAM 5951/7620MB (lfb 2x1MB) SWAP 91/12002MB (cached 0MB) CPU [0%@1728,0%@1728,0%@1728,0%@1728,0%@1728,100%@1728] GR3D_FREQ 0% cpu@54.625C soc2@53.812C soc0@53.468C gpu@54.781C tj@54.781C soc1@54.781C VDD_IN 8385mW/9573mW VDD_CPU_GPU_CV 2365mW/3170mW VDD_SOC 2527mW/2709mW
09-26-2026 21:07:56 RAM 5951/7620MB (lfb 2x1MB) SWAP 91/12002MB (cached 0MB) CPU [0%@1728,0%@1728,1%@1728,0%@1728,0%@1728,100%@1728] GR3D_FREQ 0% cpu@54.593C soc2@53.656C soc0@53.468C gpu@54.812C tj@54.812C soc1@54.812C VDD_IN 8385mW/9572mW VDD_CPU_GPU_CV 2326mW/3169mW VDD_SOC 2566mW/2709mW
09-26-2026 21:07:57 RAM 5951/7620MB (lfb 2x1MB) SWAP 91/12002MB (cached 0MB) CPU [1%@1728,0%@1728,1%@1728,0%@1728,0%@1728,100%@1728] GR3D_FREQ 0% cpu@54.843C soc2@53.593C soc0@53.375C gpu@55.093C tj@55.093C soc1@54.812C VDD_IN 8385mW/9571mW VDD_CPU_GPU_CV 2404mW/3168mW VDD_SOC 2527mW/2709mW
09-26-2026 21:07:57 RAM 5951/7620MB (lfb 2x1MB) SWAP 91/12002MB (cached 0MB) CPU [0%@1728,0%@1728,0%@1728,0%@1728,0%@1728,98%@1728] GR3D_FREQ 0% cpu@54.343C soc2@53.75C soc0@53.437C gpu@54.968C tj@54.968C soc1@54.718C VDD_IN 8503mW/9570mW VDD_CPU_GPU_CV 2404mW/3167mW VDD_SOC 2566mW/2708mW
09-26-2026 21:07:58 RAM 5951/7620MB (lfb 2x1MB) SWAP 91/12002MB (cached 0MB) CPU [0%@1728,0%@1728,0%@1728,0%@1728,0%@1728,100%@1728] GR3D_FREQ 0% cpu@54.406C soc2@53.593C soc0@53.406C gpu@55.031C tj@55.031C soc1@54.875C VDD_IN 8385mW/9568mW VDD_CPU_GPU_CV 2365mW/3166mW VDD_SOC 2527mW/2708mW
09-26-2026 21:07:58 RAM 5952/7620MB (lfb 1x1MB) SWAP 91/12002MB (cached 0MB) CPU [0%@1728,0%@1728,0%@1728,0%@1728,0%@1728,100%@1728] GR3D_FREQ 0% cpu@54.375C soc2@53.531C soc0@53.312C gpu@54.812C tj@54.812C soc1@54.812C VDD_IN 8424mW/9567mW VDD_CPU_GPU_CV 2286mW/3166mW VDD_SOC 2566mW/2708mW
09-26-2026 21:07:59 RAM 5952/7620MB (lfb 1x1MB) SWAP 91/12002MB (cached 0MB) CPU [1%@1728,0%@1728,0%@1728,0%@1728,0%@1728,100%@1728] GR3D_FREQ 0% cpu@54.718C soc2@53.562C soc0@53.281C gpu@54.718C tj@54.718C soc1@54.718C VDD_IN 8385mW/9566mW VDD_CPU_GPU_CV 2365mW/3165mW VDD_SOC 2527mW/2708mW
09-26-2026 21:07:59 RAM 5952/7620MB (lfb 1x1MB) SWAP 91/12002MB (cached 0MB) CPU [0%@1728,0%@1728,0%@1728,0%@1728,0%@1728,98%@1728] GR3D_FREQ 0% cpu@54.375C soc2@53.593C soc0@53.406C gpu@54.687C tj@54.687C soc1@54.718C VDD_IN 8424mW/9565mW VDD_CPU_GPU_CV 2404mW/3164mW VDD_SOC 2527mW/2708mW
09-26-2026 21:08:00 RAM 5952/7620MB (lfb 1x1MB) SWAP 91/12002MB (cached 0MB) CPU [0%@1728,0%@1728,0%@1728,0%@1728,0%@1728,100%@1728] GR3D_FREQ 0% cpu@54.281C soc2@53.687C soc0@53.375C gpu@55.031C tj@55.031C soc1@54.875C VDD_IN 8424mW/9564mW VDD_CPU_GPU_CV 2365mW/3163mW VDD_SOC 2566mW/2708mW
09-26-2026 21:08:00 RAM 5952/7620MB (lfb 1x1MB) SWAP 91/12002MB (cached 0MB) CPU [0%@1728,1%@1728,0%@1728,0%@1728,0%@1728,100%@1728] GR3D_FREQ 0% cpu@54.5C soc2@53.5C soc0@53.25C gpu@54.718C tj@54.781C soc1@54.781C VDD_IN 8385mW/9563mW VDD_CPU_GPU_CV 2326mW/3162mW VDD_SOC 2527mW/2707mW
09-26-2026 21:08:01 RAM 5952/7620MB (lfb 1x1MB) SWAP 91/12002MB (cached 0MB) CPU [0%@1728,0%@1728,0%@1728,0%@1728,0%@1728,100%@1728] GR3D_FREQ 0% cpu@54.437C soc2@53.5C soc0@53.187C gpu@54.562C tj@54.968C soc1@54.656C VDD_IN 8385mW/9562mW VDD_CPU_GPU_CV 2404mW/3162mW VDD_SOC 2527mW/2707mW
09-26-2026 21:08:01 RAM 5952/7620MB (lfb 1x1MB) SWAP 91/12002MB (cached 0MB) CPU [0%@1728,0%@1728,1%@1728,0%@1728,0%@1728,100%@1728] GR3D_FREQ 0% cpu@54.375C soc2@53.562C soc0@53.406C gpu@54.75C tj@54.75C soc1@54.562C VDD_IN 8345mW/9560mW VDD_CPU_GPU_CV 2326mW/3161mW VDD_SOC 2527mW/2707mW
09-26-2026 21:08:02 RAM 5952/7620MB (lfb 1x1MB) SWAP 91/12002MB (cached 0MB) CPU [1%@1728,0%@1728,0%@1728,0%@1728,0%@1728,100%@1728] GR3D_FREQ 0% cpu@54.093C soc2@53.562C soc0@53.406C gpu@54.687C tj@54.687C soc1@54.531C VDD_IN 8345mW/9559mW VDD_CPU_GPU_CV 2326mW/3160mW VDD_SOC 2527mW/2707mW
09-26-2026 21:08:02 RAM 5952/7620MB (lfb 1x1MB) SWAP 91/12002MB (cached 0MB) CPU [0%@1728,0%@1728,0%@1728,0%@1728,0%@1728,100%@1728] GR3D_FREQ 0% cpu@54.593C soc2@53.562C soc0@53.25C gpu@54.562C tj@54.687C soc1@54.687C VDD_IN 8385mW/9558mW VDD_CPU_GPU_CV 2286mW/3159mW VDD_SOC 2566mW/2707mW
09-26-2026 21:08:03 RAM 5952/7620MB (lfb 1x1MB) SWAP 91/12002MB (cached 0MB) CPU [0%@1728,0%@1728,0%@1728,3%@1728,0%@1728,98%@1728] GR3D_FREQ 68% cpu@54.468C soc2@53.468C soc0@53.25C gpu@55.25C tj@55.25C soc1@54.656C VDD_IN 8661mW/9557mW VDD_CPU_GPU_CV 2562mW/3159mW VDD_SOC 2566mW/2707mW
09-26-2026 21:08:03 RAM 5952/7620MB (lfb 1x1MB) SWAP 91/12002MB (cached 0MB) CPU [0%@1728,0%@1728,0%@1728,0%@1728,0%@1728,100%@1728] GR3D_FREQ 0% cpu@54.281C soc2@53.5C soc0@53.406C gpu@54.656C tj@54.656C soc1@54.593C VDD_IN 8424mW/9556mW VDD_CPU_GPU_CV 2404mW/3158mW VDD_SOC 2527mW/2706mW
09-26-2026 21:08:04 RAM 5952/7620MB (lfb 1x1MB) SWAP 91/12002MB (cached 0MB) CPU [0%@1728,0%@1728,1%@1728,0%@1728,0%@1728,100%@1728] GR3D_FREQ 0% cpu@54.218C soc2@53.406C soc0@53.343C gpu@54.593C tj@54.593C soc1@54.593C VDD_IN 8385mW/9555mW VDD_CPU_GPU_CV 2326mW/3157mW VDD_SOC 2527mW/2706mW
09-26-2026 21:08:04 RAM 5952/7620MB (lfb 1x1MB) SWAP 91/12002MB (cached 0MB) CPU [0%@1728,0%@1728,0%@1728,0%@1728,0%@1728,100%@1728] GR3D_FREQ 0% cpu@54.437C soc2@53.375C soc0@53.093C gpu@54.687C tj@54.687C soc1@54.718C VDD_IN 8345mW/9554mW VDD_CPU_GPU_CV 2326mW/3156mW VDD_SOC 2527mW/2706mW
09-26-2026 21:08:05 RAM 5952/7620MB (lfb 1x1MB) SWAP 91/12002MB (cached 0MB) CPU [0%@1728,1%@1728,0%@1728,0%@1728,0%@1728,100%@1728] GR3D_FREQ 0% cpu@54.343C soc2@53.437C soc0@53.156C gpu@54.625C tj@54.625C soc1@54.625C VDD_IN 8385mW/9553mW VDD_CPU_GPU_CV 2365mW/3155mW VDD_SOC 2527mW/2706mW
09-26-2026 21:08:05 RAM 5952/7620MB (lfb 1x1MB) SWAP 91/12002MB (cached 0MB) CPU [0%@1728,0%@1728,0%@1728,0%@1728,0%@1728,100%@1728] GR3D_FREQ 0% cpu@54.281C soc2@53.531C soc0@53.312C gpu@54.437C tj@54.531C soc1@54.531C VDD_IN 8385mW/9551mW VDD_CPU_GPU_CV 2326mW/3155mW VDD_SOC 2527mW/2706mW
09-26-2026 21:08:06 RAM 5952/7620MB (lfb 1x1MB) SWAP 91/12002MB (cached 0MB) CPU [0%@1728,0%@1728,0%@1728,0%@1728,0%@1728,100%@1728] GR3D_FREQ 0% cpu@54.093C soc2@53.406C soc0@53.125C gpu@54.75C tj@54.75C soc1@54.562C VDD_IN 8385mW/9550mW VDD_CPU_GPU_CV 2326mW/3154mW VDD_SOC 2527mW/2706mW
09-26-2026 21:08:06 RAM 5952/7620MB (lfb 1x1MB) SWAP 91/12002MB (cached 0MB) CPU [0%@1728,0%@1728,0%@1728,0%@1728,13%@1728,50%@1728] GR3D_FREQ 74% cpu@54.562C soc2@53.656C soc0@53.281C gpu@55.968C tj@55.968C soc1@54.625C VDD_IN 12359mW/9553mW VDD_CPU_GPU_CV 4660mW/3155mW VDD_SOC 3261mW/2706mW
09-26-2026 21:08:07 RAM 5952/7620MB (lfb 1x1MB) SWAP 91/12002MB (cached 0MB) CPU [0%@1728,0%@1728,0%@1728,0%@1728,62%@1728,0%@1728] GR3D_FREQ 33% cpu@54.562C soc2@53.687C soc0@53.187C gpu@55.281C tj@55.593C soc1@54.593C VDD_IN 11689mW/9555mW VDD_CPU_GPU_CV 4237mW/3156mW VDD_SOC 3143mW/2706mW
09-26-2026 21:08:07 RAM 5952/7620MB (lfb 1x1MB) SWAP 91/12002MB (cached 0MB) CPU [1%@1728,1%@1728,0%@1728,6%@1728,75%@1728,0%@1728] GR3D_FREQ 0% cpu@54.875C soc2@53.875C soc0@53.406C gpu@55.093C tj@55.093C soc1@54.562C VDD_IN 10999mW/9557mW VDD_CPU_GPU_CV 3766mW/3157mW VDD_SOC 3070mW/2707mW
09-26-2026 21:08:08 RAM 5952/7620MB (lfb 1x1MB) SWAP 91/12002MB (cached 0MB) CPU [0%@1728,0%@1728,0%@1728,0%@1728,100%@1728,0%@1728] GR3D_FREQ 0% cpu@54.593C soc2@53.562C soc0@53.468C gpu@54.843C tj@54.843C soc1@54.562C VDD_IN 9121mW/9556mW VDD_CPU_GPU_CV 2755mW/3157mW VDD_SOC 2685mW/2707mW
09-26-2026 21:08:08 RAM 5956/7620MB (lfb 1x4MB) SWAP 91/12002MB (cached 0MB) CPU [0%@1728,0%@1728,0%@1728,0%@1728,100%@1728,0%@1728] GR3D_FREQ 0% cpu@54.25C soc2@53.593C soc0@53.343C gpu@55.187C tj@55.187C soc1@54.656C VDD_IN 8622mW/9555mW VDD_CPU_GPU_CV 2404mW/3156mW VDD_SOC 2606mW/2707mW
09-26-2026 21:08:09 RAM 5956/7620MB (lfb 1x4MB) SWAP 91/12002MB (cached 0MB) CPU [0%@1728,0%@1728,0%@1728,0%@1728,100%@1728,0%@1728] GR3D_FREQ 0% cpu@54.75C soc2@53.593C soc0@53.218C gpu@54.875C tj@54.875C soc1@54.625C VDD_IN 8424mW/9554mW VDD_CPU_GPU_CV 2404mW/3155mW VDD_SOC 2527mW/2707mW
09-26-2026 21:08:09 RAM 5956/7620MB (lfb 1x4MB) SWAP 91/12002MB (cached 0MB) CPU [0%@1728,0%@1728,0%@1728,0%@1728,100%@1728,0%@1728] GR3D_FREQ 0% cpu@54.656C soc2@53.5C soc0@53.406C gpu@54.687C tj@54.687C soc1@54.593C VDD_IN 8345mW/9553mW VDD_CPU_GPU_CV 2365mW/3154mW VDD_SOC 2527mW/2706mW
09-26-2026 21:08:10 RAM 5965/7620MB (lfb 1x2MB) SWAP 91/12002MB (cached 0MB) CPU [0%@1728,1%@1728,96%@1728,0%@1728,1%@1728,1%@1728] GR3D_FREQ 0% cpu@54.781C soc2@53.562C soc0@53.156C gpu@54.906C tj@54.906C soc1@54.562C VDD_IN 8385mW/9552mW VDD_CPU_GPU_CV 2326mW/3154mW VDD_SOC 2527mW/2706mW
09-26-2026 21:08:10 RAM 5965/7620MB (lfb 1x2MB) SWAP 91/12002MB (cached 0MB) CPU [0%@1728,1%@1728,100%@1728,0%@1728,0%@1728,0%@1728] GR3D_FREQ 0% cpu@54.656C soc2@53.593C soc0@53.125C gpu@54.718C tj@54.718C soc1@54.687C VDD_IN 8385mW/9551mW VDD_CPU_GPU_CV 2326mW/3153mW VDD_SOC 2566mW/2706mW
09-26-2026 21:08:11 RAM 5965/7620MB (lfb 1x2MB) SWAP 91/12002MB (cached 0MB) CPU [0%@1728,3%@1728,100%@1728,0%@1728,74%@1728,0%@1728] GR3D_FREQ 0% cpu@55C soc2@53.468C soc0@53.218C gpu@54.656C tj@55C soc1@54.562C VDD_IN 8859mW/9550mW VDD_CPU_GPU_CV 2759mW/3152mW VDD_SOC 2566mW/2706mW
09-26-2026 21:08:11 RAM 5965/7620MB (lfb 1x2MB) SWAP 91/12002MB (cached 0MB) CPU [0%@1728,0%@1728,92%@1728,0%@1728,100%@1728,0%@1728] GR3D_FREQ 0% cpu@54.812C soc2@53.562C soc0@53.125C gpu@55.093C tj@55.093C soc1@54.562C VDD_IN 9057mW/9550mW VDD_CPU_GPU_CV 2917mW/3152mW VDD_SOC 2566mW/2706mW
09-26-2026 21:08:12 RAM 5993/7620MB (lfb 1x4MB) SWAP 91/12002MB (cached 0MB) CPU [48%@1728,0%@1728,0%@1728,0%@1728,54%@1728,58%@1728] GR3D_FREQ 0% cpu@54.562C soc2@53.718C soc0@53.25C gpu@54.875C tj@54.875C soc1@54.562C VDD_IN 8978mW/9549mW VDD_CPU_GPU_CV 2838mW/3152mW VDD_SOC 2566mW/2706mW
09-26-2026 21:08:12 RAM 6076/7620MB (lfb 1x4MB) SWAP 91/12002MB (cached 0MB) CPU [100%@1728,0%@1728,0%@1728,0%@1728,0%@1728,100%@1728] GR3D_FREQ 0% cpu@54.656C soc2@53.718C soc0@53.25C gpu@55.031C tj@55.031C soc1@54.687C VDD_IN 9121mW/9549mW VDD_CPU_GPU_CV 2991mW/3152mW VDD_SOC 2566mW/2706mW
09-26-2026 21:08:13 RAM 6125/7620MB (lfb 1x1MB) SWAP 91/12002MB (cached 0MB) CPU [67%@1728,1%@1728,6%@1728,0%@1728,0%@1728,100%@1728] GR3D_FREQ 0% cpu@54.562C soc2@53.437C soc0@53.218C gpu@54.781C tj@54.781C soc1@54.593C VDD_IN 8978mW/9548mW VDD_CPU_GPU_CV 2759mW/3151mW VDD_SOC 2606mW/2705mW
09-26-2026 21:08:13 RAM 6126/7620MB (lfb 1x1MB) SWAP 91/12002MB (cached 0MB) CPU [0%@1728,1%@1728,100%@1728,0%@1728,0%@1728,100%@1728] GR3D_FREQ 0% cpu@55.281C soc2@53.562C soc0@53.125C gpu@54.625C tj@55.281C soc1@54.562C VDD_IN 9121mW/9548mW VDD_CPU_GPU_CV 2952mW/3151mW VDD_SOC 2566mW/2705mW
09-26-2026 21:08:14 RAM 6126/7620MB (lfb 1x1MB) SWAP 91/12002MB (cached 0MB) CPU [0%@1728,0%@1728,100%@1728,0%@1728,0%@1728,100%@1728] GR3D_FREQ 0% cpu@54.843C soc2@53.593C soc0@53.187C gpu@54.656C tj@54.843C soc1@54.531C VDD_IN 9200mW/9547mW VDD_CPU_GPU_CV 2991mW/3151mW VDD_SOC 2606mW/2705mW
09-26-2026 21:08:14 RAM 6126/7620MB (lfb 1x1MB) SWAP 91/12002MB (cached 0MB) CPU [13%@1728,0%@1728,100%@1728,0%@1728,71%@1728,24%@1728] GR3D_FREQ 0% cpu@54.937C soc2@53.531C soc0@53.125C gpu@55.062C tj@55.062C soc1@54.562C VDD_IN 9200mW/9547mW VDD_CPU_GPU_CV 3030mW/3151mW VDD_SOC 2606mW/2705mW
09-26-2026 21:08:15 RAM 6126/7620MB (lfb 1x1MB) SWAP 91/12002MB (cached 0MB) CPU [0%@1728,0%@1728,82%@1728,0%@1728,100%@1728,0%@1728] GR3D_FREQ 0% cpu@54.968C soc2@53.562C soc0@53.156C gpu@54.562C tj@54.968C soc1@54.656C VDD_IN 9082mW/9546mW VDD_CPU_GPU_CV 2912mW/3151mW VDD_SOC 2566mW/2705mW
09-26-2026 21:08:15 RAM 6126/7620MB (lfb 1x1MB) SWAP 91/12002MB (cached 0MB) CPU [62%@1728,1%@1728,0%@1728,0%@1728,38%@1728,68%@1728] GR3D_FREQ 0% cpu@54.906C soc2@53.625C soc0@53.062C gpu@55C tj@55C soc1@54.562C VDD_IN 9003mW/9546mW VDD_CPU_GPU_CV 2877mW/3150mW VDD_SOC 2566mW/2705mW
09-26-2026 21:08:16 RAM 6127/7620MB (lfb 1x1MB) SWAP 91/12002MB (cached 0MB) CPU [100%@1728,0%@1728,0%@1728,0%@1728,0%@1728,100%@1728] GR3D_FREQ 0% cpu@54.593C soc2@53.531C soc0@53.125C gpu@54.781C tj@54.781C soc1@54.5C VDD_IN 9200mW/9546mW VDD_CPU_GPU_CV 3030mW/3150mW VDD_SOC 2566mW/2705mW
09-26-2026 21:08:16 RAM 6127/7620MB (lfb 1x1MB) SWAP 91/12002MB (cached 0MB) CPU [61%@1728,0%@1728,0%@1728,0%@1728,0%@1728,100%@1728] GR3D_FREQ 0% cpu@54.187C soc2@53.5C soc0@53.156C gpu@54.687C tj@54.687C soc1@54.562C VDD_IN 8899mW/9545mW VDD_CPU_GPU_CV 2720mW/3150mW VDD_SOC 2566mW/2705mW
09-26-2026 21:08:17 RAM 6127/7620MB (lfb 1x1MB) SWAP 91/12002MB (cached 0MB) CPU [0%@1728,0%@1728,0%@1728,0%@1728,0%@1728,100%@1728] GR3D_FREQ 0% cpu@54.093C soc2@53.406C soc0@53.062C gpu@54.468C tj@54.656C soc1@54.656C VDD_IN 8503mW/9544mW VDD_CPU_GPU_CV 2483mW/3149mW VDD_SOC 2527mW/2704mW
09-26-2026 21:08:17 RAM 6127/7620MB (lfb 1x1MB) SWAP 91/12002MB (cached 0MB) CPU [0%@1728,0%@1728,0%@1728,3%@1728,75%@1728,16%@1728] GR3D_FREQ 0% cpu@54.281C soc2@53.406C soc0@53.093C gpu@54.562C tj@54.562C soc1@54.562C VDD_IN 8820mW/9543mW VDD_CPU_GPU_CV 2562mW/3149mW VDD_SOC 2606mW/2704mW
09-26-2026 21:08:18 RAM 6127/7620MB (lfb 1x1MB) SWAP 91/12002MB (cached 0MB) CPU [0%@1728,0%@1728,0%@1728,0%@1728,100%@1728,0%@1728] GR3D_FREQ 0% cpu@54.562C soc2@53.375C soc0@53.062C gpu@54.437C tj@54.562C soc1@54.562C VDD_IN 8503mW/9542mW VDD_CPU_GPU_CV 2444mW/3148mW VDD_SOC 2566mW/2704mW
09-26-2026 21:08:18 RAM 6127/7620MB (lfb 1x1MB) SWAP 91/12002MB (cached 0MB) CPU [0%@1728,1%@1728,0%@1728,0%@1728,100%@1728,0%@1728] GR3D_FREQ 0% cpu@54.437C soc2@53.406C soc0@53.187C gpu@54.812C tj@54.812C soc1@54.531C VDD_IN 8385mW/9541mW VDD_CPU_GPU_CV 2404mW/3147mW VDD_SOC 2527mW/2704mW
09-26-2026 21:08:19 RAM 6127/7620MB (lfb 1x1MB) SWAP 91/12002MB (cached 0MB) CPU [0%@1728,0%@1728,0%@1728,0%@1728,100%@1728,0%@1728] GR3D_FREQ 0% cpu@54.281C soc2@53.343C soc0@53.093C gpu@54.656C tj@54.656C soc1@54.625C VDD_IN 8385mW/9540mW VDD_CPU_GPU_CV 2404mW/3147mW VDD_SOC 2527mW/2704mW
09-26-2026 21:08:19 RAM 6127/7620MB (lfb 1x1MB) SWAP 91/12002MB (cached 0MB) CPU [0%@1728,1%@1728,0%@1728,1%@1728,100%@1728,0%@1728] GR3D_FREQ 0% cpu@54.281C soc2@53.218C soc0@53.093C gpu@54.531C tj@54.562C soc1@54.562C VDD_IN 8345mW/9539mW VDD_CPU_GPU_CV 2365mW/3146mW VDD_SOC 2527mW/2704mW
09-26-2026 21:08:20 RAM 6127/7620MB (lfb 1x1MB) SWAP 91/12002MB (cached 0MB) CPU [0%@1728,0%@1728,0%@1728,0%@1728,100%@1728,0%@1728] GR3D_FREQ 0% cpu@54.437C soc2@53.218C soc0@52.875C gpu@54.343C tj@54.437C soc1@54.437C VDD_IN 8345mW/9538mW VDD_CPU_GPU_CV 2326mW/3145mW VDD_SOC 2527mW/2703mW
09-26-2026 21:08:20 RAM 6127/7620MB (lfb 1x1MB) SWAP 91/12002MB (cached 0MB) CPU [0%@1728,0%@1728,0%@1728,0%@1728,100%@1728,0%@1728] GR3D_FREQ 0% cpu@54.312C soc2@53.343C soc0@53.125C gpu@54.468C tj@54.468C soc1@54.406C VDD_IN 8345mW/9537mW VDD_CPU_GPU_CV 2365mW/3144mW VDD_SOC 2527mW/2703mW
09-26-2026 21:08:21 RAM 6127/7620MB (lfb 1x1MB) SWAP 91/12002MB (cached 0MB) CPU [0%@1728,0%@1728,0%@1728,0%@1728,100%@1728,0%@1728] GR3D_FREQ 0% cpu@54.218C soc2@53.375C soc0@53.125C gpu@54.375C tj@54.406C soc1@54.406C VDD_IN 8345mW/9536mW VDD_CPU_GPU_CV 2365mW/3144mW VDD_SOC 2527mW/2703mW
09-26-2026 21:08:21 RAM 6127/7620MB (lfb 1x1MB) SWAP 91/12002MB (cached 0MB) CPU [0%@1728,0%@1728,0%@1728,0%@1728,100%@1728,0%@1728] GR3D_FREQ 0% cpu@54.218C soc2@53.281C soc0@52.906C gpu@54.781C tj@54.781C soc1@54.562C VDD_IN 8345mW/9534mW VDD_CPU_GPU_CV 2326mW/3143mW VDD_SOC 2527mW/2703mW
09-26-2026 21:08:22 RAM 6127/7620MB (lfb 1x1MB) SWAP 91/12002MB (cached 0MB) CPU [0%@1728,0%@1728,0%@1728,1%@1728,100%@1728,0%@1728] GR3D_FREQ 0% cpu@54.437C soc2@53.062C soc0@52.937C gpu@54.562C tj@54.562C soc1@54.468C VDD_IN 8345mW/9533mW VDD_CPU_GPU_CV 2365mW/3142mW VDD_SOC 2527mW/2703mW
09-26-2026 21:08:22 RAM 6127/7620MB (lfb 1x1MB) SWAP 91/12002MB (cached 0MB) CPU [0%@1728,0%@1728,0%@1728,0%@1728,100%@1728,0%@1728] GR3D_FREQ 0% cpu@54.312C soc2@53.281C soc0@53.093C gpu@54.468C tj@54.468C soc1@54.375C VDD_IN 8305mW/9532mW VDD_CPU_GPU_CV 2365mW/3141mW VDD_SOC 2527mW/2703mW
09-26-2026 21:08:23 RAM 6126/7620MB (lfb 1x1MB) SWAP 91/12002MB (cached 0MB) CPU [1%@1728,0%@1728,0%@1728,4%@1728,84%@1728,0%@1728] GR3D_FREQ 0% cpu@54.281C soc2@53.375C soc0@52.937C gpu@54.656C tj@54.656C soc1@54.25C VDD_IN 10329mW/9533mW VDD_CPU_GPU_CV 3418mW/3142mW VDD_SOC 2996mW/2703mW
09-26-2026 21:08:23 RAM 6117/7620MB (lfb 1x1MB) SWAP 91/12002MB (cached 0MB) CPU [0%@1728,0%@1728,3%@1728,19%@1728,100%@1728,0%@1728] GR3D_FREQ 2% cpu@54.218C soc2@53.25C soc0@52.937C gpu@54.5C tj@54.562C soc1@54.562C VDD_IN 9279mW/9533mW VDD_CPU_GPU_CV 2715mW/3141mW VDD_SOC 2803mW/2703mW
09-26-2026 21:08:24 RAM 6120/7620MB (lfb 1x1MB) SWAP 91/12002MB (cached 0MB) CPU [20%@1728,16%@1728,29%@1728,19%@1728,100%@1728,11%@1728] GR3D_FREQ 1% cpu@54.656C soc2@53.343C soc0@53C gpu@54.5C tj@54.656C soc1@54.5C VDD_IN 9279mW/9532mW VDD_CPU_GPU_CV 2833mW/3141mW VDD_SOC 2724mW/2703mW
09-26-2026 21:08:24 RAM 6120/7620MB (lfb 1x1MB) SWAP 91/12002MB (cached 0MB) CPU [0%@1728,0%@1728,0%@1728,0%@1728,94%@1728,0%@1728] GR3D_FREQ 4% cpu@54.281C soc2@53.375C soc0@53.187C gpu@54.75C tj@54.75C soc1@54.468C VDD_IN 8859mW/9532mW VDD_CPU_GPU_CV 2562mW/3140mW VDD_SOC 2645mW/2703mW
09-26-2026 21:08:25 RAM 6114/7620MB (lfb 1x1MB) SWAP 91/12002MB (cached 0MB) CPU [1%@1728,0%@1728,0%@1728,1%@1728,97%@1728,1%@1728] GR3D_FREQ 1% cpu@54.156C soc2@53.343C soc0@53.031C gpu@54.593C tj@54.593C soc1@54.312C VDD_IN 8780mW/9531mW VDD_CPU_GPU_CV 2523mW/3140mW VDD_SOC 2606mW/2703mW
09-26-2026 21:08:25 RAM 6115/7620MB (lfb 1x1MB) SWAP 91/12002MB (cached 0MB) CPU [0%@1728,1%@1728,0%@1728,0%@1728,89%@1728,0%@1728] GR3D_FREQ 72% cpu@53.875C soc2@53.281C soc0@52.906C gpu@55.593C tj@55.593C soc1@54.562C VDD_IN 9753mW/9531mW VDD_CPU_GPU_CV 3227mW/3140mW VDD_SOC 2759mW/2703mW
09-26-2026 21:08:26 RAM 6115/7620MB (lfb 1x1MB) SWAP 91/12002MB (cached 0MB) CPU [1%@1728,0%@1728,1%@1728,1%@1728,14%@1728,0%@1728] GR3D_FREQ 99% cpu@54.468C soc2@53.781C soc0@53.062C gpu@56.687C tj@56.875C soc1@54.5C VDD_IN 14648mW/9536mW VDD_CPU_GPU_CV 7249mW/3144mW VDD_SOC 3133mW/2703mW
09-26-2026 21:08:27 RAM 6115/7620MB (lfb 1x1MB) SWAP 91/12002MB (cached 0MB) CPU [0%@1728,0%@1728,0%@1728,0%@1728,5%@1728,0%@1728] GR3D_FREQ 99% cpu@54.687C soc2@54.093C soc0@53.343C gpu@57.531C tj@57.531C soc1@54.531C VDD_IN 16865mW/9543mW VDD_CPU_GPU_CV 9191mW/3149mW VDD_SOC 3235mW/2704mW
09-26-2026 21:08:27 RAM 6115/7620MB (lfb 1x1MB) SWAP 91/12002MB (cached 0MB) CPU [0%@1728,0%@1728,1%@1728,0%@1728,5%@1728,0%@1728] GR3D_FREQ 99% cpu@54.843C soc2@54.343C soc0@53.625C gpu@57.125C tj@57.125C soc1@54.468C VDD_IN 16670mW/9550mW VDD_CPU_GPU_CV 8920mW/3155mW VDD_SOC 3279mW/2704mW
09-26-2026 21:08:28 RAM 6115/7620MB (lfb 1x1MB) SWAP 91/12002MB (cached 0MB) CPU [0%@1728,0%@1728,0%@1728,0%@1728,19%@1728,0%@1728] GR3D_FREQ 64% cpu@54.781C soc2@54.343C soc0@53.687C gpu@57.375C tj@57.375C soc1@54.562C VDD_IN 14923mW/9555mW VDD_CPU_GPU_CV 7315mW/3159mW VDD_SOC 3206mW/2705mW
09-26-2026 21:08:28 RAM 6115/7620MB (lfb 1x1MB) SWAP 91/12002MB (cached 0MB) CPU [0%@1728,0%@1728,0%@1728,0%@1728,14%@1728,0%@1728] GR3D_FREQ 85% cpu@55.25C soc2@54.437C soc0@53.718C gpu@57.656C tj@57.656C soc1@54.687C VDD_IN 16149mW/9561mW VDD_CPU_GPU_CV 8507mW/3164mW VDD_SOC 3240mW/2705mW
09-26-2026 21:08:29 RAM 6115/7620MB (lfb 1x1MB) SWAP 91/12002MB (cached 0MB) CPU [0%@1728,0%@1728,0%@1728,3%@1728,15%@1728,0%@1728] GR3D_FREQ 82% cpu@55.093C soc2@54.625C soc0@53.718C gpu@57.531C tj@57.531C soc1@54.75C VDD_IN 16306mW/9567mW VDD_CPU_GPU_CV 8701mW/3169mW VDD_SOC 3201mW/2706mW
09-26-2026 21:08:29 RAM 6115/7620MB (lfb 1x1MB) SWAP 91/12002MB (cached 0MB) CPU [0%@1728,0%@1728,0%@1728,0%@1728,6%@1728,0%@1728] GR3D_FREQ 99% cpu@55.156C soc2@54.843C soc0@54.031C gpu@57.656C tj@57.656C soc1@54.843C VDD_IN 16787mW/9574mW VDD_CPU_GPU_CV 9114mW/3174mW VDD_SOC 3235mW/2706mW
09-26-2026 21:08:30 RAM 6115/7620MB (lfb 1x1MB) SWAP 91/12002MB (cached 0MB) CPU [0%@1728,0%@1728,0%@1728,1%@1728,13%@1728,0%@1728] GR3D_FREQ 99% cpu@55.125C soc2@54.843C soc0@53.937C gpu@57.625C tj@57.625C soc1@54.843C VDD_IN 16306mW/9580mW VDD_CPU_GPU_CV 8624mW/3179mW VDD_SOC 3201mW/2707mW
09-26-2026 21:08:30 RAM 6115/7620MB (lfb 1x1MB) SWAP 91/12002MB (cached 0MB) CPU [0%@1728,0%@1728,1%@1728,0%@1728,6%@1728,0%@1728] GR3D_FREQ 99% cpu@55.25C soc2@54.875C soc0@54.062C gpu@58.062C tj@58.062C soc1@55.031C VDD_IN 16748mW/9587mW VDD_CPU_GPU_CV 9230mW/3185mW VDD_SOC 3118mW/2707mW
09-26-2026 21:08:31 RAM 6115/7620MB (lfb 1x1MB) SWAP 91/12002MB (cached 0MB) CPU [1%@1728,0%@1728,0%@1728,4%@1728,35%@1728,0%@1728] GR3D_FREQ 81% cpu@55.406C soc2@54.906C soc0@54C gpu@58C tj@58C soc1@55.093C VDD_IN 15485mW/9592mW VDD_CPU_GPU_CV 7899mW/3190mW VDD_SOC 3167mW/2708mW
09-26-2026 21:08:31 RAM 6115/7620MB (lfb 1x1MB) SWAP 91/12002MB (cached 0MB) CPU [0%@1728,0%@1728,2%@1728,9%@1728,19%@1728,0%@1728] GR3D_FREQ 79% cpu@55.25C soc2@54.906C soc0@54.281C gpu@57.812C tj@57.812C soc1@55.093C VDD_IN 16032mW/9598mW VDD_CPU_GPU_CV 8119mW/3194mW VDD_SOC 3318mW/2708mW
09-26-2026 21:08:32 RAM 6115/7620MB (lfb 1x1MB) SWAP 91/12002MB (cached 0MB) CPU [0%@1728,0%@1728,0%@1728,16%@1728,23%@1728,0%@1728] GR3D_FREQ 75% cpu@55.593C soc2@55C soc0@54.343C gpu@57.875C tj@57.875C soc1@55.156C VDD_IN 16709mW/9605mW VDD_CPU_GPU_CV 7769mW/3198mW VDD_SOC 3663mW/2709mW
09-26-2026 21:08:32 RAM 6115/7620MB (lfb 1x1MB) SWAP 91/12002MB (cached 0MB) CPU [0%@1728,0%@1728,0%@1728,10%@1728,98%@1728,0%@1728] GR3D_FREQ 0% cpu@55.437C soc2@54.656C soc0@54.25C gpu@56.062C tj@56.062C soc1@55.25C VDD_IN 10959mW/9606mW VDD_CPU_GPU_CV 4001mW/3199mW VDD_SOC 2912mW/2709mW
09-26-2026 21:08:33 RAM 6115/7620MB (lfb 1x1MB) SWAP 91/12002MB (cached 0MB) CPU [0%@1728,0%@1728,0%@1728,0%@1728,100%@1728,0%@1728] GR3D_FREQ 0% cpu@55.812C soc2@54.406C soc0@53.937C gpu@55.718C tj@55.812C soc1@55.218C VDD_IN 9161mW/9606mW VDD_CPU_GPU_CV 2873mW/3199mW VDD_SOC 2645mW/2709mW
09-26-2026 21:08:33 RAM 6115/7620MB (lfb 1x1MB) SWAP 91/12002MB (cached 0MB) CPU [1%@1728,0%@1728,0%@1728,0%@1728,100%@1728,0%@1728] GR3D_FREQ 0% cpu@55.281C soc2@54.281C soc0@54.187C gpu@55.531C tj@55.531C soc1@55.125C VDD_IN 8622mW/9605mW VDD_CPU_GPU_CV 2562mW/3198mW VDD_SOC 2566mW/2709mW
09-26-2026 21:08:34 RAM 6115/7620MB (lfb 1x1MB) SWAP 91/12002MB (cached 0MB) CPU [0%@1728,0%@1728,0%@1728,0%@1728,100%@1728,0%@1728] GR3D_FREQ 0% cpu@55.218C soc2@54.312C soc0@53.968C gpu@55.687C tj@55.687C soc1@55.062C VDD_IN 8464mW/9604mW VDD_CPU_GPU_CV 2444mW/3198mW VDD_SOC 2527mW/2709mW
09-26-2026 21:08:34 RAM 6115/7620MB (lfb 1x1MB) SWAP 91/12002MB (cached 0MB) CPU [2%@1728,0%@1728,0%@1728,0%@1728,100%@1728,0%@1728] GR3D_FREQ 0% cpu@55.093C soc2@54.125C soc0@53.968C gpu@55.437C tj@55.437C soc1@55.187C VDD_IN 8424mW/9603mW VDD_CPU_GPU_CV 2444mW/3197mW VDD_SOC 2527mW/2709mW
09-26-2026 21:08:35 RAM 6115/7620MB (lfb 1x1MB) SWAP 91/12002MB (cached 0MB) CPU [0%@1728,0%@1728,0%@1728,0%@1728,100%@1728,0%@1728] GR3D_FREQ 0% cpu@55.343C soc2@54.062C soc0@53.812C gpu@55.531C tj@55.531C soc1@55.062C VDD_IN 8385mW/9602mW VDD_CPU_GPU_CV 2365mW/3196mW VDD_SOC 2527mW/2709mW
09-26-2026 21:08:35 RAM 6115/7620MB (lfb 1x1MB) SWAP 91/12002MB (cached 0MB) CPU [0%@1728,0%@1728,0%@1728,0%@1728,100%@1728,0%@1728] GR3D_FREQ 0% cpu@55.062C soc2@54.062C soc0@53.968C gpu@55.312C tj@55.312C soc1@55.062C VDD_IN 8385mW/9601mW VDD_CPU_GPU_CV 2365mW/3195mW VDD_SOC 2527mW/2708mW
09-26-2026 21:08:36 RAM 6115/7620MB (lfb 1x1MB) SWAP 91/12002MB (cached 0MB) CPU [0%@1728,0%@1728,0%@1728,0%@1728,100%@1728,0%@1728] GR3D_FREQ 0% cpu@55.062C soc2@54C soc0@53.75C gpu@55.125C tj@55.125C soc1@54.968C VDD_IN 8385mW/9599mW VDD_CPU_GPU_CV 2404mW/3195mW VDD_SOC 2527mW/2708mW
09-26-2026 21:08:36 RAM 6115/7620MB (lfb 1x1MB) SWAP 91/12002MB (cached 0MB) CPU [0%@1728,0%@1728,0%@1728,0%@1728,100%@1728,0%@1728] GR3D_FREQ 0% cpu@54.875C soc2@53.968C soc0@53.75C gpu@55.562C tj@55.562C soc1@55.187C VDD_IN 8385mW/9598mW VDD_CPU_GPU_CV 2365mW/3194mW VDD_SOC 2527mW/2708mW
09-26-2026 21:08:37 RAM 6115/7620MB (lfb 1x1MB) SWAP 91/12002MB (cached 0MB) CPU [0%@1728,1%@1728,1%@1728,0%@1728,100%@1728,0%@1728] GR3D_FREQ 0% cpu@55.218C soc2@53.875C soc0@53.625C gpu@55.312C tj@55.312C soc1@55.062C VDD_IN 8385mW/9597mW VDD_CPU_GPU_CV 2365mW/3193mW VDD_SOC 2566mW/2708mW
09-26-2026 21:08:37 RAM 6115/7620MB (lfb 1x1MB) SWAP 91/12002MB (cached 0MB) CPU [0%@1728,0%@1728,0%@1728,11%@1728,46%@1728,0%@1728] GR3D_FREQ 0% cpu@55.156C soc2@54.25C soc0@53.718C gpu@55.843C tj@55.843C soc1@55C VDD_IN 12496mW/9600mW VDD_CPU_GPU_CV 5052mW/3195mW VDD_SOC 3295mW/2708mW
09-26-2026 21:08:38 RAM 6115/7620MB (lfb 1x1MB) SWAP 91/12002MB (cached 0MB) CPU [1%@1728,1%@1728,0%@1728,5%@1728,78%@1728,0%@1728] GR3D_FREQ 83% cpu@54.968C soc2@54.218C soc0@53.875C gpu@56.562C tj@56.562C soc1@55.031C VDD_IN 11296mW/9601mW VDD_CPU_GPU_CV 4276mW/3196mW VDD_SOC 3070mW/2709mW
09-26-2026 21:08:38 RAM 6115/7620MB (lfb 1x1MB) SWAP 91/12002MB (cached 0MB) CPU [0%@1728,0%@1728,1%@1728,0%@1728,14%@1728,0%@1728] GR3D_FREQ 87% cpu@54.968C soc2@54.562C soc0@53.968C gpu@57.187C tj@57.187C soc1@55.218C VDD_IN 15040mW/9606mW VDD_CPU_GPU_CV 6353mW/3199mW VDD_SOC 3753mW/2710mW
09-26-2026 21:08:39 RAM 6115/7620MB (lfb 1x1MB) SWAP 91/12002MB (cached 0MB) CPU [0%@1728,0%@1728,0%@1728,0%@1728,38%@1728,0%@1728] GR3D_FREQ 71% cpu@55.468C soc2@54.562C soc0@54.062C gpu@56.906C tj@56.906C soc1@55.218C VDD_IN 15158mW/9611mW VDD_CPU_GPU_CV 6275mW/3201mW VDD_SOC 3832mW/2711mW
09-26-2026 21:08:39 RAM 6115/7620MB (lfb 1x1MB) SWAP 91/12002MB (cached 0MB) CPU [1%@1728,0%@1728,0%@1728,0%@1728,93%@1728,0%@1728] GR3D_FREQ 0% cpu@55.343C soc2@54.375C soc0@54C gpu@56.125C tj@56.125C soc1@55.125C VDD_IN 10683mW/9612mW VDD_CPU_GPU_CV 3654mW/3202mW VDD_SOC 2991mW/2711mW
09-26-2026 21:08:40 RAM 6120/7620MB (lfb 1x1MB) SWAP 91/12002MB (cached 0MB) CPU [0%@1728,0%@1728,0%@1728,0%@1728,100%@1728,0%@1728] GR3D_FREQ 0% cpu@55.125C soc2@54.343C soc0@54.062C gpu@55.75C tj@55.75C soc1@55.093C VDD_IN 9042mW/9612mW VDD_CPU_GPU_CV 2715mW/3201mW VDD_SOC 2685mW/2711mW
09-26-2026 21:08:40 RAM 6124/7620MB (lfb 1x1MB) SWAP 91/12002MB (cached 0MB) CPU [1%@1728,0%@1728,0%@1728,0%@1728,100%@1728,0%@1728] GR3D_FREQ 0% cpu@55.093C soc2@54.093C soc0@54C gpu@55.468C tj@55.468C soc1@55.062C VDD_IN 8582mW/9611mW VDD_CPU_GPU_CV 2444mW/3201mW VDD_SOC 2566mW/2711mW
09-26-2026 21:08:41 RAM 6125/7620MB (lfb 1x1MB) SWAP 91/12002MB (cached 0MB) CPU [0%@1728,0%@1728,0%@1728,0%@1728,98%@1728,0%@1728] GR3D_FREQ 1% cpu@54.875C soc2@54.093C soc0@53.812C gpu@55.593C tj@55.593C soc1@55.218C VDD_IN 8424mW/9610mW VDD_CPU_GPU_CV 2404mW/3200mW VDD_SOC 2566mW/2711mW
09-26-2026 21:08:41 RAM 6125/7620MB (lfb 1x1MB) SWAP 91/12002MB (cached 0MB) CPU [0%@1728,0%@1728,0%@1728,0%@1728,100%@1728,0%@1728] GR3D_FREQ 0% cpu@55.125C soc2@54.031C soc0@53.75C gpu@55.281C tj@55.281C soc1@55.031C VDD_IN 8424mW/9609mW VDD_CPU_GPU_CV 2365mW/3199mW VDD_SOC 2527mW/2711mW
09-26-2026 21:08:42 RAM 6125/7620MB (lfb 1x1MB) SWAP 91/12002MB (cached 0MB) CPU [0%@1728,0%@1728,0%@1728,0%@1728,100%@1728,0%@1728] GR3D_FREQ 0% cpu@55.031C soc2@54.062C soc0@53.875C gpu@55.25C tj@55.25C soc1@55C VDD_IN 8385mW/9608mW VDD_CPU_GPU_CV 2326mW/3198mW VDD_SOC 2527mW/2710mW
09-26-2026 21:08:42 RAM 6126/7620MB (lfb 1x1MB) SWAP 91/12002MB (cached 0MB) CPU [0%@1728,1%@1728,0%@1728,0%@1728,100%@1728,0%@1728] GR3D_FREQ 0% cpu@54.937C soc2@53.937C soc0@53.843C gpu@55.562C tj@55.562C soc1@54.843C VDD_IN 8385mW/9607mW VDD_CPU_GPU_CV 2365mW/3198mW VDD_SOC 2527mW/2710mW
09-26-2026 21:08:43 RAM 6126/7620MB (lfb 1x1MB) SWAP 91/12002MB (cached 0MB) CPU [1%@1728,0%@1728,0%@1728,0%@1728,98%@1728,0%@1728] GR3D_FREQ 0% cpu@54.812C soc2@53.968C soc0@53.718C gpu@55.437C tj@55.437C soc1@55.156C VDD_IN 8543mW/9606mW VDD_CPU_GPU_CV 2483mW/3197mW VDD_SOC 2566mW/2710mW
09-26-2026 21:08:43 RAM 6126/7620MB (lfb 1x1MB) SWAP 91/12002MB (cached 0MB) CPU [0%@1728,0%@1728,0%@1728,0%@1728,100%@1728,0%@1728] GR3D_FREQ 0% cpu@55.218C soc2@53.875C soc0@53.656C gpu@55.156C tj@55.218C soc1@55C VDD_IN 8385mW/9605mW VDD_CPU_GPU_CV 2365mW/3196mW VDD_SOC 2527mW/2710mW
09-26-2026 21:08:44 RAM 6126/7620MB (lfb 1x1MB) SWAP 91/12002MB (cached 0MB) CPU [0%@1728,0%@1728,0%@1728,0%@1728,100%@1728,0%@1728] GR3D_FREQ 0% cpu@54.843C soc2@53.906C soc0@53.687C gpu@55.312C tj@55.312C soc1@55C VDD_IN 8385mW/9603mW VDD_CPU_GPU_CV 2326mW/3195mW VDD_SOC 2566mW/2710mW
09-26-2026 21:08:44 RAM 6126/7620MB (lfb 1x1MB) SWAP 91/12002MB (cached 0MB) CPU [0%@1728,0%@1728,0%@1728,0%@1728,100%@1728,0%@1728] GR3D_FREQ 0% cpu@54.968C soc2@53.906C soc0@53.656C gpu@55.125C tj@55.125C soc1@54.843C VDD_IN 8385mW/9602mW VDD_CPU_GPU_CV 2365mW/3195mW VDD_SOC 2527mW/2710mW
09-26-2026 21:08:45 RAM 6126/7620MB (lfb 1x1MB) SWAP 91/12002MB (cached 0MB) CPU [0%@1728,0%@1728,0%@1728,0%@1728,98%@1728,1%@1728] GR3D_FREQ 0% cpu@54.718C soc2@53.968C soc0@53.593C gpu@54.968C tj@55.031C soc1@55.031C VDD_IN 8503mW/9601mW VDD_CPU_GPU_CV 2444mW/3194mW VDD_SOC 2566mW/2710mW
09-26-2026 21:08:45 RAM 6126/7620MB (lfb 1x1MB) SWAP 91/12002MB (cached 0MB) CPU [0%@1728,0%@1728,0%@1728,0%@1728,100%@1728,0%@1728] GR3D_FREQ 0% cpu@55.031C soc2@53.875C soc0@53.531C gpu@55.406C tj@55.406C soc1@55.062C VDD_IN 8385mW/9600mW VDD_CPU_GPU_CV 2365mW/3193mW VDD_SOC 2527mW/2709mW
09-26-2026 21:08:46 RAM 6126/7620MB (lfb 1x1MB) SWAP 91/12002MB (cached 0MB) CPU [0%@1728,1%@1728,0%@1728,0%@1728,100%@1728,0%@1728] GR3D_FREQ 0% cpu@54.687C soc2@53.843C soc0@53.687C gpu@55.187C tj@55.187C soc1@54.906C VDD_IN 8424mW/9599mW VDD_CPU_GPU_CV 2286mW/3192mW VDD_SOC 2566mW/2709mW
09-26-2026 21:08:46 RAM 6127/7620MB (lfb 1x1MB) SWAP 91/12002MB (cached 0MB) CPU [0%@1728,0%@1728,0%@1728,0%@1728,100%@1728,0%@1728] GR3D_FREQ 0% cpu@54.656C soc2@53.781C soc0@53.531C gpu@55.031C tj@55.031C soc1@54.843C VDD_IN 8345mW/9598mW VDD_CPU_GPU_CV 2365mW/3192mW VDD_SOC 2527mW/2709mW
09-26-2026 21:08:47 RAM 6127/7620MB (lfb 1x1MB) SWAP 91/12002MB (cached 0MB) CPU [0%@1728,1%@1728,0%@1728,0%@1728,98%@1728,0%@1728] GR3D_FREQ 0% cpu@54.687C soc2@53.75C soc0@53.531C gpu@55.125C tj@55.125C soc1@54.968C VDD_IN 8503mW/9597mW VDD_CPU_GPU_CV 2444mW/3191mW VDD_SOC 2566mW/2709mW
09-26-2026 21:08:47 RAM 6127/7620MB (lfb 1x1MB) SWAP 91/12002MB (cached 0MB) CPU [0%@1728,0%@1728,0%@1728,0%@1728,100%@1728,0%@1728] GR3D_FREQ 0% cpu@55.156C soc2@53.75C soc0@53.5C gpu@54.968C tj@55.156C soc1@54.843C VDD_IN 8385mW/9596mW VDD_CPU_GPU_CV 2365mW/3190mW VDD_SOC 2527mW/2709mW
09-26-2026 21:08:48 RAM 6127/7620MB (lfb 1x1MB) SWAP 91/12002MB (cached 0MB) CPU [0%@1728,4%@1728,0%@1728,0%@1728,100%@1728,0%@1728] GR3D_FREQ 0% cpu@54.781C soc2@53.781C soc0@53.625C gpu@54.843C tj@54.843C soc1@54.843C VDD_IN 8464mW/9595mW VDD_CPU_GPU_CV 2326mW/3190mW VDD_SOC 2566mW/2709mW
09-26-2026 21:08:48 RAM 6127/7620MB (lfb 1x1MB) SWAP 91/12002MB (cached 0MB) CPU [0%@1728,0%@1728,0%@1728,0%@1728,100%@1728,0%@1728] GR3D_FREQ 0% cpu@54.593C soc2@53.718C soc0@53.468C gpu@55.156C tj@55.156C soc1@54.75C VDD_IN 8385mW/9594mW VDD_CPU_GPU_CV 2365mW/3189mW VDD_SOC 2527mW/2708mW
09-26-2026 21:08:49 RAM 6127/7620MB (lfb 1x1MB) SWAP 91/12002MB (cached 0MB) CPU [0%@1728,0%@1728,0%@1728,0%@1728,98%@1728,0%@1728] GR3D_FREQ 0% cpu@54.75C soc2@53.781C soc0@53.468C gpu@55.125C tj@55.125C soc1@54.968C VDD_IN 8464mW/9593mW VDD_CPU_GPU_CV 2404mW/3188mW VDD_SOC 2566mW/2708mW
09-26-2026 21:08:49 RAM 6127/7620MB (lfb 1x1MB) SWAP 91/12002MB (cached 0MB) CPU [0%@1728,0%@1728,0%@1728,0%@1728,100%@1728,0%@1728] GR3D_FREQ 0% cpu@55.156C soc2@53.718C soc0@53.312C gpu@54.906C tj@55.156C soc1@54.906C VDD_IN 8385mW/9592mW VDD_CPU_GPU_CV 2365mW/3187mW VDD_SOC 2527mW/2708mW
09-26-2026 21:08:50 RAM 6127/7620MB (lfb 1x1MB) SWAP 91/12002MB (cached 0MB) CPU [0%@1728,0%@1728,0%@1728,0%@1728,100%@1728,0%@1728] GR3D_FREQ 0% cpu@54.75C soc2@53.75C soc0@53.375C gpu@55C tj@55C soc1@54.75C VDD_IN 8385mW/9591mW VDD_CPU_GPU_CV 2326mW/3187mW VDD_SOC 2566mW/2708mW
09-26-2026 21:08:50 RAM 6127/7620MB (lfb 1x1MB) SWAP 91/12002MB (cached 0MB) CPU [0%@1728,3%@1728,0%@1728,0%@1728,100%@1728,0%@1728] GR3D_FREQ 0% cpu@54.593C soc2@53.656C soc0@53.375C gpu@54.875C tj@54.875C soc1@54.718C VDD_IN 8345mW/9589mW VDD_CPU_GPU_CV 2365mW/3186mW VDD_SOC 2527mW/2708mW
09-26-2026 21:08:51 RAM 6127/7620MB (lfb 1x1MB) SWAP 91/12002MB (cached 0MB) CPU [0%@1728,0%@1728,0%@1728,0%@1728,98%@1728,0%@1728] GR3D_FREQ 0% cpu@54.75C soc2@53.656C soc0@53.406C gpu@54.781C tj@54.875C soc1@54.875C VDD_IN 8424mW/9588mW VDD_CPU_GPU_CV 2365mW/3185mW VDD_SOC 2527mW/2708mW
09-26-2026 21:08:51 RAM 6127/7620MB (lfb 1x1MB) SWAP 91/12002MB (cached 0MB) CPU [0%@1728,0%@1728,0%@1728,0%@1728,100%@1728,0%@1728] GR3D_FREQ 0% cpu@54.656C soc2@53.593C soc0@53.5C gpu@55.062C tj@55.062C soc1@54.781C VDD_IN 8385mW/9587mW VDD_CPU_GPU_CV 2326mW/3184mW VDD_SOC 2527mW/2708mW
09-26-2026 21:08:52 RAM 6127/7620MB (lfb 1x1MB) SWAP 91/12002MB (cached 0MB) CPU [0%@1728,0%@1728,0%@1728,0%@1728,100%@1728,0%@1728] GR3D_FREQ 0% cpu@54.593C soc2@53.562C soc0@53.343C gpu@54.937C tj@54.937C soc1@54.718C VDD_IN 8345mW/9586mW VDD_CPU_GPU_CV 2326mW/3184mW VDD_SOC 2527mW/2707mW
09-26-2026 21:08:52 RAM 6127/7620MB (lfb 1x1MB) SWAP 91/12002MB (cached 0MB) CPU [0%@1728,0%@1728,0%@1728,0%@1728,100%@1728,0%@1728] GR3D_FREQ 0% cpu@54.562C soc2@53.625C soc0@53.5C gpu@54.75C tj@54.75C soc1@54.656C VDD_IN 8385mW/9585mW VDD_CPU_GPU_CV 2365mW/3183mW VDD_SOC 2527mW/2707mW
09-26-2026 21:08:53 RAM 6127/7620MB (lfb 1x1MB) SWAP 91/12002MB (cached 0MB) CPU [0%@1728,0%@1728,1%@1728,0%@1728,98%@1728,0%@1728] GR3D_FREQ 0% cpu@54.562C soc2@53.656C soc0@53.406C gpu@54.968C tj@54.968C soc1@54.656C VDD_IN 8424mW/9584mW VDD_CPU_GPU_CV 2365mW/3182mW VDD_SOC 2566mW/2707mW
09-26-2026 21:08:53 RAM 6127/7620MB (lfb 1x1MB) SWAP 91/12002MB (cached 0MB) CPU [0%@1728,0%@1728,0%@1728,0%@1728,100%@1728,0%@1728] GR3D_FREQ 0% cpu@54.687C soc2@53.562C soc0@53.281C gpu@54.781C tj@54.781C soc1@54.781C VDD_IN 8385mW/9583mW VDD_CPU_GPU_CV 2326mW/3181mW VDD_SOC 2527mW/2707mW
09-26-2026 21:08:54 RAM 6128/7620MB (lfb 1x1MB) SWAP 91/12002MB (cached 0MB) CPU [25%@1728,10%@1728,19%@1728,31%@1728,90%@1728,38%@1728] GR3D_FREQ 0% cpu@54.906C soc2@53.718C soc0@53.375C gpu@54.687C tj@54.906C soc1@54.656C VDD_IN 9121mW/9583mW VDD_CPU_GPU_CV 2912mW/3181mW VDD_SOC 2606mW/2707mW
09-26-2026 21:08:54 RAM 6128/7620MB (lfb 1x1MB) SWAP 91/12002MB (cached 0MB) CPU [100%@1728,2%@1728,5%@1728,2%@1728,0%@1728,10%@1728] GR3D_FREQ 0% cpu@54.781C soc2@53.812C soc0@53.406C gpu@55.031C tj@55.031C soc1@54.687C VDD_IN 8661mW/9582mW VDD_CPU_GPU_CV 2601mW/3181mW VDD_SOC 2566mW/2707mW
09-26-2026 21:08:55 RAM 6128/7620MB (lfb 1x1MB) SWAP 91/12002MB (cached 0MB) CPU [98%@1728,0%@1728,2%@1728,1%@1728,0%@1728,1%@1728] GR3D_FREQ 0% cpu@54.5C soc2@53.812C soc0@53.375C gpu@54.843C tj@54.843C soc1@54.625C VDD_IN 8503mW/9581mW VDD_CPU_GPU_CV 2444mW/3180mW VDD_SOC 2566mW/2707mW
09-26-2026 21:08:55 RAM 6128/7620MB (lfb 1x1MB) SWAP 91/12002MB (cached 0MB) CPU [100%@1728,0%@1728,0%@1728,0%@1728,0%@1728,0%@1728] GR3D_FREQ 0% cpu@55C soc2@53.718C soc0@53.281C gpu@55.031C tj@55.031C soc1@54.812C VDD_IN 8424mW/9580mW VDD_CPU_GPU_CV 2365mW/3179mW VDD_SOC 2566mW/2706mW
09-26-2026 21:08:56 RAM 6128/7620MB (lfb 1x1MB) SWAP 91/12002MB (cached 0MB) CPU [100%@1728,0%@1728,0%@1728,0%@1728,0%@1728,0%@1728] GR3D_FREQ 0% cpu@54.593C soc2@53.812C soc0@53.312C gpu@54.875C tj@54.875C soc1@54.687C VDD_IN 8385mW/9579mW VDD_CPU_GPU_CV 2326mW/3178mW VDD_SOC 2527mW/2706mW
09-26-2026 21:08:56 RAM 6128/7620MB (lfb 1x1MB) SWAP 91/12002MB (cached 0MB) CPU [100%@1728,1%@1728,0%@1728,0%@1728,0%@1728,0%@1728] GR3D_FREQ 0% cpu@54.687C soc2@53.781C soc0@53.437C gpu@54.687C tj@54.687C soc1@54.656C VDD_IN 8385mW/9578mW VDD_CPU_GPU_CV 2365mW/3178mW VDD_SOC 2527mW/2706mW
09-26-2026 21:08:57 RAM 6128/7620MB (lfb 1x1MB) SWAP 91/12002MB (cached 0MB) CPU [100%@1728,0%@1728,0%@1728,1%@1728,0%@1728,0%@1728] GR3D_FREQ 0% cpu@54.562C soc2@53.75C soc0@53.406C gpu@54.656C tj@54.656C soc1@54.625C VDD_IN 8345mW/9577mW VDD_CPU_GPU_CV 2326mW/3177mW VDD_SOC 2527mW/2706mW
09-26-2026 21:08:57 RAM 6128/7620MB (lfb 1x1MB) SWAP 91/12002MB (cached 0MB) CPU [100%@1728,1%@1728,0%@1728,0%@1728,0%@1728,0%@1728] GR3D_FREQ 0% cpu@54.531C soc2@53.625C soc0@53.218C gpu@54.968C tj@54.718C soc1@54.718C VDD_IN 8345mW/9576mW VDD_CPU_GPU_CV 2326mW/3176mW VDD_SOC 2527mW/2706mW
09-26-2026 21:08:58 RAM 6128/7620MB (lfb 1x1MB) SWAP 91/12002MB (cached 0MB) CPU [100%@1728,0%@1728,0%@1728,0%@1728,0%@1728,0%@1728] GR3D_FREQ 0% cpu@54.468C soc2@53.687C soc0@53.281C gpu@54.625C tj@54.625C soc1@54.625C VDD_IN 8385mW/9574mW VDD_CPU_GPU_CV 2326mW/3175mW VDD_SOC 2566mW/2706mW
09-26-2026 21:08:58 RAM 6128/7620MB (lfb 1x1MB) SWAP 91/12002MB (cached 0MB) CPU [98%@1728,0%@1728,0%@1728,0%@1728,0%@1728,0%@1728] GR3D_FREQ 0% cpu@54.812C soc2@53.781C soc0@53.093C gpu@54.875C tj@54.875C soc1@54.656C VDD_IN 8543mW/9574mW VDD_CPU_GPU_CV 2483mW/3175mW VDD_SOC 2566mW/2706mW
09-26-2026 21:08:59 RAM 6128/7620MB (lfb 1x1MB) SWAP 91/12002MB (cached 0MB) CPU [100%@1728,1%@1728,0%@1728,0%@1728,0%@1728,0%@1728] GR3D_FREQ 0% cpu@54.531C soc2@53.75C soc0@53.375C gpu@54.75C tj@54.75C soc1@54.468C VDD_IN 8424mW/9573mW VDD_CPU_GPU_CV 2365mW/3174mW VDD_SOC 2527mW/2705mW
09-26-2026 21:08:59 RAM 6128/7620MB (lfb 1x1MB) SWAP 91/12002MB (cached 0MB) CPU [100%@1728,0%@1728,0%@1728,0%@1728,1%@1728,0%@1728] GR3D_FREQ 0% cpu@54.25C soc2@53.593C soc0@53.156C gpu@54.593C tj@54.593C soc1@54.5C VDD_IN 8424mW/9572mW VDD_CPU_GPU_CV 2286mW/3173mW VDD_SOC 2566mW/2705mW
09-26-2026 21:09:00 RAM 6128/7620MB (lfb 1x1MB) SWAP 91/12002MB (cached 0MB) CPU [100%@1728,0%@1728,2%@1728,0%@1728,0%@1728,0%@1728] GR3D_FREQ 0% cpu@54.531C soc2@53.687C soc0@53.312C gpu@54.562C tj@54.75C soc1@54.75C VDD_IN 8385mW/9570mW VDD_CPU_GPU_CV 2365mW/3173mW VDD_SOC 2527mW/2705mW
09-26-2026 21:09:00 RAM 6128/7620MB (lfb 1x1MB) SWAP 91/12002MB (cached 0MB) CPU [100%@1728,0%@1728,0%@1728,0%@1728,0%@1728,0%@1728] GR3D_FREQ 0% cpu@54.781C soc2@53.625C soc0@53.187C gpu@54.625C tj@54.781C soc1@54.593C VDD_IN 8345mW/9569mW VDD_CPU_GPU_CV 2326mW/3172mW VDD_SOC 2527mW/2705mW
09-26-2026 21:09:01 RAM 6128/7620MB (lfb 1x1MB) SWAP 91/12002MB (cached 0MB) CPU [100%@1728,0%@1728,0%@1728,0%@1728,0%@1728,0%@1728] GR3D_FREQ 0% cpu@54.375C soc2@53.687C soc0@53.406C gpu@54.468C tj@54.5C soc1@54.5C VDD_IN 8385mW/9568mW VDD_CPU_GPU_CV 2326mW/3171mW VDD_SOC 2527mW/2705mW
09-26-2026 21:09:01 RAM 6128/7620MB (lfb 1x1MB) SWAP 91/12002MB (cached 0MB) CPU [100%@1728,0%@1728,0%@1728,0%@1728,0%@1728,0%@1728] GR3D_FREQ 0% cpu@54.375C soc2@53.5C soc0@53.187C gpu@54.75C tj@54.75C soc1@54.531C VDD_IN 8345mW/9567mW VDD_CPU_GPU_CV 2326mW/3170mW VDD_SOC 2527mW/2705mW
09-26-2026 21:09:02 RAM 6128/7620MB (lfb 1x1MB) SWAP 91/12002MB (cached 0MB) CPU [51%@1728,0%@1728,0%@1728,0%@1728,0%@1728,0%@1728] GR3D_FREQ 74% cpu@54.5C soc2@53.75C soc0@53.187C gpu@56.062C tj@56.062C soc1@54.656C VDD_IN 13085mW/9570mW VDD_CPU_GPU_CV 5044mW/3172mW VDD_SOC 3413mW/2705mW
09-26-2026 21:09:02 RAM 6128/7620MB (lfb 1x1MB) SWAP 91/12002MB (cached 0MB) CPU [63%@1728,9%@1728,0%@1728,4%@1728,0%@1728,0%@1728] GR3D_FREQ 43% cpu@54.843C soc2@53.843C soc0@53.343C gpu@55.75C tj@55.75C soc1@54.625C VDD_IN 12083mW/9573mW VDD_CPU_GPU_CV 4386mW/3173mW VDD_SOC 3261mW/2706mW
09-26-2026 21:09:03 RAM 6128/7620MB (lfb 1x1MB) SWAP 91/12002MB (cached 0MB) CPU [62%@1728,21%@1728,1%@1728,9%@1728,0%@1728,0%@1728] GR3D_FREQ 0% cpu@54.718C soc2@54C soc0@53.593C gpu@55C tj@55C soc1@54.562C VDD_IN 10447mW/9573mW VDD_CPU_GPU_CV 3458mW/3173mW VDD_SOC 2952mW/2706mW
09-26-2026 21:09:03 RAM 6128/7620MB (lfb 1x1MB) SWAP 91/12002MB (cached 0MB) CPU [100%@1728,0%@1728,0%@1728,0%@1728,0%@1728,0%@1728] GR3D_FREQ 0% cpu@54.531C soc2@53.906C soc0@53.406C gpu@54.812C tj@54.812C soc1@54.468C VDD_IN 8963mW/9573mW VDD_CPU_GPU_CV 2680mW/3173mW VDD_SOC 2685mW/2706mW
09-26-2026 21:09:04 RAM 6125/7620MB (lfb 1x1MB) SWAP 91/12002MB (cached 0MB) CPU [100%@1728,1%@1728,4%@1728,0%@1728,0%@1728,0%@1728] GR3D_FREQ 0% cpu@54.656C soc2@53.718C soc0@53.406C gpu@55.125C tj@55.125C soc1@54.656C VDD_IN 8582mW/9572mW VDD_CPU_GPU_CV 2404mW/3172mW VDD_SOC 2606mW/2706mW
09-26-2026 21:09:04 RAM 6126/7620MB (lfb 1x1MB) SWAP 91/12002MB (cached 0MB) CPU [100%@1728,0%@1728,0%@1728,0%@1728,0%@1728,0%@1728] GR3D_FREQ 0% cpu@54.468C soc2@53.75C soc0@53.281C gpu@54.937C tj@54.937C soc1@54.625C VDD_IN 8424mW/9571mW VDD_CPU_GPU_CV 2404mW/3172mW VDD_SOC 2566mW/2706mW
09-26-2026 21:09:05 RAM 6126/7620MB (lfb 1x1MB) SWAP 91/12002MB (cached 0MB) CPU [92%@1728,3%@1728,1%@1728,8%@1728,0%@1728,0%@1728] GR3D_FREQ 0% cpu@54.562C soc2@53.5C soc0@53.125C gpu@55.062C tj@55.062C soc1@54.593C VDD_IN 8464mW/9570mW VDD_CPU_GPU_CV 2404mW/3171mW VDD_SOC 2566mW/2706mW
09-26-2026 21:09:05 RAM 6126/7620MB (lfb 1x1MB) SWAP 91/12002MB (cached 0MB) CPU [0%@1728,0%@1728,0%@1728,100%@1728,0%@1728,0%@1728] GR3D_FREQ 0% cpu@54.406C soc2@53.468C soc0@53.187C gpu@54.843C tj@54.843C soc1@54.437C VDD_IN 8385mW/9569mW VDD_CPU_GPU_CV 2326mW/3170mW VDD_SOC 2527mW/2706mW
09-26-2026 21:09:06 RAM 6126/7620MB (lfb 1x1MB) SWAP 91/12002MB (cached 0MB) CPU [0%@1728,0%@1728,0%@1728,100%@1728,0%@1728,0%@1728] GR3D_FREQ 0% cpu@54.5C soc2@53.406C soc0@53.031C gpu@54.656C tj@54.656C soc1@54.468C VDD_IN 8385mW/9568mW VDD_CPU_GPU_CV 2286mW/3169mW VDD_SOC 2566mW/2705mW
09-26-2026 21:09:06 RAM 6126/7620MB (lfb 1x1MB) SWAP 91/12002MB (cached 0MB) CPU [0%@1728,0%@1728,10%@1728,100%@1728,80%@1728,0%@1728] GR3D_FREQ 0% cpu@54.875C soc2@53.5C soc0@53.062C gpu@54.562C tj@54.875C soc1@54.562C VDD_IN 8899mW/9567mW VDD_CPU_GPU_CV 2799mW/3169mW VDD_SOC 2566mW/2705mW
09-26-2026 21:09:07 RAM 6126/7620MB (lfb 1x1MB) SWAP 91/12002MB (cached 0MB) CPU [0%@1728,0%@1728,1%@1728,80%@1728,100%@1728,0%@1728] GR3D_FREQ 0% cpu@54.781C soc2@53.375C soc0@53.187C gpu@55C tj@55C soc1@54.5C VDD_IN 8938mW/9567mW VDD_CPU_GPU_CV 2799mW/3169mW VDD_SOC 2566mW/2705mW
09-26-2026 21:09:07 RAM 6126/7620MB (lfb 1x1MB) SWAP 91/12002MB (cached 0MB) CPU [0%@1728,72%@1728,0%@1728,0%@1728,100%@1728,0%@1728] GR3D_FREQ 0% cpu@54.593C soc2@53.593C soc0@53.156C gpu@54.468C tj@54.593C soc1@54.375C VDD_IN 9017mW/9566mW VDD_CPU_GPU_CV 2877mW/3168mW VDD_SOC 2566mW/2705mW
09-26-2026 21:09:08 RAM 6126/7620MB (lfb 1x1MB) SWAP 91/12002MB (cached 0MB) CPU [1%@1728,100%@1728,0%@1728,4%@1728,100%@1728,0%@1728] GR3D_FREQ 0% cpu@54.687C soc2@53.593C soc0@53.25C gpu@54.937C tj@54.937C soc1@54.5C VDD_IN 9200mW/9566mW VDD_CPU_GPU_CV 3030mW/3168mW VDD_SOC 2566mW/2705mW
09-26-2026 21:09:08 RAM 6126/7620MB (lfb 1x1MB) SWAP 91/12002MB (cached 0MB) CPU [2%@1728,60%@1728,0%@1728,56%@1728,96%@1728,0%@1728] GR3D_FREQ 0% cpu@54.875C soc2@53.531C soc0@53.281C gpu@54.781C tj@54.875C soc1@54.656C VDD_IN 9240mW/9566mW VDD_CPU_GPU_CV 3030mW/3168mW VDD_SOC 2606mW/2705mW
09-26-2026 21:09:09 RAM 6126/7620MB (lfb 1x1MB) SWAP 91/12002MB (cached 0MB) CPU [0%@1728,0%@1728,0%@1728,100%@1728,100%@1728,0%@1728] GR3D_FREQ 0% cpu@55.281C soc2@53.468C soc0@53C gpu@54.687C tj@55.281C soc1@54.562C VDD_IN 9240mW/9565mW VDD_CPU_GPU_CV 3070mW/3168mW VDD_SOC 2606mW/2705mW
09-26-2026 21:09:09 RAM 6126/7620MB (lfb 1x1MB) SWAP 91/12002MB (cached 0MB) CPU [0%@1728,0%@1728,0%@1728,100%@1728,75%@1728,34%@1728] GR3D_FREQ 0% cpu@54.75C soc2@53.562C soc0@53.156C gpu@54.593C tj@54.75C soc1@54.531C VDD_IN 9279mW/9565mW VDD_CPU_GPU_CV 3030mW/3168mW VDD_SOC 2601mW/2705mW
09-26-2026 21:09:10 RAM 6126/7620MB (lfb 1x1MB) SWAP 91/12002MB (cached 0MB) CPU [0%@1728,0%@1728,0%@1728,100%@1728,0%@1728,100%@1728] GR3D_FREQ 0% cpu@54.781C soc2@53.656C soc0@53.343C gpu@54.625C tj@54.781C soc1@54.562C VDD_IN 9240mW/9565mW VDD_CPU_GPU_CV 3070mW/3168mW VDD_SOC 2566mW/2705mW
09-26-2026 21:09:10 RAM 6126/7620MB (lfb 1x1MB) SWAP 91/12002MB (cached 0MB) CPU [1%@1728,0%@1728,1%@1728,34%@1728,15%@1728,100%@1728] GR3D_FREQ 0% cpu@54.562C soc2@53.5C soc0@53.093C gpu@54.468C tj@54.718C soc1@54.718C VDD_IN 8938mW/9564mW VDD_CPU_GPU_CV 2759mW/3168mW VDD_SOC 2606mW/2704mW
09-26-2026 21:09:11 RAM 6126/7620MB (lfb 1x1MB) SWAP 91/12002MB (cached 0MB) CPU [100%@1728,0%@1728,0%@1728,0%@1728,0%@1728,100%@1728] GR3D_FREQ 0% cpu@54.812C soc2@53.562C soc0@52.906C gpu@55C tj@55C soc1@54.562C VDD_IN 9082mW/9564mW VDD_CPU_GPU_CV 2952mW/3167mW VDD_SOC 2566mW/2704mW
09-26-2026 21:09:11 RAM 6126/7620MB (lfb 1x1MB) SWAP 91/12002MB (cached 0MB) CPU [100%@1728,0%@1728,3%@1728,0%@1728,0%@1728,50%@1728] GR3D_FREQ 0% cpu@54.625C soc2@53.468C soc0@52.968C gpu@54.687C tj@54.687C soc1@54.531C VDD_IN 8859mW/9563mW VDD_CPU_GPU_CV 2680mW/3167mW VDD_SOC 2566mW/2704mW
09-26-2026 21:09:12 RAM 6126/7620MB (lfb 1x1MB) SWAP 91/12002MB (cached 0MB) CPU [100%@1728,3%@1728,2%@1728,1%@1728,0%@1728,0%@1728] GR3D_FREQ 0% cpu@54.593C soc2@53.75C soc0@53.312C gpu@54.593C tj@54.593C soc1@54.5C VDD_IN 8582mW/9562mW VDD_CPU_GPU_CV 2523mW/3166mW VDD_SOC 2566mW/2704mW
09-26-2026 21:09:12 RAM 6126/7620MB (lfb 1x1MB) SWAP 91/12002MB (cached 0MB) CPU [100%@1728,0%@1728,0%@1728,0%@1728,0%@1728,0%@1728] GR3D_FREQ 0% cpu@54.343C soc2@53.468C soc0@53.062C gpu@54.625C tj@54.687C soc1@54.687C VDD_IN 8424mW/9561mW VDD_CPU_GPU_CV 2404mW/3166mW VDD_SOC 2527mW/2704mW
09-26-2026 21:09:13 RAM 6126/7620MB (lfb 1x1MB) SWAP 91/12002MB (cached 0MB) CPU [88%@1728,5%@1728,0%@1728,0%@1728,0%@1728,0%@1728] GR3D_FREQ 0% cpu@54.718C soc2@53.656C soc0@53.093C gpu@54.593C tj@54.718C soc1@54.593C VDD_IN 8820mW/9561mW VDD_CPU_GPU_CV 2562mW/3165mW VDD_SOC 2645mW/2704mW
09-26-2026 21:09:13 RAM 6126/7620MB (lfb 1x1MB) SWAP 91/12002MB (cached 0MB) CPU [100%@1728,0%@1728,0%@1728,0%@1728,0%@1728,0%@1728] GR3D_FREQ 0% cpu@54.281C soc2@53.437C soc0@53.062C gpu@54.406C tj@54.531C soc1@54.531C VDD_IN 8503mW/9560mW VDD_CPU_GPU_CV 2444mW/3165mW VDD_SOC 2566mW/2704mW
09-26-2026 21:09:14 RAM 6126/7620MB (lfb 1x1MB) SWAP 91/12002MB (cached 0MB) CPU [100%@1728,0%@1728,0%@1728,0%@1728,0%@1728,0%@1728] GR3D_FREQ 0% cpu@54.468C soc2@53.625C soc0@53.25C gpu@54.906C tj@54.906C soc1@54.437C VDD_IN 8385mW/9559mW VDD_CPU_GPU_CV 2404mW/3164mW VDD_SOC 2527mW/2704mW
09-26-2026 21:09:15 RAM 6126/7620MB (lfb 1x1MB) SWAP 91/12002MB (cached 0MB) CPU [100%@1728,0%@1728,1%@1728,0%@1728,0%@1728,1%@1728] GR3D_FREQ 0% cpu@54.656C soc2@53.468C soc0@53.156C gpu@54.625C tj@54.656C soc1@54.5C VDD_IN 8385mW/9558mW VDD_CPU_GPU_CV 2404mW/3163mW VDD_SOC 2527mW/2703mW
09-26-2026 21:09:15 RAM 6126/7620MB (lfb 1x1MB) SWAP 91/12002MB (cached 0MB) CPU [100%@1728,0%@1728,0%@1728,0%@1728,0%@1728,0%@1728] GR3D_FREQ 0% cpu@54.531C soc2@53.562C soc0@53.093C gpu@54.75C tj@54.75C soc1@54.656C VDD_IN 8345mW/9557mW VDD_CPU_GPU_CV 2365mW/3163mW VDD_SOC 2527mW/2703mW
09-26-2026 21:09:16 RAM 6126/7620MB (lfb 1x1MB) SWAP 91/12002MB (cached 0MB) CPU [100%@1728,0%@1728,0%@1728,0%@1728,0%@1728,0%@1728] GR3D_FREQ 0% cpu@54.312C soc2@53.312C soc0@52.906C gpu@54.531C tj@54.531C soc1@54.531C VDD_IN 8345mW/9556mW VDD_CPU_GPU_CV 2326mW/3162mW VDD_SOC 2527mW/2703mW
09-26-2026 21:09:16 RAM 6126/7620MB (lfb 1x1MB) SWAP 91/12002MB (cached 0MB) CPU [100%@1728,0%@1728,0%@1728,0%@1728,0%@1728,0%@1728] GR3D_FREQ 0% cpu@54.5C soc2@53.468C soc0@53.093C gpu@54.468C tj@54.5C soc1@54.406C VDD_IN 8345mW/9555mW VDD_CPU_GPU_CV 2365mW/3161mW VDD_SOC 2527mW/2703mW
09-26-2026 21:09:17 RAM 6126/7620MB (lfb 1x1MB) SWAP 91/12002MB (cached 0MB) CPU [100%@1728,0%@1728,0%@1728,0%@1728,0%@1728,0%@1728] GR3D_FREQ 0% cpu@54.343C soc2@53.468C soc0@53.062C gpu@54.312C tj@54.343C soc1@54.343C VDD_IN 8305mW/9554mW VDD_CPU_GPU_CV 2326mW/3160mW VDD_SOC 2531mW/2703mW
09-26-2026 21:09:17 RAM 6126/7620MB (lfb 1x1MB) SWAP 91/12002MB (cached 0MB) CPU [100%@1728,0%@1728,0%@1728,0%@1728,0%@1728,0%@1728] GR3D_FREQ 0% cpu@54.25C soc2@53.375C soc0@53.125C gpu@54.406C tj@54.5C soc1@54.5C VDD_IN 8345mW/9553mW VDD_CPU_GPU_CV 2326mW/3160mW VDD_SOC 2531mW/2703mW
09-26-2026 21:09:18 RAM 6126/7620MB (lfb 1x1MB) SWAP 91/12002MB (cached 0MB) CPU [100%@1728,0%@1728,1%@1728,0%@1728,0%@1728,1%@1728] GR3D_FREQ 0% cpu@54.343C soc2@53.468C soc0@53.062C gpu@54.25C tj@54.531C soc1@54.531C VDD_IN 8345mW/9552mW VDD_CPU_GPU_CV 2365mW/3159mW VDD_SOC 2527mW/2703mW
09-26-2026 21:09:18 RAM 6126/7620MB (lfb 1x1MB) SWAP 91/12002MB (cached 0MB) CPU [100%@1728,0%@1728,0%@1728,0%@1728,0%@1728,0%@1728] GR3D_FREQ 0% cpu@54.437C soc2@53.5C soc0@52.937C gpu@54.718C tj@54.718C soc1@54.281C VDD_IN 8345mW/9551mW VDD_CPU_GPU_CV 2326mW/3158mW VDD_SOC 2531mW/2702mW
09-26-2026 21:09:19 RAM 6126/7620MB (lfb 1x1MB) SWAP 91/12002MB (cached 0MB) CPU [86%@1728,6%@1728,0%@1728,0%@1728,0%@1728,0%@1728] GR3D_FREQ 38% cpu@54.218C soc2@53.593C soc0@53.031C gpu@55.125C tj@55.125C soc1@54.281C VDD_IN 10644mW/9552mW VDD_CPU_GPU_CV 3615mW/3159mW VDD_SOC 3070mW/2703mW
09-26-2026 21:09:19 RAM 6117/7620MB (lfb 1x1MB) SWAP 91/12002MB (cached 0MB) CPU [54%@1728,2%@1728,10%@1728,2%@1728,37%@1728,0%@1728] GR3D_FREQ 3% cpu@54.093C soc2@53.281C soc0@53.156C gpu@54.531C tj@54.562C soc1@54.312C VDD_IN 9240mW/9551mW VDD_CPU_GPU_CV 2637mW/3158mW VDD_SOC 2803mW/2703mW
09-26-2026 21:09:20 RAM 6118/7620MB (lfb 1x1MB) SWAP 91/12002MB (cached 0MB) CPU [0%@1728,0%@1728,0%@1728,0%@1728,95%@1728,0%@1728] GR3D_FREQ 2% cpu@54.468C soc2@53.281C soc0@52.906C gpu@54.593C tj@54.593C soc1@54.375C VDD_IN 8859mW/9551mW VDD_CPU_GPU_CV 2483mW/3158mW VDD_SOC 2685mW/2703mW
09-26-2026 21:09:20 RAM 6118/7620MB (lfb 1x1MB) SWAP 91/12002MB (cached 0MB) CPU [0%@1728,0%@1728,0%@1728,0%@1728,94%@1728,0%@1728] GR3D_FREQ 2% cpu@54.281C soc2@53.25C soc0@52.968C gpu@54.312C tj@54.312C soc1@54.281C VDD_IN 8740mW/9550mW VDD_CPU_GPU_CV 2444mW/3157mW VDD_SOC 2645mW/2703mW
09-26-2026 21:09:21 RAM 6114/7620MB (lfb 1x1MB) SWAP 91/12002MB (cached 0MB) CPU [1%@1728,0%@1728,0%@1728,0%@1728,90%@1728,0%@1728] GR3D_FREQ 2% cpu@54.343C soc2@53.281C soc0@53.062C gpu@54.281C tj@54.343C soc1@54.312C VDD_IN 8740mW/9549mW VDD_CPU_GPU_CV 2483mW/3157mW VDD_SOC 2606mW/2703mW
09-26-2026 21:09:21 RAM 6114/7620MB (lfb 1x1MB) SWAP 91/12002MB (cached 0MB) CPU [0%@1728,0%@1728,3%@1728,0%@1728,89%@1728,0%@1728] GR3D_FREQ 0% cpu@54.125C soc2@53.375C soc0@53C gpu@54.562C tj@54.562C soc1@54.343C VDD_IN 8464mW/9548mW VDD_CPU_GPU_CV 2326mW/3156mW VDD_SOC 2606mW/2703mW
09-26-2026 21:09:22 RAM 6114/7620MB (lfb 1x1MB) SWAP 91/12002MB (cached 0MB) CPU [0%@1728,0%@1728,0%@1728,0%@1728,56%@1728,0%@1728] GR3D_FREQ 85% cpu@53.875C soc2@53.437C soc0@52.906C gpu@56.156C tj@56.156C soc1@54.437C VDD_IN 11886mW/9550mW VDD_CPU_GPU_CV 4856mW/3157mW VDD_SOC 2986mW/2703mW
09-26-2026 21:09:22 RAM 6114/7620MB (lfb 1x1MB) SWAP 91/12002MB (cached 0MB) CPU [0%@1728,0%@1728,2%@1728,1%@1728,6%@1728,0%@1728] GR3D_FREQ 83% cpu@54.656C soc2@53.843C soc0@53.125C gpu@56.968C tj@56.968C soc1@54.375C VDD_IN 15471mW/9555mW VDD_CPU_GPU_CV 7976mW/3161mW VDD_SOC 3167mW/2703mW
09-26-2026 21:09:23 RAM 6114/7620MB (lfb 1x1MB) SWAP 91/12002MB (cached 0MB) CPU [0%@1728,0%@1728,0%@1728,1%@1728,3%@1728,0%@1728] GR3D_FREQ 99% cpu@54.75C soc2@54.312C soc0@53.562C gpu@57.656C tj@57.656C soc1@54.531C VDD_IN 17607mW/9562mW VDD_CPU_GPU_CV 9834mW/3167mW VDD_SOC 3235mW/2704mW
09-26-2026 21:09:23 RAM 6114/7620MB (lfb 1x1MB) SWAP 91/12002MB (cached 0MB) CPU [0%@1728,0%@1728,0%@1728,0%@1728,11%@1728,0%@1728] GR3D_FREQ 87% cpu@54.562C soc2@54.343C soc0@53.687C gpu@57.125C tj@57.125C soc1@54.468C VDD_IN 16110mW/9568mW VDD_CPU_GPU_CV 8352mW/3171mW VDD_SOC 3279mW/2704mW
09-26-2026 21:09:24 RAM 6114/7620MB (lfb 1x1MB) SWAP 91/12002MB (cached 0MB) CPU [0%@1728,0%@1728,0%@1728,0%@1728,21%@1728,0%@1728] GR3D_FREQ 86% cpu@54.718C soc2@54.343C soc0@53.625C gpu@57.093C tj@57.093C soc1@54.781C VDD_IN 15314mW/9573mW VDD_CPU_GPU_CV 7665mW/3175mW VDD_SOC 3206mW/2705mW
09-26-2026 21:09:24 RAM 6116/7620MB (lfb 1x1MB) SWAP 91/12002MB (cached 0MB) CPU [17%@1728,21%@1728,18%@1728,16%@1728,15%@1728,5%@1728] GR3D_FREQ 80% cpu@55.593C soc2@54.531C soc0@53.75C gpu@57.843C tj@57.843C soc1@54.812C VDD_IN 16501mW/9579mW VDD_CPU_GPU_CV 8818mW/3180mW VDD_SOC 3240mW/2705mW
09-26-2026 21:09:25 RAM 6116/7620MB (lfb 1x1MB) SWAP 91/12002MB (cached 0MB) CPU [3%@1728,2%@1728,6%@1728,10%@1728,6%@1728,1%@1728] GR3D_FREQ 84% cpu@55.187C soc2@54.687C soc0@53.687C gpu@58.156C tj@58.156C soc1@54.75C VDD_IN 17294mW/9585mW VDD_CPU_GPU_CV 9579mW/3185mW VDD_SOC 3235mW/2705mW
09-26-2026 21:09:25 RAM 6116/7620MB (lfb 1x1MB) SWAP 91/12002MB (cached 0MB) CPU [0%@1728,0%@1728,1%@1728,0%@1728,4%@1728,0%@1728] GR3D_FREQ 99% cpu@55.187C soc2@54.812C soc0@54.062C gpu@58.062C tj@58.062C soc1@54.75C VDD_IN 16592mW/9591mW VDD_CPU_GPU_CV 9036mW/3190mW VDD_SOC 3201mW/2706mW
09-26-2026 21:09:26 RAM 6116/7620MB (lfb 1x1MB) SWAP 91/12002MB (cached 0MB) CPU [3%@1728,3%@1728,0%@1728,0%@1728,9%@1728,0%@1728] GR3D_FREQ 99% cpu@55.281C soc2@54.781C soc0@54.093C gpu@58C tj@58C soc1@55.062C VDD_IN 16189mW/9597mW VDD_CPU_GPU_CV 8585mW/3195mW VDD_SOC 3201mW/2706mW
09-26-2026 21:09:26 RAM 6116/7620MB (lfb 1x1MB) SWAP 91/12002MB (cached 0MB) CPU [0%@1728,3%@1728,0%@1728,0%@1728,24%@1728,0%@1728] GR3D_FREQ 70% cpu@55.187C soc2@54.812C soc0@54.093C gpu@57.5C tj@57.5C soc1@55.062C VDD_IN 15563mW/9602mW VDD_CPU_GPU_CV 8235mW/3199mW VDD_SOC 3045mW/2707mW
09-26-2026 21:09:27 RAM 6116/7620MB (lfb 1x1MB) SWAP 91/12002MB (cached 0MB) CPU [0%@1728,4%@1728,0%@1728,0%@1728,20%@1728,0%@1728] GR3D_FREQ 99% cpu@55.343C soc2@54.843C soc0@54.062C gpu@57.656C tj@57.656C soc1@55.031C VDD_IN 15758mW/9607mW VDD_CPU_GPU_CV 7782mW/3203mW VDD_SOC 3318mW/2707mW
09-26-2026 21:09:27 RAM 6116/7620MB (lfb 1x1MB) SWAP 91/12002MB (cached 0MB) CPU [0%@1728,6%@1728,0%@1728,0%@1728,18%@1728,0%@1728] GR3D_FREQ 77% cpu@55.375C soc2@54.968C soc0@54.312C gpu@58C tj@58C soc1@55.062C VDD_IN 16501mW/9613mW VDD_CPU_GPU_CV 7808mW/3207mW VDD_SOC 3591mW/2708mW
09-26-2026 21:09:28 RAM 6116/7620MB (lfb 1x1MB) SWAP 91/12002MB (cached 0MB) CPU [0%@1728,22%@1728,0%@1728,0%@1728,15%@1728,47%@1728] GR3D_FREQ 0% cpu@55.468C soc2@54.781C soc0@54.125C gpu@56.625C tj@56.625C soc1@55.031C VDD_IN 13164mW/9616mW VDD_CPU_GPU_CV 5396mW/3209mW VDD_SOC 3217mW/2708mW
09-26-2026 21:09:28 RAM 6116/7620MB (lfb 1x1MB) SWAP 91/12002MB (cached 0MB) CPU [0%@1728,0%@1728,0%@1728,0%@1728,0%@1728,100%@1728] GR3D_FREQ 0% cpu@55.031C soc2@54.437C soc0@54.125C gpu@55.968C tj@55.968C soc1@55.25C VDD_IN 9753mW/9616mW VDD_CPU_GPU_CV 3266mW/3209mW VDD_SOC 2720mW/2708mW
09-26-2026 21:09:29 RAM 6116/7620MB (lfb 1x1MB) SWAP 91/12002MB (cached 0MB) CPU [0%@1728,0%@1728,0%@1728,0%@1728,0%@1728,100%@1728] GR3D_FREQ 0% cpu@55.281C soc2@54.218C soc0@54C gpu@55.593C tj@55.593C soc1@55.187C VDD_IN 8859mW/9615mW VDD_CPU_GPU_CV 2720mW/3208mW VDD_SOC 2606mW/2708mW
09-26-2026 21:09:29 RAM 6116/7620MB (lfb 1x1MB) SWAP 91/12002MB (cached 0MB) CPU [0%@1728,5%@1728,0%@1728,0%@1728,0%@1728,100%@1728] GR3D_FREQ 0% cpu@54.968C soc2@54.281C soc0@54.093C gpu@55.375C tj@55.375C soc1@55.062C VDD_IN 8543mW/9614mW VDD_CPU_GPU_CV 2483mW/3208mW VDD_SOC 2566mW/2708mW
09-26-2026 21:09:30 RAM 6116/7620MB (lfb 1x1MB) SWAP 91/12002MB (cached 0MB) CPU [0%@1728,0%@1728,0%@1728,0%@1728,0%@1728,100%@1728] GR3D_FREQ 0% cpu@54.75C soc2@54.187C soc0@53.906C gpu@55.656C tj@55.656C soc1@55C VDD_IN 8424mW/9613mW VDD_CPU_GPU_CV 2404mW/3207mW VDD_SOC 2527mW/2708mW
09-26-2026 21:09:30 RAM 6116/7620MB (lfb 1x1MB) SWAP 91/12002MB (cached 0MB) CPU [0%@1728,0%@1728,0%@1728,0%@1728,0%@1728,100%@1728] GR3D_FREQ 0% cpu@54.718C soc2@53.968C soc0@53.843C gpu@55.468C tj@55.468C soc1@55.156C VDD_IN 8385mW/9612mW VDD_CPU_GPU_CV 2404mW/3207mW VDD_SOC 2527mW/2708mW
09-26-2026 21:09:31 RAM 6116/7620MB (lfb 1x1MB) SWAP 91/12002MB (cached 0MB) CPU [0%@1728,0%@1728,0%@1728,0%@1728,0%@1728,100%@1728] GR3D_FREQ 0% cpu@55.031C soc2@53.875C soc0@53.718C gpu@55.593C tj@55.593C soc1@55.093C VDD_IN 8385mW/9611mW VDD_CPU_GPU_CV 2365mW/3206mW VDD_SOC 2527mW/2708mW
09-26-2026 21:09:31 RAM 6116/7620MB (lfb 1x1MB) SWAP 91/12002MB (cached 0MB) CPU [0%@1728,0%@1728,0%@1728,1%@1728,0%@1728,100%@1728] GR3D_FREQ 0% cpu@54.781C soc2@53.937C soc0@53.875C gpu@55.25C tj@55.25C soc1@54.968C VDD_IN 8385mW/9610mW VDD_CPU_GPU_CV 2365mW/3205mW VDD_SOC 2527mW/2707mW
09-26-2026 21:09:32 RAM 6116/7620MB (lfb 1x1MB) SWAP 91/12002MB (cached 0MB) CPU [0%@1728,0%@1728,1%@1728,0%@1728,0%@1728,100%@1728] GR3D_FREQ 0% cpu@54.687C soc2@53.906C soc0@53.687C gpu@55.125C tj@55.125C soc1@54.906C VDD_IN 8385mW/9609mW VDD_CPU_GPU_CV 2365mW/3204mW VDD_SOC 2527mW/2707mW
09-26-2026 21:09:32 RAM 6116/7620MB (lfb 1x1MB) SWAP 91/12002MB (cached 0MB) CPU [0%@1728,0%@1728,0%@1728,1%@1728,0%@1728,100%@1728] GR3D_FREQ 0% cpu@54.593C soc2@53.875C soc0@53.718C gpu@55.062C tj@55.125C soc1@55.125C VDD_IN 8385mW/9608mW VDD_CPU_GPU_CV 2365mW/3204mW VDD_SOC 2527mW/2707mW
09-26-2026 21:09:33 RAM 6121/7620MB (lfb 1x1MB) SWAP 91/12002MB (cached 0MB) CPU [0%@1728,0%@1728,0%@1728,0%@1728,0%@1728,60%@1728] GR3D_FREQ 99% cpu@55.062C soc2@54.25C soc0@53.625C gpu@57.562C tj@57.562C soc1@55.031C VDD_IN 13124mW/9611mW VDD_CPU_GPU_CV 5513mW/3206mW VDD_SOC 3373mW/2708mW
09-26-2026 21:09:33 RAM 6121/7620MB (lfb 1x1MB) SWAP 91/12002MB (cached 0MB) CPU [0%@1728,10%@1728,0%@1728,0%@1728,0%@1728,82%@1728] GR3D_FREQ 0% cpu@54.75C soc2@54.093C soc0@53.625C gpu@55.625C tj@55.625C soc1@54.937C VDD_IN 10565mW/9612mW VDD_CPU_GPU_CV 3733mW/3206mW VDD_SOC 2952mW/2708mW
09-26-2026 21:09:34 RAM 6121/7620MB (lfb 1x1MB) SWAP 91/12002MB (cached 0MB) CPU [1%@1728,2%@1728,0%@1728,1%@1728,0%@1728,41%@1728] GR3D_FREQ 87% cpu@55.062C soc2@54.5C soc0@53.937C gpu@57.156C tj@57.156C soc1@55.031C VDD_IN 14123mW/9616mW VDD_CPU_GPU_CV 5895mW/3208mW VDD_SOC 3603mW/2709mW
09-26-2026 21:09:34 RAM 6121/7620MB (lfb 1x1MB) SWAP 91/12002MB (cached 0MB) CPU [0%@1728,0%@1728,0%@1728,0%@1728,17%@1728,12%@1728] GR3D_FREQ 60% cpu@55.031C soc2@54.562C soc0@54C gpu@56.875C tj@56.875C soc1@54.968C VDD_IN 15118mW/9620mW VDD_CPU_GPU_CV 6470mW/3211mW VDD_SOC 3753mW/2710mW
09-26-2026 21:09:35 RAM 6121/7620MB (lfb 1x1MB) SWAP 91/12002MB (cached 0MB) CPU [0%@1728,0%@1728,0%@1728,1%@1728,62%@1728,0%@1728] GR3D_FREQ 0% cpu@55.312C soc2@54.531C soc0@53.968C gpu@55.937C tj@55.937C soc1@55.156C VDD_IN 12574mW/9623mW VDD_CPU_GPU_CV 4770mW/3212mW VDD_SOC 3373mW/2710mW
09-26-2026 21:09:35 RAM 6121/7620MB (lfb 1x1MB) SWAP 91/12002MB (cached 0MB) CPU [0%@1728,0%@1728,0%@1728,0%@1728,100%@1728,0%@1728] GR3D_FREQ 0% cpu@55.437C soc2@54.343C soc0@53.937C gpu@55.5C tj@55.5C soc1@55.218C VDD_IN 9595mW/9623mW VDD_CPU_GPU_CV 3030mW/3212mW VDD_SOC 2799mW/2710mW
09-26-2026 21:09:36 RAM 6125/7620MB (lfb 1x1MB) SWAP 91/12002MB (cached 0MB) CPU [1%@1728,3%@1728,0%@1728,0%@1728,100%@1728,0%@1728] GR3D_FREQ 0% cpu@55.187C soc2@54.218C soc0@53.906C gpu@55.781C tj@55.781C soc1@55.062C VDD_IN 8780mW/9622mW VDD_CPU_GPU_CV 2523mW/3212mW VDD_SOC 2645mW/2710mW
09-26-2026 21:09:36 RAM 6125/7620MB (lfb 1x1MB) SWAP 91/12002MB (cached 0MB) CPU [0%@1728,0%@1728,0%@1728,0%@1728,100%@1728,0%@1728] GR3D_FREQ 0% cpu@55.531C soc2@54.156C soc0@53.843C gpu@55.25C tj@55.531C soc1@55.062C VDD_IN 8503mW/9621mW VDD_CPU_GPU_CV 2444mW/3211mW VDD_SOC 2566mW/2710mW
09-26-2026 21:09:37 RAM 6126/7620MB (lfb 1x1MB) SWAP 91/12002MB (cached 0MB) CPU [0%@1728,0%@1728,0%@1728,0%@1728,100%@1728,0%@1728] GR3D_FREQ 0% cpu@55.031C soc2@53.968C soc0@53.75C gpu@55.656C tj@55.656C soc1@55.125C VDD_IN 8464mW/9620mW VDD_CPU_GPU_CV 2444mW/3210mW VDD_SOC 2566mW/2710mW
09-26-2026 21:09:37 RAM 6126/7620MB (lfb 1x1MB) SWAP 91/12002MB (cached 0MB) CPU [0%@1728,0%@1728,0%@1728,0%@1728,100%@1728,0%@1728] GR3D_FREQ 0% cpu@55.218C soc2@54C soc0@53.687C gpu@55.406C tj@55.406C soc1@55.031C VDD_IN 8385mW/9619mW VDD_CPU_GPU_CV 2365mW/3210mW VDD_SOC 2527mW/2710mW
09-26-2026 21:09:38 RAM 6124/7620MB (lfb 1x1MB) SWAP 91/12002MB (cached 0MB) CPU [0%@1728,0%@1728,1%@1728,0%@1728,100%@1728,0%@1728] GR3D_FREQ 0% cpu@55.062C soc2@53.906C soc0@53.875C gpu@55.156C tj@55.156C soc1@55C VDD_IN 8424mW/9618mW VDD_CPU_GPU_CV 2326mW/3209mW VDD_SOC 2566mW/2710mW
09-26-2026 21:09:38 RAM 6124/7620MB (lfb 1x1MB) SWAP 91/12002MB (cached 0MB) CPU [0%@1728,0%@1728,0%@1728,0%@1728,100%@1728,0%@1728] GR3D_FREQ 0% cpu@54.843C soc2@53.937C soc0@53.625C gpu@55.062C tj@55.25C soc1@54.906C VDD_IN 8385mW/9617mW VDD_CPU_GPU_CV 2365mW/3208mW VDD_SOC 2527mW/2709mW
09-26-2026 21:09:39 RAM 6124/7620MB (lfb 1x1MB) SWAP 91/12002MB (cached 0MB) CPU [0%@1728,0%@1728,0%@1728,0%@1728,98%@1728,0%@1728] GR3D_FREQ 0% cpu@55C soc2@53.843C soc0@53.75C gpu@55.375C tj@55.375C soc1@55.062C VDD_IN 8424mW/9616mW VDD_CPU_GPU_CV 2404mW/3208mW VDD_SOC 2527mW/2709mW
09-26-2026 21:09:39 RAM 6124/7620MB (lfb 1x1MB) SWAP 91/12002MB (cached 0MB) CPU [0%@1728,0%@1728,0%@1728,0%@1728,100%@1728,0%@1728] GR3D_FREQ 0% cpu@55.125C soc2@53.812C soc0@53.562C gpu@54.968C tj@55.125C soc1@54.937C VDD_IN 8385mW/9615mW VDD_CPU_GPU_CV 2365mW/3207mW VDD_SOC 2527mW/2709mW
09-26-2026 21:09:40 RAM 6124/7620MB (lfb 1x1MB) SWAP 91/12002MB (cached 0MB) CPU [0%@1728,0%@1728,1%@1728,0%@1728,100%@1728,0%@1728] GR3D_FREQ 0% cpu@55C soc2@53.875C soc0@53.843C gpu@55.375C tj@55.375C soc1@54.968C VDD_IN 8385mW/9614mW VDD_CPU_GPU_CV 2326mW/3206mW VDD_SOC 2566mW/2709mW
09-26-2026 21:09:40 RAM 6124/7620MB (lfb 1x1MB) SWAP 91/12002MB (cached 0MB) CPU [0%@1728,0%@1728,0%@1728,0%@1728,100%@1728,0%@1728] GR3D_FREQ 0% cpu@54.937C soc2@53.906C soc0@53.656C gpu@55.125C tj@55.125C soc1@54.843C VDD_IN 8385mW/9613mW VDD_CPU_GPU_CV 2365mW/3205mW VDD_SOC 2527mW/2709mW
09-26-2026 21:09:41 RAM 6124/7620MB (lfb 1x1MB) SWAP 91/12002MB (cached 0MB) CPU [0%@1728,0%@1728,0%@1728,0%@1728,98%@1728,0%@1728] GR3D_FREQ 0% cpu@54.718C soc2@53.875C soc0@53.5C gpu@55.031C tj@55.093C soc1@55.093C VDD_IN 8424mW/9612mW VDD_CPU_GPU_CV 2365mW/3205mW VDD_SOC 2527mW/2709mW
09-26-2026 21:09:41 RAM 6124/7620MB (lfb 1x1MB) SWAP 91/12002MB (cached 0MB) CPU [0%@1728,0%@1728,0%@1728,0%@1728,100%@1728,0%@1728] GR3D_FREQ 0% cpu@55.156C soc2@53.75C soc0@53.406C gpu@54.968C tj@55.156C soc1@54.968C VDD_IN 8385mW/9611mW VDD_CPU_GPU_CV 2365mW/3204mW VDD_SOC 2527mW/2709mW
09-26-2026 21:09:42 RAM 6125/7620MB (lfb 1x1MB) SWAP 91/12002MB (cached 0MB) CPU [0%@1728,0%@1728,0%@1728,0%@1728,100%@1728,0%@1728] GR3D_FREQ 0% cpu@54.937C soc2@53.906C soc0@53.593C gpu@55.25C tj@55.25C soc1@54.968C VDD_IN 8385mW/9610mW VDD_CPU_GPU_CV 2326mW/3203mW VDD_SOC 2566mW/2708mW
09-26-2026 21:09:42 RAM 6125/7620MB (lfb 1x1MB) SWAP 91/12002MB (cached 0MB) CPU [0%@1728,0%@1728,0%@1728,0%@1728,100%@1728,0%@1728] GR3D_FREQ 0% cpu@54.75C soc2@53.812C soc0@53.562C gpu@54.937C tj@54.937C soc1@54.843C VDD_IN 8385mW/9609mW VDD_CPU_GPU_CV 2365mW/3203mW VDD_SOC 2527mW/2708mW
09-26-2026 21:09:43 RAM 6125/7620MB (lfb 1x1MB) SWAP 91/12002MB (cached 0MB) CPU [0%@1728,3%@1728,0%@1728,0%@1728,98%@1728,0%@1728] GR3D_FREQ 0% cpu@54.718C soc2@53.75C soc0@53.562C gpu@55.281C tj@55.281C soc1@55C VDD_IN 8464mW/9608mW VDD_CPU_GPU_CV 2404mW/3202mW VDD_SOC 2527mW/2708mW
09-26-2026 21:09:43 RAM 6125/7620MB (lfb 1x1MB) SWAP 91/12002MB (cached 0MB) CPU [1%@1728,0%@1728,0%@1728,0%@1728,100%@1728,0%@1728] GR3D_FREQ 0% cpu@55.093C soc2@53.781C soc0@53.375C gpu@55.062C tj@55.093C soc1@54.875C VDD_IN 8385mW/9607mW VDD_CPU_GPU_CV 2365mW/3201mW VDD_SOC 2527mW/2708mW
09-26-2026 21:09:44 RAM 6125/7620MB (lfb 1x1MB) SWAP 91/12002MB (cached 0MB) CPU [1%@1728,1%@1728,0%@1728,0%@1728,100%@1728,0%@1728] GR3D_FREQ 0% cpu@54.781C soc2@53.75C soc0@53.406C gpu@54.875C tj@54.875C soc1@54.906C VDD_IN 8385mW/9606mW VDD_CPU_GPU_CV 2326mW/3201mW VDD_SOC 2527mW/2708mW
09-26-2026 21:09:44 RAM 6125/7620MB (lfb 1x1MB) SWAP 91/12002MB (cached 0MB) CPU [0%@1728,0%@1728,0%@1728,0%@1728,100%@1728,0%@1728] GR3D_FREQ 0% cpu@54.625C soc2@53.718C soc0@53.5C gpu@54.906C tj@54.906C soc1@54.75C VDD_IN 8345mW/9605mW VDD_CPU_GPU_CV 2365mW/3200mW VDD_SOC 2527mW/2708mW
09-26-2026 21:09:45 RAM 6125/7620MB (lfb 1x1MB) SWAP 91/12002MB (cached 0MB) CPU [0%@1728,0%@1728,0%@1728,0%@1728,98%@1728,2%@1728] GR3D_FREQ 0% cpu@54.718C soc2@53.718C soc0@53.562C gpu@55.218C tj@55.218C soc1@55.062C VDD_IN 8424mW/9604mW VDD_CPU_GPU_CV 2365mW/3199mW VDD_SOC 2527mW/2708mW
09-26-2026 21:09:45 RAM 6125/7620MB (lfb 1x1MB) SWAP 91/12002MB (cached 0MB) CPU [3%@1728,0%@1728,0%@1728,0%@1728,100%@1728,0%@1728] GR3D_FREQ 0% cpu@54.687C soc2@53.687C soc0@53.375C gpu@54.75C tj@54.843C soc1@54.843C VDD_IN 8385mW/9603mW VDD_CPU_GPU_CV 2326mW/3198mW VDD_SOC 2527mW/2707mW
09-26-2026 21:09:46 RAM 6125/7620MB (lfb 1x1MB) SWAP 91/12002MB (cached 0MB) CPU [1%@1728,0%@1728,1%@1728,0%@1728,100%@1728,0%@1728] GR3D_FREQ 0% cpu@54.843C soc2@53.687C soc0@53.375C gpu@55.062C tj@55.062C soc1@54.812C VDD_IN 8385mW/9602mW VDD_CPU_GPU_CV 2326mW/3198mW VDD_SOC 2527mW/2707mW
09-26-2026 21:09:46 RAM 6125/7620MB (lfb 1x1MB) SWAP 91/12002MB (cached 0MB) CPU [0%@1728,0%@1728,0%@1728,0%@1728,98%@1728,0%@1728] GR3D_FREQ 0% cpu@54.593C soc2@53.625C soc0@53.531C gpu@54.937C tj@54.937C soc1@54.718C VDD_IN 8503mW/9601mW VDD_CPU_GPU_CV 2444mW/3197mW VDD_SOC 2566mW/2707mW
09-26-2026 21:09:47 RAM 6125/7620MB (lfb 1x1MB) SWAP 91/12002MB (cached 0MB) CPU [0%@1728,0%@1728,0%@1728,0%@1728,100%@1728,0%@1728] GR3D_FREQ 0% cpu@54.781C soc2@53.812C soc0@53.375C gpu@54.812C tj@54.812C soc1@54.687C VDD_IN 8385mW/9600mW VDD_CPU_GPU_CV 2365mW/3196mW VDD_SOC 2527mW/2707mW
09-26-2026 21:09:47 RAM 6125/7620MB (lfb 1x1MB) SWAP 91/12002MB (cached 0MB) CPU [0%@1728,0%@1728,1%@1728,0%@1728,100%@1728,0%@1728] GR3D_FREQ 0% cpu@54.656C soc2@53.625C soc0@53.437C gpu@54.656C tj@54.906C soc1@54.906C VDD_IN 8385mW/9599mW VDD_CPU_GPU_CV 2326mW/3196mW VDD_SOC 2566mW/2707mW
09-26-2026 21:09:48 RAM 6125/7620MB (lfb 1x1MB) SWAP 91/12002MB (cached 0MB) CPU [0%@1728,0%@1728,0%@1728,0%@1728,100%@1728,0%@1728] GR3D_FREQ 0% cpu@54.625C soc2@53.593C soc0@53.343C gpu@55C tj@55C soc1@54.75C VDD_IN 8385mW/9598mW VDD_CPU_GPU_CV 2365mW/3195mW VDD_SOC 2527mW/2707mW
09-26-2026 21:09:48 RAM 6125/7620MB (lfb 1x1MB) SWAP 91/12002MB (cached 0MB) CPU [0%@1728,1%@1728,0%@1728,0%@1728,98%@1728,0%@1728] GR3D_FREQ 12% cpu@54.375C soc2@53.625C soc0@53.531C gpu@55.187C tj@55.187C soc1@54.625C VDD_IN 8543mW/9597mW VDD_CPU_GPU_CV 2444mW/3194mW VDD_SOC 2566mW/2707mW
09-26-2026 21:09:49 RAM 6125/7620MB (lfb 1x1MB) SWAP 91/12002MB (cached 0MB) CPU [0%@1728,0%@1728,0%@1728,1%@1728,100%@1728,0%@1728] GR3D_FREQ 0% cpu@54.656C soc2@53.625C soc0@53.375C gpu@55C tj@55C soc1@54.812C VDD_IN 8385mW/9596mW VDD_CPU_GPU_CV 2365mW/3194mW VDD_SOC 2527mW/2707mW
09-26-2026 21:09:49 RAM 6125/7620MB (lfb 1x1MB) SWAP 91/12002MB (cached 0MB) CPU [0%@1728,0%@1728,0%@1728,0%@1728,100%@1728,0%@1728] GR3D_FREQ 0% cpu@54.593C soc2@53.531C soc0@53.437C gpu@54.875C tj@54.875C soc1@54.843C VDD_IN 8385mW/9595mW VDD_CPU_GPU_CV 2326mW/3193mW VDD_SOC 2527mW/2706mW
09-26-2026 21:09:50 RAM 6126/7620MB (lfb 1x1MB) SWAP 91/12002MB (cached 0MB) CPU [0%@1728,0%@1728,0%@1728,0%@1728,100%@1728,0%@1728] GR3D_FREQ 0% cpu@54.718C soc2@53.718C soc0@53.343C gpu@54.718C tj@54.718C soc1@54.687C VDD_IN 8345mW/9594mW VDD_CPU_GPU_CV 2326mW/3192mW VDD_SOC 2527mW/2706mW
09-26-2026 21:09:50 RAM 6126/7620MB (lfb 1x1MB) SWAP 91/12002MB (cached 0MB) CPU [0%@1728,0%@1728,1%@1728,0%@1728,98%@1728,0%@1728] GR3D_FREQ 0% cpu@54.593C soc2@53.718C soc0@53.468C gpu@54.656C tj@54.687C soc1@54.593C VDD_IN 8464mW/9593mW VDD_CPU_GPU_CV 2444mW/3192mW VDD_SOC 2566mW/2706mW
09-26-2026 21:09:51 RAM 6126/7620MB (lfb 1x1MB) SWAP 91/12002MB (cached 0MB) CPU [0%@1728,0%@1728,0%@1728,0%@1728,100%@1728,0%@1728] GR3D_FREQ 0% cpu@54.437C soc2@53.562C soc0@53.312C gpu@54.968C tj@54.968C soc1@54.781C VDD_IN 8385mW/9592mW VDD_CPU_GPU_CV 2365mW/3191mW VDD_SOC 2527mW/2706mW
09-26-2026 21:09:51 RAM 6126/7620MB (lfb 1x1MB) SWAP 91/12002MB (cached 0MB) CPU [0%@1728,0%@1728,0%@1728,0%@1728,100%@1728,0%@1728] GR3D_FREQ 0% cpu@54.625C soc2@53.437C soc0@53.343C gpu@54.718C tj@54.781C soc1@54.781C VDD_IN 8385mW/9591mW VDD_CPU_GPU_CV 2326mW/3190mW VDD_SOC 2566mW/2706mW
09-26-2026 21:09:52 RAM 6126/7620MB (lfb 1x1MB) SWAP 91/12002MB (cached 0MB) CPU [0%@1728,0%@1728,0%@1728,0%@1728,100%@1728,0%@1728] GR3D_FREQ 0% cpu@54.781C soc2@53.468C soc0@53.031C gpu@54.968C tj@54.968C soc1@54.718C VDD_IN 8385mW/9590mW VDD_CPU_GPU_CV 2365mW/3190mW VDD_SOC 2527mW/2706mW
09-26-2026 21:09:52 RAM 6126/7620MB (lfb 1x1MB) SWAP 91/12002MB (cached 0MB) CPU [1%@1728,0%@1728,1%@1728,0%@1728,98%@1728,0%@1728] GR3D_FREQ 0% cpu@54.625C soc2@53.593C soc0@53.343C gpu@54.781C tj@54.781C soc1@54.625C VDD_IN 8385mW/9589mW VDD_CPU_GPU_CV 2365mW/3189mW VDD_SOC 2527mW/2706mW
09-26-2026 21:09:53 RAM 6126/7620MB (lfb 1x1MB) SWAP 91/12002MB (cached 0MB) CPU [0%@1728,0%@1728,0%@1728,0%@1728,100%@1728,0%@1728] GR3D_FREQ 0% cpu@54.5C soc2@53.468C soc0@53.312C gpu@54.625C tj@54.625C soc1@54.625C VDD_IN 8345mW/9588mW VDD_CPU_GPU_CV 2326mW/3188mW VDD_SOC 2527mW/2705mW
09-26-2026 21:09:53 RAM 6126/7620MB (lfb 1x1MB) SWAP 91/12002MB (cached 0MB) CPU [0%@1728,0%@1728,0%@1728,0%@1728,100%@1728,0%@1728] GR3D_FREQ 0% cpu@54.468C soc2@53.531C soc0@53.187C gpu@54.562C tj@54.75C soc1@54.75C VDD_IN 8385mW/9587mW VDD_CPU_GPU_CV 2286mW/3188mW VDD_SOC 2566mW/2705mW
09-26-2026 21:09:54 RAM 6126/7620MB (lfb 1x1MB) SWAP 91/12002MB (cached 0MB) CPU [0%@1728,0%@1728,0%@1728,0%@1728,100%@1728,0%@1728] GR3D_FREQ 0% cpu@55.062C soc2@53.468C soc0@53.093C gpu@54.843C tj@55.062C soc1@54.656C VDD_IN 8345mW/9586mW VDD_CPU_GPU_CV 2365mW/3187mW VDD_SOC 2527mW/2705mW
09-26-2026 21:09:54 RAM 6123/7620MB (lfb 1x1MB) SWAP 91/12002MB (cached 0MB) CPU [26%@1728,17%@1728,27%@1728,14%@1728,98%@1728,7%@1728] GR3D_FREQ 0% cpu@54.75C soc2@53.812C soc0@53.406C gpu@54.812C tj@54.812C soc1@54.562C VDD_IN 9082mW/9586mW VDD_CPU_GPU_CV 2912mW/3187mW VDD_SOC 2606mW/2705mW
09-26-2026 21:09:55 RAM 6123/7620MB (lfb 1x1MB) SWAP 91/12002MB (cached 0MB) CPU [1%@1728,0%@1728,0%@1728,1%@1728,100%@1728,0%@1728] GR3D_FREQ 0% cpu@54.593C soc2@53.5C soc0@53.218C gpu@54.906C tj@54.906C soc1@54.531C VDD_IN 8622mW/9585mW VDD_CPU_GPU_CV 2523mW/3186mW VDD_SOC 2566mW/2705mW
09-26-2026 21:09:55 RAM 6123/7620MB (lfb 1x1MB) SWAP 91/12002MB (cached 0MB) CPU [0%@1728,0%@1728,1%@1728,0%@1728,100%@1728,2%@1728] GR3D_FREQ 0% cpu@54.593C soc2@53.375C soc0@53.25C gpu@54.718C tj@54.781C soc1@54.781C VDD_IN 8464mW/9584mW VDD_CPU_GPU_CV 2404mW/3186mW VDD_SOC 2566mW/2705mW
09-26-2026 21:09:56 RAM 6123/7620MB (lfb 1x1MB) SWAP 91/12002MB (cached 0MB) CPU [0%@1728,0%@1728,1%@1728,0%@1728,100%@1728,0%@1728] GR3D_FREQ 0% cpu@54.812C soc2@53.5C soc0@53.125C gpu@54.625C tj@54.812C soc1@54.593C VDD_IN 8385mW/9583mW VDD_CPU_GPU_CV 2365mW/3185mW VDD_SOC 2527mW/2705mW
09-26-2026 21:09:56 RAM 6123/7620MB (lfb 1x1MB) SWAP 91/12002MB (cached 0MB) CPU [0%@1728,0%@1728,0%@1728,0%@1728,100%@1728,0%@1728] GR3D_FREQ 0% cpu@54.656C soc2@53.468C soc0@53.218C gpu@54.531C tj@54.656C soc1@54.562C VDD_IN 8385mW/9582mW VDD_CPU_GPU_CV 2326mW/3184mW VDD_SOC 2527mW/2705mW
09-26-2026 21:09:57 RAM 6123/7620MB (lfb 1x1MB) SWAP 91/12002MB (cached 0MB) CPU [0%@1728,0%@1728,0%@1728,0%@1728,100%@1728,0%@1728] GR3D_FREQ 0% cpu@54.562C soc2@53.437C soc0@53.218C gpu@54.781C tj@54.781C soc1@54.562C VDD_IN 8385mW/9581mW VDD_CPU_GPU_CV 2326mW/3184mW VDD_SOC 2566mW/2704mW
09-26-2026 21:09:57 RAM 6123/7620MB (lfb 1x1MB) SWAP 91/12002MB (cached 0MB) CPU [0%@1728,0%@1728,0%@1728,0%@1728,79%@1728,0%@1728] GR3D_FREQ 72% cpu@54.187C soc2@53.562C soc0@53.187C gpu@55.687C tj@55.687C soc1@54.593C VDD_IN 10723mW/9582mW VDD_CPU_GPU_CV 3733mW/3184mW VDD_SOC 2952mW/2705mW
09-26-2026 21:09:58 RAM 6123/7620MB (lfb 1x1MB) SWAP 91/12002MB (cached 0MB) CPU [0%@1728,0%@1728,0%@1728,0%@1728,50%@1728,0%@1728] GR3D_FREQ 16% cpu@54.468C soc2@53.781C soc0@53.281C gpu@55.5C tj@55.5C soc1@54.625C VDD_IN 12417mW/9585mW VDD_CPU_GPU_CV 4621mW/3185mW VDD_SOC 3300mW/2705mW
09-26-2026 21:09:58 RAM 6123/7620MB (lfb 1x1MB) SWAP 91/12002MB (cached 0MB) CPU [0%@1728,9%@1728,0%@1728,0%@1728,61%@1728,13%@1728] GR3D_FREQ 5% cpu@54.593C soc2@53.593C soc0@53.218C gpu@55.25C tj@55.25C soc1@54.593C VDD_IN 11926mW/9587mW VDD_CPU_GPU_CV 4269mW/3186mW VDD_SOC 3261mW/2706mW
09-26-2026 21:09:59 RAM 6123/7620MB (lfb 1x1MB) SWAP 91/12002MB (cached 0MB) CPU [0%@1728,0%@1728,0%@1728,0%@1728,0%@1728,100%@1728] GR3D_FREQ 0% cpu@54.312C soc2@53.562C soc0@53.437C gpu@54.75C tj@54.75C soc1@54.562C VDD_IN 9398mW/9586mW VDD_CPU_GPU_CV 2912mW/3186mW VDD_SOC 2759mW/2706mW
09-26-2026 21:09:59 RAM 6123/7620MB (lfb 1x1MB) SWAP 91/12002MB (cached 0MB) CPU [0%@1728,0%@1728,1%@1728,0%@1728,0%@1728,100%@1728] GR3D_FREQ 0% cpu@54.468C soc2@53.625C soc0@53.343C gpu@55.156C tj@55.156C soc1@54.781C VDD_IN 8661mW/9586mW VDD_CPU_GPU_CV 2483mW/3185mW VDD_SOC 2606mW/2706mW
09-26-2026 21:10:00 RAM 6125/7620MB (lfb 1x1MB) SWAP 91/12002MB (cached 0MB) CPU [0%@1728,1%@1728,1%@1728,0%@1728,0%@1728,100%@1728] GR3D_FREQ 0% cpu@54.562C soc2@53.437C soc0@53.218C gpu@54.843C tj@54.843C soc1@54.593C VDD_IN 8464mW/9585mW VDD_CPU_GPU_CV 2404mW/3185mW VDD_SOC 2566mW/2705mW
09-26-2026 21:10:00 RAM 6125/7620MB (lfb 1x1MB) SWAP 91/12002MB (cached 0MB) CPU [0%@1728,0%@1728,0%@1728,0%@1728,0%@1728,100%@1728] GR3D_FREQ 0% cpu@54.312C soc2@53.375C soc0@53.406C gpu@54.625C tj@54.656C soc1@54.656C VDD_IN 8385mW/9584mW VDD_CPU_GPU_CV 2365mW/3184mW VDD_SOC 2527mW/2705mW
09-26-2026 21:10:01 RAM 6125/7620MB (lfb 1x1MB) SWAP 91/12002MB (cached 0MB) CPU [0%@1728,0%@1728,72%@1728,5%@1728,1%@1728,26%@1728] GR3D_FREQ 0% cpu@54.812C soc2@53.562C soc0@53.281C gpu@54.781C tj@54.812C soc1@54.531C VDD_IN 8385mW/9583mW VDD_CPU_GPU_CV 2365mW/3183mW VDD_SOC 2527mW/2705mW
09-26-2026 21:10:01 RAM 6125/7620MB (lfb 1x1MB) SWAP 91/12002MB (cached 0MB) CPU [0%@1728,0%@1728,100%@1728,0%@1728,0%@1728,0%@1728] GR3D_FREQ 0% cpu@54.812C soc2@53.656C soc0@53.156C gpu@54.625C tj@54.812C soc1@54.656C VDD_IN 8385mW/9582mW VDD_CPU_GPU_CV 2326mW/3183mW VDD_SOC 2527mW/2705mW
09-26-2026 21:10:02 RAM 6125/7620MB (lfb 1x1MB) SWAP 91/12002MB (cached 0MB) CPU [0%@1728,0%@1728,100%@1728,4%@1728,48%@1728,0%@1728] GR3D_FREQ 0% cpu@54.875C soc2@53.625C soc0@53.25C gpu@54.625C tj@54.875C soc1@54.593C VDD_IN 8740mW/9581mW VDD_CPU_GPU_CV 2641mW/3182mW VDD_SOC 2566mW/2705mW
09-26-2026 21:10:02 RAM 6125/7620MB (lfb 1x1MB) SWAP 91/12002MB (cached 0MB) CPU [1%@1728,0%@1728,100%@1728,0%@1728,100%@1728,0%@1728] GR3D_FREQ 0% cpu@55.25C soc2@53.437C soc0@53.062C gpu@55.062C tj@55.25C soc1@54.562C VDD_IN 9121mW/9581mW VDD_CPU_GPU_CV 2952mW/3182mW VDD_SOC 2566mW/2705mW
09-26-2026 21:10:03 RAM 6125/7620MB (lfb 1x1MB) SWAP 91/12002MB (cached 0MB) CPU [10%@1728,0%@1728,74%@1728,1%@1728,88%@1728,36%@1728] GR3D_FREQ 0% cpu@54.468C soc2@53.75C soc0@53.25C gpu@54.562C tj@54.75C soc1@54.562C VDD_IN 9240mW/9581mW VDD_CPU_GPU_CV 2991mW/3182mW VDD_SOC 2606mW/2705mW
09-26-2026 21:10:04 RAM 6125/7620MB (lfb 1x1MB) SWAP 91/12002MB (cached 0MB) CPU [100%@1728,0%@1728,0%@1728,0%@1728,0%@1728,100%@1728] GR3D_FREQ 0% cpu@54.562C soc2@53.656C soc0@53.25C gpu@55.031C tj@55.031C soc1@54.562C VDD_IN 9240mW/9580mW VDD_CPU_GPU_CV 3070mW/3182mW VDD_SOC 2606mW/2705mW
09-26-2026 21:10:04 RAM 6125/7620MB (lfb 1x1MB) SWAP 91/12002MB (cached 0MB) CPU [35%@1728,0%@1728,18%@1728,0%@1728,0%@1728,100%@1728] GR3D_FREQ 0% cpu@54.843C soc2@53.437C soc0@53.062C gpu@54.781C tj@54.843C soc1@54.625C VDD_IN 8938mW/9580mW VDD_CPU_GPU_CV 2759mW/3181mW VDD_SOC 2566mW/2705mW
09-26-2026 21:10:05 RAM 6125/7620MB (lfb 1x1MB) SWAP 91/12002MB (cached 0MB) CPU [0%@1728,0%@1728,100%@1728,1%@1728,0%@1728,100%@1728] GR3D_FREQ 0% cpu@55.125C soc2@53.656C soc0@53.125C gpu@54.625C tj@55.125C soc1@54.562C VDD_IN 9121mW/9579mW VDD_CPU_GPU_CV 2991mW/3181mW VDD_SOC 2566mW/2704mW
09-26-2026 21:10:05 RAM 6125/7620MB (lfb 1x1MB) SWAP 91/12002MB (cached 0MB) CPU [4%@1728,0%@1728,100%@1728,0%@1728,0%@1728,100%@1728] GR3D_FREQ 0% cpu@54.656C soc2@53.593C soc0@53.218C gpu@54.687C tj@54.968C soc1@54.562C VDD_IN 9200mW/9579mW VDD_CPU_GPU_CV 2952mW/3181mW VDD_SOC 2606mW/2704mW
09-26-2026 21:10:06 RAM 6125/7620MB (lfb 1x1MB) SWAP 91/12002MB (cached 0MB) CPU [13%@1728,0%@1728,100%@1728,0%@1728,86%@1728,7%@1728] GR3D_FREQ 0% cpu@55.187C soc2@53.656C soc0@53.218C gpu@54.718C tj@55.187C soc1@54.468C VDD_IN 9200mW/9579mW VDD_CPU_GPU_CV 3030mW/3181mW VDD_SOC 2606mW/2704mW
09-26-2026 21:10:06 RAM 6125/7620MB (lfb 1x1MB) SWAP 91/12002MB (cached 0MB) CPU [1%@1728,0%@1728,100%@1728,0%@1728,100%@1728,0%@1728] GR3D_FREQ 0% cpu@54.906C soc2@53.562C soc0@53.156C gpu@54.593C tj@54.906C soc1@54.437C VDD_IN 9200mW/9579mW VDD_CPU_GPU_CV 2991mW/3181mW VDD_SOC 2606mW/2704mW
09-26-2026 21:10:07 RAM 6125/7620MB (lfb 1x1MB) SWAP 91/12002MB (cached 0MB) CPU [60%@1728,0%@1728,29%@1728,0%@1728,39%@1728,82%@1728] GR3D_FREQ 0% cpu@54.718C soc2@53.687C soc0@53.093C gpu@55.031C tj@55.031C soc1@54.625C VDD_IN 9240mW/9578mW VDD_CPU_GPU_CV 3030mW/3181mW VDD_SOC 2566mW/2704mW
09-26-2026 21:10:07 RAM 6125/7620MB (lfb 1x1MB) SWAP 91/12002MB (cached 0MB) CPU [88%@1728,0%@1728,0%@1728,0%@1728,0%@1728,100%@1728] GR3D_FREQ 0% cpu@54.406C soc2@53.687C soc0@53.187C gpu@54.718C tj@54.718C soc1@54.593C VDD_IN 9121mW/9578mW VDD_CPU_GPU_CV 2952mW/3181mW VDD_SOC 2566mW/2704mW
09-26-2026 21:10:08 RAM 6125/7620MB (lfb 1x1MB) SWAP 91/12002MB (cached 0MB) CPU [0%@1728,0%@1728,0%@1728,1%@1728,0%@1728,100%@1728] GR3D_FREQ 0% cpu@54.312C soc2@53.531C soc0@53.125C gpu@54.625C tj@54.625C soc1@54.562C VDD_IN 8582mW/9577mW VDD_CPU_GPU_CV 2523mW/3180mW VDD_SOC 2566mW/2704mW
09-26-2026 21:10:08 RAM 6125/7620MB (lfb 1x1MB) SWAP 91/12002MB (cached 0MB) CPU [0%@1728,0%@1728,0%@1728,0%@1728,0%@1728,100%@1728] GR3D_FREQ 0% cpu@54.093C soc2@53.468C soc0@53.093C gpu@54.687C tj@54.687C soc1@54.468C VDD_IN 8424mW/9576mW VDD_CPU_GPU_CV 2404mW/3179mW VDD_SOC 2527mW/2704mW
09-26-2026 21:10:09 RAM 6125/7620MB (lfb 1x1MB) SWAP 91/12002MB (cached 0MB) CPU [0%@1728,2%@1728,0%@1728,0%@1728,90%@1728,1%@1728] GR3D_FREQ 0% cpu@54.718C soc2@53.437C soc0@53.125C gpu@54.531C tj@54.718C soc1@54.562C VDD_IN 8701mW/9575mW VDD_CPU_GPU_CV 2523mW/3179mW VDD_SOC 2606mW/2704mW
09-26-2026 21:10:09 RAM 6125/7620MB (lfb 1x1MB) SWAP 91/12002MB (cached 0MB) CPU [0%@1728,0%@1728,0%@1728,0%@1728,100%@1728,0%@1728] GR3D_FREQ 0% cpu@54.531C soc2@53.406C soc0@53.093C gpu@54.437C tj@54.531C soc1@54.5C VDD_IN 8424mW/9575mW VDD_CPU_GPU_CV 2444mW/3178mW VDD_SOC 2527mW/2703mW
09-26-2026 21:10:10 RAM 6125/7620MB (lfb 1x1MB) SWAP 91/12002MB (cached 0MB) CPU [0%@1728,1%@1728,0%@1728,1%@1728,100%@1728,0%@1728] GR3D_FREQ 0% cpu@54.593C soc2@53.312C soc0@53.125C gpu@54.875C tj@54.875C soc1@54.437C VDD_IN 8385mW/9574mW VDD_CPU_GPU_CV 2404mW/3178mW VDD_SOC 2527mW/2703mW
09-26-2026 21:10:10 RAM 6125/7620MB (lfb 1x1MB) SWAP 91/12002MB (cached 0MB) CPU [0%@1728,0%@1728,0%@1728,0%@1728,100%@1728,0%@1728] GR3D_FREQ 0% cpu@54.281C soc2@53.343C soc0@53.031C gpu@54.593C tj@54.625C soc1@54.625C VDD_IN 8345mW/9573mW VDD_CPU_GPU_CV 2365mW/3177mW VDD_SOC 2527mW/2703mW
09-26-2026 21:10:11 RAM 6125/7620MB (lfb 1x1MB) SWAP 91/12002MB (cached 0MB) CPU [0%@1728,0%@1728,0%@1728,0%@1728,100%@1728,0%@1728] GR3D_FREQ 0% cpu@54.312C soc2@53.312C soc0@53C gpu@54.468C tj@54.468C soc1@54.468C VDD_IN 8345mW/9572mW VDD_CPU_GPU_CV 2365mW/3176mW VDD_SOC 2527mW/2703mW
09-26-2026 21:10:11 RAM 6125/7620MB (lfb 1x1MB) SWAP 91/12002MB (cached 0MB) CPU [0%@1728,0%@1728,0%@1728,0%@1728,100%@1728,0%@1728] GR3D_FREQ 0% cpu@54.406C soc2@53.343C soc0@53C gpu@54.343C tj@54.562C soc1@54.312C VDD_IN 8345mW/9571mW VDD_CPU_GPU_CV 2326mW/3176mW VDD_SOC 2527mW/2703mW
09-26-2026 21:10:12 RAM 6125/7620MB (lfb 1x1MB) SWAP 91/12002MB (cached 0MB) CPU [0%@1728,0%@1728,0%@1728,0%@1728,100%@1728,0%@1728] GR3D_FREQ 0% cpu@54.375C soc2@53.375C soc0@53.125C gpu@54.437C tj@54.468C soc1@54.437C VDD_IN 8345mW/9570mW VDD_CPU_GPU_CV 2365mW/3175mW VDD_SOC 2527mW/2703mW
09-26-2026 21:10:12 RAM 6125/7620MB (lfb 1x1MB) SWAP 91/12002MB (cached 0MB) CPU [0%@1728,1%@1728,0%@1728,0%@1728,100%@1728,0%@1728] GR3D_FREQ 0% cpu@54.25C soc2@53.281C soc0@53.062C gpu@54.343C tj@54.343C soc1@54.343C VDD_IN 8345mW/9569mW VDD_CPU_GPU_CV 2365mW/3174mW VDD_SOC 2527mW/2703mW
09-26-2026 21:10:13 RAM 6125/7620MB (lfb 1x1MB) SWAP 91/12002MB (cached 0MB) CPU [0%@1728,0%@1728,0%@1728,0%@1728,100%@1728,0%@1728] GR3D_FREQ 0% cpu@54.281C soc2@53.187C soc0@52.937C gpu@54.625C tj@54.625C soc1@54.5C VDD_IN 8345mW/9568mW VDD_CPU_GPU_CV 2365mW/3174mW VDD_SOC 2527mW/2703mW
09-26-2026 21:10:13 RAM 6125/7620MB (lfb 1x1MB) SWAP 91/12002MB (cached 0MB) CPU [1%@1728,1%@1728,0%@1728,0%@1728,100%@1728,0%@1728] GR3D_FREQ 0% cpu@54.437C soc2@53.187C soc0@52.937C gpu@54.531C tj@54.531C soc1@54.312C VDD_IN 8345mW/9567mW VDD_CPU_GPU_CV 2365mW/3173mW VDD_SOC 2527mW/2702mW
09-26-2026 21:10:14 RAM 6125/7620MB (lfb 1x1MB) SWAP 91/12002MB (cached 0MB) CPU [0%@1728,0%@1728,0%@1728,0%@1728,100%@1728,0%@1728] GR3D_FREQ 0% cpu@54.593C soc2@53.25C soc0@53.218C gpu@54.312C tj@54.593C soc1@54.25C VDD_IN 8345mW/9566mW VDD_CPU_GPU_CV 2365mW/3173mW VDD_SOC 2527mW/2702mW
09-26-2026 21:10:14 RAM 6118/7620MB (lfb 1x1MB) SWAP 91/12002MB (cached 0MB) CPU [0%@1728,6%@1728,0%@1728,0%@1728,84%@1728,0%@1728] GR3D_FREQ 0% cpu@54.281C soc2@53.406C soc0@53.093C gpu@54.656C tj@54.656C soc1@54.281C VDD_IN 10108mW/9566mW VDD_CPU_GPU_CV 3261mW/3173mW VDD_SOC 2956mW/2702mW
09-26-2026 21:10:15 RAM 6118/7620MB (lfb 1x1MB) SWAP 91/12002MB (cached 0MB) CPU [0%@1728,15%@1728,0%@1728,0%@1728,79%@1728,1%@1728] GR3D_FREQ 89% cpu@54.781C soc2@53.562C soc0@53.062C gpu@56.093C tj@56.093C soc1@54.531C VDD_IN 12280mW/9569mW VDD_CPU_GPU_CV 4543mW/3174mW VDD_SOC 3418mW/2703mW
09-26-2026 21:10:15 RAM 6118/7620MB (lfb 1x1MB) SWAP 91/12002MB (cached 0MB) CPU [3%@1728,21%@1728,3%@1728,5%@1728,84%@1728,3%@1728] GR3D_FREQ 0% cpu@54.875C soc2@53.593C soc0@53.375C gpu@54.843C tj@54.875C soc1@54.375C VDD_IN 10920mW/9570mW VDD_CPU_GPU_CV 3766mW/3174mW VDD_SOC 3109mW/2703mW
09-26-2026 21:10:16 RAM 5761/7620MB (lfb 49x4MB) SWAP 91/12002MB (cached 0MB) CPU [16%@1728,18%@1728,18%@1728,16%@1728,92%@1728,16%@1728] GR3D_FREQ 0% cpu@54.187C soc2@53.468C soc0@53.093C gpu@54.562C tj@54.562C soc1@54.5C VDD_IN 9319mW/9569mW VDD_CPU_GPU_CV 2715mW/3174mW VDD_SOC 2799mW/2703mW
09-26-2026 21:10:16 RAM 5311/7620MB (lfb 51x4MB) SWAP 91/12002MB (cached 0MB) CPU [3%@1728,0%@1728,0%@1728,0%@1728,50%@1728,9%@1728] GR3D_FREQ 0% cpu@53.812C soc2@53.375C soc0@53.093C gpu@54.687C tj@54.687C soc1@54.375C VDD_IN 8424mW/9568mW VDD_CPU_GPU_CV 2207mW/3173mW VDD_SOC 2645mW/2703mW
