09-26-2026 21:10:49 RAM 3027/7620MB (lfb 88x4MB) SWAP 91/12002MB (cached 0MB) CPU [44%@1728,40%@1728,33%@1728,35%@1728,31%@1728,93%@1728] GR3D_FREQ 0% cpu@53.406C soc2@52.562C soc0@52.343C gpu@53.468C tj@53.5C soc1@53.5C VDD_IN 9042mW/9042mW VDD_CPU_GPU_CV 2956mW/2956mW VDD_SOC 2566mW/2566mW
09-26-2026 21:10:49 RAM 3090/7620MB (lfb 88x4MB) SWAP 91/12002MB (cached 0MB) CPU [0%@1728,1%@1728,0%@1728,0%@1728,0%@1728,94%@1728] GR3D_FREQ 0% cpu@53.187C soc2@52.468C soc0@52.25C gpu@53.75C tj@53.75C soc1@53.718C VDD_IN 8543mW/8793mW VDD_CPU_GPU_CV 2483mW/2720mW VDD_SOC 2566mW/2566mW
09-26-2026 21:10:50 RAM 3116/7620MB (lfb 88x4MB) SWAP 91/12002MB (cached 0MB) CPU [0%@1728,0%@1728,0%@1728,0%@1728,0%@1728,97%@1728] GR3D_FREQ 0% cpu@53.281C soc2@52.375C soc0@52.031C gpu@53.625C tj@53.625C soc1@53.625C VDD_IN 8464mW/8683mW VDD_CPU_GPU_CV 2365mW/2601mW VDD_SOC 2566mW/2566mW
09-26-2026 21:10:50 RAM 3126/7620MB (lfb 88x4MB) SWAP 91/12002MB (cached 0MB) CPU [1%@1728,1%@1728,0%@1728,0%@1728,0%@1728,94%@1728] GR3D_FREQ 0% cpu@53.437C soc2@52.375C soc0@52.187C gpu@53.531C tj@53.531C soc1@53.5C VDD_IN 8385mW/8609mW VDD_CPU_GPU_CV 2326mW/2533mW VDD_SOC 2566mW/2566mW
09-26-2026 21:10:51 RAM 3167/7620MB (lfb 88x4MB) SWAP 91/12002MB (cached 0MB) CPU [16%@1728,13%@1728,13%@1728,13%@1728,13%@1728,72%@1728] GR3D_FREQ 0% cpu@53.5C soc2@52.562C soc0@52.281C gpu@53.562C tj@53.562C soc1@53.406C VDD_IN 8385mW/8564mW VDD_CPU_GPU_CV 2326mW/2491mW VDD_SOC 2527mW/2558mW
09-26-2026 21:10:51 RAM 3253/7620MB (lfb 88x4MB) SWAP 91/12002MB (cached 0MB) CPU [0%@1728,0%@1728,0%@1728,0%@1728,0%@1728,100%@1728] GR3D_FREQ 0% cpu@53C soc2@52.437C soc0@52.218C gpu@53.531C tj@53.531C soc1@53.5C VDD_IN 8266mW/8514mW VDD_CPU_GPU_CV 2250mW/2451mW VDD_SOC 2531mW/2554mW
09-26-2026 21:10:52 RAM 3345/7620MB (lfb 70x4MB) SWAP 91/12002MB (cached 0MB) CPU [0%@1728,0%@1728,0%@1728,1%@1728,0%@1728,100%@1728] GR3D_FREQ 0% cpu@53.312C soc2@52.437C soc0@52.125C gpu@53.375C tj@53.562C soc1@53.562C VDD_IN 8226mW/8473mW VDD_CPU_GPU_CV 2211mW/2417mW VDD_SOC 2531mW/2550mW
09-26-2026 21:10:52 RAM 3528/7620MB (lfb 34x4MB) SWAP 91/12002MB (cached 0MB) CPU [10%@1728,11%@1728,38%@1728,16%@1728,12%@1728,94%@1728] GR3D_FREQ 0% cpu@53.5C soc2@52.437C soc0@52.187C gpu@53.781C tj@53.781C soc1@53.531C VDD_IN 9003mW/8539mW VDD_CPU_GPU_CV 2720mW/2455mW VDD_SOC 2645mW/2562mW
09-26-2026 21:10:53 RAM 3511/7620MB (lfb 33x4MB) SWAP 91/12002MB (cached 0MB) CPU [0%@1728,0%@1728,0%@1728,1%@1728,0%@1728,94%@1728] GR3D_FREQ 0% cpu@53.437C soc2@52.5C soc0@52.343C gpu@53.593C tj@53.593C soc1@53.343C VDD_IN 8938mW/8584mW VDD_CPU_GPU_CV 2444mW/2453mW VDD_SOC 2724mW/2580mW
09-26-2026 21:10:53 RAM 3792/7620MB (lfb 34x4MB) SWAP 91/12002MB (cached 0MB) CPU [3%@1728,5%@1728,2%@1728,2%@1728,1%@1728,88%@1728] GR3D_FREQ 0% cpu@52.937C soc2@52.437C soc0@52.343C gpu@53.531C tj@53.531C soc1@53.468C VDD_IN 8701mW/8595mW VDD_CPU_GPU_CV 2365mW/2445mW VDD_SOC 2645mW/2587mW
09-26-2026 21:10:54 RAM 3843/7620MB (lfb 33x4MB) SWAP 91/12002MB (cached 0MB) CPU [0%@1728,0%@1728,0%@1728,0%@1728,0%@1728,30%@1728] GR3D_FREQ 89% cpu@53.875C soc2@53.125C soc0@52.343C gpu@56.437C tj@56.437C soc1@53.593C VDD_IN 16826mW/9344mW VDD_CPU_GPU_CV 8274mW/2975mW VDD_SOC 3858mW/2702mW
09-26-2026 21:10:54 RAM 4017/7620MB (lfb 34x4MB) SWAP 91/12002MB (cached 0MB) CPU [18%@1728,18%@1728,18%@1728,18%@1728,16%@1728,80%@1728] GR3D_FREQ 0% cpu@53.937C soc2@52.968C soc0@52.437C gpu@54.375C tj@54.375C soc1@53.75C VDD_IN 12928mW/9642mW VDD_CPU_GPU_CV 5513mW/3186mW VDD_SOC 3217mW/2745mW
09-26-2026 21:10:55 RAM 4015/7620MB (lfb 34x4MB) SWAP 91/12002MB (cached 0MB) CPU [29%@1728,12%@1728,30%@1728,30%@1728,42%@1728,100%@1728] GR3D_FREQ 0% cpu@54.031C soc2@53.093C soc0@52.781C gpu@53.937C tj@54.031C soc1@53.718C VDD_IN 10289mW/9692mW VDD_CPU_GPU_CV 3733mW/3228mW VDD_SOC 2799mW/2749mW
09-26-2026 21:10:55 RAM 4013/7620MB (lfb 34x4MB) SWAP 91/12002MB (cached 0MB) CPU [30%@1728,23%@1728,30%@1728,31%@1728,36%@1728,98%@1728] GR3D_FREQ 0% cpu@53.812C soc2@52.906C soc0@52.593C gpu@54.187C tj@54.187C soc1@53.687C VDD_IN 9516mW/9679mW VDD_CPU_GPU_CV 3188mW/3225mW VDD_SOC 2680mW/2744mW
09-26-2026 21:10:56 RAM 3810/7620MB (lfb 54x4MB) SWAP 91/12002MB (cached 0MB) CPU [13%@1728,16%@1728,16%@1728,16%@1728,18%@1728,94%@1728] GR3D_FREQ 0% cpu@53.718C soc2@52.75C soc0@52.375C gpu@54.312C tj@54.312C soc1@54.031C VDD_IN 9042mW/9637mW VDD_CPU_GPU_CV 2799mW/3197mW VDD_SOC 2645mW/2738mW
09-26-2026 21:10:56 RAM 4068/7620MB (lfb 33x4MB) SWAP 91/12002MB (cached 0MB) CPU [0%@1728,0%@1728,0%@1728,0%@1728,0%@1728,86%@1728] GR3D_FREQ 63% cpu@53.781C soc2@52.718C soc0@52.406C gpu@54.656C tj@54.656C soc1@53.843C VDD_IN 9240mW/9612mW VDD_CPU_GPU_CV 2794mW/3172mW VDD_SOC 2724mW/2737mW
09-26-2026 21:10:57 RAM 4186/7620MB (lfb 33x4MB) SWAP 91/12002MB (cached 0MB) CPU [0%@1728,0%@1728,0%@1728,0%@1728,0%@1728,53%@1728] GR3D_FREQ 0% cpu@53.718C soc2@52.906C soc0@52.406C gpu@54.468C tj@54.468C soc1@53.718C VDD_IN 11611mW/9730mW VDD_CPU_GPU_CV 4511mW/3250mW VDD_SOC 3065mW/2756mW
09-26-2026 21:10:57 RAM 4293/7620MB (lfb 33x4MB) SWAP 91/12002MB (cached 0MB) CPU [29%@1728,29%@1728,28%@1728,28%@1728,28%@1728,96%@1728] GR3D_FREQ 0% cpu@54C soc2@52.937C soc0@52.593C gpu@54.062C tj@54.062C soc1@53.781C VDD_IN 10131mW/9752mW VDD_CPU_GPU_CV 3615mW/3271mW VDD_SOC 2799mW/2759mW
09-26-2026 21:10:58 RAM 4287/7620MB (lfb 33x4MB) SWAP 91/12002MB (cached 0MB) CPU [36%@1728,36%@1728,35%@1728,34%@1728,34%@1728,100%@1728] GR3D_FREQ 0% cpu@53.968C soc2@52.843C soc0@52.437C gpu@54.468C tj@54.468C soc1@53.781C VDD_IN 9635mW/9746mW VDD_CPU_GPU_CV 3306mW/3273mW VDD_SOC 2680mW/2754mW
09-26-2026 21:10:58 RAM 3986/7620MB (lfb 48x4MB) SWAP 91/12002MB (cached 0MB) CPU [21%@1728,18%@1728,21%@1728,20%@1728,18%@1728,100%@1728] GR3D_FREQ 0% cpu@53.656C soc2@52.812C soc0@52.343C gpu@53.843C tj@54C soc1@54C VDD_IN 9240mW/9721mW VDD_CPU_GPU_CV 2912mW/3255mW VDD_SOC 2685mW/2751mW
09-26-2026 21:10:59 RAM 4126/7620MB (lfb 33x4MB) SWAP 91/12002MB (cached 0MB) CPU [0%@1728,0%@1728,0%@1728,0%@1728,23%@1728,51%@1728] GR3D_FREQ 66% cpu@53.75C soc2@52.937C soc0@52.437C gpu@55.437C tj@55.437C soc1@53.906C VDD_IN 11335mW/9797mW VDD_CPU_GPU_CV 4354mW/3307mW VDD_SOC 3030mW/2764mW
09-26-2026 21:10:59 RAM 4299/7620MB (lfb 33x4MB) SWAP 91/12002MB (cached 0MB) CPU [17%@1728,17%@1728,17%@1728,17%@1728,27%@1728,69%@1728] GR3D_FREQ 0% cpu@54.156C soc2@53.093C soc0@52.656C gpu@54.5C tj@54.5C soc1@53.781C VDD_IN 11117mW/9857mW VDD_CPU_GPU_CV 4197mW/3347mW VDD_SOC 2952mW/2773mW
09-26-2026 21:11:00 RAM 4296/7620MB (lfb 33x4MB) SWAP 91/12002MB (cached 0MB) CPU [36%@1728,36%@1728,36%@1728,36%@1728,36%@1728,100%@1728] GR3D_FREQ 0% cpu@54.125C soc2@53.062C soc0@52.625C gpu@54.156C tj@54.156C soc1@53.875C VDD_IN 9950mW/9861mW VDD_CPU_GPU_CV 3463mW/3352mW VDD_SOC 2759mW/2772mW
09-26-2026 21:11:00 RAM 3950/7620MB (lfb 58x4MB) SWAP 91/12002MB (cached 0MB) CPU [30%@1728,30%@1728,30%@1728,30%@1728,30%@1728,95%@1728] GR3D_FREQ 0% cpu@53.75C soc2@53.062C soc0@52.5C gpu@54.187C tj@54.187C soc1@54.031C VDD_IN 9437mW/9844mW VDD_CPU_GPU_CV 3148mW/3344mW VDD_SOC 2641mW/2767mW
09-26-2026 21:11:01 RAM 4141/7620MB (lfb 33x4MB) SWAP 91/12002MB (cached 0MB) CPU [0%@1728,0%@1728,0%@1728,0%@1728,0%@1728,94%@1728] GR3D_FREQ 63% cpu@53.875C soc2@52.906C soc0@52.593C gpu@54.593C tj@54.593C soc1@53.937C VDD_IN 9437mW/9827mW VDD_CPU_GPU_CV 2912mW/3327mW VDD_SOC 2759mW/2766mW
09-26-2026 21:11:01 RAM 4309/7620MB (lfb 33x4MB) SWAP 91/12002MB (cached 0MB) CPU [5%@1728,3%@1728,3%@1728,3%@1728,29%@1728,24%@1728] GR3D_FREQ 0% cpu@54.218C soc2@53.125C soc0@52.875C gpu@54.625C tj@54.625C soc1@53.906C VDD_IN 12319mW/9923mW VDD_CPU_GPU_CV 4974mW/3390mW VDD_SOC 3182mW/2782mW
09-26-2026 21:11:02 RAM 4309/7620MB (lfb 33x4MB) SWAP 91/12002MB (cached 0MB) CPU [34%@1728,35%@1728,35%@1728,34%@1728,100%@1728,34%@1728] GR3D_FREQ 0% cpu@54.593C soc2@53.187C soc0@52.812C gpu@54.562C tj@54.593C soc1@53.968C VDD_IN 10210mW/9934mW VDD_CPU_GPU_CV 3654mW/3400mW VDD_SOC 2799mW/2783mW
09-26-2026 21:11:02 RAM 4304/7620MB (lfb 33x4MB) SWAP 91/12002MB (cached 0MB) CPU [38%@1728,39%@1728,36%@1728,38%@1728,100%@1728,38%@1728] GR3D_FREQ 0% cpu@54.5C soc2@53.125C soc0@52.656C gpu@54.125C tj@54.5C soc1@53.875C VDD_IN 9635mW/9923mW VDD_CPU_GPU_CV 3306mW/3396mW VDD_SOC 2680mW/2779mW
09-26-2026 21:11:03 RAM 4103/7620MB (lfb 33x4MB) SWAP 91/12002MB (cached 0MB) CPU [12%@1728,12%@1728,10%@1728,12%@1728,100%@1728,12%@1728] GR3D_FREQ 0% cpu@54.281C soc2@52.875C soc0@52.593C gpu@54.437C tj@54.437C soc1@54.062C VDD_IN 9200mW/9898mW VDD_CPU_GPU_CV 2794mW/3376mW VDD_SOC 2685mW/2776mW
09-26-2026 21:11:03 RAM 4177/7620MB (lfb 33x4MB) SWAP 91/12002MB (cached 0MB) CPU [0%@1728,0%@1728,0%@1728,0%@1728,70%@1728,0%@1728] GR3D_FREQ 66% cpu@53.937C soc2@53.25C soc0@52.656C gpu@55.562C tj@55.562C soc1@53.968C VDD_IN 12614mW/9989mW VDD_CPU_GPU_CV 5248mW/3438mW VDD_SOC 3217mW/2791mW
09-26-2026 21:11:04 RAM 4343/7620MB (lfb 33x4MB) SWAP 91/12002MB (cached 0MB) CPU [32%@1728,33%@1728,30%@1728,33%@1728,48%@1728,77%@1728] GR3D_FREQ 0% cpu@54.437C soc2@53.25C soc0@52.718C gpu@54.406C tj@54.437C soc1@53.968C VDD_IN 10565mW/10007mW VDD_CPU_GPU_CV 3890mW/3453mW VDD_SOC 2833mW/2792mW
09-26-2026 21:11:04 RAM 4352/7620MB (lfb 40x4MB) SWAP 91/12002MB (cached 0MB) CPU [98%@1728,44%@1728,45%@1728,48%@1728,62%@1728,98%@1728] GR3D_FREQ 0% cpu@54.531C soc2@53.375C soc0@52.718C gpu@54.281C tj@54.531C soc1@53.937C VDD_IN 10447mW/10021mW VDD_CPU_GPU_CV 3890mW/3466mW VDD_SOC 2794mW/2792mW
09-26-2026 21:11:05 RAM 4039/7620MB (lfb 69x4MB) SWAP 91/12002MB (cached 0MB) CPU [32%@1728,27%@1728,27%@1728,25%@1728,29%@1728,100%@1728] GR3D_FREQ 0% cpu@54.187C soc2@53.187C soc0@52.781C gpu@54.25C tj@54.25C soc1@54.25C VDD_IN 9635mW/10009mW VDD_CPU_GPU_CV 3266mW/3460mW VDD_SOC 2680mW/2789mW
09-26-2026 21:11:05 RAM 4223/7620MB (lfb 54x4MB) SWAP 91/12002MB (cached 0MB) CPU [0%@1728,0%@1728,0%@1728,0%@1728,0%@1728,89%@1728] GR3D_FREQ 64% cpu@54.281C soc2@53.093C soc0@52.625C gpu@55.093C tj@55.093C soc1@54.093C VDD_IN 10802mW/10033mW VDD_CPU_GPU_CV 3929mW/3474mW VDD_SOC 2952mW/2794mW
09-26-2026 21:11:06 RAM 4381/7620MB (lfb 34x4MB) SWAP 91/12002MB (cached 0MB) CPU [14%@1728,12%@1728,15%@1728,14%@1728,43%@1728,48%@1728] GR3D_FREQ 0% cpu@54.781C soc2@53.312C soc0@52.75C gpu@54.781C tj@54.781C soc1@54.093C VDD_IN 11571mW/10077mW VDD_CPU_GPU_CV 4472mW/3503mW VDD_SOC 3025mW/2800mW
09-26-2026 21:11:06 RAM 4383/7620MB (lfb 34x4MB) SWAP 91/12002MB (cached 0MB) CPU [40%@1728,41%@1728,41%@1728,41%@1728,100%@1728,41%@1728] GR3D_FREQ 0% cpu@54.593C soc2@53.343C soc0@52.906C gpu@54.5C tj@54.593C soc1@54.093C VDD_IN 10108mW/10078mW VDD_CPU_GPU_CV 3536mW/3503mW VDD_SOC 2759mW/2799mW
09-26-2026 21:11:07 RAM 4383/7620MB (lfb 34x4MB) SWAP 91/12002MB (cached 0MB) CPU [36%@1728,35%@1728,34%@1728,33%@1728,100%@1728,34%@1728] GR3D_FREQ 0% cpu@54.593C soc2@53.343C soc0@52.781C gpu@54.562C tj@54.593C soc1@54.093C VDD_IN 9595mW/10065mW VDD_CPU_GPU_CV 3266mW/3497mW VDD_SOC 2680mW/2796mW
09-26-2026 21:11:07 RAM 4221/7620MB (lfb 54x4MB) SWAP 91/12002MB (cached 0MB) CPU [0%@1728,1%@1728,0%@1728,0%@1728,98%@1728,0%@1728] GR3D_FREQ 62% cpu@53.937C soc2@53.031C soc0@52.781C gpu@55C tj@55C soc1@54.187C VDD_IN 9595mW/10052mW VDD_CPU_GPU_CV 3030mW/3485mW VDD_SOC 2759mW/2795mW
09-26-2026 21:11:08 RAM 4376/7620MB (lfb 34x4MB) SWAP 91/12002MB (cached 0MB) CPU [9%@1728,9%@1728,11%@1728,9%@1728,68%@1728,8%@1728] GR3D_FREQ 0% cpu@54.812C soc2@53.343C soc0@52.75C gpu@54.625C tj@54.812C soc1@54.187C VDD_IN 12122mW/10105mW VDD_CPU_GPU_CV 4817mW/3519mW VDD_SOC 3104mW/2803mW
09-26-2026 21:11:08 RAM 4376/7620MB (lfb 34x4MB) SWAP 91/12002MB (cached 0MB) CPU [38%@1728,38%@1728,34%@1728,36%@1728,100%@1728,37%@1728] GR3D_FREQ 0% cpu@54.875C soc2@53.437C soc0@53C gpu@54.5C tj@55.031C soc1@54.156C VDD_IN 10210mW/10108mW VDD_CPU_GPU_CV 3654mW/3522mW VDD_SOC 2799mW/2803mW
09-26-2026 21:11:09 RAM 4380/7620MB (lfb 33x4MB) SWAP 91/12002MB (cached 0MB) CPU [39%@1728,38%@1728,38%@1728,39%@1728,100%@1728,37%@1728] GR3D_FREQ 0% cpu@54.875C soc2@53.312C soc0@52.812C gpu@54.406C tj@54.875C soc1@54.093C VDD_IN 9674mW/10097mW VDD_CPU_GPU_CV 3306mW/3517mW VDD_SOC 2680mW/2800mW
09-26-2026 21:11:09 RAM 4189/7620MB (lfb 67x4MB) SWAP 91/12002MB (cached 0MB) CPU [10%@1728,7%@1728,7%@1728,9%@1728,100%@1728,8%@1728] GR3D_FREQ 0% cpu@54.5C soc2@53.062C soc0@52.875C gpu@54.156C tj@54.5C soc1@54.093C VDD_IN 9200mW/10076mW VDD_CPU_GPU_CV 2755mW/3499mW VDD_SOC 2685mW/2797mW
09-26-2026 21:11:10 RAM 4358/7620MB (lfb 34x4MB) SWAP 91/12002MB (cached 0MB) CPU [4%@1728,0%@1728,3%@1728,0%@1728,66%@1728,0%@1728] GR3D_FREQ 68% cpu@54.75C soc2@53.406C soc0@52.906C gpu@55.625C tj@55.625C soc1@54.25C VDD_IN 12771mW/10139mW VDD_CPU_GPU_CV 5326mW/3541mW VDD_SOC 3256mW/2808mW
09-26-2026 21:11:10 RAM 4382/7620MB (lfb 34x4MB) SWAP 91/12002MB (cached 0MB) CPU [36%@1728,36%@1728,36%@1728,36%@1728,100%@1728,35%@1728] GR3D_FREQ 0% cpu@54.781C soc2@53.406C soc0@52.875C gpu@54.437C tj@54.781C soc1@54.312C VDD_IN 10407mW/10145mW VDD_CPU_GPU_CV 3811mW/3547mW VDD_SOC 2833mW/2808mW
09-26-2026 21:11:11 RAM 4382/7620MB (lfb 34x4MB) SWAP 91/12002MB (cached 0MB) CPU [38%@1728,36%@1728,36%@1728,36%@1728,98%@1728,37%@1728] GR3D_FREQ 0% cpu@54.906C soc2@53.437C soc0@52.968C gpu@54.625C tj@54.906C soc1@54.218C VDD_IN 9753mW/10136mW VDD_CPU_GPU_CV 3345mW/3543mW VDD_SOC 2680mW/2805mW
09-26-2026 21:11:11 RAM 4126/7620MB (lfb 71x4MB) SWAP 91/12002MB (cached 0MB) CPU [17%@1728,17%@1728,17%@1728,17%@1728,100%@1728,18%@1728] GR3D_FREQ 0% cpu@54.562C soc2@53.312C soc0@52.906C gpu@54.468C tj@54.562C soc1@54.125C VDD_IN 9240mW/10117mW VDD_CPU_GPU_CV 2833mW/3528mW VDD_SOC 2685mW/2803mW
09-26-2026 21:11:12 RAM 4218/7620MB (lfb 59x4MB) SWAP 91/12002MB (cached 0MB) CPU [1%@1728,0%@1728,0%@1728,0%@1728,72%@1728,0%@1728] GR3D_FREQ 64% cpu@54.031C soc2@53.437C soc0@52.875C gpu@55.625C tj@55.625C soc1@54.312C VDD_IN 12496mW/10167mW VDD_CPU_GPU_CV 5170mW/3562mW VDD_SOC 3182mW/2811mW
09-26-2026 21:11:12 RAM 4379/7620MB (lfb 34x4MB) SWAP 91/12002MB (cached 0MB) CPU [31%@1728,31%@1728,32%@1728,32%@1728,33%@1728,94%@1728] GR3D_FREQ 0% cpu@54.437C soc2@53.468C soc0@53.031C gpu@54.687C tj@54.687C soc1@54.25C VDD_IN 10644mW/10177mW VDD_CPU_GPU_CV 3968mW/3571mW VDD_SOC 2873mW/2812mW
09-26-2026 21:11:13 RAM 4383/7620MB (lfb 34x4MB) SWAP 91/12002MB (cached 0MB) CPU [43%@1728,38%@1728,40%@1728,39%@1728,36%@1728,96%@1728] GR3D_FREQ 0% cpu@54.718C soc2@53.468C soc0@52.937C gpu@54.531C tj@54.718C soc1@54.25C VDD_IN 9872mW/10171mW VDD_CPU_GPU_CV 3463mW/3569mW VDD_SOC 2720mW/2810mW
09-26-2026 21:11:13 RAM 4384/7620MB (lfb 34x4MB) SWAP 91/12002MB (cached 0MB) CPU [56%@1728,24%@1728,46%@1728,57%@1728,69%@1728,93%@1728] GR3D_FREQ 0% cpu@54.687C soc2@53.406C soc0@52.937C gpu@54.406C tj@54.687C soc1@54.218C VDD_IN 9714mW/10162mW VDD_CPU_GPU_CV 3424mW/3566mW VDD_SOC 2641mW/2807mW
09-26-2026 21:11:14 RAM 4224/7620MB (lfb 59x4MB) SWAP 91/12002MB (cached 0MB) CPU [0%@1728,2%@1728,2%@1728,3%@1728,1%@1728,98%@1728] GR3D_FREQ 0% cpu@53.937C soc2@53.312C soc0@52.937C gpu@54.843C tj@54.562C soc1@54.187C VDD_IN 9279mW/10144mW VDD_CPU_GPU_CV 2833mW/3551mW VDD_SOC 2720mW/2805mW
09-26-2026 21:11:15 RAM 4377/7620MB (lfb 34x4MB) SWAP 91/12002MB (cached 0MB) CPU [3%@1728,1%@1728,1%@1728,0%@1728,10%@1728,42%@1728] GR3D_FREQ 51% cpu@54.5C soc2@53.468C soc0@52.968C gpu@55.156C tj@55.156C soc1@54.5C VDD_IN 12417mW/10188mW VDD_CPU_GPU_CV 5052mW/3580mW VDD_SOC 3222mW/2813mW
09-26-2026 21:11:15 RAM 4381/7620MB (lfb 33x4MB) SWAP 91/12002MB (cached 0MB) CPU [37%@1728,33%@1728,36%@1728,37%@1728,34%@1728,98%@1728] GR3D_FREQ 0% cpu@54.718C soc2@53.437C soc0@52.875C gpu@54.875C tj@54.875C soc1@54.312C VDD_IN 10289mW/10190mW VDD_CPU_GPU_CV 3733mW/3583mW VDD_SOC 2799mW/2813mW
09-26-2026 21:11:16 RAM 4383/7620MB (lfb 33x4MB) SWAP 91/12002MB (cached 0MB) CPU [38%@1728,37%@1728,36%@1728,36%@1728,36%@1728,98%@1728] GR3D_FREQ 0% cpu@54.718C soc2@53.343C soc0@52.906C gpu@54.937C tj@54.937C soc1@54.343C VDD_IN 9674mW/10180mW VDD_CPU_GPU_CV 3345mW/3579mW VDD_SOC 2680mW/2810mW
09-26-2026 21:11:16 RAM 4129/7620MB (lfb 71x4MB) SWAP 91/12002MB (cached 0MB) CPU [14%@1728,14%@1728,15%@1728,14%@1728,14%@1728,100%@1728] GR3D_FREQ 0% cpu@54.281C soc2@53.25C soc0@53C gpu@54.656C tj@54.656C soc1@54.281C VDD_IN 9200mW/10163mW VDD_CPU_GPU_CV 2833mW/3565mW VDD_SOC 2685mW/2808mW
09-26-2026 21:11:17 RAM 4225/7620MB (lfb 59x4MB) SWAP 91/12002MB (cached 0MB) CPU [0%@1728,0%@1728,0%@1728,0%@1728,0%@1728,67%@1728] GR3D_FREQ 66% cpu@54.062C soc2@53.468C soc0@52.906C gpu@55.656C tj@55.656C soc1@54.25C VDD_IN 11847mW/10193mW VDD_CPU_GPU_CV 4739mW/3586mW VDD_SOC 3104mW/2813mW
09-26-2026 21:11:17 RAM 4390/7620MB (lfb 33x4MB) SWAP 91/12002MB (cached 0MB) CPU [27%@1728,28%@1728,25%@1728,26%@1728,26%@1728,84%@1728] GR3D_FREQ 0% cpu@54.843C soc2@53.5C soc0@52.937C gpu@54.625C tj@54.625C soc1@54.375C VDD_IN 10802mW/10203mW VDD_CPU_GPU_CV 4047mW/3594mW VDD_SOC 2912mW/2815mW
09-26-2026 21:11:18 RAM 4388/7620MB (lfb 34x4MB) SWAP 91/12002MB (cached 0MB) CPU [38%@1728,38%@1728,37%@1728,37%@1728,38%@1728,100%@1728] GR3D_FREQ 0% cpu@54.687C soc2@53.437C soc0@53C gpu@54.625C tj@54.687C soc1@54.406C VDD_IN 9872mW/10198mW VDD_CPU_GPU_CV 3424mW/3591mW VDD_SOC 2720mW/2814mW
09-26-2026 21:11:18 RAM 4044/7620MB (lfb 68x4MB) SWAP 91/12002MB (cached 0MB) CPU [26%@1728,27%@1728,26%@1728,27%@1728,25%@1728,100%@1728] GR3D_FREQ 0% cpu@54.375C soc2@53.375C soc0@53.031C gpu@54.406C tj@54.437C soc1@54.312C VDD_IN 9358mW/10183mW VDD_CPU_GPU_CV 3070mW/3583mW VDD_SOC 2641mW/2811mW
09-26-2026 21:11:19 RAM 4229/7620MB (lfb 56x4MB) SWAP 91/12002MB (cached 0MB) CPU [0%@1728,0%@1728,0%@1728,0%@1728,0%@1728,84%@1728] GR3D_FREQ 68% cpu@54.187C soc2@53.406C soc0@52.906C gpu@55.812C tj@55.812C soc1@54.343C VDD_IN 10802mW/10194mW VDD_CPU_GPU_CV 3890mW/3588mW VDD_SOC 2952mW/2813mW
09-26-2026 21:11:19 RAM 4387/7620MB (lfb 34x4MB) SWAP 91/12002MB (cached 0MB) CPU [12%@1728,10%@1728,13%@1728,10%@1728,63%@1728,17%@1728] GR3D_FREQ 0% cpu@54.906C soc2@53.593C soc0@53.25C gpu@55C tj@55C soc1@54.281C VDD_IN 11493mW/10215mW VDD_CPU_GPU_CV 4472mW/3602mW VDD_SOC 3025mW/2816mW
09-26-2026 21:11:20 RAM 4391/7620MB (lfb 33x4MB) SWAP 91/12002MB (cached 0MB) CPU [37%@1728,36%@1728,36%@1728,38%@1728,98%@1728,34%@1728] GR3D_FREQ 0% cpu@54.968C soc2@53.5C soc0@53.031C gpu@55.031C tj@55.031C soc1@54.5C VDD_IN 10092mW/10213mW VDD_CPU_GPU_CV 3536mW/3601mW VDD_SOC 2759mW/2816mW
09-26-2026 21:11:20 RAM 4391/7620MB (lfb 33x4MB) SWAP 91/12002MB (cached 0MB) CPU [36%@1728,37%@1728,37%@1728,36%@1728,100%@1728,37%@1728] GR3D_FREQ 0% cpu@55.062C soc2@53.5C soc0@52.968C gpu@54.781C tj@55.062C soc1@54.468C VDD_IN 9595mW/10203mW VDD_CPU_GPU_CV 3266mW/3596mW VDD_SOC 2680mW/2813mW
09-26-2026 21:11:21 RAM 4227/7620MB (lfb 57x4MB) SWAP 91/12002MB (cached 0MB) CPU [1%@1728,2%@1728,3%@1728,3%@1728,100%@1728,1%@1728] GR3D_FREQ 0% cpu@54.656C soc2@53.281C soc0@53.187C gpu@54.593C tj@54.656C soc1@54.375C VDD_IN 9161mW/10187mW VDD_CPU_GPU_CV 2676mW/3581mW VDD_SOC 2685mW/2811mW
09-26-2026 21:11:21 RAM 4313/7620MB (lfb 36x4MB) SWAP 91/12002MB (cached 0MB) CPU [1%@1728,1%@1728,0%@1728,0%@1728,51%@1728,0%@1728] GR3D_FREQ 63% cpu@54.406C soc2@53.656C soc0@53.062C gpu@55.593C tj@55.593C soc1@54.25C VDD_IN 12456mW/10222mW VDD_CPU_GPU_CV 5091mW/3605mW VDD_SOC 3182mW/2817mW
09-26-2026 21:11:22 RAM 4384/7620MB (lfb 33x4MB) SWAP 91/12002MB (cached 0MB) CPU [81%@1728,29%@1728,36%@1728,37%@1728,56%@1728,44%@1728] GR3D_FREQ 0% cpu@55.312C soc2@53.75C soc0@53.062C gpu@55.125C tj@55.312C soc1@54.562C VDD_IN 10289mW/10223mW VDD_CPU_GPU_CV 3693mW/3606mW VDD_SOC 2799mW/2817mW
09-26-2026 21:11:22 RAM 4390/7620MB (lfb 34x4MB) SWAP 91/12002MB (cached 0MB) CPU [100%@1728,37%@1728,37%@1728,36%@1728,35%@1728,35%@1728] GR3D_FREQ 0% cpu@54.875C soc2@53.531C soc0@53.031C gpu@54.656C tj@54.781C soc1@54.593C VDD_IN 9635mW/10214mW VDD_CPU_GPU_CV 3306mW/3601mW VDD_SOC 2680mW/2815mW
09-26-2026 21:11:23 RAM 4495/7620MB (lfb 33x4MB) SWAP 91/12002MB (cached 0MB) CPU [92%@1728,74%@1728,66%@1728,66%@1728,64%@1728,59%@1728] GR3D_FREQ 0% cpu@56.531C soc2@53.937C soc0@53.031C gpu@54.968C tj@56.531C soc1@54.406C VDD_IN 11689mW/10236mW VDD_CPU_GPU_CV 4817mW/3619mW VDD_SOC 2907mW/2816mW
09-26-2026 21:11:23 RAM 4495/7620MB (lfb 33x4MB) SWAP 91/12002MB (cached 0MB) CPU [100%@1728,100%@1728,100%@1728,100%@1728,100%@1728,100%@1728] GR3D_FREQ 0% cpu@56.968C soc2@54.343C soc0@53.187C gpu@55.125C tj@57.187C soc1@54.593C VDD_IN 13613mW/10285mW VDD_CPU_GPU_CV 6832mW/3666mW VDD_SOC 2824mW/2816mW
09-26-2026 21:11:24 RAM 4495/7620MB (lfb 33x4MB) SWAP 91/12002MB (cached 0MB) CPU [100%@1728,100%@1728,100%@1728,100%@1728,100%@1728,100%@1728] GR3D_FREQ 0% cpu@57.218C soc2@54.531C soc0@53.281C gpu@55.156C tj@57.218C soc1@54.656C VDD_IN 14162mW/10340mW VDD_CPU_GPU_CV 7405mW/3719mW VDD_SOC 2780mW/2816mW
09-26-2026 21:11:24 RAM 4851/7620MB (lfb 19x4MB) SWAP 91/12002MB (cached 0MB) CPU [100%@1728,100%@1728,100%@1728,100%@1728,100%@1728,100%@1728] GR3D_FREQ 0% cpu@57.218C soc2@54.75C soc0@53.343C gpu@55.343C tj@57.218C soc1@55.031C VDD_IN 14241mW/10395mW VDD_CPU_GPU_CV 7366mW/3771mW VDD_SOC 2859mW/2816mW
09-26-2026 21:11:25 RAM 4850/7620MB (lfb 19x4MB) SWAP 91/12002MB (cached 0MB) CPU [100%@1728,100%@1728,100%@1728,100%@1728,100%@1728,100%@1728] GR3D_FREQ 0% cpu@57.593C soc2@54.75C soc0@53.312C gpu@55.375C tj@57.593C soc1@55.031C VDD_IN 14358mW/10450mW VDD_CPU_GPU_CV 7522mW/3823mW VDD_SOC 2820mW/2816mW
09-26-2026 21:11:25 RAM 4096/7620MB (lfb 86x4MB) SWAP 91/12002MB (cached 0MB) CPU [96%@1728,92%@1728,98%@1728,98%@1728,92%@1728,100%@1728] GR3D_FREQ 0% cpu@56.968C soc2@54.531C soc0@53.406C gpu@55.781C tj@56.968C soc1@55.062C VDD_IN 13242mW/10488mW VDD_CPU_GPU_CV 6441mW/3859mW VDD_SOC 2824mW/2816mW
09-26-2026 21:11:26 RAM 4495/7620MB (lfb 31x4MB) SWAP 91/12002MB (cached 0MB) CPU [100%@1728,100%@1728,98%@1728,100%@1728,98%@1728,98%@1728] GR3D_FREQ 0% cpu@57.5C soc2@54.843C soc0@53.593C gpu@55.5C tj@57.5C soc1@55.062C VDD_IN 14005mW/10536mW VDD_CPU_GPU_CV 7093mW/3902mW VDD_SOC 2859mW/2817mW
09-26-2026 21:11:26 RAM 4495/7620MB (lfb 31x4MB) SWAP 91/12002MB (cached 0MB) CPU [100%@1728,100%@1728,100%@1728,100%@1728,100%@1728,100%@1728] GR3D_FREQ 0% cpu@57.593C soc2@54.937C soc0@53.625C gpu@55.875C tj@57.593C soc1@55.062C VDD_IN 14280mW/10586mW VDD_CPU_GPU_CV 7483mW/3950mW VDD_SOC 2820mW/2817mW
09-26-2026 21:11:27 RAM 4850/7620MB (lfb 2x4MB) SWAP 91/12002MB (cached 0MB) CPU [100%@1728,100%@1728,100%@1728,100%@1728,100%@1728,100%@1728] GR3D_FREQ 0% cpu@57.812C soc2@54.906C soc0@53.593C gpu@55.812C tj@57.5C soc1@55.312C VDD_IN 14280mW/10634mW VDD_CPU_GPU_CV 7288mW/3994mW VDD_SOC 2898mW/2818mW
09-26-2026 21:11:27 RAM 4846/7620MB (lfb 4x4MB) SWAP 91/12002MB (cached 0MB) CPU [100%@1728,100%@1728,100%@1728,100%@1728,100%@1728,100%@1728] GR3D_FREQ 0% cpu@57.968C soc2@55C soc0@53.625C gpu@55.781C tj@57.968C soc1@55.281C VDD_IN 14335mW/10682mW VDD_CPU_GPU_CV 7483mW/4039mW VDD_SOC 2859mW/2819mW
09-26-2026 21:11:28 RAM 4846/7620MB (lfb 4x4MB) SWAP 91/12002MB (cached 0MB) CPU [100%@1728,100%@1728,100%@1728,100%@1728,100%@1728,100%@1728] GR3D_FREQ 0% cpu@58.125C soc2@55.062C soc0@53.625C gpu@56.218C tj@58.125C soc1@55.312C VDD_IN 14280mW/10729mW VDD_CPU_GPU_CV 7522mW/4084mW VDD_SOC 2820mW/2819mW
09-26-2026 21:11:28 RAM 4080/7620MB (lfb 79x4MB) SWAP 91/12002MB (cached 0MB) CPU [70%@1728,88%@1728,71%@1728,71%@1728,72%@1728,72%@1728] GR3D_FREQ 0% cpu@55.812C soc2@54.75C soc0@53.843C gpu@55.593C tj@55.812C soc1@55.218C VDD_IN 11886mW/10743mW VDD_CPU_GPU_CV 5248mW/4099mW VDD_SOC 2750mW/2818mW
09-26-2026 21:11:29 RAM 4323/7620MB (lfb 36x4MB) SWAP 91/12002MB (cached 0MB) CPU [51%@1728,24%@1728,9%@1728,7%@1728,5%@1728,5%@1728] GR3D_FREQ 0% cpu@55.687C soc2@54.687C soc0@53.906C gpu@56.25C tj@56.25C soc1@55.156C VDD_IN 12201mW/10761mW VDD_CPU_GPU_CV 5013mW/4110mW VDD_SOC 3065mW/2821mW
09-26-2026 21:11:29 RAM 4323/7620MB (lfb 36x4MB) SWAP 91/12002MB (cached 0MB) CPU [98%@1728,36%@1728,32%@1728,33%@1728,35%@1728,32%@1728] GR3D_FREQ 0% cpu@55.656C soc2@54.468C soc0@53.843C gpu@55.593C tj@55.656C soc1@55.343C VDD_IN 10171mW/10754mW VDD_CPU_GPU_CV 3693mW/4105mW VDD_SOC 2759mW/2820mW
09-26-2026 21:11:30 RAM 4323/7620MB (lfb 34x4MB) SWAP 91/12002MB (cached 0MB) CPU [53%@1728,37%@1728,78%@1728,37%@1728,37%@1728,39%@1728] GR3D_FREQ 0% cpu@55.906C soc2@54.281C soc0@53.656C gpu@55.406C tj@55.906C soc1@55.218C VDD_IN 9635mW/10741mW VDD_CPU_GPU_CV 3306mW/4095mW VDD_SOC 2680mW/2818mW
09-26-2026 21:11:30 RAM 4125/7620MB (lfb 76x4MB) SWAP 91/12002MB (cached 0MB) CPU [9%@1728,10%@1728,94%@1728,10%@1728,10%@1728,8%@1728] GR3D_FREQ 66% cpu@55.343C soc2@54.218C soc0@53.625C gpu@56.312C tj@56.312C soc1@55.062C VDD_IN 10447mW/10737mW VDD_CPU_GPU_CV 3733mW/4091mW VDD_SOC 2873mW/2819mW
09-26-2026 21:11:31 RAM 4325/7620MB (lfb 33x4MB) SWAP 91/12002MB (cached 0MB) CPU [26%@1728,23%@1728,36%@1728,72%@1728,24%@1728,21%@1728] GR3D_FREQ 0% cpu@55.531C soc2@54.218C soc0@53.843C gpu@55.437C tj@55.531C soc1@54.968C VDD_IN 10644mW/10736mW VDD_CPU_GPU_CV 3890mW/4088mW VDD_SOC 2873mW/2820mW
09-26-2026 21:11:31 RAM 4313/7620MB (lfb 36x4MB) SWAP 91/12002MB (cached 0MB) CPU [38%@1728,36%@1728,38%@1728,100%@1728,36%@1728,37%@1728] GR3D_FREQ 0% cpu@55.5C soc2@54.156C soc0@53.687C gpu@55.281C tj@55.5C soc1@55.031C VDD_IN 9793mW/10725mW VDD_CPU_GPU_CV 3345mW/4080mW VDD_SOC 2720mW/2819mW
09-26-2026 21:11:32 RAM 4020/7620MB (lfb 77x4MB) SWAP 91/12002MB (cached 0MB) CPU [98%@1728,26%@1728,24%@1728,25%@1728,24%@1728,24%@1728] GR3D_FREQ 0% cpu@55.312C soc2@54.218C soc0@53.593C gpu@55.25C tj@55.312C soc1@55.125C VDD_IN 9437mW/10710mW VDD_CPU_GPU_CV 3070mW/4068mW VDD_SOC 2680mW/2817mW
09-26-2026 21:11:32 RAM 4208/7620MB (lfb 61x4MB) SWAP 91/12002MB (cached 0MB) CPU [68%@1728,0%@1728,0%@1728,0%@1728,0%@1728,0%@1728] GR3D_FREQ 48% cpu@55.187C soc2@54.218C soc0@53.562C gpu@55.968C tj@55.968C soc1@55.062C VDD_IN 11768mW/10722mW VDD_CPU_GPU_CV 4629mW/4074mW VDD_SOC 3104mW/2820mW
09-26-2026 21:11:33 RAM 4323/7620MB (lfb 33x4MB) SWAP 91/12002MB (cached 0MB) CPU [100%@1728,37%@1728,36%@1728,36%@1728,35%@1728,35%@1728] GR3D_FREQ 0% cpu@55.656C soc2@54.343C soc0@53.625C gpu@55.656C tj@55.656C soc1@55.031C VDD_IN 10092mW/10715mW VDD_CPU_GPU_CV 3575mW/4069mW VDD_SOC 2799mW/2820mW
09-26-2026 21:11:33 RAM 4323/7620MB (lfb 34x4MB) SWAP 91/12002MB (cached 0MB) CPU [86%@1728,42%@1728,46%@1728,40%@1728,37%@1728,37%@1728] GR3D_FREQ 0% cpu@55.531C soc2@54.312C soc0@53.718C gpu@55.406C tj@55.531C soc1@54.968C VDD_IN 9635mW/10703mW VDD_CPU_GPU_CV 3306mW/4060mW VDD_SOC 2680mW/2818mW
09-26-2026 21:11:34 RAM 4090/7620MB (lfb 65x4MB) SWAP 91/12002MB (cached 0MB) CPU [40%@1728,42%@1728,36%@1728,45%@1728,52%@1728,92%@1728] GR3D_FREQ 0% cpu@54.968C soc2@54.093C soc0@53.625C gpu@55.531C tj@55.531C soc1@55.156C VDD_IN 9595mW/10690mW VDD_CPU_GPU_CV 3227mW/4051mW VDD_SOC 2680mW/2817mW
09-26-2026 21:11:34 RAM 4369/7620MB (lfb 27x4MB) SWAP 91/12002MB (cached 0MB) CPU [2%@1728,2%@1728,0%@1728,2%@1728,21%@1728,49%@1728] GR3D_FREQ 0% cpu@55.375C soc2@54.187C soc0@53.593C gpu@55.812C tj@55.812C soc1@55.093C VDD_IN 11768mW/10702mW VDD_CPU_GPU_CV 4543mW/4056mW VDD_SOC 3104mW/2820mW
09-26-2026 21:11:35 RAM 4369/7620MB (lfb 27x4MB) SWAP 91/12002MB (cached 0MB) CPU [34%@1728,31%@1728,34%@1728,31%@1728,48%@1728,85%@1728] GR3D_FREQ 0% cpu@55.375C soc2@54.125C soc0@53.593C gpu@55.25C tj@55.375C soc1@55.062C VDD_IN 10092mW/10696mW VDD_CPU_GPU_CV 3575mW/4051mW VDD_SOC 2759mW/2819mW
09-26-2026 21:11:35 RAM 4370/7620MB (lfb 27x4MB) SWAP 91/12002MB (cached 0MB) CPU [34%@1728,34%@1728,32%@1728,25%@1728,48%@1728,98%@1728] GR3D_FREQ 0% cpu@55.343C soc2@54.156C soc0@53.812C gpu@55.093C tj@55.343C soc1@55C VDD_IN 9595mW/10684mW VDD_CPU_GPU_CV 3306mW/4043mW VDD_SOC 2680mW/2818mW
09-26-2026 21:11:36 RAM 4206/7620MB (lfb 54x4MB) SWAP 91/12002MB (cached 0MB) CPU [17%@1728,18%@1728,16%@1728,17%@1728,17%@1728,100%@1728] GR3D_FREQ 0% cpu@54.937C soc2@54.031C soc0@53.687C gpu@55.187C tj@55.187C soc1@54.968C VDD_IN 9279mW/10669mW VDD_CPU_GPU_CV 2873mW/4031mW VDD_SOC 2680mW/2816mW
09-26-2026 21:11:36 RAM 4400/7620MB (lfb 27x4MB) SWAP 91/12002MB (cached 0MB) CPU [16%@1728,15%@1728,15%@1728,15%@1728,15%@1728,79%@1728] GR3D_FREQ 0% cpu@55.375C soc2@54.156C soc0@53.656C gpu@55.343C tj@55.343C soc1@55.062C VDD_IN 11038mW/10673mW VDD_CPU_GPU_CV 4080mW/4031mW VDD_SOC 2952mW/2818mW
09-26-2026 21:11:37 RAM 4406/7620MB (lfb 28x4MB) SWAP 91/12002MB (cached 0MB) CPU [32%@1728,36%@1728,34%@1728,34%@1728,32%@1728,98%@1728] GR3D_FREQ 0% cpu@55.5C soc2@54.093C soc0@53.531C gpu@55.5C tj@55.5C soc1@55.062C VDD_IN 9911mW/10665mW VDD_CPU_GPU_CV 3424mW/4025mW VDD_SOC 2720mW/2817mW
09-26-2026 21:11:37 RAM 4406/7620MB (lfb 28x4MB) SWAP 91/12002MB (cached 0MB) CPU [36%@1728,35%@1728,35%@1728,35%@1728,37%@1728,100%@1728] GR3D_FREQ 0% cpu@55.218C soc2@54.031C soc0@53.593C gpu@55.25C tj@55.25C soc1@54.968C VDD_IN 9516mW/10653mW VDD_CPU_GPU_CV 3227mW/4017mW VDD_SOC 2641mW/2815mW
09-26-2026 21:11:38 RAM 4207/7620MB (lfb 60x4MB) SWAP 91/12002MB (cached 0MB) CPU [3%@1728,0%@1728,1%@1728,1%@1728,0%@1728,82%@1728] GR3D_FREQ 63% cpu@54.906C soc2@54.25C soc0@53.812C gpu@56.562C tj@56.562C soc1@54.968C VDD_IN 11768mW/10664mW VDD_CPU_GPU_CV 4700mW/4024mW VDD_SOC 3065mW/2818mW
09-26-2026 21:11:38 RAM 4405/7620MB (lfb 28x4MB) SWAP 91/12002MB (cached 0MB) CPU [31%@1728,31%@1728,31%@1728,33%@1728,31%@1728,96%@1728] GR3D_FREQ 0% cpu@55.093C soc2@54.156C soc0@53.687C gpu@55.468C tj@55.468C soc1@54.968C VDD_IN 10250mW/10660mW VDD_CPU_GPU_CV 3654mW/4020mW VDD_SOC 2799mW/2817mW
09-26-2026 21:11:39 RAM 4402/7620MB (lfb 27x4MB) SWAP 91/12002MB (cached 0MB) CPU [48%@1728,16%@1728,46%@1728,46%@1728,58%@1728,100%@1728] GR3D_FREQ 0% cpu@55.125C soc2@54.062C soc0@53.656C gpu@55.218C tj@55.218C soc1@55.093C VDD_IN 9714mW/10651mW VDD_CPU_GPU_CV 3266mW/4012mW VDD_SOC 2680mW/2816mW
09-26-2026 21:11:39 RAM 4091/7620MB (lfb 63x4MB) SWAP 91/12002MB (cached 0MB) CPU [45%@1728,2%@1728,41%@1728,39%@1728,63%@1728,97%@1728] GR3D_FREQ 0% cpu@54.906C soc2@54.031C soc0@53.593C gpu@55C tj@55.062C soc1@55.062C VDD_IN 9398mW/10638mW VDD_CPU_GPU_CV 3109mW/4003mW VDD_SOC 2641mW/2814mW
09-26-2026 21:11:40 RAM 4242/7620MB (lfb 62x4MB) SWAP 91/12002MB (cached 0MB) CPU [0%@1728,0%@1728,0%@1728,0%@1728,1%@1728,70%@1728] GR3D_FREQ 30% cpu@54.843C soc2@54.25C soc0@53.781C gpu@56.062C tj@56.062C soc1@54.937C VDD_IN 11650mW/10648mW VDD_CPU_GPU_CV 4590mW/4009mW VDD_SOC 3065mW/2817mW
09-26-2026 21:11:40 RAM 4406/7620MB (lfb 28x4MB) SWAP 91/12002MB (cached 0MB) CPU [15%@1728,45%@1728,48%@1728,50%@1728,67%@1728,96%@1728] GR3D_FREQ 0% cpu@55.281C soc2@54.093C soc0@53.875C gpu@55.156C tj@55.281C soc1@54.906C VDD_IN 10227mW/10644mW VDD_CPU_GPU_CV 3615mW/4005mW VDD_SOC 2755mW/2816mW
09-26-2026 21:11:41 RAM 4407/7620MB (lfb 28x4MB) SWAP 91/12002MB (cached 0MB) CPU [10%@1728,50%@1728,50%@1728,50%@1728,65%@1728,100%@1728] GR3D_FREQ 0% cpu@55.156C soc2@54.062C soc0@53.625C gpu@55.5C tj@55.5C soc1@55.187C VDD_IN 9674mW/10635mW VDD_CPU_GPU_CV 3306mW/3999mW VDD_SOC 2680mW/2815mW
09-26-2026 21:11:41 RAM 4099/7620MB (lfb 61x4MB) SWAP 91/12002MB (cached 0MB) CPU [30%@1728,30%@1728,30%@1728,32%@1728,30%@1728,100%@1728] GR3D_FREQ 0% cpu@54.937C soc2@54.031C soc0@53.437C gpu@55.406C tj@55.406C soc1@55.062C VDD_IN 9398mW/10623mW VDD_CPU_GPU_CV 3109mW/3990mW VDD_SOC 2641mW/2813mW
09-26-2026 21:11:42 RAM 4246/7620MB (lfb 61x4MB) SWAP 91/12002MB (cached 0MB) CPU [1%@1728,0%@1728,0%@1728,0%@1728,6%@1728,64%@1728] GR3D_FREQ 28% cpu@55C soc2@54.062C soc0@53.5C gpu@56.062C tj@56.062C soc1@55.031C VDD_IN 11689mW/10633mW VDD_CPU_GPU_CV 4582mW/3996mW VDD_SOC 3065mW/2816mW
09-26-2026 21:11:42 RAM 4406/7620MB (lfb 28x4MB) SWAP 91/12002MB (cached 0MB) CPU [30%@1728,32%@1728,30%@1728,29%@1728,98%@1728,30%@1728] GR3D_FREQ 0% cpu@55.437C soc2@54.218C soc0@53.843C gpu@55.343C tj@55.437C soc1@54.968C VDD_IN 10131mW/10628mW VDD_CPU_GPU_CV 3615mW/3992mW VDD_SOC 2799mW/2815mW
09-26-2026 21:11:43 RAM 4407/7620MB (lfb 28x4MB) SWAP 91/12002MB (cached 0MB) CPU [35%@1728,35%@1728,36%@1728,37%@1728,98%@1728,35%@1728] GR3D_FREQ 0% cpu@55.281C soc2@54.125C soc0@53.781C gpu@55.093C tj@55.281C soc1@55.031C VDD_IN 9595mW/10619mW VDD_CPU_GPU_CV 3266mW/3985mW VDD_SOC 2680mW/2814mW
09-26-2026 21:11:43 RAM 4206/7620MB (lfb 60x4MB) SWAP 91/12002MB (cached 0MB) CPU [17%@1728,15%@1728,15%@1728,13%@1728,98%@1728,14%@1728] GR3D_FREQ 36% cpu@54.687C soc2@54C soc0@53.593C gpu@55.937C tj@55.937C soc1@55.062C VDD_IN 9595mW/10609mW VDD_CPU_GPU_CV 3070mW/3977mW VDD_SOC 2759mW/2814mW
09-26-2026 21:11:44 RAM 4399/7620MB (lfb 27x4MB) SWAP 91/12002MB (cached 0MB) CPU [19%@1728,15%@1728,14%@1728,17%@1728,70%@1728,14%@1728] GR3D_FREQ 0% cpu@55.718C soc2@54.187C soc0@53.531C gpu@55.531C tj@55.718C soc1@55.062C VDD_IN 10920mW/10612mW VDD_CPU_GPU_CV 4040mW/3978mW VDD_SOC 2952mW/2815mW
09-26-2026 21:11:44 RAM 4405/7620MB (lfb 28x4MB) SWAP 91/12002MB (cached 0MB) CPU [35%@1728,36%@1728,37%@1728,35%@1728,100%@1728,36%@1728] GR3D_FREQ 0% cpu@55.593C soc2@54.062C soc0@53.875C gpu@55.218C tj@55.593C soc1@55C VDD_IN 9872mW/10606mW VDD_CPU_GPU_CV 3424mW/3973mW VDD_SOC 2720mW/2814mW
09-26-2026 21:11:45 RAM 4405/7620MB (lfb 28x4MB) SWAP 91/12002MB (cached 0MB) CPU [37%@1728,37%@1728,36%@1728,35%@1728,100%@1728,36%@1728] GR3D_FREQ 0% cpu@55.562C soc2@54C soc0@53.625C gpu@55.343C tj@55.562C soc1@55C VDD_IN 9516mW/10596mW VDD_CPU_GPU_CV 3227mW/3966mW VDD_SOC 2641mW/2812mW
09-26-2026 21:11:45 RAM 4206/7620MB (lfb 63x4MB) SWAP 91/12002MB (cached 0MB) CPU [1%@1728,1%@1728,1%@1728,2%@1728,82%@1728,0%@1728] GR3D_FREQ 66% cpu@54.812C soc2@54.25C soc0@53.687C gpu@56.312C tj@56.312C soc1@55C VDD_IN 11689mW/10605mW VDD_CPU_GPU_CV 4590mW/3971mW VDD_SOC 3065mW/2815mW
09-26-2026 21:11:46 RAM 4403/7620MB (lfb 28x4MB) SWAP 91/12002MB (cached 0MB) CPU [35%@1728,33%@1728,34%@1728,32%@1728,96%@1728,35%@1728] GR3D_FREQ 0% cpu@55.875C soc2@54.187C soc0@53.562C gpu@55.25C tj@55.875C soc1@55.062C VDD_IN 10368mW/10603mW VDD_CPU_GPU_CV 3693mW/3969mW VDD_SOC 2794mW/2815mW
09-26-2026 21:11:46 RAM 4405/7620MB (lfb 28x4MB) SWAP 91/12002MB (cached 0MB) CPU [33%@1728,34%@1728,33%@1728,33%@1728,100%@1728,31%@1728] GR3D_FREQ 0% cpu@55.625C soc2@54C soc0@53.562C gpu@55.531C tj@55.625C soc1@55.093C VDD_IN 9714mW/10596mW VDD_CPU_GPU_CV 3345mW/3964mW VDD_SOC 2680mW/2813mW
09-26-2026 21:11:47 RAM 4186/7620MB (lfb 62x4MB) SWAP 91/12002MB (cached 0MB) CPU [20%@1728,21%@1728,20%@1728,20%@1728,100%@1728,20%@1728] GR3D_FREQ 0% cpu@55.562C soc2@54.093C soc0@53.875C gpu@55.093C tj@55.562C soc1@55C VDD_IN 9358mW/10585mW VDD_CPU_GPU_CV 2912mW/3955mW VDD_SOC 2680mW/2812mW
09-26-2026 21:11:47 RAM 4402/7620MB (lfb 27x4MB) SWAP 91/12002MB (cached 0MB) CPU [10%@1728,10%@1728,14%@1728,12%@1728,78%@1728,10%@1728] GR3D_FREQ 0% cpu@55.562C soc2@54.281C soc0@53.812C gpu@55.656C tj@55.656C soc1@55C VDD_IN 11060mW/10589mW VDD_CPU_GPU_CV 4237mW/3957mW VDD_SOC 2991mW/2814mW
09-26-2026 21:11:48 RAM 4407/7620MB (lfb 28x4MB) SWAP 91/12002MB (cached 0MB) CPU [37%@1728,35%@1728,35%@1728,37%@1728,98%@1728,38%@1728] GR3D_FREQ 0% cpu@55.562C soc2@54.25C soc0@53.593C gpu@55.218C tj@55.562C soc1@55C VDD_IN 9911mW/10583mW VDD_CPU_GPU_CV 3458mW/3953mW VDD_SOC 2759mW/2813mW
09-26-2026 21:11:48 RAM 4407/7620MB (lfb 28x4MB) SWAP 91/12002MB (cached 0MB) CPU [35%@1728,36%@1728,36%@1728,34%@1728,100%@1728,34%@1728] GR3D_FREQ 0% cpu@55.531C soc2@54.125C soc0@53.687C gpu@55.125C tj@55.531C soc1@55.156C VDD_IN 9556mW/10575mW VDD_CPU_GPU_CV 3266mW/3947mW VDD_SOC 2680mW/2812mW
09-26-2026 21:11:49 RAM 4208/7620MB (lfb 64x4MB) SWAP 91/12002MB (cached 0MB) CPU [0%@1728,1%@1728,0%@1728,1%@1728,76%@1728,0%@1728] GR3D_FREQ 68% cpu@55C soc2@54.062C soc0@53.656C gpu@56.468C tj@56.468C soc1@55C VDD_IN 11375mW/10581mW VDD_CPU_GPU_CV 4393mW/3951mW VDD_SOC 3030mW/2814mW
09-26-2026 21:11:50 RAM 4405/7620MB (lfb 28x4MB) SWAP 91/12002MB (cached 0MB) CPU [29%@1728,28%@1728,29%@1728,28%@1728,91%@1728,29%@1728] GR3D_FREQ 0% cpu@55.656C soc2@54.281C soc0@53.875C gpu@55.437C tj@55.656C soc1@55.031C VDD_IN 10329mW/10579mW VDD_CPU_GPU_CV 3693mW/3949mW VDD_SOC 2838mW/2814mW
09-26-2026 21:11:50 RAM 4407/7620MB (lfb 28x4MB) SWAP 91/12002MB (cached 0MB) CPU [34%@1728,36%@1728,36%@1728,37%@1728,100%@1728,35%@1728] GR3D_FREQ 0% cpu@55.656C soc2@54.218C soc0@53.781C gpu@55.5C tj@55.656C soc1@55.062C VDD_IN 9714mW/10572mW VDD_CPU_GPU_CV 3306mW/3943mW VDD_SOC 2720mW/2813mW
09-26-2026 21:11:51 RAM 4535/7620MB (lfb 28x4MB) SWAP 91/12002MB (cached 0MB) CPU [58%@1728,54%@1728,56%@1728,58%@1728,98%@1728,56%@1728] GR3D_FREQ 0% cpu@56.656C soc2@54.468C soc0@53.687C gpu@55.437C tj@56.656C soc1@55.25C VDD_IN 11117mW/10577mW VDD_CPU_GPU_CV 4158mW/3945mW VDD_SOC 2952mW/2815mW
09-26-2026 21:11:51 RAM 4535/7620MB (lfb 28x4MB) SWAP 91/12002MB (cached 0MB) CPU [100%@1728,100%@1728,100%@1728,100%@1728,100%@1728,100%@1728] GR3D_FREQ 0% cpu@57.531C soc2@54.875C soc0@53.718C gpu@55.593C tj@57.531C soc1@55.218C VDD_IN 13439mW/10600mW VDD_CPU_GPU_CV 6597mW/3966mW VDD_SOC 2824mW/2815mW
09-26-2026 21:11:52 RAM 4535/7620MB (lfb 28x4MB) SWAP 91/12002MB (cached 0MB) CPU [100%@1728,100%@1728,100%@1728,100%@1728,100%@1728,100%@1728] GR3D_FREQ 0% cpu@57.968C soc2@55.093C soc0@53.781C gpu@55.75C tj@57.968C soc1@55.312C VDD_IN 14123mW/10628mW VDD_CPU_GPU_CV 7327mW/3993mW VDD_SOC 2820mW/2815mW
09-26-2026 21:11:52 RAM 4891/7620MB (lfb 16x4MB) SWAP 91/12002MB (cached 0MB) CPU [100%@1728,100%@1728,100%@1728,100%@1728,100%@1728,100%@1728] GR3D_FREQ 0% cpu@57.906C soc2@55.187C soc0@53.968C gpu@55.906C tj@57.906C soc1@55.281C VDD_IN 14280mW/10657mW VDD_CPU_GPU_CV 7327mW/4020mW VDD_SOC 2898mW/2815mW
09-26-2026 21:11:53 RAM 4891/7620MB (lfb 16x4MB) SWAP 91/12002MB (cached 0MB) CPU [100%@1728,100%@1728,100%@1728,100%@1728,100%@1728,100%@1728] GR3D_FREQ 0% cpu@57.812C soc2@55.312C soc0@53.937C gpu@56.375C tj@57.781C soc1@55.375C VDD_IN 14358mW/10686mW VDD_CPU_GPU_CV 7561mW/4048mW VDD_SOC 2820mW/2815mW
09-26-2026 21:11:53 RAM 4891/7620MB (lfb 16x4MB) SWAP 91/12002MB (cached 0MB) CPU [98%@1728,100%@1728,100%@1728,98%@1728,96%@1728,100%@1728] GR3D_FREQ 0% cpu@56.687C soc2@55.125C soc0@54.062C gpu@56.187C tj@56.687C soc1@55.687C VDD_IN 13338mW/10707mW VDD_CPU_GPU_CV 6636mW/4068mW VDD_SOC 2785mW/2815mW
09-26-2026 21:11:54 RAM 4533/7620MB (lfb 26x4MB) SWAP 91/12002MB (cached 0MB) CPU [97%@1728,98%@1728,98%@1728,100%@1728,98%@1728,98%@1728] GR3D_FREQ 0% cpu@58.125C soc2@55.343C soc0@54.062C gpu@56.093C tj@58.125C soc1@55.656C VDD_IN 14005mW/10732mW VDD_CPU_GPU_CV 7105mW/4091mW VDD_SOC 2859mW/2815mW
09-26-2026 21:11:54 RAM 4533/7620MB (lfb 26x4MB) SWAP 91/12002MB (cached 0MB) CPU [100%@1728,100%@1728,100%@1728,100%@1728,100%@1728,100%@1728] GR3D_FREQ 0% cpu@58.437C soc2@55.375C soc0@54.093C gpu@56.062C tj@58.437C soc1@55.625C VDD_IN 14280mW/10760mW VDD_CPU_GPU_CV 7444mW/4117mW VDD_SOC 2820mW/2815mW
09-26-2026 21:11:55 RAM 4890/7620MB (lfb 15x4MB) SWAP 91/12002MB (cached 0MB) CPU [100%@1728,100%@1728,100%@1728,100%@1728,100%@1728,100%@1728] GR3D_FREQ 0% cpu@57.906C soc2@55.468C soc0@54.218C gpu@56.093C tj@57.906C soc1@55.687C VDD_IN 13888mW/10783mW VDD_CPU_GPU_CV 6871mW/4138mW VDD_SOC 2937mW/2816mW
09-26-2026 21:11:55 RAM 4888/7620MB (lfb 15x4MB) SWAP 91/12002MB (cached 0MB) CPU [100%@1728,100%@1728,100%@1728,100%@1728,100%@1728,100%@1728] GR3D_FREQ 0% cpu@57.468C soc2@55.531C soc0@54.375C gpu@56.312C tj@57.468C soc1@55.718C VDD_IN 13456mW/10804mW VDD_CPU_GPU_CV 6753mW/4158mW VDD_SOC 2785mW/2816mW
09-26-2026 21:11:56 RAM 4888/7620MB (lfb 15x4MB) SWAP 91/12002MB (cached 0MB) CPU [100%@1728,100%@1728,100%@1728,100%@1728,100%@1728,100%@1728] GR3D_FREQ 0% cpu@58.218C soc2@55.625C soc0@54.25C gpu@56.281C tj@58.218C soc1@55.625C VDD_IN 13966mW/10827mW VDD_CPU_GPU_CV 7261mW/4181mW VDD_SOC 2780mW/2816mW
09-26-2026 21:11:56 RAM 4888/7620MB (lfb 15x4MB) SWAP 91/12002MB (cached 0MB) CPU [100%@1728,100%@1728,100%@1728,100%@1728,96%@1728,100%@1728] GR3D_FREQ 0% cpu@57.312C soc2@55.468C soc0@54.187C gpu@56.656C tj@57.031C soc1@56.031C VDD_IN 13321mW/10846mW VDD_CPU_GPU_CV 6597mW/4199mW VDD_SOC 2785mW/2816mW
09-26-2026 21:11:57 RAM 4135/7620MB (lfb 74x4MB) SWAP 91/12002MB (cached 0MB) CPU [34%@1728,34%@1728,34%@1728,33%@1728,88%@1728,35%@1728] GR3D_FREQ 67% cpu@55.906C soc2@54.968C soc0@54.281C gpu@57.093C tj@57.093C soc1@55.812C VDD_IN 11965mW/10854mW VDD_CPU_GPU_CV 5052mW/4206mW VDD_SOC 2907mW/2816mW
09-26-2026 21:11:57 RAM 4332/7620MB (lfb 27x4MB) SWAP 91/12002MB (cached 0MB) CPU [34%@1728,35%@1728,65%@1728,34%@1728,38%@1728,34%@1728] GR3D_FREQ 0% cpu@56.906C soc2@55.156C soc0@54.5C gpu@56.531C tj@56.906C soc1@55.656C VDD_IN 11296mW/10858mW VDD_CPU_GPU_CV 4393mW/4207mW VDD_SOC 2952mW/2817mW
09-26-2026 21:11:58 RAM 4134/7620MB (lfb 74x4MB) SWAP 91/12002MB (cached 0MB) CPU [19%@1728,18%@1728,84%@1728,17%@1728,17%@1728,18%@1728] GR3D_FREQ 64% cpu@55.843C soc2@55.062C soc0@54.406C gpu@57.281C tj@57.281C soc1@55.562C VDD_IN 12280mW/10868mW VDD_CPU_GPU_CV 5013mW/4213mW VDD_SOC 3143mW/2820mW
09-26-2026 21:11:58 RAM 4089/7620MB (lfb 73x4MB) SWAP 91/12002MB (cached 0MB) CPU [52%@1728,52%@1728,96%@1728,52%@1728,52%@1728,52%@1728] GR3D_FREQ 0% cpu@56.468C soc2@54.843C soc0@54.25C gpu@56.062C tj@56.468C soc1@55.718C VDD_IN 10723mW/10867mW VDD_CPU_GPU_CV 3811mW/4210mW VDD_SOC 2912mW/2820mW
09-26-2026 21:11:59 RAM 4332/7620MB (lfb 27x4MB) SWAP 91/12002MB (cached 0MB) CPU [19%@1728,16%@1728,78%@1728,17%@1728,17%@1728,17%@1728] GR3D_FREQ 0% cpu@56.625C soc2@54.906C soc0@54.281C gpu@56.187C tj@56.625C soc1@55.656C VDD_IN 11847mW/10874mW VDD_CPU_GPU_CV 4543mW/4212mW VDD_SOC 3104mW/2822mW
09-26-2026 21:11:59 RAM 4172/7620MB (lfb 64x4MB) SWAP 91/12002MB (cached 0MB) CPU [48%@1728,36%@1728,76%@1728,35%@1728,35%@1728,35%@1728] GR3D_FREQ 63% cpu@55.687C soc2@54.906C soc0@54.187C gpu@56.937C tj@56.937C soc1@55.562C VDD_IN 11650mW/10880mW VDD_CPU_GPU_CV 4472mW/4214mW VDD_SOC 3065mW/2824mW
09-26-2026 21:12:00 RAM 4104/7620MB (lfb 55x4MB) SWAP 91/12002MB (cached 0MB) CPU [90%@1728,54%@1728,52%@1728,53%@1728,53%@1728,52%@1728] GR3D_FREQ 0% cpu@56.312C soc2@55.031C soc0@54.406C gpu@56C tj@56.312C soc1@55.562C VDD_IN 11156mW/10882mW VDD_CPU_GPU_CV 4158mW/4214mW VDD_SOC 2952mW/2825mW
09-26-2026 21:12:00 RAM 4390/7620MB (lfb 27x4MB) SWAP 91/12002MB (cached 0MB) CPU [60%@1728,19%@1728,0%@1728,0%@1728,0%@1728,0%@1728] GR3D_FREQ 0% cpu@55.687C soc2@54.906C soc0@54.375C gpu@56.656C tj@56.656C soc1@55.593C VDD_IN 12319mW/10892mW VDD_CPU_GPU_CV 4817mW/4218mW VDD_SOC 3182mW/2828mW
09-26-2026 21:12:01 RAM 4203/7620MB (lfb 56x4MB) SWAP 91/12002MB (cached 0MB) CPU [53%@1728,97%@1728,52%@1728,52%@1728,52%@1728,50%@1728] GR3D_FREQ 64% cpu@55.5C soc2@54.875C soc0@54.312C gpu@56.75C tj@56.75C soc1@55.718C VDD_IN 10841mW/10891mW VDD_CPU_GPU_CV 3890mW/4216mW VDD_SOC 2952mW/2828mW
09-26-2026 21:12:01 RAM 4089/7620MB (lfb 59x4MB) SWAP 91/12002MB (cached 0MB) CPU [40%@1728,81%@1728,41%@1728,41%@1728,41%@1728,41%@1728] GR3D_FREQ 0% cpu@56.343C soc2@54.906C soc0@54.312C gpu@56.437C tj@56.437C soc1@55.687C VDD_IN 11453mW/10895mW VDD_CPU_GPU_CV 4354mW/4217mW VDD_SOC 3025mW/2830mW
09-26-2026 21:12:02 RAM 4241/7620MB (lfb 52x4MB) SWAP 91/12002MB (cached 0MB) CPU [10%@1728,80%@1728,11%@1728,11%@1728,11%@1728,12%@1728] GR3D_FREQ 25% cpu@55.875C soc2@54.937C soc0@54.281C gpu@57.031C tj@57.031C soc1@55.625C VDD_IN 12417mW/10906mW VDD_CPU_GPU_CV 5091mW/4223mW VDD_SOC 3182mW/2832mW
09-26-2026 21:12:02 RAM 4181/7620MB (lfb 56x4MB) SWAP 91/12002MB (cached 0MB) CPU [52%@1728,98%@1728,51%@1728,52%@1728,52%@1728,50%@1728] GR3D_FREQ 0% cpu@55.781C soc2@54.968C soc0@54.406C gpu@56C tj@56C soc1@55.531C VDD_IN 10565mW/10903mW VDD_CPU_GPU_CV 3733mW/4219mW VDD_SOC 2912mW/2833mW
09-26-2026 21:12:03 RAM 4401/7620MB (lfb 27x4MB) SWAP 91/12002MB (cached 0MB) CPU [27%@1728,79%@1728,25%@1728,24%@1728,24%@1728,26%@1728] GR3D_FREQ 0% cpu@56.187C soc2@55C soc0@54.375C gpu@56.187C tj@56.187C soc1@55.562C VDD_IN 11650mW/10908mW VDD_CPU_GPU_CV 4550mW/4222mW VDD_SOC 3065mW/2834mW
09-26-2026 21:12:03 RAM 4203/7620MB (lfb 58x4MB) SWAP 91/12002MB (cached 0MB) CPU [25%@1728,85%@1728,24%@1728,26%@1728,25%@1728,24%@1728] GR3D_FREQ 64% cpu@55.531C soc2@55C soc0@54.281C gpu@57.218C tj@57.218C soc1@55.75C VDD_IN 12240mW/10917mW VDD_CPU_GPU_CV 4935mW/4227mW VDD_SOC 3143mW/2836mW
09-26-2026 21:12:04 RAM 4149/7620MB (lfb 58x4MB) SWAP 91/12002MB (cached 0MB) CPU [52%@1728,94%@1728,52%@1728,50%@1728,52%@1728,50%@1728] GR3D_FREQ 0% cpu@56.062C soc2@54.875C soc0@54.312C gpu@56.062C tj@56.062C soc1@55.593C VDD_IN 10802mW/10917mW VDD_CPU_GPU_CV 3883mW/4224mW VDD_SOC 2952mW/2837mW
09-26-2026 21:12:04 RAM 4400/7620MB (lfb 27x4MB) SWAP 91/12002MB (cached 0MB) CPU [16%@1728,78%@1728,16%@1728,14%@1728,14%@1728,15%@1728] GR3D_FREQ 0% cpu@56.312C soc2@55C soc0@54.468C gpu@56.406C tj@56.406C soc1@55.562C VDD_IN 11847mW/10923mW VDD_CPU_GPU_CV 4621mW/4227mW VDD_SOC 3143mW/2839mW
09-26-2026 21:12:05 RAM 4203/7620MB (lfb 56x4MB) SWAP 91/12002MB (cached 0MB) CPU [37%@1728,88%@1728,37%@1728,45%@1728,37%@1728,38%@1728] GR3D_FREQ 65% cpu@55.781C soc2@55.062C soc0@54.437C gpu@57.031C tj@57.031C soc1@55.531C VDD_IN 11650mW/10928mW VDD_CPU_GPU_CV 4504mW/4229mW VDD_SOC 3065mW/2841mW
09-26-2026 21:12:05 RAM 4104/7620MB (lfb 58x4MB) SWAP 91/12002MB (cached 0MB) CPU [52%@1728,50%@1728,52%@1728,89%@1728,52%@1728,52%@1728] GR3D_FREQ 0% cpu@56.218C soc2@54.906C soc0@54.406C gpu@56.093C tj@56.218C soc1@55.875C VDD_IN 11196mW/10929mW VDD_CPU_GPU_CV 4197mW/4229mW VDD_SOC 2991mW/2842mW
09-26-2026 21:12:06 RAM 4384/7620MB (lfb 27x4MB) SWAP 91/12002MB (cached 0MB) CPU [2%@1728,0%@1728,0%@1728,78%@1728,0%@1728,0%@1728] GR3D_FREQ 0% cpu@56.187C soc2@54.875C soc0@54.343C gpu@56.75C tj@56.75C soc1@55.718C VDD_IN 12260mW/10938mW VDD_CPU_GPU_CV 4856mW/4233mW VDD_SOC 3182mW/2844mW
09-26-2026 21:12:06 RAM 4527/7620MB (lfb 28x4MB) SWAP 91/12002MB (cached 0MB) CPU [94%@1728,96%@1728,96%@1728,100%@1728,74%@1728,96%@1728] GR3D_FREQ 0% cpu@57.781C soc2@55.312C soc0@54.312C gpu@56.312C tj@57.718C soc1@55.656C VDD_IN 12417mW/10948mW VDD_CPU_GPU_CV 5248mW/4239mW VDD_SOC 3020mW/2845mW
09-26-2026 21:12:07 RAM 4527/7620MB (lfb 28x4MB) SWAP 91/12002MB (cached 0MB) CPU [100%@1728,100%@1728,100%@1728,100%@1728,100%@1728,100%@1728] GR3D_FREQ 0% cpu@58.343C soc2@55.687C soc0@54.468C gpu@56.656C tj@58.343C soc1@55.75C VDD_IN 13809mW/10966mW VDD_CPU_GPU_CV 6910mW/4256mW VDD_SOC 2859mW/2845mW
09-26-2026 21:12:07 RAM 4527/7620MB (lfb 28x4MB) SWAP 91/12002MB (cached 0MB) CPU [100%@1728,100%@1728,100%@1728,100%@1728,100%@1728,100%@1728] GR3D_FREQ 0% cpu@58.406C soc2@55.875C soc0@54.468C gpu@56.593C tj@58.406C soc1@55.843C VDD_IN 14241mW/10987mW VDD_CPU_GPU_CV 7444mW/4277mW VDD_SOC 2820mW/2845mW
09-26-2026 21:12:08 RAM 4887/7620MB (lfb 12x4MB) SWAP 91/12002MB (cached 0MB) CPU [100%@1728,100%@1728,100%@1728,100%@1728,100%@1728,100%@1728] GR3D_FREQ 0% cpu@58.781C soc2@55.906C soc0@54.5C gpu@56.625C tj@58.781C soc1@56.062C VDD_IN 14358mW/11009mW VDD_CPU_GPU_CV 7405mW/4297mW VDD_SOC 2859mW/2845mW
09-26-2026 21:12:08 RAM 4887/7620MB (lfb 12x4MB) SWAP 91/12002MB (cached 0MB) CPU [100%@1728,100%@1728,100%@1728,100%@1728,100%@1728,100%@1728] GR3D_FREQ 0% cpu@58.593C soc2@55.875C soc0@54.468C gpu@56.875C tj@58.593C soc1@56.062C VDD_IN 14437mW/11030mW VDD_CPU_GPU_CV 7561mW/4317mW VDD_SOC 2859mW/2845mW
09-26-2026 21:12:09 RAM 4247/7620MB (lfb 49x4MB) SWAP 91/12002MB (cached 0MB) CPU [100%@1728,96%@1728,100%@1728,98%@1728,98%@1728,98%@1728] GR3D_FREQ 0% cpu@58.187C soc2@55.812C soc0@54.656C gpu@56.593C tj@57.843C soc1@56.062C VDD_IN 13338mW/11045mW VDD_CPU_GPU_CV 6519mW/4331mW VDD_SOC 2863mW/2845mW
09-26-2026 21:12:09 RAM 4528/7620MB (lfb 25x4MB) SWAP 91/12002MB (cached 0MB) CPU [100%@1728,100%@1728,100%@1728,100%@1728,100%@1728,100%@1728] GR3D_FREQ 0% cpu@58.875C soc2@55.968C soc0@54.656C gpu@57.156C tj@58.875C soc1@56.312C VDD_IN 14123mW/11064mW VDD_CPU_GPU_CV 7171mW/4349mW VDD_SOC 2898mW/2846mW
09-26-2026 21:12:10 RAM 4528/7620MB (lfb 25x4MB) SWAP 91/12002MB (cached 0MB) CPU [100%@1728,100%@1728,100%@1728,100%@1728,100%@1728,100%@1728] GR3D_FREQ 0% cpu@59.031C soc2@56.093C soc0@54.593C gpu@56.781C tj@59.031C soc1@56.187C VDD_IN 14335mW/11084mW VDD_CPU_GPU_CV 7522mW/4369mW VDD_SOC 2859mW/2846mW
09-26-2026 21:12:10 RAM 4883/7620MB (lfb 11x4MB) SWAP 91/12002MB (cached 0MB) CPU [100%@1728,100%@1728,100%@1728,100%@1728,100%@1728,100%@1728] GR3D_FREQ 0% cpu@58.812C soc2@56C soc0@54.843C gpu@57.218C tj@58.812C soc1@56.281C VDD_IN 14358mW/11105mW VDD_CPU_GPU_CV 7327mW/4387mW VDD_SOC 2937mW/2846mW
09-26-2026 21:12:11 RAM 4883/7620MB (lfb 11x4MB) SWAP 91/12002MB (cached 0MB) CPU [100%@1728,100%@1728,100%@1728,100%@1728,100%@1728,100%@1728] GR3D_FREQ 0% cpu@58.75C soc2@56.156C soc0@54.906C gpu@57.062C tj@58.75C soc1@56.281C VDD_IN 14413mW/11125mW VDD_CPU_GPU_CV 7561mW/4406mW VDD_SOC 2859mW/2846mW
09-26-2026 21:12:11 RAM 4883/7620MB (lfb 11x4MB) SWAP 91/12002MB (cached 0MB) CPU [100%@1728,100%@1728,100%@1728,100%@1728,100%@1728,100%@1728] GR3D_FREQ 0% cpu@58.875C soc2@56.281C soc0@54.875C gpu@57.343C tj@58.875C soc1@56.281C VDD_IN 14452mW/11145mW VDD_CPU_GPU_CV 7639mW/4426mW VDD_SOC 2820mW/2846mW
09-26-2026 21:12:12 RAM 4117/7620MB (lfb 71x4MB) SWAP 91/12002MB (cached 0MB) CPU [60%@1728,94%@1728,59%@1728,61%@1728,60%@1728,60%@1728] GR3D_FREQ 0% cpu@57C soc2@55.687C soc0@54.75C gpu@56.875C tj@57C soc1@56.406C VDD_IN 11689mW/11149mW VDD_CPU_GPU_CV 4974mW/4430mW VDD_SOC 2790mW/2846mW
09-26-2026 21:12:12 RAM 4172/7620MB (lfb 64x4MB) SWAP 91/12002MB (cached 0MB) CPU [0%@1728,74%@1728,0%@1728,0%@1728,0%@1728,0%@1728] GR3D_FREQ 46% cpu@56.312C soc2@55.531C soc0@54.781C gpu@57.375C tj@57.375C soc1@56.25C VDD_IN 12044mW/11154mW VDD_CPU_GPU_CV 4974mW/4433mW VDD_SOC 3065mW/2847mW
09-26-2026 21:12:13 RAM 4117/7620MB (lfb 71x4MB) SWAP 91/12002MB (cached 0MB) CPU [52%@1728,98%@1728,52%@1728,52%@1728,50%@1728,50%@1728] GR3D_FREQ 0% cpu@56.468C soc2@55.375C soc0@55C gpu@56.562C tj@56.562C soc1@56.218C VDD_IN 10407mW/11149mW VDD_CPU_GPU_CV 3654mW/4428mW VDD_SOC 2873mW/2847mW
09-26-2026 21:12:13 RAM 4332/7620MB (lfb 27x4MB) SWAP 91/12002MB (cached 0MB) CPU [24%@1728,87%@1728,25%@1728,24%@1728,24%@1728,24%@1728] GR3D_FREQ 0% cpu@56.875C soc2@55.531C soc0@54.843C gpu@56.75C tj@56.875C soc1@56.093C VDD_IN 11689mW/11153mW VDD_CPU_GPU_CV 4543mW/4429mW VDD_SOC 3065mW/2849mW
09-26-2026 21:12:14 RAM 4160/7620MB (lfb 67x4MB) SWAP 91/12002MB (cached 0MB) CPU [29%@1728,91%@1728,28%@1728,27%@1728,28%@1728,28%@1728] GR3D_FREQ 59% cpu@56.093C soc2@55.5C soc0@54.812C gpu@57.5C tj@57.5C soc1@56.281C VDD_IN 11847mW/11157mW VDD_CPU_GPU_CV 4660mW/4430mW VDD_SOC 3104mW/2850mW
09-26-2026 21:12:14 RAM 4091/7620MB (lfb 61x4MB) SWAP 91/12002MB (cached 0MB) CPU [52%@1728,94%@1728,50%@1728,52%@1728,50%@1728,50%@1728] GR3D_FREQ 0% cpu@56.375C soc2@55.406C soc0@54.781C gpu@56.906C tj@56.906C soc1@56.281C VDD_IN 11038mW/11156mW VDD_CPU_GPU_CV 4119mW/4428mW VDD_SOC 2952mW/2851mW
09-26-2026 21:12:15 RAM 4370/7620MB (lfb 26x4MB) SWAP 91/12002MB (cached 0MB) CPU [2%@1728,86%@1728,2%@1728,1%@1728,2%@1728,5%@1728] GR3D_FREQ 0% cpu@56.625C soc2@55.437C soc0@54.812C gpu@57.031C tj@57.031C soc1@56.093C VDD_IN 12221mW/11162mW VDD_CPU_GPU_CV 4856mW/4431mW VDD_SOC 3182mW/2853mW
09-26-2026 21:12:15 RAM 4219/7620MB (lfb 52x4MB) SWAP 91/12002MB (cached 0MB) CPU [50%@1728,98%@1728,50%@1728,50%@1728,49%@1728,50%@1728] GR3D_FREQ 60% cpu@56.156C soc2@55.406C soc0@54.906C gpu@57.5C tj@57.5C soc1@56.062C VDD_IN 10959mW/11161mW VDD_CPU_GPU_CV 4001mW/4428mW VDD_SOC 2991mW/2854mW
09-26-2026 21:12:16 RAM 4404/7620MB (lfb 27x4MB) SWAP 91/12002MB (cached 0MB) CPU [86%@1728,58%@1728,48%@1728,52%@1728,63%@1728,50%@1728] GR3D_FREQ 0% cpu@56.875C soc2@55.562C soc0@54.843C gpu@56.843C tj@56.937C soc1@56.031C VDD_IN 11768mW/11165mW VDD_CPU_GPU_CV 4700mW/4430mW VDD_SOC 3025mW/2855mW
09-26-2026 21:12:16 RAM 4229/7620MB (lfb 54x4MB) SWAP 91/12002MB (cached 0MB) CPU [80%@1728,42%@1728,29%@1728,29%@1728,29%@1728,29%@1728] GR3D_FREQ 59% cpu@56.093C soc2@55.5C soc0@54.812C gpu@57.468C tj@57.468C soc1@56.281C VDD_IN 11847mW/11169mW VDD_CPU_GPU_CV 4660mW/4431mW VDD_SOC 3065mW/2856mW
09-26-2026 21:12:17 RAM 4120/7620MB (lfb 52x4MB) SWAP 91/12002MB (cached 0MB) CPU [85%@1728,62%@1728,54%@1728,53%@1728,54%@1728,54%@1728] GR3D_FREQ 0% cpu@56.968C soc2@55.531C soc0@54.812C gpu@56.687C tj@56.968C soc1@56.218C VDD_IN 11117mW/11168mW VDD_CPU_GPU_CV 4158mW/4430mW VDD_SOC 2952mW/2856mW
09-26-2026 21:12:17 RAM 4404/7620MB (lfb 27x4MB) SWAP 91/12002MB (cached 0MB) CPU [86%@1728,0%@1728,0%@1728,0%@1728,0%@1728,0%@1728] GR3D_FREQ 0% cpu@56.406C soc2@55.375C soc0@54.687C gpu@56.968C tj@56.968C soc1@56.187C VDD_IN 12260mW/11174mW VDD_CPU_GPU_CV 4896mW/4432mW VDD_SOC 3222mW/2858mW
09-26-2026 21:12:18 RAM 4216/7620MB (lfb 52x4MB) SWAP 91/12002MB (cached 0MB) CPU [98%@1728,52%@1728,52%@1728,52%@1728,52%@1728,52%@1728] GR3D_FREQ 56% cpu@56.343C soc2@55.5C soc0@54.843C gpu@56.937C tj@56.937C soc1@56.062C VDD_IN 10762mW/11172mW VDD_CPU_GPU_CV 3844mW/4429mW VDD_SOC 2952mW/2859mW
09-26-2026 21:12:18 RAM 4407/7620MB (lfb 26x4MB) SWAP 91/12002MB (cached 0MB) CPU [38%@1728,88%@1728,38%@1728,38%@1728,38%@1728,38%@1728] GR3D_FREQ 0% cpu@56.593C soc2@55.531C soc0@54.843C gpu@56.906C tj@56.906C soc1@56.031C VDD_IN 11493mW/11174mW VDD_CPU_GPU_CV 4472mW/4429mW VDD_SOC 3025mW/2860mW
09-26-2026 21:12:19 RAM 4243/7620MB (lfb 50x4MB) SWAP 91/12002MB (cached 0MB) CPU [47%@1728,58%@1728,14%@1728,14%@1728,13%@1728,14%@1728] GR3D_FREQ 58% cpu@56.562C soc2@55.468C soc0@54.718C gpu@57.468C tj@57.468C soc1@56.187C VDD_IN 12359mW/11181mW VDD_CPU_GPU_CV 5013mW/4433mW VDD_SOC 3182mW/2862mW
09-26-2026 21:12:19 RAM 4166/7620MB (lfb 52x4MB) SWAP 91/12002MB (cached 0MB) CPU [96%@1728,52%@1728,51%@1728,50%@1728,52%@1728,50%@1728] GR3D_FREQ 0% cpu@56.5C soc2@55.375C soc0@54.781C gpu@56.843C tj@56.843C soc1@56.187C VDD_IN 10723mW/11178mW VDD_CPU_GPU_CV 3851mW/4429mW VDD_SOC 2912mW/2862mW
09-26-2026 21:12:20 RAM 4405/7620MB (lfb 27x4MB) SWAP 91/12002MB (cached 0MB) CPU [88%@1728,15%@1728,16%@1728,16%@1728,16%@1728,16%@1728] GR3D_FREQ 0% cpu@56.968C soc2@55.531C soc0@54.906C gpu@56.75C tj@56.968C soc1@56.062C VDD_IN 11926mW/11182mW VDD_CPU_GPU_CV 4660mW/4431mW VDD_SOC 3104mW/2863mW
09-26-2026 21:12:20 RAM 4225/7620MB (lfb 54x4MB) SWAP 91/12002MB (cached 0MB) CPU [86%@1728,36%@1728,34%@1728,36%@1728,42%@1728,36%@1728] GR3D_FREQ 56% cpu@56.187C soc2@55.5C soc0@54.875C gpu@57.312C tj@57.312C soc1@56C VDD_IN 11532mW/11184mW VDD_CPU_GPU_CV 4472mW/4431mW VDD_SOC 3065mW/2864mW
09-26-2026 21:12:21 RAM 4089/7620MB (lfb 51x4MB) SWAP 91/12002MB (cached 0MB) CPU [54%@1728,54%@1728,54%@1728,54%@1728,64%@1728,80%@1728] GR3D_FREQ 0% cpu@56.531C soc2@55.468C soc0@54.906C gpu@56.562C tj@56.562C soc1@56.187C VDD_IN 11296mW/11185mW VDD_CPU_GPU_CV 4315mW/4430mW VDD_SOC 2991mW/2865mW
09-26-2026 21:12:21 RAM 4342/7620MB (lfb 27x4MB) SWAP 91/12002MB (cached 0MB) CPU [0%@1728,0%@1728,0%@1728,0%@1728,0%@1728,85%@1728] GR3D_FREQ 51% cpu@56.125C soc2@55.312C soc0@54.843C gpu@57.156C tj@57.156C soc1@56.125C VDD_IN 12574mW/11192mW VDD_CPU_GPU_CV 5161mW/4434mW VDD_SOC 3217mW/2867mW
09-26-2026 21:12:22 RAM 4534/7620MB (lfb 27x4MB) SWAP 91/12002MB (cached 0MB) CPU [86%@1728,86%@1728,88%@1728,88%@1728,90%@1728,100%@1728] GR3D_FREQ 0% cpu@58.25C soc2@55.593C soc0@54.625C gpu@56.562C tj@58.25C soc1@56.125C VDD_IN 12378mW/11199mW VDD_CPU_GPU_CV 5091mW/4438mW VDD_SOC 3104mW/2868mW
09-26-2026 21:12:22 RAM 4534/7620MB (lfb 27x4MB) SWAP 91/12002MB (cached 0MB) CPU [100%@1728,100%@1728,100%@1728,100%@1728,100%@1728,100%@1728] GR3D_FREQ 0% cpu@58.718C soc2@56C soc0@54.968C gpu@57.031C tj@58.718C soc1@56.187C VDD_IN 13848mW/11213mW VDD_CPU_GPU_CV 6910mW/4451mW VDD_SOC 2898mW/2868mW
09-26-2026 21:12:23 RAM 4534/7620MB (lfb 27x4MB) SWAP 91/12002MB (cached 0MB) CPU [100%@1728,100%@1728,100%@1728,100%@1728,100%@1728,100%@1728] GR3D_FREQ 0% cpu@58.781C soc2@56.25C soc0@54.906C gpu@56.843C tj@58.812C soc1@56.281C VDD_IN 14280mW/11229mW VDD_CPU_GPU_CV 7444mW/4467mW VDD_SOC 2859mW/2868mW
09-26-2026 21:12:23 RAM 4892/7620MB (lfb 10x4MB) SWAP 91/12002MB (cached 0MB) CPU [100%@1728,100%@1728,100%@1728,100%@1728,100%@1728,100%@1728] GR3D_FREQ 0% cpu@58.875C soc2@56.25C soc0@54.906C gpu@57.25C tj@58.875C soc1@56.5C VDD_IN 14335mW/11246mW VDD_CPU_GPU_CV 7405mW/4483mW VDD_SOC 2898mW/2868mW
09-26-2026 21:12:24 RAM 4892/7620MB (lfb 10x4MB) SWAP 91/12002MB (cached 0MB) CPU [100%@1728,100%@1728,100%@1728,100%@1728,100%@1728,100%@1728] GR3D_FREQ 0% cpu@59.218C soc2@56.312C soc0@54.875C gpu@57.218C tj@59.218C soc1@56.5C VDD_IN 14413mW/11263mW VDD_CPU_GPU_CV 7561mW/4499mW VDD_SOC 2859mW/2868mW
09-26-2026 21:12:24 RAM 4892/7620MB (lfb 10x4MB) SWAP 91/12002MB (cached 0MB) CPU [98%@1728,100%@1728,98%@1728,96%@1728,98%@1728,98%@1728] GR3D_FREQ 0% cpu@57.562C soc2@56.125C soc0@55C gpu@57.093C tj@57.562C soc1@56.531C VDD_IN 13260mW/11273mW VDD_CPU_GPU_CV 6558mW/4510mW VDD_SOC 2785mW/2868mW
09-26-2026 21:12:25 RAM 4536/7620MB (lfb 24x4MB) SWAP 91/12002MB (cached 0MB) CPU [98%@1728,98%@1728,98%@1728,98%@1728,96%@1728,98%@1728] GR3D_FREQ 0% cpu@59.062C soc2@56.5C soc0@55.156C gpu@57.125C tj@59.062C soc1@56.5C VDD_IN 14005mW/11287mW VDD_CPU_GPU_CV 7054mW/4523mW VDD_SOC 2898mW/2868mW
09-26-2026 21:12:25 RAM 4536/7620MB (lfb 24x4MB) SWAP 91/12002MB (cached 0MB) CPU [100%@1728,100%@1728,100%@1728,100%@1728,100%@1728,100%@1728] GR3D_FREQ 0% cpu@59.031C soc2@56.437C soc0@55.093C gpu@57.281C tj@59.031C soc1@56.718C VDD_IN 14335mW/11303mW VDD_CPU_GPU_CV 7483mW/4538mW VDD_SOC 2859mW/2868mW
09-26-2026 21:12:26 RAM 4889/7620MB (lfb 10x4MB) SWAP 91/12002MB (cached 0MB) CPU [100%@1728,100%@1728,100%@1728,100%@1728,100%@1728,100%@1728] GR3D_FREQ 0% cpu@59.25C soc2@56.468C soc0@55.062C gpu@57.093C tj@59.25C soc1@56.656C VDD_IN 14280mW/11319mW VDD_CPU_GPU_CV 7210mW/4552mW VDD_SOC 2937mW/2868mW
09-26-2026 21:12:26 RAM 4889/7620MB (lfb 10x4MB) SWAP 91/12002MB (cached 0MB) CPU [100%@1728,100%@1728,100%@1728,100%@1728,100%@1728,100%@1728] GR3D_FREQ 0% cpu@59.187C soc2@56.5C soc0@55.156C gpu@57.312C tj@59.187C soc1@56.656C VDD_IN 14413mW/11335mW VDD_CPU_GPU_CV 7522mW/4568mW VDD_SOC 2859mW/2868mW
09-26-2026 21:12:27 RAM 4889/7620MB (lfb 10x4MB) SWAP 91/12002MB (cached 0MB) CPU [100%@1728,100%@1728,100%@1728,100%@1728,100%@1728,100%@1728] GR3D_FREQ 0% cpu@59.375C soc2@56.531C soc0@55.093C gpu@57.781C tj@59.375C soc1@56.593C VDD_IN 14452mW/11351mW VDD_CPU_GPU_CV 7639mW/4583mW VDD_SOC 2820mW/2868mW
09-26-2026 21:12:28 RAM 4073/7620MB (lfb 68x4MB) SWAP 91/12002MB (cached 0MB) CPU [76%@1728,96%@1728,76%@1728,78%@1728,78%@1728,76%@1728] GR3D_FREQ 0% cpu@57.281C soc2@56.187C soc0@55.312C gpu@57.343C tj@57.343C soc1@56.687C VDD_IN 12260mW/11355mW VDD_CPU_GPU_CV 5522mW/4588mW VDD_SOC 2829mW/2868mW
09-26-2026 21:12:28 RAM 4337/7620MB (lfb 25x4MB) SWAP 91/12002MB (cached 0MB) CPU [3%@1728,78%@1728,2%@1728,3%@1728,1%@1728,0%@1728] GR3D_FREQ 0% cpu@57.25C soc2@55.937C soc0@55.062C gpu@57.375C tj@57.375C soc1@56.625C VDD_IN 12496mW/11361mW VDD_CPU_GPU_CV 5005mW/4590mW VDD_SOC 3295mW/2870mW
09-26-2026 21:12:29 RAM 4157/7620MB (lfb 68x4MB) SWAP 91/12002MB (cached 0MB) CPU [52%@1728,52%@1728,50%@1728,52%@1728,52%@1728,96%@1728] GR3D_FREQ 66% cpu@56.625C soc2@55.812C soc0@55.343C gpu@57.937C tj@57.937C soc1@56.562C VDD_IN 11138mW/11360mW VDD_CPU_GPU_CV 4001mW/4587mW VDD_SOC 3070mW/2871mW
09-26-2026 21:12:29 RAM 4053/7620MB (lfb 67x4MB) SWAP 91/12002MB (cached 0MB) CPU [54%@1728,52%@1728,55%@1728,52%@1728,52%@1728,82%@1728] GR3D_FREQ 0% cpu@56.875C soc2@55.937C soc0@55.156C gpu@57.031C tj@57.031C soc1@56.5C VDD_IN 11493mW/11361mW VDD_CPU_GPU_CV 4276mW/4586mW VDD_SOC 3143mW/2873mW
09-26-2026 21:12:30 RAM 4349/7620MB (lfb 25x4MB) SWAP 91/12002MB (cached 0MB) CPU [17%@1728,16%@1728,17%@1728,16%@1728,16%@1728,78%@1728] GR3D_FREQ 0% cpu@57.406C soc2@55.937C soc0@55.062C gpu@57.125C tj@57.406C soc1@56.531C VDD_IN 12378mW/11366mW VDD_CPU_GPU_CV 4700mW/4586mW VDD_SOC 3373mW/2875mW
09-26-2026 21:12:30 RAM 4216/7620MB (lfb 54x4MB) SWAP 91/12002MB (cached 0MB) CPU [38%@1728,39%@1728,37%@1728,38%@1728,37%@1728,86%@1728] GR3D_FREQ 71% cpu@56.875C soc2@55.75C soc0@55.093C gpu@58.437C tj@58.437C soc1@56.437C VDD_IN 12378mW/11371mW VDD_CPU_GPU_CV 4700mW/4587mW VDD_SOC 3413mW/2878mW
09-26-2026 21:12:31 RAM 4175/7620MB (lfb 48x4MB) SWAP 91/12002MB (cached 0MB) CPU [53%@1728,52%@1728,53%@1728,52%@1728,54%@1728,92%@1728] GR3D_FREQ 0% cpu@56.656C soc2@55.625C soc0@55.218C gpu@57.031C tj@56.968C soc1@56.468C VDD_IN 11060mW/11369mW VDD_CPU_GPU_CV 3923mW/4584mW VDD_SOC 3070mW/2879mW
09-26-2026 21:12:31 RAM 4430/7620MB (lfb 25x4MB) SWAP 91/12002MB (cached 0MB) CPU [31%@1728,32%@1728,31%@1728,30%@1728,30%@1728,78%@1728] GR3D_FREQ 0% cpu@57C soc2@55.75C soc0@55.187C gpu@57.406C tj@57.406C soc1@56.375C VDD_IN 12044mW/11372mW VDD_CPU_GPU_CV 4582mW/4584mW VDD_SOC 3300mW/2881mW
09-26-2026 21:12:32 RAM 4274/7620MB (lfb 49x4MB) SWAP 91/12002MB (cached 0MB) CPU [24%@1728,23%@1728,23%@1728,24%@1728,23%@1728,78%@1728] GR3D_FREQ 69% cpu@56.656C soc2@55.906C soc0@55.062C gpu@58.5C tj@58.5C soc1@56.593C VDD_IN 13299mW/11382mW VDD_CPU_GPU_CV 5357mW/4587mW VDD_SOC 3609mW/2884mW
09-26-2026 21:12:32 RAM 4221/7620MB (lfb 48x4MB) SWAP 91/12002MB (cached 0MB) CPU [54%@1728,54%@1728,54%@1728,54%@1728,54%@1728,100%@1728] GR3D_FREQ 0% cpu@56.656C soc2@55.593C soc0@55.187C gpu@56.968C tj@56.968C soc1@56.5C VDD_IN 10802mW/11379mW VDD_CPU_GPU_CV 3727mW/4583mW VDD_SOC 3030mW/2885mW
09-26-2026 21:12:33 RAM 4129/7620MB (lfb 55x4MB) SWAP 91/12002MB (cached 0MB) CPU [45%@1728,44%@1728,44%@1728,44%@1728,44%@1728,78%@1728] GR3D_FREQ 0% cpu@57.218C soc2@55.812C soc0@55.093C gpu@57.125C tj@57.218C soc1@56.437C VDD_IN 11886mW/11382mW VDD_CPU_GPU_CV 4465mW/4583mW VDD_SOC 3222mW/2887mW
09-26-2026 21:12:33 RAM 4440/7620MB (lfb 25x4MB) SWAP 91/12002MB (cached 0MB) CPU [11%@1728,13%@1728,11%@1728,11%@1728,11%@1728,78%@1728] GR3D_FREQ 0% cpu@56.562C soc2@55.843C soc0@55.343C gpu@57.25C tj@57.25C soc1@56.468C VDD_IN 12849mW/11389mW VDD_CPU_GPU_CV 4927mW/4584mW VDD_SOC 3530mW/2890mW
09-26-2026 21:12:34 RAM 4252/7620MB (lfb 49x4MB) SWAP 91/12002MB (cached 0MB) CPU [52%@1728,52%@1728,52%@1728,52%@1728,50%@1728,96%@1728] GR3D_FREQ 67% cpu@56.406C soc2@55.687C soc0@55.187C gpu@57.562C tj@57.562C soc1@56.375C VDD_IN 11256mW/11388mW VDD_CPU_GPU_CV 4001mW/4581mW VDD_SOC 3148mW/2891mW
09-26-2026 21:12:34 RAM 4145/7620MB (lfb 55x4MB) SWAP 91/12002MB (cached 0MB) CPU [54%@1728,54%@1728,52%@1728,53%@1728,54%@1728,82%@1728] GR3D_FREQ 0% cpu@56.718C soc2@55.718C soc0@55.156C gpu@57.281C tj@57.281C soc1@56.5C VDD_IN 11493mW/11389mW VDD_CPU_GPU_CV 4237mW/4580mW VDD_SOC 3143mW/2892mW
09-26-2026 21:12:35 RAM 4440/7620MB (lfb 25x4MB) SWAP 91/12002MB (cached 0MB) CPU [15%@1728,15%@1728,17%@1728,17%@1728,15%@1728,78%@1728] GR3D_FREQ 0% cpu@57.187C soc2@55.718C soc0@55.156C gpu@57C tj@57.187C soc1@56.5C VDD_IN 12378mW/11393mW VDD_CPU_GPU_CV 4739mW/4581mW VDD_SOC 3373mW/2894mW
09-26-2026 21:12:35 RAM 4268/7620MB (lfb 45x4MB) SWAP 91/12002MB (cached 0MB) CPU [38%@1728,38%@1728,36%@1728,38%@1728,37%@1728,86%@1728] GR3D_FREQ 70% cpu@56.75C soc2@55.718C soc0@55.156C gpu@58.406C tj@58.406C soc1@56.531C VDD_IN 12378mW/11398mW VDD_CPU_GPU_CV 4817mW/4582mW VDD_SOC 3418mW/2897mW
09-26-2026 21:12:36 RAM 4185/7620MB (lfb 55x4MB) SWAP 91/12002MB (cached 0MB) CPU [54%@1728,52%@1728,54%@1728,53%@1728,53%@1728,92%@1728] GR3D_FREQ 0% cpu@56.656C soc2@55.687C soc0@55.343C gpu@57.062C tj@57.062C soc1@56.437C VDD_IN 11060mW/11396mW VDD_CPU_GPU_CV 3923mW/4579mW VDD_SOC 3070mW/2898mW
09-26-2026 21:12:36 RAM 4440/7620MB (lfb 25x4MB) SWAP 91/12002MB (cached 0MB) CPU [30%@1728,32%@1728,31%@1728,31%@1728,31%@1728,78%@1728] GR3D_FREQ 0% cpu@56.937C soc2@55.781C soc0@55.25C gpu@57.125C tj@57.125C soc1@56.375C VDD_IN 12044mW/11399mW VDD_CPU_GPU_CV 4543mW/4578mW VDD_SOC 3261mW/2899mW
09-26-2026 21:12:37 RAM 4560/7620MB (lfb 26x4MB) SWAP 91/12002MB (cached 0MB) CPU [98%@1728,94%@1728,97%@1728,96%@1728,98%@1728,98%@1728] GR3D_FREQ 0% cpu@58.687C soc2@56.25C soc0@55.187C gpu@57.187C tj@58.687C soc1@56.593C VDD_IN 13085mW/11407mW VDD_CPU_GPU_CV 5865mW/4584mW VDD_SOC 3060mW/2900mW
09-26-2026 21:12:37 RAM 4560/7620MB (lfb 26x4MB) SWAP 91/12002MB (cached 0MB) CPU [100%@1728,100%@1728,100%@1728,100%@1728,100%@1728,100%@1728] GR3D_FREQ 0% cpu@59.281C soc2@56.343C soc0@55.156C gpu@57.093C tj@59.281C soc1@56.625C VDD_IN 13574mW/11417mW VDD_CPU_GPU_CV 6714mW/4594mW VDD_SOC 2859mW/2900mW
09-26-2026 21:12:38 RAM 4560/7620MB (lfb 26x4MB) SWAP 91/12002MB (cached 0MB) CPU [100%@1728,100%@1728,100%@1728,100%@1728,100%@1728,100%@1728] GR3D_FREQ 0% cpu@59.187C soc2@56.406C soc0@55.187C gpu@57.156C tj@59.187C soc1@56.593C VDD_IN 14045mW/11429mW VDD_CPU_GPU_CV 7288mW/4607mW VDD_SOC 2820mW/2900mW
09-26-2026 21:12:38 RAM 4918/7620MB (lfb 7x4MB) SWAP 91/12002MB (cached 0MB) CPU [100%@1728,100%@1728,100%@1728,100%@1728,100%@1728,100%@1728] GR3D_FREQ 0% cpu@59.406C soc2@56.562C soc0@55.343C gpu@57.406C tj@59.406C soc1@56.687C VDD_IN 14280mW/11443mW VDD_CPU_GPU_CV 7327mW/4619mW VDD_SOC 2898mW/2900mW
09-26-2026 21:12:39 RAM 4918/7620MB (lfb 7x4MB) SWAP 91/12002MB (cached 0MB) CPU [100%@1728,100%@1728,100%@1728,100%@1728,100%@1728,100%@1728] GR3D_FREQ 0% cpu@59.312C soc2@56.718C soc0@55.375C gpu@57.312C tj@59.312C soc1@56.75C VDD_IN 14374mW/11456mW VDD_CPU_GPU_CV 7561mW/4633mW VDD_SOC 2859mW/2899mW
09-26-2026 21:12:39 RAM 4918/7620MB (lfb 7x4MB) SWAP 91/12002MB (cached 0MB) CPU [100%@1728,98%@1728,100%@1728,100%@1728,100%@1728,100%@1728] GR3D_FREQ 0% cpu@58.125C soc2@56.531C soc0@55.281C gpu@57.656C tj@58.125C soc1@56.968C VDD_IN 13535mW/11466mW VDD_CPU_GPU_CV 6792mW/4643mW VDD_SOC 2780mW/2899mW
09-26-2026 21:12:40 RAM 4561/7620MB (lfb 24x4MB) SWAP 91/12002MB (cached 0MB) CPU [96%@1728,94%@1728,96%@1728,100%@1728,98%@1728,98%@1728] GR3D_FREQ 0% cpu@59.437C soc2@56.687C soc0@55.312C gpu@57.343C tj@59.437C soc1@56.937C VDD_IN 14005mW/11477mW VDD_CPU_GPU_CV 7054mW/4654mW VDD_SOC 2898mW/2899mW
09-26-2026 21:12:40 RAM 4561/7620MB (lfb 24x4MB) SWAP 91/12002MB (cached 0MB) CPU [100%@1728,100%@1728,100%@1728,100%@1728,100%@1728,100%@1728] GR3D_FREQ 0% cpu@59.593C soc2@56.875C soc0@55.5C gpu@57.718C tj@59.593C soc1@56.968C VDD_IN 14335mW/11490mW VDD_CPU_GPU_CV 7483mW/4666mW VDD_SOC 2859mW/2899mW
09-26-2026 21:12:41 RAM 4916/7620MB (lfb 7x4MB) SWAP 91/12002MB (cached 0MB) CPU [100%@1728,100%@1728,100%@1728,100%@1728,100%@1728,100%@1728] GR3D_FREQ 0% cpu@59.375C soc2@56.718C soc0@55.5C gpu@57.593C tj@59.375C soc1@56.843C VDD_IN 14335mW/11503mW VDD_CPU_GPU_CV 7249mW/4678mW VDD_SOC 2976mW/2899mW
09-26-2026 21:12:41 RAM 4916/7620MB (lfb 7x4MB) SWAP 91/12002MB (cached 0MB) CPU [100%@1728,100%@1728,100%@1728,100%@1728,100%@1728,100%@1728] GR3D_FREQ 0% cpu@59.343C soc2@56.843C soc0@55.468C gpu@57.593C tj@59.343C soc1@56.937C VDD_IN 14413mW/11516mW VDD_CPU_GPU_CV 7561mW/4691mW VDD_SOC 2859mW/2899mW
09-26-2026 21:12:42 RAM 4916/7620MB (lfb 7x4MB) SWAP 91/12002MB (cached 0MB) CPU [100%@1728,100%@1728,100%@1728,100%@1728,100%@1728,100%@1728] GR3D_FREQ 0% cpu@59.625C soc2@56.875C soc0@55.437C gpu@57.718C tj@59.468C soc1@57.093C VDD_IN 14452mW/11529mW VDD_CPU_GPU_CV 7639mW/4704mW VDD_SOC 2820mW/2899mW
09-26-2026 21:12:42 RAM 4065/7620MB (lfb 65x4MB) SWAP 91/12002MB (cached 0MB) CPU [78%@1728,95%@1728,78%@1728,76%@1728,76%@1728,77%@1728] GR3D_FREQ 0% cpu@57.812C soc2@56.531C soc0@55.5C gpu@57.562C tj@57.812C soc1@57C VDD_IN 12299mW/11532mW VDD_CPU_GPU_CV 5552mW/4708mW VDD_SOC 2829mW/2898mW
09-26-2026 21:12:43 RAM 4226/7620MB (lfb 54x4MB) SWAP 91/12002MB (cached 0MB) CPU [34%@1728,76%@1728,35%@1728,36%@1728,35%@1728,34%@1728] GR3D_FREQ 0% cpu@57.75C soc2@56.375C soc0@55.75C gpu@57.875C tj@57.875C soc1@56.937C VDD_IN 12260mW/11536mW VDD_CPU_GPU_CV 5052mW/4709mW VDD_SOC 3143mW/2899mW
09-26-2026 21:12:43 RAM 4204/7620MB (lfb 54x4MB) SWAP 91/12002MB (cached 0MB) CPU [29%@1728,78%@1728,30%@1728,29%@1728,29%@1728,29%@1728] GR3D_FREQ 0% cpu@57.656C soc2@56.312C soc0@55.593C gpu@57.656C tj@57.656C soc1@56.906C VDD_IN 12849mW/11541mW VDD_CPU_GPU_CV 5161mW/4711mW VDD_SOC 3413mW/2902mW
09-26-2026 21:12:44 RAM 4133/7620MB (lfb 67x4MB) SWAP 91/12002MB (cached 0MB) CPU [40%@1728,78%@1728,40%@1728,39%@1728,40%@1728,39%@1728] GR3D_FREQ 36% cpu@57C soc2@56.343C soc0@55.5C gpu@58.812C tj@58.812C soc1@56.968C VDD_IN 13731mW/11551mW VDD_CPU_GPU_CV 5738mW/4716mW VDD_SOC 3603mW/2905mW
09-26-2026 21:12:44 RAM 4085/7620MB (lfb 67x4MB) SWAP 91/12002MB (cached 0MB) CPU [53%@1728,74%@1728,52%@1728,52%@1728,70%@1728,52%@1728] GR3D_FREQ 99% cpu@57.062C soc2@56.125C soc0@55.468C gpu@58.562C tj@58.562C soc1@56.812C VDD_IN 11650mW/11551mW VDD_CPU_GPU_CV 4386mW/4715mW VDD_SOC 3182mW/2906mW
09-26-2026 21:12:45 RAM 4128/7620MB (lfb 60x4MB) SWAP 91/12002MB (cached 0MB) CPU [56%@1728,53%@1728,56%@1728,56%@1728,82%@1728,56%@1728] GR3D_FREQ 0% cpu@57.687C soc2@56.125C soc0@55.375C gpu@57.437C tj@57.687C soc1@56.812C VDD_IN 11493mW/11551mW VDD_CPU_GPU_CV 4315mW/4713mW VDD_SOC 3104mW/2907mW
09-26-2026 21:12:45 RAM 4286/7620MB (lfb 35x4MB) SWAP 91/12002MB (cached 0MB) CPU [41%@1728,41%@1728,40%@1728,40%@1728,78%@1728,40%@1728] GR3D_FREQ 0% cpu@57.687C soc2@56.25C soc0@55.531C gpu@57.406C tj@57.937C soc1@56.75C VDD_IN 12024mW/11553mW VDD_CPU_GPU_CV 4700mW/4713mW VDD_SOC 3222mW/2908mW
09-26-2026 21:12:46 RAM 4290/7620MB (lfb 34x4MB) SWAP 91/12002MB (cached 0MB) CPU [30%@1728,29%@1728,29%@1728,30%@1728,76%@1728,29%@1728] GR3D_FREQ 0% cpu@57.593C soc2@56.187C soc0@55.562C gpu@57.593C tj@57.593C soc1@56.718C VDD_IN 12692mW/11558mW VDD_CPU_GPU_CV 5044mW/4714mW VDD_SOC 3413mW/2910mW
09-26-2026 21:12:46 RAM 4212/7620MB (lfb 53x4MB) SWAP 91/12002MB (cached 0MB) CPU [39%@1728,40%@1728,40%@1728,39%@1728,78%@1728,39%@1728] GR3D_FREQ 95% cpu@57.062C soc2@56.218C soc0@55.468C gpu@58.375C tj@58.375C soc1@56.843C VDD_IN 13691mW/11567mW VDD_CPU_GPU_CV 5738mW/4719mW VDD_SOC 3603mW/2913mW
09-26-2026 21:12:47 RAM 4129/7620MB (lfb 58x4MB) SWAP 91/12002MB (cached 0MB) CPU [53%@1728,52%@1728,52%@1728,54%@1728,98%@1728,54%@1728] GR3D_FREQ 15% cpu@57.125C soc2@55.968C soc0@55.468C gpu@58.375C tj@58.375C soc1@56.812C VDD_IN 11335mW/11566mW VDD_CPU_GPU_CV 4197mW/4716mW VDD_SOC 3104mW/2914mW
09-26-2026 21:12:47 RAM 4132/7620MB (lfb 59x4MB) SWAP 91/12002MB (cached 0MB) CPU [54%@1728,55%@1728,54%@1728,54%@1728,78%@1728,54%@1728] GR3D_FREQ 0% cpu@57.781C soc2@56.156C soc0@55.656C gpu@57.531C tj@57.781C soc1@56.656C VDD_IN 11493mW/11566mW VDD_CPU_GPU_CV 4315mW/4715mW VDD_SOC 3143mW/2915mW
09-26-2026 21:12:48 RAM 4130/7620MB (lfb 58x4MB) SWAP 91/12002MB (cached 0MB) CPU [40%@1728,40%@1728,41%@1728,40%@1728,78%@1728,41%@1728] GR3D_FREQ 0% cpu@57.687C soc2@56.25C soc0@55.5C gpu@57.718C tj@57.718C soc1@56.625C VDD_IN 12083mW/11568mW VDD_CPU_GPU_CV 4700mW/4715mW VDD_SOC 3261mW/2917mW
09-26-2026 21:12:48 RAM 4288/7620MB (lfb 35x4MB) SWAP 91/12002MB (cached 0MB) CPU [30%@1728,30%@1728,28%@1728,30%@1728,77%@1728,30%@1728] GR3D_FREQ 0% cpu@57.531C soc2@56.156C soc0@55.531C gpu@57.687C tj@57.687C soc1@56.843C VDD_IN 12692mW/11573mW VDD_CPU_GPU_CV 5044mW/4716mW VDD_SOC 3413mW/2919mW
09-26-2026 21:12:49 RAM 4241/7620MB (lfb 45x4MB) SWAP 91/12002MB (cached 0MB) CPU [37%@1728,38%@1728,38%@1728,38%@1728,76%@1728,38%@1728] GR3D_FREQ 0% cpu@57.218C soc2@56.25C soc0@55.406C gpu@58.281C tj@58.281C soc1@56.812C VDD_IN 13613mW/11581mW VDD_CPU_GPU_CV 5621mW/4720mW VDD_SOC 3603mW/2921mW
09-26-2026 21:12:49 RAM 4129/7620MB (lfb 58x4MB) SWAP 91/12002MB (cached 0MB) CPU [54%@1728,54%@1728,54%@1728,53%@1728,96%@1728,52%@1728] GR3D_FREQ 99% cpu@57C soc2@56.031C soc0@55.562C gpu@58.093C tj@58.093C soc1@56.781C VDD_IN 11571mW/11581mW VDD_CPU_GPU_CV 4315mW/4718mW VDD_SOC 3143mW/2922mW
09-26-2026 21:12:50 RAM 4561/7620MB (lfb 25x4MB) SWAP 91/12002MB (cached 0MB) CPU [64%@1728,59%@1728,64%@1728,62%@1728,82%@1728,66%@1728] GR3D_FREQ 0% cpu@57.875C soc2@56.156C soc0@55.656C gpu@57.375C tj@57.875C soc1@56.781C VDD_IN 12142mW/11584mW VDD_CPU_GPU_CV 4425mW/4717mW VDD_SOC 3340mW/2924mW
09-26-2026 21:12:50 RAM 4561/7620MB (lfb 25x4MB) SWAP 91/12002MB (cached 0MB) CPU [100%@1728,100%@1728,100%@1728,100%@1728,100%@1728,100%@1728] GR3D_FREQ 0% cpu@59.312C soc2@56.781C soc0@55.593C gpu@57.437C tj@59.312C soc1@56.812C VDD_IN 13809mW/11593mW VDD_CPU_GPU_CV 6714mW/4725mW VDD_SOC 2976mW/2924mW
09-26-2026 21:12:51 RAM 4561/7620MB (lfb 25x4MB) SWAP 91/12002MB (cached 0MB) CPU [100%@1728,100%@1728,100%@1728,100%@1728,100%@1728,100%@1728] GR3D_FREQ 0% cpu@59.437C soc2@56.843C soc0@55.562C gpu@57.656C tj@59.437C soc1@56.937C VDD_IN 14280mW/11604mW VDD_CPU_GPU_CV 7405mW/4736mW VDD_SOC 2859mW/2924mW
09-26-2026 21:12:51 RAM 4920/7620MB (lfb 4x4MB) SWAP 91/12002MB (cached 0MB) CPU [100%@1728,100%@1728,100%@1728,100%@1728,100%@1728,100%@1728] GR3D_FREQ 0% cpu@59.687C soc2@56.906C soc0@55.5C gpu@57.625C tj@59.687C soc1@57.093C VDD_IN 14335mW/11615mW VDD_CPU_GPU_CV 7327mW/4747mW VDD_SOC 2937mW/2924mW
09-26-2026 21:12:52 RAM 4920/7620MB (lfb 4x4MB) SWAP 91/12002MB (cached 0MB) CPU [100%@1728,100%@1728,100%@1728,100%@1728,100%@1728,100%@1728] GR3D_FREQ 0% cpu@59.906C soc2@57C soc0@55.562C gpu@57.906C tj@59.906C soc1@57.062C VDD_IN 14452mW/11627mW VDD_CPU_GPU_CV 7600mW/4759mW VDD_SOC 2859mW/2924mW
09-26-2026 21:12:52 RAM 4920/7620MB (lfb 4x4MB) SWAP 91/12002MB (cached 0MB) CPU [100%@1728,100%@1728,100%@1728,100%@1728,100%@1728,100%@1728] GR3D_FREQ 0% cpu@58.718C soc2@56.937C soc0@55.593C gpu@57.781C tj@58.718C soc1@57.156C VDD_IN 13966mW/11637mW VDD_CPU_GPU_CV 7210mW/4769mW VDD_SOC 2820mW/2923mW
09-26-2026 21:12:53 RAM 4558/7620MB (lfb 27x4MB) SWAP 91/12002MB (cached 0MB) CPU [98%@1728,98%@1728,97%@1728,98%@1728,98%@1728,98%@1728] GR3D_FREQ 0% cpu@59.687C soc2@57.093C soc0@55.781C gpu@57.656C tj@59.687C soc1@57.125C VDD_IN 14005mW/11646mW VDD_CPU_GPU_CV 7015mW/4778mW VDD_SOC 2898mW/2923mW
09-26-2026 21:12:53 RAM 4558/7620MB (lfb 27x4MB) SWAP 91/12002MB (cached 0MB) CPU [100%@1728,100%@1728,100%@1728,100%@1728,100%@1728,100%@1728] GR3D_FREQ 0% cpu@59.625C soc2@57.125C soc0@55.718C gpu@58.031C tj@59.625C soc1@57.375C VDD_IN 14296mW/11657mW VDD_CPU_GPU_CV 7483mW/4789mW VDD_SOC 2859mW/2923mW
09-26-2026 21:12:54 RAM 4914/7620MB (lfb 6x4MB) SWAP 91/12002MB (cached 0MB) CPU [100%@1728,100%@1728,100%@1728,100%@1728,100%@1728,100%@1728] GR3D_FREQ 0% cpu@59.781C soc2@56.937C soc0@55.718C gpu@57.781C tj@59.781C soc1@57.312C VDD_IN 14241mW/11667mW VDD_CPU_GPU_CV 7132mW/4798mW VDD_SOC 2976mW/2923mW
09-26-2026 21:12:54 RAM 4914/7620MB (lfb 6x4MB) SWAP 91/12002MB (cached 0MB) CPU [100%@1728,100%@1728,100%@1728,100%@1728,100%@1728,100%@1728] GR3D_FREQ 0% cpu@59.875C soc2@57.187C soc0@55.718C gpu@58.156C tj@59.875C soc1@57.312C VDD_IN 14413mW/11678mW VDD_CPU_GPU_CV 7522mW/4809mW VDD_SOC 2859mW/2923mW
09-26-2026 21:12:55 RAM 4914/7620MB (lfb 6x4MB) SWAP 91/12002MB (cached 0MB) CPU [100%@1728,100%@1728,100%@1728,100%@1728,100%@1728,100%@1728] GR3D_FREQ 0% cpu@59.937C soc2@57.25C soc0@55.937C gpu@58.093C tj@59.937C soc1@57.375C VDD_IN 14452mW/11689mW VDD_CPU_GPU_CV 7639mW/4820mW VDD_SOC 2859mW/2923mW
09-26-2026 21:12:55 RAM 4064/7620MB (lfb 74x4MB) SWAP 91/12002MB (cached 0MB) CPU [91%@1728,94%@1728,92%@1728,94%@1728,90%@1728,94%@1728] GR3D_FREQ 0% cpu@58.468C soc2@56.968C soc0@55.906C gpu@57.906C tj@58.468C soc1@57.25C VDD_IN 12928mW/11694mW VDD_CPU_GPU_CV 6139mW/4826mW VDD_SOC 2824mW/2922mW
09-26-2026 21:12:56 RAM 4224/7620MB (lfb 50x4MB) SWAP 91/12002MB (cached 0MB) CPU [31%@1728,32%@1728,32%@1728,31%@1728,31%@1728,76%@1728] GR3D_FREQ 0% cpu@58.187C soc2@56.781C soc0@55.781C gpu@58C tj@58.187C soc1@57.375C VDD_IN 12614mW/11698mW VDD_CPU_GPU_CV 5318mW/4828mW VDD_SOC 3217mW/2924mW
09-26-2026 21:12:56 RAM 4201/7620MB (lfb 54x4MB) SWAP 91/12002MB (cached 0MB) CPU [30%@1728,28%@1728,28%@1728,28%@1728,28%@1728,78%@1728] GR3D_FREQ 0% cpu@57.687C soc2@56.625C soc0@55.75C gpu@58.031C tj@58.031C soc1@57.156C VDD_IN 13046mW/11703mW VDD_CPU_GPU_CV 5318mW/4829mW VDD_SOC 3452mW/2926mW
09-26-2026 21:12:57 RAM 4071/7620MB (lfb 73x4MB) SWAP 91/12002MB (cached 0MB) CPU [45%@1728,46%@1728,45%@1728,45%@1728,44%@1728,78%@1728] GR3D_FREQ 97% cpu@57.468C soc2@56.593C soc0@55.718C gpu@59.5C tj@59.5C soc1@57.156C VDD_IN 13848mW/11712mW VDD_CPU_GPU_CV 5856mW/4834mW VDD_SOC 3642mW/2928mW
09-26-2026 21:12:57 RAM 4085/7620MB (lfb 68x4MB) SWAP 91/12002MB (cached 0MB) CPU [54%@1728,54%@1728,54%@1728,54%@1728,54%@1728,100%@1728] GR3D_FREQ 0% cpu@57.25C soc2@56.406C soc0@55.875C gpu@57.75C tj@57.75C soc1@57.031C VDD_IN 10981mW/11709mW VDD_CPU_GPU_CV 3923mW/4830mW VDD_SOC 3030mW/2929mW
09-26-2026 21:12:58 RAM 4126/7620MB (lfb 60x4MB) SWAP 91/12002MB (cached 0MB) CPU [60%@1728,58%@1728,59%@1728,60%@1728,62%@1728,77%@1728] GR3D_FREQ 0% cpu@57.937C soc2@56.468C soc0@55.718C gpu@57.656C tj@57.937C soc1@57.062C VDD_IN 11729mW/11709mW VDD_CPU_GPU_CV 4465mW/4829mW VDD_SOC 3143mW/2930mW
09-26-2026 21:12:58 RAM 4287/7620MB (lfb 35x4MB) SWAP 91/12002MB (cached 0MB) CPU [50%@1728,37%@1728,46%@1728,40%@1728,77%@1728,36%@1728] GR3D_FREQ 0% cpu@57.968C soc2@56.406C soc0@55.781C gpu@57.906C tj@57.968C soc1@57.187C VDD_IN 12614mW/11713mW VDD_CPU_GPU_CV 5044mW/4829mW VDD_SOC 3334mW/2931mW
09-26-2026 21:12:59 RAM 4291/7620MB (lfb 34x4MB) SWAP 91/12002MB (cached 0MB) CPU [29%@1728,28%@1728,28%@1728,28%@1728,78%@1728,29%@1728] GR3D_FREQ 0% cpu@57.656C soc2@56.406C soc0@55.75C gpu@58.062C tj@58.062C soc1@57.062C VDD_IN 13181mW/11718mW VDD_CPU_GPU_CV 5318mW/4831mW VDD_SOC 3530mW/2934mW
09-26-2026 21:12:59 RAM 4135/7620MB (lfb 58x4MB) SWAP 91/12002MB (cached 0MB) CPU [56%@1728,56%@1728,56%@1728,56%@1728,90%@1728,54%@1728] GR3D_FREQ 99% cpu@57.343C soc2@56.406C soc0@55.656C gpu@58.843C tj@58.843C soc1@57.062C VDD_IN 12260mW/11720mW VDD_CPU_GPU_CV 4817mW/4831mW VDD_SOC 3300mW/2935mW
09-26-2026 21:13:00 RAM 4137/7620MB (lfb 58x4MB) SWAP 91/12002MB (cached 0MB) CPU [54%@1728,54%@1728,52%@1728,52%@1728,86%@1728,54%@1728] GR3D_FREQ 0% cpu@57.906C soc2@56.312C soc0@55.875C gpu@57.906C tj@57.906C soc1@57C VDD_IN 11296mW/11719mW VDD_CPU_GPU_CV 4158mW/4829mW VDD_SOC 3104mW/2936mW
09-26-2026 21:13:00 RAM 4135/7620MB (lfb 58x4MB) SWAP 91/12002MB (cached 0MB) CPU [52%@1728,50%@1728,50%@1728,50%@1728,78%@1728,48%@1728] GR3D_FREQ 0% cpu@58.062C soc2@56.531C soc0@55.781C gpu@57.812C tj@58.062C soc1@57.281C VDD_IN 11965mW/11720mW VDD_CPU_GPU_CV 4621mW/4828mW VDD_SOC 3222mW/2937mW
09-26-2026 21:13:01 RAM 4293/7620MB (lfb 34x4MB) SWAP 91/12002MB (cached 0MB) CPU [29%@1728,29%@1728,29%@1728,29%@1728,78%@1728,30%@1728] GR3D_FREQ 0% cpu@58.218C soc2@56.5C soc0@55.843C gpu@58C tj@58.218C soc1@57.187C VDD_IN 12456mW/11722mW VDD_CPU_GPU_CV 4888mW/4828mW VDD_SOC 3334mW/2938mW
09-26-2026 21:13:01 RAM 4291/7620MB (lfb 34x4MB) SWAP 91/12002MB (cached 0MB) CPU [28%@1728,30%@1728,31%@1728,30%@1728,76%@1728,29%@1728] GR3D_FREQ 0% cpu@57.5C soc2@56.375C soc0@55.812C gpu@58.156C tj@58.156C soc1@57.062C VDD_IN 13142mW/11728mW VDD_CPU_GPU_CV 5318mW/4830mW VDD_SOC 3530mW/2941mW
09-26-2026 21:13:02 RAM 4135/7620MB (lfb 58x4MB) SWAP 91/12002MB (cached 0MB) CPU [51%@1728,51%@1728,51%@1728,50%@1728,84%@1728,51%@1728] GR3D_FREQ 99% cpu@57.312C soc2@56.531C soc0@55.875C gpu@59.25C tj@59.25C soc1@57C VDD_IN 13142mW/11733mW VDD_CPU_GPU_CV 5435mW/4832mW VDD_SOC 3491mW/2943mW
09-26-2026 21:13:02 RAM 4136/7620MB (lfb 58x4MB) SWAP 91/12002MB (cached 0MB) CPU [54%@1728,54%@1728,54%@1728,54%@1728,94%@1728,54%@1728] GR3D_FREQ 0% cpu@57.718C soc2@56.343C soc0@55.812C gpu@57.906C tj@57.906C soc1@56.906C VDD_IN 11138mW/11731mW VDD_CPU_GPU_CV 4001mW/4829mW VDD_SOC 3070mW/2943mW
09-26-2026 21:13:03 RAM 4105/7620MB (lfb 68x4MB) SWAP 91/12002MB (cached 0MB) CPU [54%@1728,52%@1728,52%@1728,52%@1728,78%@1728,52%@1728] GR3D_FREQ 0% cpu@57.875C soc2@56.437C soc0@55.781C gpu@57.687C tj@57.875C soc1@57.093C VDD_IN 11729mW/11731mW VDD_CPU_GPU_CV 4504mW/4828mW VDD_SOC 3143mW/2944mW
09-26-2026 21:13:03 RAM 4407/7620MB (lfb 26x4MB) SWAP 91/12002MB (cached 0MB) CPU [13%@1728,15%@1728,13%@1728,15%@1728,78%@1728,13%@1728] GR3D_FREQ 0% cpu@58.062C soc2@56.375C soc0@55.75C gpu@57.843C tj@58.062C soc1@57.125C VDD_IN 12574mW/11734mW VDD_CPU_GPU_CV 4809mW/4828mW VDD_SOC 3413mW/2946mW
09-26-2026 21:13:04 RAM 4231/7620MB (lfb 53x4MB) SWAP 91/12002MB (cached 0MB) CPU [41%@1728,41%@1728,41%@1728,40%@1728,88%@1728,40%@1728] GR3D_FREQ 70% cpu@57.312C soc2@56.406C soc0@55.625C gpu@58.718C tj@58.718C soc1@57C VDD_IN 12063mW/11735mW VDD_CPU_GPU_CV 4582mW/4827mW VDD_SOC 3340mW/2947mW
09-26-2026 21:13:05 RAM 4143/7620MB (lfb 68x4MB) SWAP 91/12002MB (cached 0MB) CPU [54%@1728,54%@1728,54%@1728,52%@1728,90%@1728,54%@1728] GR3D_FREQ 0% cpu@57.593C soc2@56.343C soc0@55.781C gpu@57.531C tj@57.593C soc1@56.937C VDD_IN 11178mW/11733mW VDD_CPU_GPU_CV 4040mW/4824mW VDD_SOC 3109mW/2948mW
09-26-2026 21:13:05 RAM 4407/7620MB (lfb 26x4MB) SWAP 91/12002MB (cached 0MB) CPU [28%@1728,27%@1728,26%@1728,28%@1728,78%@1728,27%@1728] GR3D_FREQ 0% cpu@57.843C soc2@56.437C soc0@55.781C gpu@57.687C tj@57.843C soc1@57.156C VDD_IN 12142mW/11735mW VDD_CPU_GPU_CV 4582mW/4823mW VDD_SOC 3300mW/2949mW
09-26-2026 21:13:06 RAM 4285/7620MB (lfb 42x4MB) SWAP 91/12002MB (cached 0MB) CPU [25%@1728,26%@1728,26%@1728,26%@1728,78%@1728,24%@1728] GR3D_FREQ 72% cpu@57.187C soc2@56.406C soc0@55.687C gpu@59.125C tj@59.125C soc1@57.031C VDD_IN 13203mW/11740mW VDD_CPU_GPU_CV 5279mW/4825mW VDD_SOC 3609mW/2951mW
09-26-2026 21:13:06 RAM 4261/7620MB (lfb 55x4MB) SWAP 91/12002MB (cached 0MB) CPU [54%@1728,52%@1728,52%@1728,54%@1728,100%@1728,53%@1728] GR3D_FREQ 0% cpu@57.531C soc2@56.156C soc0@55.687C gpu@57.406C tj@57.531C soc1@56.968C VDD_IN 10841mW/11737mW VDD_CPU_GPU_CV 3766mW/4821mW VDD_SOC 3030mW/2952mW
09-26-2026 21:13:07 RAM 4170/7620MB (lfb 64x4MB) SWAP 91/12002MB (cached 0MB) CPU [44%@1728,43%@1728,43%@1728,42%@1728,78%@1728,42%@1728] GR3D_FREQ 0% cpu@58.25C soc2@56.312C soc0@55.812C gpu@57.906C tj@58.25C soc1@56.937C VDD_IN 11886mW/11737mW VDD_CPU_GPU_CV 4465mW/4820mW VDD_SOC 3222mW/2953mW
09-26-2026 21:13:07 RAM 4484/7620MB (lfb 26x4MB) SWAP 91/12002MB (cached 0MB) CPU [15%@1728,16%@1728,15%@1728,18%@1728,79%@1728,16%@1728] GR3D_FREQ 0% cpu@57.468C soc2@56.312C soc0@55.75C gpu@57.781C tj@57.781C soc1@56.906C VDD_IN 12731mW/11741mW VDD_CPU_GPU_CV 4848mW/4820mW VDD_SOC 3491mW/2955mW
09-26-2026 21:13:08 RAM 4296/7620MB (lfb 50x4MB) SWAP 91/12002MB (cached 0MB) CPU [49%@1728,48%@1728,50%@1728,49%@1728,94%@1728,49%@1728] GR3D_FREQ 68% cpu@57.375C soc2@56.312C soc0@55.75C gpu@58.281C tj@58.281C soc1@57.031C VDD_IN 11375mW/11740mW VDD_CPU_GPU_CV 4119mW/4817mW VDD_SOC 3182mW/2955mW
09-26-2026 21:13:08 RAM 4195/7620MB (lfb 64x4MB) SWAP 91/12002MB (cached 0MB) CPU [53%@1728,52%@1728,52%@1728,54%@1728,84%@1728,53%@1728] GR3D_FREQ 0% cpu@57.5C soc2@56.281C soc0@55.625C gpu@57.843C tj@57.843C soc1@57C VDD_IN 11414mW/11739mW VDD_CPU_GPU_CV 4197mW/4815mW VDD_SOC 3143mW/2956mW
09-26-2026 21:13:09 RAM 4486/7620MB (lfb 27x4MB) SWAP 91/12002MB (cached 0MB) CPU [19%@1728,18%@1728,19%@1728,18%@1728,78%@1728,19%@1728] GR3D_FREQ 0% cpu@57.875C soc2@56.281C soc0@55.687C gpu@57.875C tj@57.875C soc1@57.031C VDD_IN 12378mW/11741mW VDD_CPU_GPU_CV 4739mW/4815mW VDD_SOC 3373mW/2958mW
09-26-2026 21:13:09 RAM 4318/7620MB (lfb 42x4MB) SWAP 91/12002MB (cached 0MB) CPU [36%@1728,36%@1728,36%@1728,36%@1728,86%@1728,35%@1728] GR3D_FREQ 71% cpu@57.062C soc2@56.281C soc0@55.75C gpu@58.968C tj@58.968C soc1@56.937C VDD_IN 12496mW/11744mW VDD_CPU_GPU_CV 4809mW/4815mW VDD_SOC 3413mW/2959mW
09-26-2026 21:13:10 RAM 4235/7620MB (lfb 64x4MB) SWAP 91/12002MB (cached 0MB) CPU [52%@1728,52%@1728,52%@1728,54%@1728,92%@1728,54%@1728] GR3D_FREQ 0% cpu@57.593C soc2@56.156C soc0@55.75C gpu@57.562C tj@57.593C soc1@56.843C VDD_IN 11060mW/11741mW VDD_CPU_GPU_CV 3923mW/4811mW VDD_SOC 3070mW/2960mW
09-26-2026 21:13:10 RAM 4486/7620MB (lfb 27x4MB) SWAP 91/12002MB (cached 0MB) CPU [34%@1728,33%@1728,38%@1728,32%@1728,77%@1728,31%@1728] GR3D_FREQ 0% cpu@57.75C soc2@56.281C soc0@55.656C gpu@57.562C tj@57.75C soc1@57C VDD_IN 12044mW/11742mW VDD_CPU_GPU_CV 4543mW/4810mW VDD_SOC 3300mW/2961mW
09-26-2026 21:13:11 RAM 4326/7620MB (lfb 40x4MB) SWAP 91/12002MB (cached 0MB) CPU [26%@1728,26%@1728,26%@1728,26%@1728,80%@1728,26%@1728] GR3D_FREQ 71% cpu@57.031C soc2@56.281C soc0@55.656C gpu@58.718C tj@58.718C soc1@56.937C VDD_IN 13124mW/11747mW VDD_CPU_GPU_CV 5200mW/4812mW VDD_SOC 3570mW/2963mW
09-26-2026 21:13:11 RAM 4263/7620MB (lfb 57x4MB) SWAP 91/12002MB (cached 0MB) CPU [54%@1728,53%@1728,54%@1728,52%@1728,98%@1728,53%@1728] GR3D_FREQ 0% cpu@57.406C soc2@56.218C soc0@55.656C gpu@57.406C tj@57.406C soc1@57C VDD_IN 10841mW/11744mW VDD_CPU_GPU_CV 3727mW/4808mW VDD_SOC 3030mW/2963mW
09-26-2026 21:13:12 RAM 4103/7620MB (lfb 66x4MB) SWAP 91/12002MB (cached 0MB) CPU [42%@1728,42%@1728,40%@1728,42%@1728,78%@1728,42%@1728] GR3D_FREQ 0% cpu@57.781C soc2@56.25C soc0@55.812C gpu@57.531C tj@57.781C soc1@56.906C VDD_IN 11886mW/11744mW VDD_CPU_GPU_CV 4465mW/4807mW VDD_SOC 3222mW/2964mW
09-26-2026 21:13:12 RAM 4243/7620MB (lfb 52x4MB) SWAP 91/12002MB (cached 0MB) CPU [11%@1728,11%@1728,11%@1728,11%@1728,80%@1728,11%@1728] GR3D_FREQ 60% cpu@57C soc2@56.125C soc0@55.75C gpu@58.218C tj@58.218C soc1@56.968C VDD_IN 11926mW/11745mW VDD_CPU_GPU_CV 4660mW/4806mW VDD_SOC 3143mW/2965mW
09-26-2026 21:13:13 RAM 4136/7620MB (lfb 66x4MB) SWAP 91/12002MB (cached 0MB) CPU [53%@1728,54%@1728,54%@1728,54%@1728,92%@1728,52%@1728] GR3D_FREQ 0% cpu@57.593C soc2@56.093C soc0@55.531C gpu@57.687C tj@57.687C soc1@56.875C VDD_IN 10881mW/11742mW VDD_CPU_GPU_CV 3962mW/4803mW VDD_SOC 2952mW/2965mW
09-26-2026 21:13:13 RAM 4406/7620MB (lfb 26x4MB) SWAP 91/12002MB (cached 0MB) CPU [5%@1728,3%@1728,3%@1728,3%@1728,60%@1728,30%@1728] GR3D_FREQ 0% cpu@57.187C soc2@56.25C soc0@55.812C gpu@57.843C tj@57.843C soc1@56.781C VDD_IN 12162mW/11743mW VDD_CPU_GPU_CV 4739mW/4803mW VDD_SOC 3182mW/2966mW
09-26-2026 21:13:14 RAM 4216/7620MB (lfb 59x4MB) SWAP 91/12002MB (cached 0MB) CPU [50%@1728,50%@1728,50%@1728,50%@1728,50%@1728,98%@1728] GR3D_FREQ 58% cpu@56.781C soc2@56.062C soc0@55.718C gpu@57.968C tj@57.968C soc1@56.812C VDD_IN 10802mW/11740mW VDD_CPU_GPU_CV 3883mW/4800mW VDD_SOC 2952mW/2966mW
09-26-2026 21:13:14 RAM 4408/7620MB (lfb 26x4MB) SWAP 91/12002MB (cached 0MB) CPU [42%@1728,41%@1728,40%@1728,40%@1728,39%@1728,90%@1728] GR3D_FREQ 0% cpu@57.375C soc2@56.25C soc0@55.562C gpu@57.593C tj@57.593C soc1@56.968C VDD_IN 11611mW/11740mW VDD_CPU_GPU_CV 4433mW/4799mW VDD_SOC 3025mW/2966mW
09-26-2026 21:13:15 RAM 4284/7620MB (lfb 42x4MB) SWAP 91/12002MB (cached 0MB) CPU [16%@1728,15%@1728,15%@1728,15%@1728,34%@1728,73%@1728] GR3D_FREQ 57% cpu@57.156C soc2@56.156C soc0@55.5C gpu@58.343C tj@58.343C soc1@56.937C VDD_IN 12299mW/11742mW VDD_CPU_GPU_CV 4974mW/4799mW VDD_SOC 3177mW/2966mW
09-26-2026 21:13:15 RAM 4232/7620MB (lfb 54x4MB) SWAP 91/12002MB (cached 0MB) CPU [54%@1728,54%@1728,52%@1728,54%@1728,96%@1728,53%@1728] GR3D_FREQ 0% cpu@57.343C soc2@56.093C soc0@55.5C gpu@57.312C tj@57.343C soc1@56.906C VDD_IN 10841mW/11739mW VDD_CPU_GPU_CV 3883mW/4796mW VDD_SOC 2952mW/2966mW
09-26-2026 21:13:16 RAM 4484/7620MB (lfb 26x4MB) SWAP 91/12002MB (cached 0MB) CPU [11%@1728,10%@1728,11%@1728,9%@1728,86%@1728,10%@1728] GR3D_FREQ 0% cpu@57.593C soc2@56.281C soc0@55.75C gpu@57.875C tj@57.875C soc1@56.75C VDD_IN 12044mW/11740mW VDD_CPU_GPU_CV 4700mW/4796mW VDD_SOC 3143mW/2967mW
09-26-2026 21:13:16 RAM 4302/7620MB (lfb 48x4MB) SWAP 91/12002MB (cached 0MB) CPU [43%@1728,43%@1728,43%@1728,44%@1728,96%@1728,43%@1728] GR3D_FREQ 57% cpu@56.875C soc2@56.156C soc0@55.5C gpu@58.125C tj@58C soc1@57.062C VDD_IN 11178mW/11738mW VDD_CPU_GPU_CV 4158mW/4793mW VDD_SOC 3030mW/2967mW
09-26-2026 21:13:17 RAM 4174/7620MB (lfb 57x4MB) SWAP 91/12002MB (cached 0MB) CPU [47%@1728,47%@1728,46%@1728,46%@1728,90%@1728,46%@1728] GR3D_FREQ 0% cpu@57.906C soc2@56.281C soc0@55.625C gpu@57.75C tj@57.906C soc1@57C VDD_IN 11493mW/11737mW VDD_CPU_GPU_CV 4354mW/4792mW VDD_SOC 3025mW/2967mW
09-26-2026 21:13:17 RAM 4326/7620MB (lfb 42x4MB) SWAP 91/12002MB (cached 0MB) CPU [6%@1728,6%@1728,6%@1728,7%@1728,58%@1728,34%@1728] GR3D_FREQ 61% cpu@56.968C soc2@56.125C soc0@55.468C gpu@58.437C tj@58.437C soc1@56.812C VDD_IN 12496mW/11739mW VDD_CPU_GPU_CV 5131mW/4793mW VDD_SOC 3217mW/2968mW
09-26-2026 21:13:18 RAM 4259/7620MB (lfb 57x4MB) SWAP 91/12002MB (cached 0MB) CPU [52%@1728,52%@1728,54%@1728,54%@1728,52%@1728,98%@1728] GR3D_FREQ 0% cpu@57C soc2@56.156C soc0@55.718C gpu@57.437C tj@57.437C soc1@56.843C VDD_IN 10644mW/11736mW VDD_CPU_GPU_CV 3772mW/4790mW VDD_SOC 2912mW/2968mW
09-26-2026 21:13:18 RAM 4486/7620MB (lfb 27x4MB) SWAP 91/12002MB (cached 0MB) CPU [21%@1728,20%@1728,23%@1728,19%@1728,20%@1728,87%@1728] GR3D_FREQ 0% cpu@57.312C soc2@56.281C soc0@55.75C gpu@57.468C tj@57.468C soc1@56.75C VDD_IN 11886mW/11736mW VDD_CPU_GPU_CV 4582mW/4789mW VDD_SOC 3104mW/2969mW
09-26-2026 21:13:19 RAM 4304/7620MB (lfb 49x4MB) SWAP 91/12002MB (cached 0MB) CPU [44%@1728,68%@1728,43%@1728,45%@1728,74%@1728,76%@1728] GR3D_FREQ 56% cpu@57.593C soc2@56.25C soc0@55.593C gpu@58.062C tj@58.062C soc1@56.968C VDD_IN 12044mW/11737mW VDD_CPU_GPU_CV 4778mW/4789mW VDD_SOC 3104mW/2969mW
09-26-2026 21:13:19 RAM 4174/7620MB (lfb 56x4MB) SWAP 91/12002MB (cached 0MB) CPU [54%@1728,54%@1728,52%@1728,52%@1728,91%@1728,52%@1728] GR3D_FREQ 0% cpu@57.75C soc2@56.187C soc0@55.531C gpu@57.406C tj@57.75C soc1@56.937C VDD_IN 11493mW/11736mW VDD_CPU_GPU_CV 4472mW/4788mW VDD_SOC 3025mW/2969mW
09-26-2026 21:13:20 RAM 4391/7620MB (lfb 27x4MB) SWAP 91/12002MB (cached 0MB) CPU [0%@1728,0%@1728,0%@1728,0%@1728,85%@1728,3%@1728] GR3D_FREQ 55% cpu@57.218C soc2@56.218C soc0@55.75C gpu@58.406C tj@58.406C soc1@56.906C VDD_IN 12731mW/11740mW VDD_CPU_GPU_CV 5239mW/4789mW VDD_SOC 3217mW/2970mW
09-26-2026 21:13:20 RAM 4275/7620MB (lfb 55x4MB) SWAP 91/12002MB (cached 0MB) CPU [54%@1728,54%@1728,54%@1728,52%@1728,100%@1728,54%@1728] GR3D_FREQ 0% cpu@57.281C soc2@56C soc0@55.656C gpu@57.406C tj@57.406C soc1@56.781C VDD_IN 10565mW/11736mW VDD_CPU_GPU_CV 3654mW/4786mW VDD_SOC 2912mW/2970mW
09-26-2026 21:13:21 RAM 4486/7620MB (lfb 26x4MB) SWAP 91/12002MB (cached 0MB) CPU [25%@1728,25%@1728,25%@1728,26%@1728,69%@1728,41%@1728] GR3D_FREQ 0% cpu@57.625C soc2@56.156C soc0@55.562C gpu@57.437C tj@57.437C soc1@56.937C VDD_IN 11729mW/11736mW VDD_CPU_GPU_CV 4543mW/4785mW VDD_SOC 3104mW/2970mW
09-26-2026 21:13:21 RAM 4312/7620MB (lfb 45x4MB) SWAP 91/12002MB (cached 0MB) CPU [29%@1728,28%@1728,28%@1728,27%@1728,28%@1728,92%@1728] GR3D_FREQ 57% cpu@57.093C soc2@56.062C soc0@55.468C gpu@58.312C tj@58.312C soc1@56.875C VDD_IN 11808mW/11736mW VDD_CPU_GPU_CV 4582mW/4784mW VDD_SOC 3104mW/2971mW
09-26-2026 21:13:22 RAM 4125/7620MB (lfb 62x4MB) SWAP 91/12002MB (cached 0MB) CPU [54%@1728,52%@1728,52%@1728,54%@1728,52%@1728,93%@1728] GR3D_FREQ 0% cpu@57.156C soc2@56.156C soc0@55.437C gpu@57.312C tj@57.312C soc1@56.812C VDD_IN 11117mW/11734mW VDD_CPU_GPU_CV 4158mW/4782mW VDD_SOC 2991mW/2971mW
09-26-2026 21:13:22 RAM 4414/7620MB (lfb 26x4MB) SWAP 91/12002MB (cached 0MB) CPU [0%@1728,2%@1728,0%@1728,0%@1728,23%@1728,58%@1728] GR3D_FREQ 0% cpu@57.062C soc2@56.125C soc0@55.812C gpu@57.531C tj@57.531C soc1@56.843C VDD_IN 12181mW/11736mW VDD_CPU_GPU_CV 4778mW/4782mW VDD_SOC 3182mW/2971mW
09-26-2026 21:13:23 RAM 4226/7620MB (lfb 52x4MB) SWAP 91/12002MB (cached 0MB) CPU [50%@1728,49%@1728,49%@1728,50%@1728,94%@1728,50%@1728] GR3D_FREQ 66% cpu@56.718C soc2@56.062C soc0@55.656C gpu@58.125C tj@58.125C soc1@56.812C VDD_IN 11038mW/11733mW VDD_CPU_GPU_CV 4040mW/4780mW VDD_SOC 2991mW/2972mW
09-26-2026 21:13:23 RAM 4119/7620MB (lfb 61x4MB) SWAP 91/12002MB (cached 0MB) CPU [44%@1728,45%@1728,46%@1728,45%@1728,84%@1728,45%@1728] GR3D_FREQ 0% cpu@57.718C soc2@56.156C soc0@55.593C gpu@57.375C tj@57.718C soc1@56.937C VDD_IN 11414mW/11732mW VDD_CPU_GPU_CV 4354mW/4778mW VDD_SOC 3025mW/2972mW
09-26-2026 21:13:24 RAM 4266/7620MB (lfb 44x4MB) SWAP 91/12002MB (cached 0MB) CPU [9%@1728,8%@1728,7%@1728,8%@1728,80%@1728,6%@1728] GR3D_FREQ 34% cpu@56.812C soc2@56.125C soc0@55.468C gpu@58.156C tj@58.156C soc1@56.875C VDD_IN 12535mW/11735mW VDD_CPU_GPU_CV 5091mW/4779mW VDD_SOC 3217mW/2973mW
09-26-2026 21:13:24 RAM 4219/7620MB (lfb 54x4MB) SWAP 91/12002MB (cached 0MB) CPU [54%@1728,52%@1728,54%@1728,52%@1728,100%@1728,53%@1728] GR3D_FREQ 0% cpu@57.218C soc2@56.093C soc0@55.75C gpu@57.562C tj@57.562C soc1@56.843C VDD_IN 10605mW/11731mW VDD_CPU_GPU_CV 3693mW/4776mW VDD_SOC 2912mW/2972mW
09-26-2026 21:13:25 RAM 4455/7620MB (lfb 26x4MB) SWAP 91/12002MB (cached 0MB) CPU [23%@1728,23%@1728,23%@1728,22%@1728,78%@1728,22%@1728] GR3D_FREQ 0% cpu@57.531C soc2@56.156C soc0@55.625C gpu@57.531C tj@57.531C soc1@56.75C VDD_IN 11689mW/11731mW VDD_CPU_GPU_CV 4504mW/4775mW VDD_SOC 3104mW/2973mW
09-26-2026 21:13:25 RAM 4293/7620MB (lfb 51x4MB) SWAP 91/12002MB (cached 0MB) CPU [32%@1728,32%@1728,31%@1728,32%@1728,88%@1728,32%@1728] GR3D_FREQ 64% cpu@56.843C soc2@56.062C soc0@55.562C gpu@58.5C tj@58.5C soc1@56.906C VDD_IN 11729mW/11731mW VDD_CPU_GPU_CV 4543mW/4774mW VDD_SOC 3104mW/2973mW
09-26-2026 21:13:26 RAM 4206/7620MB (lfb 57x4MB) SWAP 91/12002MB (cached 0MB) CPU [54%@1728,52%@1728,54%@1728,52%@1728,90%@1728,52%@1728] GR3D_FREQ 0% cpu@57.656C soc2@55.937C soc0@55.468C gpu@57.437C tj@57.656C soc1@56.875C VDD_IN 11117mW/11729mW VDD_CPU_GPU_CV 4119mW/4772mW VDD_SOC 2991mW/2973mW
09-26-2026 21:13:26 RAM 4497/7620MB (lfb 27x4MB) SWAP 91/12002MB (cached 0MB) CPU [0%@1728,0%@1728,0%@1728,1%@1728,79%@1728,0%@1728] GR3D_FREQ 0% cpu@57C soc2@55.968C soc0@55.437C gpu@57.531C tj@57.531C soc1@56.781C VDD_IN 12162mW/11730mW VDD_CPU_GPU_CV 4739mW/4772mW VDD_SOC 3222mW/2974mW
09-26-2026 21:13:27 RAM 4300/7620MB (lfb 51x4MB) SWAP 91/12002MB (cached 0MB) CPU [53%@1728,52%@1728,52%@1728,52%@1728,98%@1728,52%@1728] GR3D_FREQ 53% cpu@56.937C soc2@55.937C soc0@55.593C gpu@57.75C tj@57.75C soc1@56.75C VDD_IN 10683mW/11727mW VDD_CPU_GPU_CV 3766mW/4769mW VDD_SOC 2952mW/2974mW
09-26-2026 21:13:27 RAM 4498/7620MB (lfb 27x4MB) SWAP 91/12002MB (cached 0MB) CPU [38%@1728,40%@1728,38%@1728,38%@1728,80%@1728,39%@1728] GR3D_FREQ 0% cpu@57.5C soc2@56.062C soc0@55.562C gpu@57.656C tj@57.656C soc1@56.906C VDD_IN 11493mW/11726mW VDD_CPU_GPU_CV 4354mW/4767mW VDD_SOC 3025mW/2974mW
09-26-2026 21:13:28 RAM 4338/7620MB (lfb 38x4MB) SWAP 91/12002MB (cached 0MB) CPU [13%@1728,12%@1728,14%@1728,14%@1728,81%@1728,13%@1728] GR3D_FREQ 48% cpu@56.875C soc2@56C soc0@55.531C gpu@58.218C tj@58.218C soc1@56.875C VDD_IN 12496mW/11729mW VDD_CPU_GPU_CV 5122mW/4768mW VDD_SOC 3217mW/2975mW
09-26-2026 21:13:28 RAM 4274/7620MB (lfb 55x4MB) SWAP 91/12002MB (cached 0MB) CPU [54%@1728,54%@1728,54%@1728,54%@1728,98%@1728,54%@1728] GR3D_FREQ 0% cpu@57.437C soc2@55.937C soc0@55.437C gpu@57.187C tj@57.437C soc1@56.781C VDD_IN 10565mW/11725mW VDD_CPU_GPU_CV 3693mW/4765mW VDD_SOC 2912mW/2975mW
09-26-2026 21:13:29 RAM 4497/7620MB (lfb 27x4MB) SWAP 91/12002MB (cached 0MB) CPU [26%@1728,24%@1728,23%@1728,22%@1728,80%@1728,23%@1728] GR3D_FREQ 0% cpu@57.593C soc2@56.125C soc0@55.656C gpu@57.437C tj@57.593C soc1@56.75C VDD_IN 11689mW/11725mW VDD_CPU_GPU_CV 4543mW/4764mW VDD_SOC 3104mW/2975mW
09-26-2026 21:13:29 RAM 4300/7620MB (lfb 49x4MB) SWAP 91/12002MB (cached 0MB) CPU [31%@1728,30%@1728,31%@1728,31%@1728,88%@1728,31%@1728] GR3D_FREQ 66% cpu@56.625C soc2@56.062C soc0@55.625C gpu@58.125C tj@58.125C soc1@56.718C VDD_IN 11768mW/11725mW VDD_CPU_GPU_CV 4621mW/4764mW VDD_SOC 3104mW/2976mW
09-26-2026 21:13:30 RAM 4211/7620MB (lfb 59x4MB) SWAP 91/12002MB (cached 0MB) CPU [54%@1728,52%@1728,52%@1728,52%@1728,90%@1728,52%@1728] GR3D_FREQ 0% cpu@57.5C soc2@56.062C soc0@55.531C gpu@57.593C tj@57.593C soc1@56.781C VDD_IN 11038mW/11723mW VDD_CPU_GPU_CV 4080mW/4762mW VDD_SOC 2991mW/2976mW
09-26-2026 21:13:30 RAM 4498/7620MB (lfb 27x4MB) SWAP 91/12002MB (cached 0MB) CPU [2%@1728,1%@1728,0%@1728,2%@1728,80%@1728,0%@1728] GR3D_FREQ 0% cpu@57.312C soc2@56.062C soc0@55.562C gpu@57.687C tj@57.687C soc1@56.781C VDD_IN 12201mW/11724mW VDD_CPU_GPU_CV 4739mW/4762mW VDD_SOC 3177mW/2976mW
09-26-2026 21:13:31 RAM 4300/7620MB (lfb 47x4MB) SWAP 91/12002MB (cached 0MB) CPU [52%@1728,52%@1728,51%@1728,50%@1728,96%@1728,51%@1728] GR3D_FREQ 65% cpu@56.75C soc2@56.062C soc0@55.656C gpu@57.843C tj@57.843C soc1@56.687C VDD_IN 10762mW/11721mW VDD_CPU_GPU_CV 3844mW/4759mW VDD_SOC 2952mW/2976mW
09-26-2026 21:13:31 RAM 4288/7620MB (lfb 43x4MB) SWAP 91/12002MB (cached 0MB) CPU [41%@1728,41%@1728,40%@1728,40%@1728,82%@1728,40%@1728] GR3D_FREQ 0% cpu@57.562C soc2@56.25C soc0@55.593C gpu@57.531C tj@57.562C soc1@56.687C VDD_IN 11453mW/11721mW VDD_CPU_GPU_CV 4393mW/4758mW VDD_SOC 3025mW/2976mW
09-26-2026 21:13:32 RAM 4225/7620MB (lfb 57x4MB) SWAP 91/12002MB (cached 0MB) CPU [13%@1728,12%@1728,12%@1728,13%@1728,81%@1728,13%@1728] GR3D_FREQ 66% cpu@56.593C soc2@56.062C soc0@55.531C gpu@58.281C tj@58.281C soc1@56.906C VDD_IN 12417mW/11723mW VDD_CPU_GPU_CV 5091mW/4759mW VDD_SOC 3177mW/2977mW
09-26-2026 21:13:32 RAM 4381/7620MB (lfb 26x4MB) SWAP 91/12002MB (cached 0MB) CPU [56%@1728,32%@1728,64%@1728,31%@1728,39%@1728,30%@1728] GR3D_FREQ 0% cpu@57.625C soc2@56.093C soc0@55.468C gpu@57.281C tj@57.625C soc1@56.812C VDD_IN 10407mW/11719mW VDD_CPU_GPU_CV 3811mW/4756mW VDD_SOC 2833mW/2976mW
09-26-2026 21:13:33 RAM 4378/7620MB (lfb 27x4MB) SWAP 91/12002MB (cached 0MB) CPU [100%@1728,32%@1728,34%@1728,32%@1728,32%@1728,32%@1728] GR3D_FREQ 0% cpu@57.218C soc2@56.093C soc0@55.375C gpu@57.375C tj@57.406C soc1@56.687C VDD_IN 9714mW/11713mW VDD_CPU_GPU_CV 3345mW/4751mW VDD_SOC 2720mW/2976mW
09-26-2026 21:13:33 RAM 4158/7620MB (lfb 71x4MB) SWAP 91/12002MB (cached 0MB) CPU [21%@1728,23%@1728,100%@1728,21%@1728,21%@1728,23%@1728] GR3D_FREQ 0% cpu@57.531C soc2@55.906C soc0@55.562C gpu@57C tj@57.531C soc1@56.625C VDD_IN 9319mW/11705mW VDD_CPU_GPU_CV 2912mW/4746mW VDD_SOC 2720mW/2975mW
09-26-2026 21:13:34 RAM 4398/7620MB (lfb 27x4MB) SWAP 91/12002MB (cached 0MB) CPU [8%@1728,6%@1728,70%@1728,8%@1728,7%@1728,6%@1728] GR3D_FREQ 0% cpu@57.562C soc2@56.062C soc0@55.437C gpu@57.531C tj@57.562C soc1@56.625C VDD_IN 11335mW/11704mW VDD_CPU_GPU_CV 4276mW/4744mW VDD_SOC 3025mW/2975mW
09-26-2026 21:13:34 RAM 4398/7620MB (lfb 27x4MB) SWAP 91/12002MB (cached 0MB) CPU [55%@1728,32%@1728,78%@1728,32%@1728,32%@1728,32%@1728] GR3D_FREQ 0% cpu@57.468C soc2@55.937C soc0@55.5C gpu@57.187C tj@57.468C soc1@56.781C VDD_IN 9950mW/11699mW VDD_CPU_GPU_CV 3458mW/4740mW VDD_SOC 2759mW/2974mW
09-26-2026 21:13:35 RAM 4400/7620MB (lfb 26x4MB) SWAP 91/12002MB (cached 0MB) CPU [100%@1728,33%@1728,31%@1728,34%@1728,33%@1728,34%@1728] GR3D_FREQ 0% cpu@56.937C soc2@55.968C soc0@55.312C gpu@57.375C tj@57.375C soc1@56.687C VDD_IN 9556mW/11692mW VDD_CPU_GPU_CV 3227mW/4736mW VDD_SOC 2680mW/2973mW
09-26-2026 21:13:35 RAM 4204/7620MB (lfb 64x4MB) SWAP 91/12002MB (cached 0MB) CPU [88%@1728,8%@1728,8%@1728,8%@1728,8%@1728,8%@1728] GR3D_FREQ 68% cpu@56.687C soc2@55.968C soc0@55.25C gpu@57.812C tj@57.812C soc1@56.625C VDD_IN 10329mW/11688mW VDD_CPU_GPU_CV 3615mW/4732mW VDD_SOC 2873mW/2973mW
09-26-2026 21:13:36 RAM 4397/7620MB (lfb 27x4MB) SWAP 91/12002MB (cached 0MB) CPU [79%@1728,19%@1728,21%@1728,19%@1728,18%@1728,18%@1728] GR3D_FREQ 0% cpu@56.937C soc2@56C soc0@55.437C gpu@57.093C tj@57.093C soc1@56.5C VDD_IN 10683mW/11685mW VDD_CPU_GPU_CV 3890mW/4730mW VDD_SOC 2912mW/2973mW
09-26-2026 21:13:36 RAM 4403/7620MB (lfb 26x4MB) SWAP 91/12002MB (cached 0MB) CPU [82%@1728,28%@1728,50%@1728,32%@1728,40%@1728,35%@1728] GR3D_FREQ 0% cpu@57.375C soc2@55.906C soc0@55.437C gpu@56.875C tj@57.375C soc1@56.531C VDD_IN 9911mW/11680mW VDD_CPU_GPU_CV 3384mW/4726mW VDD_SOC 2720mW/2972mW
09-26-2026 21:13:37 RAM 4342/7620MB (lfb 32x4MB) SWAP 91/12002MB (cached 0MB) CPU [35%@1728,35%@1728,100%@1728,33%@1728,34%@1728,35%@1728] GR3D_FREQ 0% cpu@57.375C soc2@55.843C soc0@55.343C gpu@56.968C tj@57.375C soc1@56.75C VDD_IN 9556mW/11673mW VDD_CPU_GPU_CV 3227mW/4721mW VDD_SOC 2680mW/2971mW
09-26-2026 21:13:37 RAM 4244/7620MB (lfb 57x4MB) SWAP 91/12002MB (cached 0MB) CPU [14%@1728,1%@1728,66%@1728,0%@1728,0%@1728,0%@1728] GR3D_FREQ 62% cpu@56.718C soc2@55.843C soc0@55.25C gpu@58.437C tj@58.437C soc1@56.562C VDD_IN 11768mW/11674mW VDD_CPU_GPU_CV 4660mW/4721mW VDD_SOC 3065mW/2972mW
09-26-2026 21:13:38 RAM 4442/7620MB (lfb 27x4MB) SWAP 91/12002MB (cached 0MB) CPU [32%@1728,32%@1728,97%@1728,31%@1728,32%@1728,31%@1728] GR3D_FREQ 0% cpu@57.406C soc2@55.812C soc0@55.375C gpu@57.218C tj@57.406C soc1@56.593C VDD_IN 10289mW/11669mW VDD_CPU_GPU_CV 3693mW/4718mW VDD_SOC 2794mW/2971mW
09-26-2026 21:13:38 RAM 4442/7620MB (lfb 27x4MB) SWAP 91/12002MB (cached 0MB) CPU [34%@1728,37%@1728,65%@1728,72%@1728,34%@1728,35%@1728] GR3D_FREQ 0% cpu@57.125C soc2@55.718C soc0@55.343C gpu@57.343C tj@57.343C soc1@56.562C VDD_IN 9714mW/11664mW VDD_CPU_GPU_CV 3306mW/4714mW VDD_SOC 2680mW/2970mW
09-26-2026 21:13:39 RAM 4269/7620MB (lfb 57x4MB) SWAP 91/12002MB (cached 0MB) CPU [18%@1728,16%@1728,16%@1728,100%@1728,19%@1728,16%@1728] GR3D_FREQ 0% cpu@56.75C soc2@55.656C soc0@55.312C gpu@57C tj@57C soc1@56.687C VDD_IN 9319mW/11657mW VDD_CPU_GPU_CV 2873mW/4708mW VDD_SOC 2720mW/2969mW
09-26-2026 21:13:39 RAM 4486/7620MB (lfb 27x4MB) SWAP 91/12002MB (cached 0MB) CPU [25%@1728,21%@1728,25%@1728,63%@1728,38%@1728,32%@1728] GR3D_FREQ 0% cpu@57.562C soc2@55.812C soc0@55.312C gpu@57.125C tj@57.562C soc1@56.656C VDD_IN 11414mW/11656mW VDD_CPU_GPU_CV 4433mW/4708mW VDD_SOC 2986mW/2970mW
09-26-2026 21:13:40 RAM 4486/7620MB (lfb 27x4MB) SWAP 91/12002MB (cached 0MB) CPU [41%@1728,41%@1728,46%@1728,42%@1728,45%@1728,97%@1728] GR3D_FREQ 0% cpu@57.031C soc2@55.718C soc0@55.156C gpu@56.875C tj@57.031C soc1@56.625C VDD_IN 10053mW/11651mW VDD_CPU_GPU_CV 3575mW/4704mW VDD_SOC 2759mW/2969mW
09-26-2026 21:13:41 RAM 4492/7620MB (lfb 27x4MB) SWAP 91/12002MB (cached 0MB) CPU [37%@1728,37%@1728,34%@1728,37%@1728,32%@1728,98%@1728] GR3D_FREQ 0% cpu@56.875C soc2@55.687C soc0@55.281C gpu@56.812C tj@56.875C soc1@56.5C VDD_IN 9635mW/11645mW VDD_CPU_GPU_CV 3306mW/4700mW VDD_SOC 2680mW/2968mW
09-26-2026 21:13:41 RAM 4295/7620MB (lfb 65x4MB) SWAP 91/12002MB (cached 0MB) CPU [15%@1728,15%@1728,12%@1728,15%@1728,7%@1728,94%@1728] GR3D_FREQ 67% cpu@56.218C soc2@55.656C soc0@55.312C gpu@57.406C tj@57.406C soc1@56.437C VDD_IN 9832mW/11640mW VDD_CPU_GPU_CV 3261mW/4696mW VDD_SOC 2799mW/2968mW
09-26-2026 21:13:42 RAM 4484/7620MB (lfb 27x4MB) SWAP 91/12002MB (cached 0MB) CPU [17%@1728,17%@1728,17%@1728,15%@1728,16%@1728,75%@1728] GR3D_FREQ 0% cpu@56.687C soc2@55.812C soc0@55.312C gpu@57.437C tj@57.437C soc1@56.625C VDD_IN 10841mW/11638mW VDD_CPU_GPU_CV 4001mW/4694mW VDD_SOC 2912mW/2967mW
09-26-2026 21:13:42 RAM 4489/7620MB (lfb 26x4MB) SWAP 91/12002MB (cached 0MB) CPU [36%@1728,35%@1728,35%@1728,37%@1728,35%@1728,100%@1728] GR3D_FREQ 0% cpu@56.593C soc2@55.687C soc0@55.25C gpu@57.031C tj@57.031C soc1@56.531C VDD_IN 9872mW/11632mW VDD_CPU_GPU_CV 3418mW/4690mW VDD_SOC 2759mW/2967mW
09-26-2026 21:13:43 RAM 4177/7620MB (lfb 60x4MB) SWAP 91/12002MB (cached 0MB) CPU [32%@1728,34%@1728,32%@1728,34%@1728,34%@1728,100%@1728] GR3D_FREQ 0% cpu@56.906C soc2@55.593C soc0@55.125C gpu@57.062C tj@57.062C soc1@56.5C VDD_IN 9556mW/11626mW VDD_CPU_GPU_CV 3227mW/4686mW VDD_SOC 2680mW/2966mW
09-26-2026 21:13:43 RAM 4290/7620MB (lfb 52x4MB) SWAP 91/12002MB (cached 0MB) CPU [0%@1728,0%@1728,1%@1728,0%@1728,0%@1728,75%@1728] GR3D_FREQ 66% cpu@56.25C soc2@55.75C soc0@55.25C gpu@57.875C tj@57.875C soc1@56.468C VDD_IN 11493mW/11626mW VDD_CPU_GPU_CV 4472mW/4685mW VDD_SOC 3025mW/2966mW
09-26-2026 21:13:44 RAM 4487/7620MB (lfb 26x4MB) SWAP 91/12002MB (cached 0MB) CPU [31%@1728,32%@1728,31%@1728,30%@1728,30%@1728,94%@1728] GR3D_FREQ 0% cpu@56.593C soc2@55.687C soc0@55.343C gpu@56.906C tj@56.906C soc1@56.656C VDD_IN 10289mW/11622mW VDD_CPU_GPU_CV 3693mW/4682mW VDD_SOC 2833mW/2966mW
09-26-2026 21:13:44 RAM 4484/7620MB (lfb 27x4MB) SWAP 91/12002MB (cached 0MB) CPU [36%@1728,37%@1728,37%@1728,35%@1728,36%@1728,98%@1728] GR3D_FREQ 0% cpu@56.625C soc2@55.656C soc0@55.062C gpu@56.75C tj@56.75C soc1@56.593C VDD_IN 9674mW/11617mW VDD_CPU_GPU_CV 3306mW/4678mW VDD_SOC 2680mW/2965mW
09-26-2026 21:13:45 RAM 4256/7620MB (lfb 64x4MB) SWAP 91/12002MB (cached 0MB) CPU [20%@1728,18%@1728,18%@1728,18%@1728,18%@1728,100%@1728] GR3D_FREQ 0% cpu@56.656C soc2@55.437C soc0@55C gpu@56.687C tj@56.687C soc1@56.5C VDD_IN 9358mW/11610mW VDD_CPU_GPU_CV 2912mW/4673mW VDD_SOC 2720mW/2964mW
09-26-2026 21:13:45 RAM 4487/7620MB (lfb 26x4MB) SWAP 91/12002MB (cached 0MB) CPU [13%@1728,15%@1728,15%@1728,15%@1728,61%@1728,32%@1728] GR3D_FREQ 0% cpu@56.968C soc2@55.781C soc0@55.187C gpu@56.937C tj@56.968C soc1@56.5C VDD_IN 11178mW/11609mW VDD_CPU_GPU_CV 4276mW/4672mW VDD_SOC 2991mW/2964mW
09-26-2026 21:13:46 RAM 4484/7620MB (lfb 27x4MB) SWAP 91/12002MB (cached 0MB) CPU [36%@1728,37%@1728,36%@1728,36%@1728,98%@1728,36%@1728] GR3D_FREQ 0% cpu@57C soc2@55.593C soc0@55.093C gpu@57.031C tj@57.031C soc1@56.437C VDD_IN 9990mW/11604mW VDD_CPU_GPU_CV 3497mW/4669mW VDD_SOC 2759mW/2964mW
09-26-2026 21:13:46 RAM 4484/7620MB (lfb 27x4MB) SWAP 91/12002MB (cached 0MB) CPU [36%@1728,35%@1728,35%@1728,36%@1728,100%@1728,37%@1728] GR3D_FREQ 0% cpu@56.812C soc2@55.468C soc0@55.093C gpu@56.812C tj@56.812C soc1@56.437C VDD_IN 9556mW/11598mW VDD_CPU_GPU_CV 3266mW/4665mW VDD_SOC 2680mW/2963mW
09-26-2026 21:13:47 RAM 4285/7620MB (lfb 55x4MB) SWAP 91/12002MB (cached 0MB) CPU [2%@1728,2%@1728,2%@1728,2%@1728,86%@1728,2%@1728] GR3D_FREQ 66% cpu@56.5C soc2@55.656C soc0@55.031C gpu@57.812C tj@57.812C soc1@56.5C VDD_IN 11453mW/11598mW VDD_CPU_GPU_CV 4433mW/4664mW VDD_SOC 3025mW/2963mW
09-26-2026 21:13:47 RAM 4486/7620MB (lfb 26x4MB) SWAP 91/12002MB (cached 0MB) CPU [30%@1728,31%@1728,30%@1728,29%@1728,92%@1728,28%@1728] GR3D_FREQ 0% cpu@57.062C soc2@55.5C soc0@55.031C gpu@56.906C tj@57.062C soc1@56.406C VDD_IN 10368mW/11595mW VDD_CPU_GPU_CV 3733mW/4662mW VDD_SOC 2833mW/2963mW
09-26-2026 21:13:48 RAM 4488/7620MB (lfb 26x4MB) SWAP 91/12002MB (cached 0MB) CPU [37%@1728,37%@1728,36%@1728,37%@1728,100%@1728,36%@1728] GR3D_FREQ 0% cpu@57.062C soc2@55.656C soc0@55.281C gpu@56.718C tj@57.062C soc1@56.406C VDD_IN 9714mW/11589mW VDD_CPU_GPU_CV 3345mW/4658mW VDD_SOC 2720mW/2962mW
09-26-2026 21:13:48 RAM 4275/7620MB (lfb 61x4MB) SWAP 91/12002MB (cached 0MB) CPU [20%@1728,20%@1728,21%@1728,21%@1728,100%@1728,21%@1728] GR3D_FREQ 0% cpu@56.625C soc2@55.343C soc0@55.062C gpu@56.937C tj@56.937C soc1@56.343C VDD_IN 9319mW/11583mW VDD_CPU_GPU_CV 2873mW/4653mW VDD_SOC 2720mW/2961mW
09-26-2026 21:13:49 RAM 4482/7620MB (lfb 27x4MB) SWAP 91/12002MB (cached 0MB) CPU [10%@1728,11%@1728,11%@1728,10%@1728,68%@1728,10%@1728] GR3D_FREQ 0% cpu@57C soc2@55.531C soc0@55.031C gpu@56.968C tj@56.968C soc1@56.375C VDD_IN 11156mW/11582mW VDD_CPU_GPU_CV 4197mW/4652mW VDD_SOC 2991mW/2961mW
09-26-2026 21:13:49 RAM 4487/7620MB (lfb 26x4MB) SWAP 91/12002MB (cached 0MB) CPU [37%@1728,36%@1728,37%@1728,38%@1728,100%@1728,37%@1728] GR3D_FREQ 0% cpu@57.218C soc2@55.468C soc0@55C gpu@56.656C tj@57.218C soc1@56.25C VDD_IN 9990mW/11577mW VDD_CPU_GPU_CV 3458mW/4648mW VDD_SOC 2759mW/2961mW
09-26-2026 21:13:50 RAM 4487/7620MB (lfb 26x4MB) SWAP 91/12002MB (cached 0MB) CPU [34%@1728,32%@1728,34%@1728,33%@1728,100%@1728,34%@1728] GR3D_FREQ 0% cpu@56.531C soc2@55.437C soc0@55.031C gpu@56.812C tj@56.812C soc1@56.437C VDD_IN 9556mW/11571mW VDD_CPU_GPU_CV 3227mW/4644mW VDD_SOC 2680mW/2960mW
09-26-2026 21:13:50 RAM 4288/7620MB (lfb 54x4MB) SWAP 91/12002MB (cached 0MB) CPU [7%@1728,7%@1728,8%@1728,6%@1728,86%@1728,7%@1728] GR3D_FREQ 63% cpu@56.218C soc2@55.531C soc0@55.125C gpu@57.875C tj@57.875C soc1@56.312C VDD_IN 11117mW/11570mW VDD_CPU_GPU_CV 4158mW/4643mW VDD_SOC 2991mW/2960mW
09-26-2026 21:13:51 RAM 4486/7620MB (lfb 26x4MB) SWAP 91/12002MB (cached 0MB) CPU [24%@1728,24%@1728,22%@1728,24%@1728,42%@1728,72%@1728] GR3D_FREQ 0% cpu@56.406C soc2@55.437C soc0@55.031C gpu@56.781C tj@56.781C soc1@56.25C VDD_IN 10447mW/11567mW VDD_CPU_GPU_CV 3811mW/4641mW VDD_SOC 2833mW/2960mW
09-26-2026 21:13:51 RAM 4487/7620MB (lfb 26x4MB) SWAP 91/12002MB (cached 0MB) CPU [34%@1728,36%@1728,35%@1728,34%@1728,36%@1728,100%@1728] GR3D_FREQ 0% cpu@56.406C soc2@55.375C soc0@54.968C gpu@56.562C tj@56.562C soc1@56.187C VDD_IN 9753mW/11562mW VDD_CPU_GPU_CV 3345mW/4637mW VDD_SOC 2720mW/2959mW
09-26-2026 21:13:52 RAM 4226/7620MB (lfb 66x4MB) SWAP 91/12002MB (cached 0MB) CPU [26%@1728,27%@1728,26%@1728,29%@1728,26%@1728,100%@1728] GR3D_FREQ 0% cpu@56.343C soc2@55.312C soc0@54.875C gpu@56.468C tj@56.468C soc1@56.312C VDD_IN 9358mW/11556mW VDD_CPU_GPU_CV 2991mW/4632mW VDD_SOC 2680mW/2958mW
09-26-2026 21:13:52 RAM 4481/7620MB (lfb 27x4MB) SWAP 91/12002MB (cached 0MB) CPU [8%@1728,9%@1728,8%@1728,8%@1728,6%@1728,78%@1728] GR3D_FREQ 0% cpu@56.562C soc2@55.375C soc0@54.875C gpu@56.812C tj@56.812C soc1@56.25C VDD_IN 11375mW/11555mW VDD_CPU_GPU_CV 4393mW/4632mW VDD_SOC 3025mW/2959mW
09-26-2026 21:13:53 RAM 4487/7620MB (lfb 26x4MB) SWAP 91/12002MB (cached 0MB) CPU [35%@1728,36%@1728,36%@1728,35%@1728,35%@1728,98%@1728] GR3D_FREQ 0% cpu@56.968C soc2@55.312C soc0@54.937C gpu@56.531C tj@56.968C soc1@56.25C VDD_IN 10013mW/11551mW VDD_CPU_GPU_CV 3536mW/4629mW VDD_SOC 2799mW/2958mW
09-26-2026 21:13:53 RAM 4487/7620MB (lfb 26x4MB) SWAP 91/12002MB (cached 0MB) CPU [32%@1728,37%@1728,38%@1728,36%@1728,45%@1728,100%@1728] GR3D_FREQ 0% cpu@56.437C soc2@55.406C soc0@55.031C gpu@56.718C tj@56.562C soc1@56.187C VDD_IN 9595mW/11546mW VDD_CPU_GPU_CV 3306mW/4625mW VDD_SOC 2680mW/2957mW
09-26-2026 21:13:54 RAM 4276/7620MB (lfb 50x4MB) SWAP 91/12002MB (cached 0MB) CPU [11%@1728,8%@1728,7%@1728,9%@1728,9%@1728,100%@1728] GR3D_FREQ 0% cpu@56.031C soc2@55.218C soc0@54.937C gpu@56.406C tj@56.406C soc1@56.343C VDD_IN 9161mW/11539mW VDD_CPU_GPU_CV 2755mW/4620mW VDD_SOC 2685mW/2957mW
09-26-2026 21:13:54 RAM 4321/7620MB (lfb 39x4MB) SWAP 91/12002MB (cached 0MB) CPU [0%@1728,0%@1728,0%@1728,0%@1728,0%@1728,56%@1728] GR3D_FREQ 67% cpu@55.968C soc2@55.375C soc0@54.843C gpu@57.875C tj@57.875C soc1@56.25C VDD_IN 12299mW/11541mW VDD_CPU_GPU_CV 5013mW/4621mW VDD_SOC 3182mW/2957mW
09-26-2026 21:13:55 RAM 4441/7620MB (lfb 26x4MB) SWAP 91/12002MB (cached 0MB) CPU [30%@1728,30%@1728,30%@1728,30%@1728,28%@1728,96%@1728] GR3D_FREQ 0% cpu@56.781C soc2@55.406C soc0@54.781C gpu@56.656C tj@56.781C soc1@56.25C VDD_IN 10565mW/11539mW VDD_CPU_GPU_CV 3890mW/4619mW VDD_SOC 2873mW/2957mW
09-26-2026 21:13:55 RAM 4447/7620MB (lfb 27x4MB) SWAP 91/12002MB (cached 0MB) CPU [36%@1728,37%@1728,37%@1728,36%@1728,37%@1728,100%@1728] GR3D_FREQ 0% cpu@56.468C soc2@55.343C soc0@55C gpu@56.437C tj@56.468C soc1@56.125C VDD_IN 9832mW/11534mW VDD_CPU_GPU_CV 3384mW/4616mW VDD_SOC 2720mW/2956mW
09-26-2026 21:13:56 RAM 4185/7620MB (lfb 66x4MB) SWAP 91/12002MB (cached 0MB) CPU [19%@1728,20%@1728,18%@1728,18%@1728,18%@1728,100%@1728] GR3D_FREQ 0% cpu@56.093C soc2@55.312C soc0@54.937C gpu@56.5C tj@56.5C soc1@56.093C VDD_IN 9319mW/11528mW VDD_CPU_GPU_CV 2952mW/4611mW VDD_SOC 2680mW/2956mW
09-26-2026 21:13:56 RAM 4321/7620MB (lfb 39x4MB) SWAP 91/12002MB (cached 0MB) CPU [0%@1728,0%@1728,0%@1728,0%@1728,0%@1728,78%@1728] GR3D_FREQ 63% cpu@56C soc2@55.343C soc0@54.843C gpu@57.531C tj@57.531C soc1@56.25C VDD_IN 11926mW/11529mW VDD_CPU_GPU_CV 4739mW/4612mW VDD_SOC 3104mW/2956mW
09-26-2026 21:13:57 RAM 4481/7620MB (lfb 27x4MB) SWAP 91/12002MB (cached 0MB) CPU [24%@1728,22%@1728,22%@1728,22%@1728,22%@1728,88%@1728] GR3D_FREQ 0% cpu@56.718C soc2@55.343C soc0@54.875C gpu@56.562C tj@56.718C soc1@56.187C VDD_IN 11038mW/11528mW VDD_CPU_GPU_CV 4119mW/4610mW VDD_SOC 2952mW/2956mW
09-26-2026 21:13:57 RAM 4483/7620MB (lfb 26x4MB) SWAP 91/12002MB (cached 0MB) CPU [36%@1728,38%@1728,38%@1728,37%@1728,37%@1728,98%@1728] GR3D_FREQ 0% cpu@56.593C soc2@55.312C soc0@54.843C gpu@56.812C tj@56.812C soc1@56.062C VDD_IN 9950mW/11524mW VDD_CPU_GPU_CV 3458mW/4607mW VDD_SOC 2759mW/2955mW
09-26-2026 21:13:58 RAM 4083/7620MB (lfb 69x4MB) SWAP 91/12002MB (cached 0MB) CPU [27%@1728,26%@1728,24%@1728,27%@1728,27%@1728,100%@1728] GR3D_FREQ 0% cpu@55.968C soc2@55.281C soc0@54.906C gpu@56.343C tj@56.343C soc1@56.125C VDD_IN 9398mW/11518mW VDD_CPU_GPU_CV 3070mW/4603mW VDD_SOC 2680mW/2955mW
09-26-2026 21:13:58 RAM 4267/7620MB (lfb 44x4MB) SWAP 91/12002MB (cached 0MB) CPU [0%@1728,1%@1728,0%@1728,0%@1728,0%@1728,88%@1728] GR3D_FREQ 66% cpu@56.031C soc2@55.312C soc0@54.781C gpu@57.593C tj@57.593C soc1@56.062C VDD_IN 10959mW/11517mW VDD_CPU_GPU_CV 4040mW/4602mW VDD_SOC 2991mW/2955mW
09-26-2026 21:13:59 RAM 4423/7620MB (lfb 26x4MB) SWAP 91/12002MB (cached 0MB) CPU [16%@1728,17%@1728,17%@1728,16%@1728,16%@1728,78%@1728] GR3D_FREQ 0% cpu@56.343C soc2@55.5C soc0@54.781C gpu@56.687C tj@56.687C soc1@56.218C VDD_IN 11493mW/11516mW VDD_CPU_GPU_CV 4433mW/4601mW VDD_SOC 3025mW/2955mW
09-26-2026 21:13:59 RAM 4420/7620MB (lfb 27x4MB) SWAP 91/12002MB (cached 0MB) CPU [38%@1728,36%@1728,39%@1728,37%@1728,37%@1728,100%@1728] GR3D_FREQ 0% cpu@56.531C soc2@55.312C soc0@54.687C gpu@56.437C tj@56.531C soc1@56.093C VDD_IN 10092mW/11513mW VDD_CPU_GPU_CV 3575mW/4598mW VDD_SOC 2759mW/2955mW
09-26-2026 21:14:00 RAM 4420/7620MB (lfb 27x4MB) SWAP 91/12002MB (cached 0MB) CPU [32%@1728,37%@1728,39%@1728,39%@1728,41%@1728,100%@1728] GR3D_FREQ 0% cpu@56.375C soc2@55.406C soc0@55.031C gpu@56.468C tj@56.468C soc1@56.062C VDD_IN 9635mW/11508mW VDD_CPU_GPU_CV 3306mW/4595mW VDD_SOC 2680mW/2954mW
09-26-2026 21:14:00 RAM 4310/7620MB (lfb 41x4MB) SWAP 91/12002MB (cached 0MB) CPU [14%@1728,17%@1728,9%@1728,11%@1728,11%@1728,98%@1728] GR3D_FREQ 40% cpu@56.312C soc2@55.312C soc0@54.812C gpu@56.718C tj@56.718C soc1@56.093C VDD_IN 9872mW/11503mW VDD_CPU_GPU_CV 3222mW/4591mW VDD_SOC 2799mW/2953mW
09-26-2026 21:14:01 RAM 4475/7620MB (lfb 27x4MB) SWAP 91/12002MB (cached 0MB) CPU [20%@1728,10%@1728,10%@1728,10%@1728,14%@1728,64%@1728] GR3D_FREQ 0% cpu@56.281C soc2@55.468C soc0@54.843C gpu@57.312C tj@57.312C soc1@56.218C VDD_IN 12535mW/11506mW VDD_CPU_GPU_CV 5131mW/4593mW VDD_SOC 3177mW/2954mW
09-26-2026 21:14:01 RAM 4475/7620MB (lfb 27x4MB) SWAP 91/12002MB (cached 0MB) CPU [39%@1728,37%@1728,38%@1728,37%@1728,37%@1728,100%@1728] GR3D_FREQ 0% cpu@56.5C soc2@55.25C soc0@54.843C gpu@56.781C tj@56.781C soc1@56.25C VDD_IN 10329mW/11503mW VDD_CPU_GPU_CV 3772mW/4591mW VDD_SOC 2794mW/2954mW
09-26-2026 21:14:02 RAM 4468/7620MB (lfb 27x4MB) SWAP 91/12002MB (cached 0MB) CPU [36%@1728,38%@1728,37%@1728,37%@1728,38%@1728,100%@1728] GR3D_FREQ 0% cpu@56.531C soc2@55.25C soc0@54.687C gpu@56.781C tj@56.781C soc1@56.093C VDD_IN 9714mW/11498mW VDD_CPU_GPU_CV 3345mW/4587mW VDD_SOC 2680mW/2953mW
09-26-2026 21:14:02 RAM 4300/7620MB (lfb 52x4MB) SWAP 91/12002MB (cached 0MB) CPU [8%@1728,8%@1728,8%@1728,8%@1728,8%@1728,100%@1728] GR3D_FREQ 0% cpu@56.031C soc2@55.125C soc0@54.875C gpu@56.531C tj@56.531C soc1@56.156C VDD_IN 9200mW/11492mW VDD_CPU_GPU_CV 2794mW/4583mW VDD_SOC 2720mW/2952mW
09-26-2026 21:14:03 RAM 4446/7620MB (lfb 27x4MB) SWAP 91/12002MB (cached 0MB) CPU [0%@1728,0%@1728,0%@1728,0%@1728,0%@1728,68%@1728] GR3D_FREQ 49% cpu@55.906C soc2@55.343C soc0@54.843C gpu@57.25C tj@57.25C soc1@56.25C VDD_IN 12535mW/11495mW VDD_CPU_GPU_CV 5161mW/4584mW VDD_SOC 3217mW/2953mW
09-26-2026 21:14:03 RAM 4499/7620MB (lfb 27x4MB) SWAP 91/12002MB (cached 0MB) CPU [37%@1728,36%@1728,35%@1728,35%@1728,35%@1728,98%@1728] GR3D_FREQ 0% cpu@56.687C soc2@55.343C soc0@54.781C gpu@56.437C tj@56.687C soc1@56.281C VDD_IN 10526mW/11493mW VDD_CPU_GPU_CV 3851mW/4582mW VDD_SOC 2833mW/2953mW
09-26-2026 21:14:04 RAM 4497/7620MB (lfb 26x4MB) SWAP 91/12002MB (cached 0MB) CPU [38%@1728,36%@1728,36%@1728,37%@1728,37%@1728,100%@1728] GR3D_FREQ 0% cpu@56.562C soc2@55.25C soc0@54.687C gpu@56.75C tj@56.75C soc1@56.156C VDD_IN 9793mW/11488mW VDD_CPU_GPU_CV 3384mW/4579mW VDD_SOC 2720mW/2952mW
09-26-2026 21:14:04 RAM 4259/7620MB (lfb 71x4MB) SWAP 91/12002MB (cached 0MB) CPU [17%@1728,17%@1728,19%@1728,20%@1728,17%@1728,100%@1728] GR3D_FREQ 0% cpu@56.031C soc2@55.187C soc0@54.906C gpu@56.25C tj@56.25C soc1@56.125C VDD_IN 9279mW/11482mW VDD_CPU_GPU_CV 2873mW/4575mW VDD_SOC 2680mW/2951mW
09-26-2026 21:14:05 RAM 4375/7620MB (lfb 45x4MB) SWAP 91/12002MB (cached 0MB) CPU [0%@1728,0%@1728,0%@1728,0%@1728,0%@1728,74%@1728] GR3D_FREQ 63% cpu@55.937C soc2@55.281C soc0@54.781C gpu@57.968C tj@57.968C soc1@56C VDD_IN 12240mW/11484mW VDD_CPU_GPU_CV 4935mW/4576mW VDD_SOC 3143mW/2952mW
09-26-2026 21:14:05 RAM 4511/7620MB (lfb 27x4MB) SWAP 91/12002MB (cached 0MB) CPU [27%@1728,28%@1728,28%@1728,28%@1728,30%@1728,92%@1728] GR3D_FREQ 0% cpu@56.687C soc2@55.312C soc0@54.718C gpu@56.687C tj@56.687C soc1@56.156C VDD_IN 10881mW/11483mW VDD_CPU_GPU_CV 4040mW/4574mW VDD_SOC 2912mW/2952mW
09-26-2026 21:14:06 RAM 4507/7620MB (lfb 26x4MB) SWAP 91/12002MB (cached 0MB) CPU [40%@1728,40%@1728,40%@1728,37%@1728,36%@1728,98%@1728] GR3D_FREQ 0% cpu@56.406C soc2@55.312C soc0@54.843C gpu@56.406C tj@56.406C soc1@56.125C VDD_IN 9911mW/11479mW VDD_CPU_GPU_CV 3458mW/4572mW VDD_SOC 2720mW/2951mW
09-26-2026 21:14:06 RAM 4174/7620MB (lfb 71x4MB) SWAP 91/12002MB (cached 0MB) CPU [22%@1728,24%@1728,20%@1728,22%@1728,22%@1728,100%@1728] GR3D_FREQ 0% cpu@56.093C soc2@55.125C soc0@54.875C gpu@56.343C tj@56.343C soc1@56.125C VDD_IN 9358mW/11473mW VDD_CPU_GPU_CV 3030mW/4568mW VDD_SOC 2680mW/2950mW
09-26-2026 21:14:07 RAM 4352/7620MB (lfb 44x4MB) SWAP 91/12002MB (cached 0MB) CPU [0%@1728,0%@1728,0%@1728,0%@1728,0%@1728,86%@1728] GR3D_FREQ 63% cpu@55.937C soc2@55.312C soc0@54.843C gpu@57.375C tj@57.375C soc1@56.031C VDD_IN 11335mW/11473mW VDD_CPU_GPU_CV 4315mW/4567mW VDD_SOC 3030mW/2951mW
09-26-2026 21:14:07 RAM 4506/7620MB (lfb 26x4MB) SWAP 91/12002MB (cached 0MB) CPU [18%@1728,16%@1728,16%@1728,18%@1728,18%@1728,80%@1728] GR3D_FREQ 0% cpu@56.218C soc2@55.312C soc0@54.812C gpu@56.5C tj@56.5C soc1@56.218C VDD_IN 11256mW/11472mW VDD_CPU_GPU_CV 4354mW/4566mW VDD_SOC 2991mW/2951mW
09-26-2026 21:14:08 RAM 4507/7620MB (lfb 26x4MB) SWAP 91/12002MB (cached 0MB) CPU [38%@1728,38%@1728,38%@1728,38%@1728,38%@1728,100%@1728] GR3D_FREQ 0% cpu@56.281C soc2@55.218C soc0@54.75C gpu@56.75C tj@56.75C soc1@56.125C VDD_IN 10013mW/11469mW VDD_CPU_GPU_CV 3536mW/4564mW VDD_SOC 2759mW/2950mW
09-26-2026 21:14:08 RAM 4199/7620MB (lfb 70x4MB) SWAP 91/12002MB (cached 0MB) CPU [31%@1728,30%@1728,28%@1728,30%@1728,30%@1728,100%@1728] GR3D_FREQ 0% cpu@56.218C soc2@55.125C soc0@54.656C gpu@56.406C tj@56.406C soc1@56.156C VDD_IN 9516mW/11464mW VDD_CPU_GPU_CV 3148mW/4560mW VDD_SOC 2680mW/2950mW
09-26-2026 21:14:09 RAM 4384/7620MB (lfb 44x4MB) SWAP 91/12002MB (cached 0MB) CPU [0%@1728,0%@1728,0%@1728,0%@1728,0%@1728,92%@1728] GR3D_FREQ 64% cpu@55.812C soc2@55.156C soc0@54.843C gpu@57.156C tj@57.156C soc1@56.093C VDD_IN 10565mW/11462mW VDD_CPU_GPU_CV 3733mW/4558mW VDD_SOC 2912mW/2949mW
09-26-2026 21:14:09 RAM 4508/7620MB (lfb 26x4MB) SWAP 91/12002MB (cached 0MB) CPU [17%@1728,15%@1728,17%@1728,17%@1728,18%@1728,75%@1728] GR3D_FREQ 0% cpu@56.25C soc2@55.343C soc0@54.875C gpu@57.031C tj@57.031C soc1@56.093C VDD_IN 11611mW/11462mW VDD_CPU_GPU_CV 4543mW/4558mW VDD_SOC 3065mW/2950mW
09-26-2026 21:14:10 RAM 4509/7620MB (lfb 26x4MB) SWAP 91/12002MB (cached 0MB) CPU [38%@1728,38%@1728,37%@1728,36%@1728,37%@1728,100%@1728] GR3D_FREQ 0% cpu@56.562C soc2@55.218C soc0@54.75C gpu@56.562C tj@56.562C soc1@56.312C VDD_IN 10171mW/11459mW VDD_CPU_GPU_CV 3615mW/4556mW VDD_SOC 2799mW/2949mW
09-26-2026 21:14:10 RAM 4509/7620MB (lfb 26x4MB) SWAP 91/12002MB (cached 0MB) CPU [34%@1728,34%@1728,34%@1728,36%@1728,35%@1728,100%@1728] GR3D_FREQ 0% cpu@56.437C soc2@55.125C soc0@54.687C gpu@56.593C tj@56.593C soc1@56.125C VDD_IN 9674mW/11454mW VDD_CPU_GPU_CV 3306mW/4553mW VDD_SOC 2680mW/2949mW
09-26-2026 21:14:11 RAM 4382/7620MB (lfb 44x4MB) SWAP 91/12002MB (cached 0MB) CPU [1%@1728,0%@1728,0%@1728,0%@1728,1%@1728,98%@1728] GR3D_FREQ 0% cpu@55.968C soc2@54.937C soc0@54.812C gpu@56.718C tj@56.718C soc1@56.062C VDD_IN 9319mW/11449mW VDD_CPU_GPU_CV 2833mW/4548mW VDD_SOC 2720mW/2948mW
09-26-2026 21:14:11 RAM 4549/7620MB (lfb 26x4MB) SWAP 91/12002MB (cached 0MB) CPU [9%@1728,8%@1728,8%@1728,7%@1728,60%@1728,14%@1728] GR3D_FREQ 0% cpu@56.531C soc2@55.343C soc0@54.812C gpu@56.843C tj@56.843C soc1@56.031C VDD_IN 12280mW/11451mW VDD_CPU_GPU_CV 4896mW/4549mW VDD_SOC 3182mW/2949mW
09-26-2026 21:14:12 RAM 4549/7620MB (lfb 26x4MB) SWAP 91/12002MB (cached 0MB) CPU [34%@1728,35%@1728,35%@1728,35%@1728,100%@1728,35%@1728] GR3D_FREQ 0% cpu@56.593C soc2@55.312C soc0@54.75C gpu@56.375C tj@56.593C soc1@55.937C VDD_IN 10250mW/11448mW VDD_CPU_GPU_CV 3693mW/4547mW VDD_SOC 2794mW/2948mW
09-26-2026 21:14:12 RAM 4542/7620MB (lfb 26x4MB) SWAP 91/12002MB (cached 0MB) CPU [36%@1728,37%@1728,36%@1728,36%@1728,100%@1728,36%@1728] GR3D_FREQ 0% cpu@56.843C soc2@55.156C soc0@54.656C gpu@56.312C tj@56.593C soc1@56.156C VDD_IN 9714mW/11444mW VDD_CPU_GPU_CV 3345mW/4544mW VDD_SOC 2680mW/2948mW
09-26-2026 21:14:13 RAM 4373/7620MB (lfb 51x4MB) SWAP 91/12002MB (cached 0MB) CPU [9%@1728,8%@1728,9%@1728,8%@1728,100%@1728,9%@1728] GR3D_FREQ 0% cpu@56.593C soc2@55.031C soc0@54.625C gpu@56.156C tj@56.593C soc1@56.093C VDD_IN 9200mW/11438mW VDD_CPU_GPU_CV 2755mW/4540mW VDD_SOC 2720mW/2947mW
09-26-2026 21:14:13 RAM 4479/7620MB (lfb 27x4MB) SWAP 91/12002MB (cached 0MB) CPU [2%@1728,1%@1728,0%@1728,0%@1728,66%@1728,0%@1728] GR3D_FREQ 55% cpu@55.843C soc2@55.281C soc0@54.937C gpu@57.843C tj@57.843C soc1@56.093C VDD_IN 12889mW/11442mW VDD_CPU_GPU_CV 5357mW/4542mW VDD_SOC 3256mW/2948mW
09-26-2026 21:14:14 RAM 4547/7620MB (lfb 27x4MB) SWAP 91/12002MB (cached 0MB) CPU [35%@1728,37%@1728,36%@1728,35%@1728,100%@1728,34%@1728] GR3D_FREQ 0% cpu@56.593C soc2@55.187C soc0@54.687C gpu@56.531C tj@56.593C soc1@56.031C VDD_IN 10486mW/11439mW VDD_CPU_GPU_CV 3811mW/4540mW VDD_SOC 2833mW/2948mW
09-26-2026 21:14:14 RAM 4544/7620MB (lfb 26x4MB) SWAP 91/12002MB (cached 0MB) CPU [35%@1728,34%@1728,34%@1728,36%@1728,100%@1728,34%@1728] GR3D_FREQ 0% cpu@56.468C soc2@55.25C soc0@54.843C gpu@56.656C tj@56.656C soc1@56.25C VDD_IN 9793mW/11435mW VDD_CPU_GPU_CV 3384mW/4537mW VDD_SOC 2720mW/2947mW
09-26-2026 21:14:15 RAM 4279/7620MB (lfb 68x4MB) SWAP 91/12002MB (cached 0MB) CPU [15%@1728,14%@1728,15%@1728,16%@1728,100%@1728,18%@1728] GR3D_FREQ 0% cpu@56.593C soc2@55C soc0@54.593C gpu@56.406C tj@56.593C soc1@56.062C VDD_IN 9279mW/11430mW VDD_CPU_GPU_CV 2873mW/4533mW VDD_SOC 2680mW/2946mW
09-26-2026 21:14:15 RAM 4380/7620MB (lfb 43x4MB) SWAP 91/12002MB (cached 0MB) CPU [0%@1728,1%@1728,0%@1728,0%@1728,46%@1728,28%@1728] GR3D_FREQ 65% cpu@56.062C soc2@55.312C soc0@54.656C gpu@57.531C tj@57.531C soc1@56.031C VDD_IN 12417mW/11432mW VDD_CPU_GPU_CV 5091mW/4534mW VDD_SOC 3177mW/2947mW
09-26-2026 21:14:16 RAM 4547/7620MB (lfb 27x4MB) SWAP 91/12002MB (cached 0MB) CPU [29%@1728,28%@1728,30%@1728,26%@1728,28%@1728,93%@1728] GR3D_FREQ 0% cpu@56.125C soc2@55.25C soc0@54.781C gpu@56.437C tj@56.437C soc1@56C VDD_IN 10723mW/11431mW VDD_CPU_GPU_CV 4001mW/4533mW VDD_SOC 2873mW/2947mW
09-26-2026 21:14:16 RAM 4542/7620MB (lfb 26x4MB) SWAP 91/12002MB (cached 0MB) CPU [40%@1728,28%@1728,40%@1728,32%@1728,50%@1728,98%@1728] GR3D_FREQ 0% cpu@56.281C soc2@55.218C soc0@54.718C gpu@56.375C tj@56.375C soc1@56.187C VDD_IN 9872mW/11427mW VDD_CPU_GPU_CV 3458mW/4530mW VDD_SOC 2720mW/2946mW
09-26-2026 21:14:17 RAM 4239/7620MB (lfb 68x4MB) SWAP 91/12002MB (cached 0MB) CPU [22%@1728,22%@1728,24%@1728,24%@1728,24%@1728,100%@1728] GR3D_FREQ 0% cpu@56.031C soc2@55.093C soc0@54.781C gpu@56.156C tj@56.187C soc1@56.187C VDD_IN 9358mW/11422mW VDD_CPU_GPU_CV 3070mW/4527mW VDD_SOC 2680mW/2946mW
09-26-2026 21:14:17 RAM 4419/7620MB (lfb 41x4MB) SWAP 91/12002MB (cached 0MB) CPU [0%@1728,0%@1728,0%@1728,0%@1728,0%@1728,82%@1728] GR3D_FREQ 67% cpu@55.968C soc2@55.031C soc0@54.656C gpu@57.437C tj@57.437C soc1@56C VDD_IN 10841mW/11420mW VDD_CPU_GPU_CV 3962mW/4525mW VDD_SOC 2952mW/2946mW
09-26-2026 21:14:18 RAM 4583/7620MB (lfb 26x4MB) SWAP 91/12002MB (cached 0MB) CPU [14%@1728,12%@1728,12%@1728,12%@1728,12%@1728,68%@1728] GR3D_FREQ 0% cpu@56.343C soc2@55.343C soc0@54.906C gpu@56.656C tj@56.656C soc1@56C VDD_IN 11493mW/11421mW VDD_CPU_GPU_CV 4472mW/4525mW VDD_SOC 3025mW/2946mW
09-26-2026 21:14:19 RAM 4583/7620MB (lfb 26x4MB) SWAP 91/12002MB (cached 0MB) CPU [35%@1728,36%@1728,33%@1728,34%@1728,34%@1728,100%@1728] GR3D_FREQ 0% cpu@56.093C soc2@55.25C soc0@54.843C gpu@56.218C tj@56.218C soc1@55.968C VDD_IN 10053mW/11417mW VDD_CPU_GPU_CV 3536mW/4523mW VDD_SOC 2759mW/2945mW
09-26-2026 21:14:19 RAM 4583/7620MB (lfb 26x4MB) SWAP 91/12002MB (cached 0MB) CPU [36%@1728,35%@1728,39%@1728,35%@1728,37%@1728,100%@1728] GR3D_FREQ 0% cpu@56.468C soc2@55.125C soc0@54.593C gpu@56.625C tj@56.625C soc1@56.093C VDD_IN 9635mW/11413mW VDD_CPU_GPU_CV 3306mW/4520mW VDD_SOC 2680mW/2945mW
09-26-2026 21:14:20 RAM 3830/7620MB (lfb 102x4MB) SWAP 91/12002MB (cached 0MB) CPU [0%@1728,1%@1728,0%@1728,16%@1728,0%@1728,100%@1728] GR3D_FREQ 0% cpu@55.812C soc2@54.875C soc0@54.625C gpu@56.062C tj@56.062C soc1@56.031C VDD_IN 8963mW/11407mW VDD_CPU_GPU_CV 2483mW/4515mW VDD_SOC 2724mW/2944mW
