09-26-2026 21:15:52 RAM 3038/7620MB (lfb 102x4MB) SWAP 91/12002MB (cached 0MB) CPU [30%@1728,29%@1728,34%@1728,25%@1728,28%@1728,100%@1728] GR3D_FREQ 0% cpu@53C soc2@52.25C soc0@51.781C gpu@53.125C tj@53.25C soc1@53.187C VDD_IN 8899mW/8899mW VDD_CPU_GPU_CV 2799mW/2799mW VDD_SOC 2606mW/2606mW
09-26-2026 21:15:52 RAM 3094/7620MB (lfb 102x4MB) SWAP 91/12002MB (cached 0MB) CPU [0%@1728,1%@1728,0%@1728,1%@1728,0%@1728,100%@1728] GR3D_FREQ 0% cpu@52.937C soc2@52.187C soc0@51.843C gpu@53.437C tj@53.437C soc1@53.218C VDD_IN 8622mW/8761mW VDD_CPU_GPU_CV 2483mW/2641mW VDD_SOC 2606mW/2606mW
09-26-2026 21:15:53 RAM 3118/7620MB (lfb 102x4MB) SWAP 91/12002MB (cached 0MB) CPU [0%@1728,1%@1728,0%@1728,0%@1728,0%@1728,100%@1728] GR3D_FREQ 0% cpu@53.281C soc2@52.125C soc0@51.875C gpu@53.312C tj@53.125C soc1@53.125C VDD_IN 8503mW/8675mW VDD_CPU_GPU_CV 2404mW/2562mW VDD_SOC 2606mW/2606mW
09-26-2026 21:15:53 RAM 3132/7620MB (lfb 102x4MB) SWAP 91/12002MB (cached 0MB) CPU [0%@1728,0%@1728,0%@1728,0%@1728,0%@1728,100%@1728] GR3D_FREQ 0% cpu@53.125C soc2@52C soc0@51.687C gpu@53.375C tj@53.375C soc1@53.25C VDD_IN 8464mW/8622mW VDD_CPU_GPU_CV 2365mW/2513mW VDD_SOC 2606mW/2606mW
09-26-2026 21:15:54 RAM 3216/7620MB (lfb 102x4MB) SWAP 91/12002MB (cached 0MB) CPU [12%@1728,13%@1728,13%@1728,14%@1728,13%@1728,100%@1728] GR3D_FREQ 0% cpu@53.093C soc2@52.125C soc0@52.093C gpu@53.281C tj@53.281C soc1@53.25C VDD_IN 8464mW/8590mW VDD_CPU_GPU_CV 2365mW/2483mW VDD_SOC 2606mW/2606mW
09-26-2026 21:15:54 RAM 3312/7620MB (lfb 102x4MB) SWAP 91/12002MB (cached 0MB) CPU [1%@1728,0%@1728,0%@1728,0%@1728,0%@1728,100%@1728] GR3D_FREQ 0% cpu@52.906C soc2@52.125C soc0@51.843C gpu@53.156C tj@53.187C soc1@53.187C VDD_IN 8305mW/8543mW VDD_CPU_GPU_CV 2247mW/2444mW VDD_SOC 2606mW/2606mW
09-26-2026 21:15:55 RAM 3423/7620MB (lfb 93x4MB) SWAP 91/12002MB (cached 0MB) CPU [0%@1728,0%@1728,0%@1728,0%@1728,0%@1728,100%@1728] GR3D_FREQ 0% cpu@52.906C soc2@52.062C soc0@52.093C gpu@53.125C tj@53.375C soc1@53.375C VDD_IN 8385mW/8520mW VDD_CPU_GPU_CV 2286mW/2421mW VDD_SOC 2606mW/2606mW
09-26-2026 21:15:55 RAM 3434/7620MB (lfb 91x4MB) SWAP 91/12002MB (cached 0MB) CPU [0%@1728,0%@1728,0%@1728,0%@1728,0%@1728,100%@1728] GR3D_FREQ 0% cpu@53.281C soc2@52.093C soc0@51.875C gpu@53.437C tj@53.437C soc1@53.312C VDD_IN 8859mW/8563mW VDD_CPU_GPU_CV 2326mW/2409mW VDD_SOC 2764mW/2626mW
09-26-2026 21:15:56 RAM 3640/7620MB (lfb 50x4MB) SWAP 91/12002MB (cached 0MB) CPU [30%@1728,18%@1728,21%@1728,20%@1728,8%@1728,96%@1728] GR3D_FREQ 0% cpu@53.187C soc2@52.187C soc0@51.906C gpu@53.312C tj@53.312C soc1@53.312C VDD_IN 9279mW/8642mW VDD_CPU_GPU_CV 2794mW/2452mW VDD_SOC 2764mW/2641mW
09-26-2026 21:15:56 RAM 3838/7620MB (lfb 31x4MB) SWAP 91/12002MB (cached 0MB) CPU [0%@1728,0%@1728,0%@1728,2%@1728,0%@1728,51%@1728] GR3D_FREQ 88% cpu@53.406C soc2@52.812C soc0@52.125C gpu@55.843C tj@56.156C soc1@53.281C VDD_IN 15680mW/9346mW VDD_CPU_GPU_CV 7393mW/2946mW VDD_SOC 3753mW/2752mW
09-26-2026 21:15:57 RAM 4016/7620MB (lfb 27x4MB) SWAP 91/12002MB (cached 0MB) CPU [10%@1728,17%@1728,16%@1728,11%@1728,17%@1728,62%@1728] GR3D_FREQ 0% cpu@53.75C soc2@52.906C soc0@52.375C gpu@54.406C tj@54.406C soc1@53.281C VDD_IN 14492mW/9814mW VDD_CPU_GPU_CV 6586mW/3277mW VDD_SOC 3485mW/2819mW
09-26-2026 21:15:57 RAM 4016/7620MB (lfb 27x4MB) SWAP 91/12002MB (cached 0MB) CPU [28%@1728,29%@1728,28%@1728,26%@1728,30%@1728,100%@1728] GR3D_FREQ 0% cpu@53.562C soc2@52.718C soc0@52.281C gpu@53.812C tj@53.812C soc1@53.562C VDD_IN 10762mW/9893mW VDD_CPU_GPU_CV 4047mW/3341mW VDD_SOC 2873mW/2823mW
09-26-2026 21:15:58 RAM 4018/7620MB (lfb 27x4MB) SWAP 91/12002MB (cached 0MB) CPU [28%@1728,26%@1728,26%@1728,26%@1728,28%@1728,100%@1728] GR3D_FREQ 0% cpu@53.906C soc2@52.656C soc0@52.062C gpu@53.531C tj@53.906C soc1@53.593C VDD_IN 9674mW/9876mW VDD_CPU_GPU_CV 3306mW/3339mW VDD_SOC 2720mW/2815mW
09-26-2026 21:15:58 RAM 3798/7620MB (lfb 57x4MB) SWAP 91/12002MB (cached 0MB) CPU [23%@1728,23%@1728,23%@1728,23%@1728,23%@1728,100%@1728] GR3D_FREQ 0% cpu@53.5C soc2@52.562C soc0@52.281C gpu@53.875C tj@53.875C soc1@53.468C VDD_IN 9200mW/9828mW VDD_CPU_GPU_CV 2912mW/3308mW VDD_SOC 2645mW/2803mW
09-26-2026 21:15:59 RAM 4068/7620MB (lfb 27x4MB) SWAP 91/12002MB (cached 0MB) CPU [0%@1728,0%@1728,0%@1728,0%@1728,0%@1728,94%@1728] GR3D_FREQ 62% cpu@53.187C soc2@52.562C soc0@52.25C gpu@54.093C tj@54.093C soc1@53.406C VDD_IN 9516mW/9807mW VDD_CPU_GPU_CV 2991mW/3287mW VDD_SOC 2759mW/2800mW
09-26-2026 21:15:59 RAM 4292/7620MB (lfb 26x4MB) SWAP 91/12002MB (cached 0MB) CPU [2%@1728,5%@1728,3%@1728,3%@1728,2%@1728,70%@1728] GR3D_FREQ 0% cpu@53.593C soc2@52.687C soc0@52.218C gpu@54.406C tj@54.406C soc1@53.656C VDD_IN 11965mW/9942mW VDD_CPU_GPU_CV 4739mW/3378mW VDD_SOC 3143mW/2822mW
09-26-2026 21:16:00 RAM 4292/7620MB (lfb 26x4MB) SWAP 91/12002MB (cached 0MB) CPU [34%@1728,34%@1728,34%@1728,32%@1728,35%@1728,100%@1728] GR3D_FREQ 0% cpu@54.156C soc2@52.781C soc0@52.312C gpu@53.812C tj@54.156C soc1@53.593C VDD_IN 10092mW/9951mW VDD_CPU_GPU_CV 3615mW/3392mW VDD_SOC 2759mW/2818mW
09-26-2026 21:16:00 RAM 4286/7620MB (lfb 27x4MB) SWAP 91/12002MB (cached 0MB) CPU [37%@1728,37%@1728,37%@1728,38%@1728,36%@1728,100%@1728] GR3D_FREQ 0% cpu@54.031C soc2@52.656C soc0@52.125C gpu@53.656C tj@54.031C soc1@53.562C VDD_IN 9595mW/9931mW VDD_CPU_GPU_CV 3266mW/3385mW VDD_SOC 2680mW/2810mW
09-26-2026 21:16:01 RAM 4064/7620MB (lfb 31x4MB) SWAP 91/12002MB (cached 0MB) CPU [13%@1728,12%@1728,16%@1728,12%@1728,12%@1728,100%@1728] GR3D_FREQ 0% cpu@53.625C soc2@52.562C soc0@52.312C gpu@53.75C tj@53.75C soc1@53.562C VDD_IN 9240mW/9895mW VDD_CPU_GPU_CV 2833mW/3356mW VDD_SOC 2685mW/2804mW
09-26-2026 21:16:01 RAM 4145/7620MB (lfb 27x4MB) SWAP 91/12002MB (cached 0MB) CPU [0%@1728,0%@1728,0%@1728,0%@1728,0%@1728,62%@1728] GR3D_FREQ 68% cpu@53.343C soc2@52.812C soc0@52.156C gpu@54.812C tj@54.812C soc1@53.468C VDD_IN 12004mW/10000mW VDD_CPU_GPU_CV 4856mW/3431mW VDD_SOC 3104mW/2819mW
09-26-2026 21:16:02 RAM 4310/7620MB (lfb 27x4MB) SWAP 91/12002MB (cached 0MB) CPU [26%@1728,25%@1728,26%@1728,27%@1728,26%@1728,87%@1728] GR3D_FREQ 0% cpu@54.312C soc2@52.718C soc0@52.187C gpu@53.843C tj@54.312C soc1@53.656C VDD_IN 10644mW/10031mW VDD_CPU_GPU_CV 3968mW/3456mW VDD_SOC 2873mW/2821mW
09-26-2026 21:16:02 RAM 4306/7620MB (lfb 27x4MB) SWAP 91/12002MB (cached 0MB) CPU [34%@1728,36%@1728,36%@1728,34%@1728,32%@1728,100%@1728] GR3D_FREQ 0% cpu@54C soc2@52.718C soc0@52.156C gpu@54.062C tj@54.062C soc1@53.593C VDD_IN 9793mW/10020mW VDD_CPU_GPU_CV 3384mW/3453mW VDD_SOC 2720mW/2817mW
09-26-2026 21:16:03 RAM 3974/7620MB (lfb 58x4MB) SWAP 91/12002MB (cached 0MB) CPU [25%@1728,26%@1728,25%@1728,25%@1728,25%@1728,100%@1728] GR3D_FREQ 0% cpu@53.656C soc2@52.812C soc0@52.406C gpu@53.75C tj@53.75C soc1@53.593C VDD_IN 9279mW/9988mW VDD_CPU_GPU_CV 2991mW/3433mW VDD_SOC 2641mW/2809mW
09-26-2026 21:16:03 RAM 4148/7620MB (lfb 27x4MB) SWAP 91/12002MB (cached 0MB) CPU [1%@1728,0%@1728,0%@1728,0%@1728,20%@1728,62%@1728] GR3D_FREQ 67% cpu@53.343C soc2@52.781C soc0@52.343C gpu@54.875C tj@54.875C soc1@53.562C VDD_IN 11038mW/10031mW VDD_CPU_GPU_CV 4119mW/3461mW VDD_SOC 2952mW/2815mW
09-26-2026 21:16:04 RAM 4309/7620MB (lfb 27x4MB) SWAP 91/12002MB (cached 0MB) CPU [14%@1728,15%@1728,12%@1728,14%@1728,70%@1728,13%@1728] GR3D_FREQ 0% cpu@54.187C soc2@52.843C soc0@52.437C gpu@54.156C tj@54.187C soc1@53.812C VDD_IN 11296mW/10082mW VDD_CPU_GPU_CV 4315mW/3496mW VDD_SOC 2991mW/2822mW
09-26-2026 21:16:04 RAM 4302/7620MB (lfb 27x4MB) SWAP 91/12002MB (cached 0MB) CPU [34%@1728,32%@1728,34%@1728,34%@1728,100%@1728,34%@1728] GR3D_FREQ 0% cpu@54.375C soc2@52.843C soc0@52.437C gpu@53.875C tj@54.375C soc1@53.812C VDD_IN 9990mW/10078mW VDD_CPU_GPU_CV 3497mW/3496mW VDD_SOC 2759mW/2820mW
09-26-2026 21:16:05 RAM 4302/7620MB (lfb 27x4MB) SWAP 91/12002MB (cached 0MB) CPU [37%@1728,36%@1728,35%@1728,35%@1728,100%@1728,33%@1728] GR3D_FREQ 0% cpu@54.437C soc2@52.781C soc0@52.281C gpu@53.718C tj@54.437C soc1@53.718C VDD_IN 9556mW/10059mW VDD_CPU_GPU_CV 3266mW/3487mW VDD_SOC 2680mW/2815mW
09-26-2026 21:16:05 RAM 4183/7620MB (lfb 26x4MB) SWAP 91/12002MB (cached 0MB) CPU [0%@1728,0%@1728,1%@1728,0%@1728,96%@1728,1%@1728] GR3D_FREQ 65% cpu@53.625C soc2@52.812C soc0@52.375C gpu@54.312C tj@54.312C soc1@53.656C VDD_IN 9556mW/10041mW VDD_CPU_GPU_CV 2991mW/3469mW VDD_SOC 2759mW/2813mW
09-26-2026 21:16:06 RAM 4349/7620MB (lfb 26x4MB) SWAP 91/12002MB (cached 0MB) CPU [7%@1728,5%@1728,2%@1728,3%@1728,36%@1728,22%@1728] GR3D_FREQ 0% cpu@53.875C soc2@52.906C soc0@52.593C gpu@54.906C tj@54.906C soc1@53.625C VDD_IN 12240mW/10117mW VDD_CPU_GPU_CV 4935mW/3520mW VDD_SOC 3182mW/2825mW
09-26-2026 21:16:06 RAM 4349/7620MB (lfb 26x4MB) SWAP 91/12002MB (cached 0MB) CPU [32%@1728,34%@1728,35%@1728,35%@1728,36%@1728,100%@1728] GR3D_FREQ 0% cpu@53.906C soc2@52.875C soc0@52.437C gpu@54.25C tj@54.25C soc1@53.968C VDD_IN 10171mW/10119mW VDD_CPU_GPU_CV 3654mW/3524mW VDD_SOC 2759mW/2823mW
09-26-2026 21:16:07 RAM 4349/7620MB (lfb 26x4MB) SWAP 91/12002MB (cached 0MB) CPU [35%@1728,35%@1728,35%@1728,35%@1728,35%@1728,98%@1728] GR3D_FREQ 0% cpu@54.031C soc2@52.812C soc0@52.312C gpu@53.968C tj@54.031C soc1@53.812C VDD_IN 9595mW/10102mW VDD_CPU_GPU_CV 3306mW/3517mW VDD_SOC 2680mW/2818mW
09-26-2026 21:16:07 RAM 4180/7620MB (lfb 31x4MB) SWAP 91/12002MB (cached 0MB) CPU [9%@1728,9%@1728,9%@1728,8%@1728,8%@1728,100%@1728] GR3D_FREQ 0% cpu@53.906C soc2@52.75C soc0@52.531C gpu@53.718C tj@53.906C soc1@53.843C VDD_IN 9161mW/10072mW VDD_CPU_GPU_CV 2755mW/3494mW VDD_SOC 2685mW/2814mW
09-26-2026 21:16:08 RAM 4230/7620MB (lfb 27x4MB) SWAP 91/12002MB (cached 0MB) CPU [0%@1728,0%@1728,0%@1728,0%@1728,0%@1728,58%@1728] GR3D_FREQ 66% cpu@53.531C soc2@53C soc0@52.531C gpu@55.312C tj@55.312C soc1@53.75C VDD_IN 12221mW/10138mW VDD_CPU_GPU_CV 4974mW/3538mW VDD_SOC 3143mW/2824mW
09-26-2026 21:16:08 RAM 4396/7620MB (lfb 27x4MB) SWAP 91/12002MB (cached 0MB) CPU [28%@1728,28%@1728,27%@1728,28%@1728,83%@1728,36%@1728] GR3D_FREQ 0% cpu@54.25C soc2@53C soc0@52.5C gpu@54C tj@54.25C soc1@54C VDD_IN 10486mW/10148mW VDD_CPU_GPU_CV 3851mW/3548mW VDD_SOC 2833mW/2825mW
09-26-2026 21:16:09 RAM 4392/7620MB (lfb 26x4MB) SWAP 91/12002MB (cached 0MB) CPU [38%@1728,37%@1728,37%@1728,38%@1728,100%@1728,36%@1728] GR3D_FREQ 0% cpu@54.531C soc2@52.937C soc0@52.468C gpu@54.25C tj@54.531C soc1@54C VDD_IN 9714mW/10135mW VDD_CPU_GPU_CV 3384mW/3543mW VDD_SOC 2680mW/2820mW
09-26-2026 21:16:09 RAM 4085/7620MB (lfb 61x4MB) SWAP 91/12002MB (cached 0MB) CPU [21%@1728,21%@1728,21%@1728,21%@1728,100%@1728,23%@1728] GR3D_FREQ 0% cpu@54.562C soc2@52.75C soc0@52.437C gpu@53.968C tj@54.562C soc1@53.937C VDD_IN 9240mW/10111mW VDD_CPU_GPU_CV 2912mW/3525mW VDD_SOC 2685mW/2817mW
09-26-2026 21:16:10 RAM 4230/7620MB (lfb 27x4MB) SWAP 91/12002MB (cached 0MB) CPU [0%@1728,0%@1728,0%@1728,0%@1728,74%@1728,0%@1728] GR3D_FREQ 67% cpu@53.656C soc2@53.031C soc0@52.593C gpu@54.968C tj@54.968C soc1@53.812C VDD_IN 11393mW/10145mW VDD_CPU_GPU_CV 4393mW/3549mW VDD_SOC 3025mW/2822mW
09-26-2026 21:16:10 RAM 4392/7620MB (lfb 27x4MB) SWAP 91/12002MB (cached 0MB) CPU [19%@1728,19%@1728,17%@1728,18%@1728,77%@1728,17%@1728] GR3D_FREQ 0% cpu@54.281C soc2@53.125C soc0@52.562C gpu@54.343C tj@54.343C soc1@54.062C VDD_IN 11038mW/10169mW VDD_CPU_GPU_CV 4197mW/3566mW VDD_SOC 2952mW/2826mW
09-26-2026 21:16:11 RAM 4392/7620MB (lfb 27x4MB) SWAP 91/12002MB (cached 0MB) CPU [34%@1728,32%@1728,34%@1728,32%@1728,100%@1728,32%@1728] GR3D_FREQ 0% cpu@54.593C soc2@52.968C soc0@52.562C gpu@54.125C tj@54.593C soc1@54.062C VDD_IN 9911mW/10162mW VDD_CPU_GPU_CV 3463mW/3563mW VDD_SOC 2720mW/2823mW
09-26-2026 21:16:11 RAM 4044/7620MB (lfb 67x4MB) SWAP 91/12002MB (cached 0MB) CPU [34%@1728,32%@1728,32%@1728,32%@1728,100%@1728,33%@1728] GR3D_FREQ 0% cpu@54.125C soc2@52.937C soc0@52.593C gpu@54.531C tj@54.531C soc1@53.968C VDD_IN 9516mW/10146mW VDD_CPU_GPU_CV 3148mW/3553mW VDD_SOC 2680mW/2819mW
09-26-2026 21:16:12 RAM 4228/7620MB (lfb 27x4MB) SWAP 91/12002MB (cached 0MB) CPU [1%@1728,0%@1728,0%@1728,0%@1728,90%@1728,0%@1728] GR3D_FREQ 66% cpu@53.75C soc2@53.031C soc0@52.687C gpu@55.062C tj@55.062C soc1@53.906C VDD_IN 10092mW/10145mW VDD_CPU_GPU_CV 3418mW/3550mW VDD_SOC 2838mW/2820mW
09-26-2026 21:16:12 RAM 4389/7620MB (lfb 26x4MB) SWAP 91/12002MB (cached 0MB) CPU [6%@1728,8%@1728,6%@1728,9%@1728,61%@1728,7%@1728] GR3D_FREQ 0% cpu@54.437C soc2@53.093C soc0@52.75C gpu@54.656C tj@54.656C soc1@53.812C VDD_IN 11886mW/10186mW VDD_CPU_GPU_CV 4700mW/3577mW VDD_SOC 3104mW/2827mW
09-26-2026 21:16:13 RAM 4389/7620MB (lfb 26x4MB) SWAP 91/12002MB (cached 0MB) CPU [32%@1728,30%@1728,31%@1728,31%@1728,100%@1728,31%@1728] GR3D_FREQ 0% cpu@54.75C soc2@53.125C soc0@52.687C gpu@54.375C tj@54.75C soc1@54.093C VDD_IN 10092mW/10184mW VDD_CPU_GPU_CV 3575mW/3577mW VDD_SOC 2759mW/2825mW
09-26-2026 21:16:13 RAM 4389/7620MB (lfb 26x4MB) SWAP 91/12002MB (cached 0MB) CPU [34%@1728,36%@1728,34%@1728,35%@1728,100%@1728,36%@1728] GR3D_FREQ 0% cpu@54.5C soc2@53C soc0@52.5C gpu@54.218C tj@54.5C soc1@54.062C VDD_IN 9595mW/10171mW VDD_CPU_GPU_CV 3266mW/3570mW VDD_SOC 2680mW/2822mW
09-26-2026 21:16:14 RAM 4187/7620MB (lfb 31x4MB) SWAP 91/12002MB (cached 0MB) CPU [8%@1728,8%@1728,8%@1728,6%@1728,100%@1728,8%@1728] GR3D_FREQ 0% cpu@54.5C soc2@53.031C soc0@52.625C gpu@54C tj@54.5C soc1@53.968C VDD_IN 9161mW/10148mW VDD_CPU_GPU_CV 2755mW/3552mW VDD_SOC 2685mW/2819mW
09-26-2026 21:16:14 RAM 4227/7620MB (lfb 27x4MB) SWAP 91/12002MB (cached 0MB) CPU [1%@1728,0%@1728,0%@1728,0%@1728,56%@1728,0%@1728] GR3D_FREQ 67% cpu@53.718C soc2@53.25C soc0@52.687C gpu@55.781C tj@55.781C soc1@53.937C VDD_IN 12280mW/10194mW VDD_CPU_GPU_CV 5052mW/3584mW VDD_SOC 3143mW/2826mW
09-26-2026 21:16:15 RAM 4389/7620MB (lfb 26x4MB) SWAP 91/12002MB (cached 0MB) CPU [30%@1728,29%@1728,29%@1728,34%@1728,94%@1728,22%@1728] GR3D_FREQ 0% cpu@54.625C soc2@53.281C soc0@52.843C gpu@54.25C tj@54.625C soc1@53.937C VDD_IN 10447mW/10200mW VDD_CPU_GPU_CV 3851mW/3590mW VDD_SOC 2833mW/2826mW
09-26-2026 21:16:15 RAM 4389/7620MB (lfb 26x4MB) SWAP 91/12002MB (cached 0MB) CPU [36%@1728,34%@1728,35%@1728,34%@1728,100%@1728,35%@1728] GR3D_FREQ 0% cpu@54.437C soc2@53.187C soc0@52.687C gpu@54.625C tj@54.625C soc1@54.156C VDD_IN 9714mW/10190mW VDD_CPU_GPU_CV 3345mW/3585mW VDD_SOC 2720mW/2824mW
09-26-2026 21:16:16 RAM 4078/7620MB (lfb 58x4MB) SWAP 91/12002MB (cached 0MB) CPU [20%@1728,20%@1728,21%@1728,22%@1728,100%@1728,21%@1728] GR3D_FREQ 0% cpu@54.593C soc2@53.125C soc0@52.593C gpu@54.343C tj@54.593C soc1@54.062C VDD_IN 9279mW/10171mW VDD_CPU_GPU_CV 2952mW/3572mW VDD_SOC 2685mW/2821mW
09-26-2026 21:16:17 RAM 4229/7620MB (lfb 27x4MB) SWAP 91/12002MB (cached 0MB) CPU [11%@1728,13%@1728,12%@1728,17%@1728,80%@1728,23%@1728] GR3D_FREQ 64% cpu@54.75C soc2@53.406C soc0@52.906C gpu@55.437C tj@55.437C soc1@54.031C VDD_IN 12260mW/10213mW VDD_CPU_GPU_CV 5131mW/3603mW VDD_SOC 3104mW/2827mW
09-26-2026 21:16:17 RAM 4391/7620MB (lfb 26x4MB) SWAP 91/12002MB (cached 0MB) CPU [20%@1728,22%@1728,86%@1728,23%@1728,34%@1728,24%@1728] GR3D_FREQ 0% cpu@54.843C soc2@53.437C soc0@52.937C gpu@54.625C tj@54.843C soc1@54.093C VDD_IN 11138mW/10231mW VDD_CPU_GPU_CV 4354mW/3618mW VDD_SOC 2952mW/2829mW
09-26-2026 21:16:18 RAM 4391/7620MB (lfb 27x4MB) SWAP 91/12002MB (cached 0MB) CPU [78%@1728,34%@1728,44%@1728,34%@1728,46%@1728,34%@1728] GR3D_FREQ 0% cpu@54.5C soc2@53.375C soc0@52.875C gpu@54.281C tj@54.5C soc1@54.218C VDD_IN 9950mW/10226mW VDD_CPU_GPU_CV 3497mW/3616mW VDD_SOC 2720mW/2827mW
09-26-2026 21:16:18 RAM 4044/7620MB (lfb 66x4MB) SWAP 91/12002MB (cached 0MB) CPU [28%@1728,28%@1728,29%@1728,28%@1728,100%@1728,28%@1728] GR3D_FREQ 0% cpu@54.468C soc2@53.281C soc0@52.812C gpu@54.218C tj@54.468C soc1@54.281C VDD_IN 9398mW/10210mW VDD_CPU_GPU_CV 3109mW/3606mW VDD_SOC 2680mW/2824mW
09-26-2026 21:16:19 RAM 4229/7620MB (lfb 26x4MB) SWAP 91/12002MB (cached 0MB) CPU [0%@1728,1%@1728,0%@1728,1%@1728,88%@1728,0%@1728] GR3D_FREQ 65% cpu@54.031C soc2@53.125C soc0@52.625C gpu@55.593C tj@55.593C soc1@54.093C VDD_IN 10920mW/10223mW VDD_CPU_GPU_CV 4001mW/3613mW VDD_SOC 2952mW/2826mW
09-26-2026 21:16:19 RAM 4386/7620MB (lfb 26x4MB) SWAP 91/12002MB (cached 0MB) CPU [19%@1728,16%@1728,17%@1728,15%@1728,78%@1728,17%@1728] GR3D_FREQ 0% cpu@54.75C soc2@53.406C soc0@52.906C gpu@54.781C tj@54.781C soc1@54.031C VDD_IN 11375mW/10244mW VDD_CPU_GPU_CV 4433mW/3628mW VDD_SOC 3030mW/2830mW
09-26-2026 21:16:20 RAM 4390/7620MB (lfb 27x4MB) SWAP 91/12002MB (cached 0MB) CPU [34%@1728,34%@1728,34%@1728,34%@1728,98%@1728,33%@1728] GR3D_FREQ 0% cpu@54.593C soc2@53.375C soc0@52.781C gpu@54.812C tj@54.812C soc1@54.093C VDD_IN 10029mW/10240mW VDD_CPU_GPU_CV 3536mW/3627mW VDD_SOC 2759mW/2829mW
09-26-2026 21:16:20 RAM 4043/7620MB (lfb 64x4MB) SWAP 91/12002MB (cached 0MB) CPU [32%@1728,33%@1728,32%@1728,33%@1728,100%@1728,32%@1728] GR3D_FREQ 0% cpu@55.156C soc2@53.281C soc0@52.812C gpu@54.531C tj@55.156C soc1@54.343C VDD_IN 9556mW/10228mW VDD_CPU_GPU_CV 3227mW/3620mW VDD_SOC 2680mW/2826mW
09-26-2026 21:16:21 RAM 4228/7620MB (lfb 26x4MB) SWAP 91/12002MB (cached 0MB) CPU [0%@1728,0%@1728,0%@1728,0%@1728,96%@1728,0%@1728] GR3D_FREQ 63% cpu@54.25C soc2@53.218C soc0@52.687C gpu@55.093C tj@55.093C soc1@54.125C VDD_IN 9990mW/10224mW VDD_CPU_GPU_CV 3340mW/3615mW VDD_SOC 2838mW/2826mW
09-26-2026 21:16:21 RAM 4385/7620MB (lfb 26x4MB) SWAP 91/12002MB (cached 0MB) CPU [11%@1728,10%@1728,8%@1728,10%@1728,71%@1728,8%@1728] GR3D_FREQ 0% cpu@54.687C soc2@53.375C soc0@53.062C gpu@54.625C tj@54.687C soc1@54.187C VDD_IN 11808mW/10251mW VDD_CPU_GPU_CV 4660mW/3633mW VDD_SOC 3104mW/2831mW
09-26-2026 21:16:22 RAM 4389/7620MB (lfb 27x4MB) SWAP 91/12002MB (cached 0MB) CPU [34%@1728,35%@1728,35%@1728,34%@1728,98%@1728,34%@1728] GR3D_FREQ 0% cpu@54.718C soc2@53.437C soc0@52.906C gpu@54.5C tj@54.718C soc1@54.125C VDD_IN 10131mW/10249mW VDD_CPU_GPU_CV 3615mW/3632mW VDD_SOC 2799mW/2831mW
09-26-2026 21:16:22 RAM 4389/7620MB (lfb 27x4MB) SWAP 91/12002MB (cached 0MB) CPU [36%@1728,37%@1728,37%@1728,35%@1728,100%@1728,38%@1728] GR3D_FREQ 0% cpu@54.781C soc2@53.406C soc0@52.906C gpu@54.531C tj@54.781C soc1@54.343C VDD_IN 9595mW/10238mW VDD_CPU_GPU_CV 3266mW/3626mW VDD_SOC 2680mW/2828mW
09-26-2026 21:16:23 RAM 4227/7620MB (lfb 26x4MB) SWAP 91/12002MB (cached 0MB) CPU [2%@1728,3%@1728,4%@1728,3%@1728,100%@1728,2%@1728] GR3D_FREQ 0% cpu@54.75C soc2@53.125C soc0@52.843C gpu@54.656C tj@54.75C soc1@54.281C VDD_IN 9161mW/10221mW VDD_CPU_GPU_CV 2715mW/3612mW VDD_SOC 2724mW/2827mW
09-26-2026 21:16:23 RAM 4383/7620MB (lfb 26x4MB) SWAP 91/12002MB (cached 0MB) CPU [6%@1728,6%@1728,5%@1728,6%@1728,66%@1728,5%@1728] GR3D_FREQ 0% cpu@54.812C soc2@53.437C soc0@52.968C gpu@54.906C tj@54.906C soc1@54.156C VDD_IN 12201mW/10252mW VDD_CPU_GPU_CV 4935mW/3633mW VDD_SOC 3182mW/2832mW
09-26-2026 21:16:24 RAM 4383/7620MB (lfb 26x4MB) SWAP 91/12002MB (cached 0MB) CPU [37%@1728,36%@1728,34%@1728,35%@1728,100%@1728,34%@1728] GR3D_FREQ 0% cpu@54.937C soc2@53.437C soc0@53.125C gpu@54.468C tj@54.937C soc1@54.187C VDD_IN 10171mW/10251mW VDD_CPU_GPU_CV 3654mW/3633mW VDD_SOC 2799mW/2832mW
09-26-2026 21:16:24 RAM 4388/7620MB (lfb 27x4MB) SWAP 91/12002MB (cached 0MB) CPU [45%@1728,8%@1728,46%@1728,41%@1728,97%@1728,66%@1728] GR3D_FREQ 0% cpu@54.843C soc2@53.437C soc0@53.125C gpu@54.781C tj@54.843C soc1@54.343C VDD_IN 9595mW/10241mW VDD_CPU_GPU_CV 3345mW/3628mW VDD_SOC 2641mW/2829mW
09-26-2026 21:16:25 RAM 4490/7620MB (lfb 26x4MB) SWAP 91/12002MB (cached 0MB) CPU [61%@1728,50%@1728,63%@1728,54%@1728,95%@1728,71%@1728] GR3D_FREQ 0% cpu@56.281C soc2@53.687C soc0@52.906C gpu@54.468C tj@56.281C soc1@54.468C VDD_IN 11038mW/10253mW VDD_CPU_GPU_CV 4158mW/3636mW VDD_SOC 2912mW/2830mW
09-26-2026 21:16:25 RAM 4490/7620MB (lfb 26x4MB) SWAP 91/12002MB (cached 0MB) CPU [100%@1728,100%@1728,100%@1728,100%@1728,100%@1728,100%@1728] GR3D_FREQ 0% cpu@56.781C soc2@54.125C soc0@52.906C gpu@55.156C tj@56.781C soc1@54.531C VDD_IN 13417mW/10300mW VDD_CPU_GPU_CV 6636mW/3681mW VDD_SOC 2824mW/2830mW
09-26-2026 21:16:26 RAM 4490/7620MB (lfb 26x4MB) SWAP 91/12002MB (cached 0MB) CPU [100%@1728,100%@1728,100%@1728,100%@1728,100%@1728,100%@1728] GR3D_FREQ 0% cpu@57.187C soc2@54.312C soc0@53C gpu@55.218C tj@57.187C soc1@54.562C VDD_IN 14123mW/10356mW VDD_CPU_GPU_CV 7327mW/3735mW VDD_SOC 2820mW/2830mW
09-26-2026 21:16:26 RAM 4856/7620MB (lfb 18x4MB) SWAP 91/12002MB (cached 0MB) CPU [100%@1728,100%@1728,100%@1728,100%@1728,100%@1728,100%@1728] GR3D_FREQ 0% cpu@57.093C soc2@54.468C soc0@53.25C gpu@55.5C tj@57.093C soc1@54.562C VDD_IN 14241mW/10413mW VDD_CPU_GPU_CV 7327mW/3787mW VDD_SOC 2859mW/2830mW
09-26-2026 21:16:27 RAM 4856/7620MB (lfb 18x4MB) SWAP 91/12002MB (cached 0MB) CPU [100%@1728,100%@1728,100%@1728,100%@1728,100%@1728,100%@1728] GR3D_FREQ 0% cpu@57.281C soc2@54.562C soc0@53.25C gpu@55.375C tj@57.281C soc1@54.656C VDD_IN 14358mW/10469mW VDD_CPU_GPU_CV 7522mW/3840mW VDD_SOC 2820mW/2830mW
09-26-2026 21:16:27 RAM 4857/7620MB (lfb 18x4MB) SWAP 91/12002MB (cached 0MB) CPU [100%@1728,100%@1728,100%@1728,100%@1728,96%@1728,100%@1728] GR3D_FREQ 0% cpu@56.125C soc2@54.437C soc0@53.343C gpu@55.281C tj@56.125C soc1@55.062C VDD_IN 13299mW/10509mW VDD_CPU_GPU_CV 6597mW/3879mW VDD_SOC 2785mW/2829mW
09-26-2026 21:16:28 RAM 4507/7620MB (lfb 26x4MB) SWAP 91/12002MB (cached 0MB) CPU [98%@1728,98%@1728,98%@1728,98%@1728,98%@1728,98%@1728] GR3D_FREQ 0% cpu@57.406C soc2@54.687C soc0@53.375C gpu@55.656C tj@57.406C soc1@55C VDD_IN 14005mW/10558mW VDD_CPU_GPU_CV 7093mW/3924mW VDD_SOC 2859mW/2830mW
09-26-2026 21:16:28 RAM 4507/7620MB (lfb 26x4MB) SWAP 91/12002MB (cached 0MB) CPU [100%@1728,100%@1728,100%@1728,100%@1728,100%@1728,100%@1728] GR3D_FREQ 0% cpu@57.625C soc2@54.718C soc0@53.406C gpu@55.593C tj@57.625C soc1@54.875C VDD_IN 14280mW/10609mW VDD_CPU_GPU_CV 7483mW/3972mW VDD_SOC 2820mW/2830mW
09-26-2026 21:16:29 RAM 4861/7620MB (lfb 17x4MB) SWAP 91/12002MB (cached 0MB) CPU [100%@1728,100%@1728,100%@1728,100%@1728,100%@1728,100%@1728] GR3D_FREQ 0% cpu@57.562C soc2@54.906C soc0@53.531C gpu@55.75C tj@57.562C soc1@55C VDD_IN 14280mW/10658mW VDD_CPU_GPU_CV 7249mW/4017mW VDD_SOC 2937mW/2831mW
09-26-2026 21:16:29 RAM 4861/7620MB (lfb 17x4MB) SWAP 91/12002MB (cached 0MB) CPU [100%@1728,100%@1728,100%@1728,100%@1728,100%@1728,100%@1728] GR3D_FREQ 0% cpu@57.656C soc2@55C soc0@53.5C gpu@55.75C tj@57.656C soc1@55.062C VDD_IN 14374mW/10708mW VDD_CPU_GPU_CV 7522mW/4063mW VDD_SOC 2859mW/2831mW
09-26-2026 21:16:30 RAM 4861/7620MB (lfb 17x4MB) SWAP 91/12002MB (cached 0MB) CPU [100%@1728,100%@1728,100%@1728,100%@1728,100%@1728,100%@1728] GR3D_FREQ 0% cpu@57.687C soc2@54.968C soc0@53.531C gpu@55.656C tj@57.687C soc1@55.312C VDD_IN 14398mW/10756mW VDD_CPU_GPU_CV 7600mW/4110mW VDD_SOC 2820mW/2831mW
09-26-2026 21:16:30 RAM 4119/7620MB (lfb 40x4MB) SWAP 91/12002MB (cached 0MB) CPU [72%@1728,72%@1728,70%@1728,72%@1728,98%@1728,70%@1728] GR3D_FREQ 0% cpu@56.468C soc2@54.468C soc0@53.5C gpu@55.468C tj@56.468C soc1@55.25C VDD_IN 12044mW/10773mW VDD_CPU_GPU_CV 5326mW/4126mW VDD_SOC 2790mW/2831mW
09-26-2026 21:16:31 RAM 4336/7620MB (lfb 25x4MB) SWAP 91/12002MB (cached 0MB) CPU [6%@1728,8%@1728,6%@1728,6%@1728,68%@1728,6%@1728] GR3D_FREQ 0% cpu@55.687C soc2@54.343C soc0@53.593C gpu@55.687C tj@55.687C soc1@55.062C VDD_IN 12044mW/10789mW VDD_CPU_GPU_CV 4935mW/4136mW VDD_SOC 3025mW/2833mW
09-26-2026 21:16:31 RAM 4332/7620MB (lfb 25x4MB) SWAP 91/12002MB (cached 0MB) CPU [35%@1728,34%@1728,34%@1728,34%@1728,100%@1728,32%@1728] GR3D_FREQ 0% cpu@55.812C soc2@54.156C soc0@53.593C gpu@55.156C tj@55.812C soc1@55C VDD_IN 10210mW/10782mW VDD_CPU_GPU_CV 3693mW/4131mW VDD_SOC 2759mW/2832mW
09-26-2026 21:16:32 RAM 4332/7620MB (lfb 25x4MB) SWAP 91/12002MB (cached 0MB) CPU [40%@1728,27%@1728,41%@1728,42%@1728,100%@1728,48%@1728] GR3D_FREQ 0% cpu@55.281C soc2@54.218C soc0@53.593C gpu@55.5C tj@55.5C soc1@54.937C VDD_IN 9635mW/10768mW VDD_CPU_GPU_CV 3306mW/4120mW VDD_SOC 2680mW/2830mW
09-26-2026 21:16:32 RAM 4136/7620MB (lfb 41x4MB) SWAP 91/12002MB (cached 0MB) CPU [13%@1728,11%@1728,9%@1728,11%@1728,90%@1728,11%@1728] GR3D_FREQ 63% cpu@54.906C soc2@54.062C soc0@53.531C gpu@56.125C tj@56C soc1@55.031C VDD_IN 10723mW/10767mW VDD_CPU_GPU_CV 3890mW/4117mW VDD_SOC 2912mW/2831mW
09-26-2026 21:16:33 RAM 4334/7620MB (lfb 25x4MB) SWAP 91/12002MB (cached 0MB) CPU [24%@1728,22%@1728,24%@1728,22%@1728,88%@1728,22%@1728] GR3D_FREQ 0% cpu@55.5C soc2@54.125C soc0@53.562C gpu@55.5C tj@55.5C soc1@54.968C VDD_IN 10526mW/10764mW VDD_CPU_GPU_CV 3851mW/4114mW VDD_SOC 2873mW/2832mW
09-26-2026 21:16:33 RAM 4338/7620MB (lfb 26x4MB) SWAP 91/12002MB (cached 0MB) CPU [34%@1728,35%@1728,36%@1728,34%@1728,100%@1728,36%@1728] GR3D_FREQ 0% cpu@55.593C soc2@54.031C soc0@53.437C gpu@55.25C tj@55.593C soc1@54.906C VDD_IN 9753mW/10752mW VDD_CPU_GPU_CV 3345mW/4105mW VDD_SOC 2720mW/2831mW
09-26-2026 21:16:34 RAM 4051/7620MB (lfb 62x4MB) SWAP 91/12002MB (cached 0MB) CPU [27%@1728,27%@1728,27%@1728,27%@1728,100%@1728,26%@1728] GR3D_FREQ 0% cpu@55.343C soc2@53.937C soc0@53.562C gpu@55.062C tj@55.343C soc1@54.812C VDD_IN 9398mW/10736mW VDD_CPU_GPU_CV 3030mW/4092mW VDD_SOC 2680mW/2829mW
09-26-2026 21:16:34 RAM 4334/7620MB (lfb 25x4MB) SWAP 91/12002MB (cached 0MB) CPU [6%@1728,4%@1728,4%@1728,4%@1728,78%@1728,4%@1728] GR3D_FREQ 0% cpu@55.375C soc2@54.125C soc0@53.531C gpu@55.437C tj@55.437C soc1@55.031C VDD_IN 11571mW/10746mW VDD_CPU_GPU_CV 4511mW/4097mW VDD_SOC 3065mW/2832mW
09-26-2026 21:16:35 RAM 4334/7620MB (lfb 25x4MB) SWAP 91/12002MB (cached 0MB) CPU [34%@1728,35%@1728,35%@1728,32%@1728,100%@1728,34%@1728] GR3D_FREQ 0% cpu@55.562C soc2@53.937C soc0@53.5C gpu@55.187C tj@55.437C soc1@55.031C VDD_IN 9990mW/10737mW VDD_CPU_GPU_CV 3536mW/4091mW VDD_SOC 2759mW/2831mW
09-26-2026 21:16:35 RAM 4334/7620MB (lfb 25x4MB) SWAP 91/12002MB (cached 0MB) CPU [38%@1728,36%@1728,36%@1728,36%@1728,100%@1728,37%@1728] GR3D_FREQ 0% cpu@55.625C soc2@53.968C soc0@53.406C gpu@55.062C tj@55.625C soc1@54.843C VDD_IN 9556mW/10723mW VDD_CPU_GPU_CV 3266mW/4081mW VDD_SOC 2680mW/2829mW
09-26-2026 21:16:36 RAM 4174/7620MB (lfb 42x4MB) SWAP 91/12002MB (cached 0MB) CPU [9%@1728,11%@1728,9%@1728,10%@1728,88%@1728,8%@1728] GR3D_FREQ 66% cpu@54.718C soc2@53.937C soc0@53.656C gpu@56.062C tj@56.062C soc1@54.906C VDD_IN 10329mW/10719mW VDD_CPU_GPU_CV 3654mW/4076mW VDD_SOC 2877mW/2830mW
09-26-2026 21:16:36 RAM 4372/7620MB (lfb 26x4MB) SWAP 91/12002MB (cached 0MB) CPU [18%@1728,18%@1728,18%@1728,19%@1728,80%@1728,18%@1728] GR3D_FREQ 0% cpu@55.437C soc2@53.937C soc0@53.625C gpu@55.125C tj@55.437C soc1@54.843C VDD_IN 10605mW/10718mW VDD_CPU_GPU_CV 3890mW/4074mW VDD_SOC 2873mW/2830mW
09-26-2026 21:16:37 RAM 4376/7620MB (lfb 25x4MB) SWAP 91/12002MB (cached 0MB) CPU [36%@1728,36%@1728,36%@1728,36%@1728,100%@1728,36%@1728] GR3D_FREQ 0% cpu@55.25C soc2@53.937C soc0@53.406C gpu@55.343C tj@55.343C soc1@54.968C VDD_IN 9793mW/10707mW VDD_CPU_GPU_CV 3384mW/4066mW VDD_SOC 2720mW/2829mW
09-26-2026 21:16:37 RAM 4382/7620MB (lfb 25x4MB) SWAP 91/12002MB (cached 0MB) CPU [44%@1728,45%@1728,45%@1728,39%@1728,94%@1728,41%@1728] GR3D_FREQ 0% cpu@55.531C soc2@54.031C soc0@53.375C gpu@55.062C tj@55.406C soc1@55.031C VDD_IN 9753mW/10697mW VDD_CPU_GPU_CV 3424mW/4059mW VDD_SOC 2680mW/2827mW
09-26-2026 21:16:38 RAM 4221/7620MB (lfb 42x4MB) SWAP 91/12002MB (cached 0MB) CPU [13%@1728,2%@1728,4%@1728,4%@1728,77%@1728,0%@1728] GR3D_FREQ 66% cpu@54.843C soc2@54.062C soc0@53.406C gpu@56.031C tj@56.031C soc1@54.843C VDD_IN 11532mW/10706mW VDD_CPU_GPU_CV 4511mW/4064mW VDD_SOC 2986mW/2829mW
09-26-2026 21:16:38 RAM 4414/7620MB (lfb 25x4MB) SWAP 91/12002MB (cached 0MB) CPU [70%@1728,26%@1728,27%@1728,34%@1728,38%@1728,27%@1728] GR3D_FREQ 0% cpu@55.25C soc2@54.156C soc0@53.656C gpu@55.593C tj@55.593C soc1@54.875C VDD_IN 10329mW/10702mW VDD_CPU_GPU_CV 3733mW/4061mW VDD_SOC 2794mW/2829mW
09-26-2026 21:16:39 RAM 4415/7620MB (lfb 26x4MB) SWAP 91/12002MB (cached 0MB) CPU [37%@1728,38%@1728,35%@1728,100%@1728,36%@1728,34%@1728] GR3D_FREQ 0% cpu@55.5C soc2@54.093C soc0@53.593C gpu@55.062C tj@55.5C soc1@54.843C VDD_IN 9674mW/10691mW VDD_CPU_GPU_CV 3306mW/4053mW VDD_SOC 2680mW/2827mW
09-26-2026 21:16:39 RAM 4166/7620MB (lfb 55x4MB) SWAP 91/12002MB (cached 0MB) CPU [25%@1728,25%@1728,26%@1728,100%@1728,25%@1728,26%@1728] GR3D_FREQ 0% cpu@55.25C soc2@53.906C soc0@53.406C gpu@55.281C tj@55.281C soc1@55.031C VDD_IN 9358mW/10677mW VDD_CPU_GPU_CV 2952mW/4041mW VDD_SOC 2680mW/2825mW
09-26-2026 21:16:40 RAM 4412/7620MB (lfb 25x4MB) SWAP 91/12002MB (cached 0MB) CPU [9%@1728,8%@1728,9%@1728,80%@1728,8%@1728,8%@1728] GR3D_FREQ 0% cpu@55.656C soc2@54.031C soc0@53.406C gpu@55.562C tj@55.656C soc1@54.968C VDD_IN 11375mW/10684mW VDD_CPU_GPU_CV 4276mW/4044mW VDD_SOC 3030mW/2828mW
09-26-2026 21:16:40 RAM 4413/7620MB (lfb 25x4MB) SWAP 91/12002MB (cached 0MB) CPU [80%@1728,36%@1728,34%@1728,54%@1728,34%@1728,32%@1728] GR3D_FREQ 0% cpu@55.593C soc2@54.125C soc0@53.531C gpu@55.375C tj@55.593C soc1@54.937C VDD_IN 9990mW/10677mW VDD_CPU_GPU_CV 3497mW/4038mW VDD_SOC 2759mW/2827mW
09-26-2026 21:16:41 RAM 4413/7620MB (lfb 25x4MB) SWAP 91/12002MB (cached 0MB) CPU [100%@1728,34%@1728,8%@1728,42%@1728,61%@1728,51%@1728] GR3D_FREQ 0% cpu@55.187C soc2@54.093C soc0@53.593C gpu@55.187C tj@55.187C soc1@54.843C VDD_IN 9595mW/10666mW VDD_CPU_GPU_CV 3306mW/4030mW VDD_SOC 2641mW/2825mW
09-26-2026 21:16:41 RAM 4205/7620MB (lfb 45x4MB) SWAP 91/12002MB (cached 0MB) CPU [100%@1728,22%@1728,0%@1728,22%@1728,35%@1728,24%@1728] GR3D_FREQ 0% cpu@55.25C soc2@54.093C soc0@53.531C gpu@55.093C tj@55.25C soc1@54.906C VDD_IN 9319mW/10652mW VDD_CPU_GPU_CV 2912mW/4019mW VDD_SOC 2680mW/2823mW
09-26-2026 21:16:42 RAM 4412/7620MB (lfb 25x4MB) SWAP 91/12002MB (cached 0MB) CPU [79%@1728,13%@1728,14%@1728,13%@1728,12%@1728,15%@1728] GR3D_FREQ 0% cpu@55.531C soc2@54.281C soc0@53.625C gpu@55.406C tj@55.406C soc1@55.093C VDD_IN 10999mW/10656mW VDD_CPU_GPU_CV 4119mW/4020mW VDD_SOC 2952mW/2825mW
09-26-2026 21:16:42 RAM 4413/7620MB (lfb 25x4MB) SWAP 91/12002MB (cached 0MB) CPU [100%@1728,34%@1728,35%@1728,34%@1728,37%@1728,34%@1728] GR3D_FREQ 0% cpu@55.218C soc2@54.25C soc0@53.531C gpu@55.125C tj@55.218C soc1@54.906C VDD_IN 9872mW/10648mW VDD_CPU_GPU_CV 3418mW/4014mW VDD_SOC 2720mW/2824mW
09-26-2026 21:16:43 RAM 4413/7620MB (lfb 25x4MB) SWAP 91/12002MB (cached 0MB) CPU [36%@1728,52%@1728,82%@1728,35%@1728,34%@1728,34%@1728] GR3D_FREQ 0% cpu@55.843C soc2@53.937C soc0@53.5C gpu@55.593C tj@55.843C soc1@54.906C VDD_IN 9477mW/10637mW VDD_CPU_GPU_CV 3227mW/4006mW VDD_SOC 2641mW/2822mW
09-26-2026 21:16:43 RAM 4213/7620MB (lfb 43x4MB) SWAP 91/12002MB (cached 0MB) CPU [5%@1728,2%@1728,80%@1728,3%@1728,5%@1728,2%@1728] GR3D_FREQ 68% cpu@54.968C soc2@54.031C soc0@53.562C gpu@56.312C tj@56.312C soc1@54.812C VDD_IN 11117mW/10641mW VDD_CPU_GPU_CV 4197mW/4008mW VDD_SOC 2952mW/2823mW
09-26-2026 21:16:44 RAM 4414/7620MB (lfb 26x4MB) SWAP 91/12002MB (cached 0MB) CPU [23%@1728,32%@1728,38%@1728,72%@1728,22%@1728,24%@1728] GR3D_FREQ 0% cpu@55.312C soc2@54.093C soc0@53.687C gpu@55.687C tj@55.687C soc1@54.875C VDD_IN 10329mW/10638mW VDD_CPU_GPU_CV 3733mW/4006mW VDD_SOC 2833mW/2823mW
09-26-2026 21:16:44 RAM 4411/7620MB (lfb 25x4MB) SWAP 91/12002MB (cached 0MB) CPU [35%@1728,35%@1728,34%@1728,100%@1728,32%@1728,34%@1728] GR3D_FREQ 0% cpu@55.406C soc2@54C soc0@53.562C gpu@55.375C tj@55.406C soc1@55.062C VDD_IN 9674mW/10629mW VDD_CPU_GPU_CV 3306mW/3999mW VDD_SOC 2680mW/2822mW
09-26-2026 21:16:45 RAM 4145/7620MB (lfb 60x4MB) SWAP 91/12002MB (cached 0MB) CPU [53%@1728,22%@1728,22%@1728,71%@1728,24%@1728,24%@1728] GR3D_FREQ 0% cpu@55.375C soc2@53.968C soc0@53.468C gpu@55.156C tj@55.375C soc1@55C VDD_IN 9398mW/10617mW VDD_CPU_GPU_CV 3030mW/3990mW VDD_SOC 2680mW/2821mW
09-26-2026 21:16:45 RAM 4416/7620MB (lfb 26x4MB) SWAP 91/12002MB (cached 0MB) CPU [5%@1728,5%@1728,7%@1728,67%@1728,3%@1728,5%@1728] GR3D_FREQ 0% cpu@55.406C soc2@54.062C soc0@53.562C gpu@55.718C tj@55.718C soc1@54.812C VDD_IN 11571mW/10626mW VDD_CPU_GPU_CV 4433mW/3994mW VDD_SOC 3065mW/2823mW
09-26-2026 21:16:46 RAM 4416/7620MB (lfb 26x4MB) SWAP 91/12002MB (cached 0MB) CPU [0%@1728,45%@1728,44%@1728,100%@1728,62%@1728,47%@1728] GR3D_FREQ 0% cpu@55.468C soc2@54.156C soc0@53.843C gpu@55.187C tj@55.468C soc1@54.906C VDD_IN 10013mW/10621mW VDD_CPU_GPU_CV 3615mW/3990mW VDD_SOC 2720mW/2822mW
09-26-2026 21:16:46 RAM 4413/7620MB (lfb 25x4MB) SWAP 91/12002MB (cached 0MB) CPU [10%@1728,40%@1728,31%@1728,98%@1728,54%@1728,58%@1728] GR3D_FREQ 0% cpu@55.312C soc2@54.156C soc0@53.593C gpu@55.062C tj@55.312C soc1@54.937C VDD_IN 9595mW/10611mW VDD_CPU_GPU_CV 3306mW/3984mW VDD_SOC 2641mW/2820mW
09-26-2026 21:16:47 RAM 4103/7620MB (lfb 65x4MB) SWAP 91/12002MB (cached 0MB) CPU [34%@1728,49%@1728,17%@1728,100%@1728,58%@1728,63%@1728] GR3D_FREQ 0% cpu@55.406C soc2@53.968C soc0@53.562C gpu@55.468C tj@55.468C soc1@55C VDD_IN 9437mW/10601mW VDD_CPU_GPU_CV 3266mW/3978mW VDD_SOC 2601mW/2818mW
09-26-2026 21:16:47 RAM 4212/7620MB (lfb 45x4MB) SWAP 91/12002MB (cached 0MB) CPU [5%@1728,0%@1728,0%@1728,71%@1728,0%@1728,0%@1728] GR3D_FREQ 65% cpu@55.156C soc2@54.125C soc0@53.406C gpu@56.312C tj@56.062C soc1@54.875C VDD_IN 11414mW/10608mW VDD_CPU_GPU_CV 4472mW/3982mW VDD_SOC 2991mW/2820mW
09-26-2026 21:16:48 RAM 4413/7620MB (lfb 26x4MB) SWAP 91/12002MB (cached 0MB) CPU [94%@1728,27%@1728,40%@1728,14%@1728,51%@1728,43%@1728] GR3D_FREQ 0% cpu@55.343C soc2@54.281C soc0@53.656C gpu@55.593C tj@55.593C soc1@54.937C VDD_IN 10250mW/10605mW VDD_CPU_GPU_CV 3733mW/3980mW VDD_SOC 2799mW/2820mW
09-26-2026 21:16:48 RAM 4410/7620MB (lfb 25x4MB) SWAP 91/12002MB (cached 0MB) CPU [100%@1728,23%@1728,43%@1728,19%@1728,53%@1728,61%@1728] GR3D_FREQ 0% cpu@55.25C soc2@54.156C soc0@53.562C gpu@55.312C tj@55.312C soc1@54.906C VDD_IN 9674mW/10596mW VDD_CPU_GPU_CV 3424mW/3975mW VDD_SOC 2680mW/2818mW
09-26-2026 21:16:49 RAM 4410/7620MB (lfb 25x4MB) SWAP 91/12002MB (cached 0MB) CPU [75%@1728,16%@1728,57%@1728,48%@1728,59%@1728,56%@1728] GR3D_FREQ 0% cpu@55.468C soc2@54.031C soc0@53.406C gpu@55.156C tj@55.468C soc1@55.093C VDD_IN 9477mW/10587mW VDD_CPU_GPU_CV 3266mW/3969mW VDD_SOC 2601mW/2816mW
09-26-2026 21:16:49 RAM 4214/7620MB (lfb 45x4MB) SWAP 91/12002MB (cached 0MB) CPU [0%@1728,15%@1728,90%@1728,15%@1728,17%@1728,19%@1728] GR3D_FREQ 67% cpu@54.937C soc2@54.125C soc0@53.406C gpu@55.843C tj@56.093C soc1@55C VDD_IN 10210mW/10583mW VDD_CPU_GPU_CV 3615mW/3966mW VDD_SOC 2838mW/2817mW
09-26-2026 21:16:50 RAM 4411/7620MB (lfb 25x4MB) SWAP 91/12002MB (cached 0MB) CPU [62%@1728,34%@1728,4%@1728,24%@1728,32%@1728,26%@1728] GR3D_FREQ 0% cpu@55.281C soc2@54.156C soc0@53.5C gpu@55.281C tj@55.281C soc1@54.843C VDD_IN 10644mW/10584mW VDD_CPU_GPU_CV 3968mW/3966mW VDD_SOC 2873mW/2817mW
09-26-2026 21:16:50 RAM 4411/7620MB (lfb 25x4MB) SWAP 91/12002MB (cached 0MB) CPU [46%@1728,100%@1728,0%@1728,46%@1728,53%@1728,60%@1728] GR3D_FREQ 0% cpu@55.093C soc2@54.093C soc0@53.687C gpu@55.093C tj@55.093C soc1@54.875C VDD_IN 9753mW/10577mW VDD_CPU_GPU_CV 3463mW/3961mW VDD_SOC 2680mW/2816mW
09-26-2026 21:16:51 RAM 4409/7620MB (lfb 25x4MB) SWAP 91/12002MB (cached 0MB) CPU [45%@1728,86%@1728,30%@1728,36%@1728,52%@1728,56%@1728] GR3D_FREQ 0% cpu@55.656C soc2@54.031C soc0@53.562C gpu@55.468C tj@55.656C soc1@54.843C VDD_IN 9516mW/10568mW VDD_CPU_GPU_CV 3266mW/3956mW VDD_SOC 2641mW/2815mW
09-26-2026 21:16:51 RAM 4211/7620MB (lfb 41x4MB) SWAP 91/12002MB (cached 0MB) CPU [14%@1728,12%@1728,96%@1728,14%@1728,14%@1728,15%@1728] GR3D_FREQ 67% cpu@55.125C soc2@54.031C soc0@53.468C gpu@55.843C tj@55.593C soc1@55.062C VDD_IN 9595mW/10560mW VDD_CPU_GPU_CV 3109mW/3948mW VDD_SOC 2759mW/2814mW
09-26-2026 21:16:52 RAM 4407/7620MB (lfb 25x4MB) SWAP 91/12002MB (cached 0MB) CPU [13%@1728,42%@1728,50%@1728,13%@1728,30%@1728,23%@1728] GR3D_FREQ 0% cpu@55.25C soc2@54.156C soc0@53.718C gpu@55.625C tj@55.625C soc1@54.906C VDD_IN 10802mW/10562mW VDD_CPU_GPU_CV 4040mW/3949mW VDD_SOC 2912mW/2815mW
09-26-2026 21:16:53 RAM 4407/7620MB (lfb 25x4MB) SWAP 91/12002MB (cached 0MB) CPU [0%@1728,98%@1728,53%@1728,50%@1728,60%@1728,64%@1728] GR3D_FREQ 0% cpu@55.343C soc2@53.937C soc0@53.406C gpu@55.562C tj@55.343C soc1@54.937C VDD_IN 9753mW/10555mW VDD_CPU_GPU_CV 3300mW/3944mW VDD_SOC 2680mW/2814mW
09-26-2026 21:16:53 RAM 4408/7620MB (lfb 25x4MB) SWAP 91/12002MB (cached 0MB) CPU [2%@1728,92%@1728,52%@1728,48%@1728,51%@1728,71%@1728] GR3D_FREQ 0% cpu@55.5C soc2@54.031C soc0@53.5C gpu@55.093C tj@55.5C soc1@55C VDD_IN 9516mW/10546mW VDD_CPU_GPU_CV 3227mW/3938mW VDD_SOC 2641mW/2812mW
09-26-2026 21:16:54 RAM 4539/7620MB (lfb 26x4MB) SWAP 91/12002MB (cached 0MB) CPU [14%@1728,55%@1728,97%@1728,56%@1728,54%@1728,70%@1728] GR3D_FREQ 0% cpu@55.875C soc2@54.031C soc0@53.593C gpu@55.437C tj@55.875C soc1@54.843C VDD_IN 10013mW/10542mW VDD_CPU_GPU_CV 3340mW/3933mW VDD_SOC 2877mW/2813mW
09-26-2026 21:16:54 RAM 4539/7620MB (lfb 26x4MB) SWAP 91/12002MB (cached 0MB) CPU [100%@1728,100%@1728,100%@1728,100%@1728,92%@1728,100%@1728] GR3D_FREQ 0% cpu@57.25C soc2@54.781C soc0@53.562C gpu@55.375C tj@57.25C soc1@55.125C VDD_IN 13046mW/10562mW VDD_CPU_GPU_CV 6334mW/3952mW VDD_SOC 2824mW/2813mW
09-26-2026 21:16:55 RAM 4539/7620MB (lfb 26x4MB) SWAP 91/12002MB (cached 0MB) CPU [100%@1728,100%@1728,100%@1728,100%@1728,100%@1728,100%@1728] GR3D_FREQ 0% cpu@57.75C soc2@54.875C soc0@53.562C gpu@56.031C tj@57.75C soc1@55.281C VDD_IN 14045mW/10590mW VDD_CPU_GPU_CV 7249mW/3979mW VDD_SOC 2820mW/2813mW
09-26-2026 21:16:55 RAM 4896/7620MB (lfb 8x4MB) SWAP 91/12002MB (cached 0MB) CPU [100%@1728,100%@1728,100%@1728,100%@1728,100%@1728,100%@1728] GR3D_FREQ 0% cpu@57.968C soc2@54.968C soc0@53.687C gpu@55.875C tj@57.968C soc1@55.312C VDD_IN 14241mW/10619mW VDD_CPU_GPU_CV 7249mW/4005mW VDD_SOC 2898mW/2814mW
09-26-2026 21:16:56 RAM 4896/7620MB (lfb 8x4MB) SWAP 91/12002MB (cached 0MB) CPU [100%@1728,100%@1728,100%@1728,100%@1728,100%@1728,100%@1728] GR3D_FREQ 0% cpu@57.875C soc2@55.281C soc0@53.906C gpu@55.906C tj@57.875C soc1@55.375C VDD_IN 14374mW/10649mW VDD_CPU_GPU_CV 7522mW/4032mW VDD_SOC 2820mW/2814mW
09-26-2026 21:16:56 RAM 4896/7620MB (lfb 8x4MB) SWAP 91/12002MB (cached 0MB) CPU [100%@1728,100%@1728,100%@1728,100%@1728,100%@1728,100%@1728] GR3D_FREQ 0% cpu@57.218C soc2@55.312C soc0@53.843C gpu@56.093C tj@57.218C soc1@55.375C VDD_IN 14201mW/10676mW VDD_CPU_GPU_CV 7405mW/4059mW VDD_SOC 2820mW/2814mW
09-26-2026 21:16:57 RAM 4534/7620MB (lfb 25x4MB) SWAP 91/12002MB (cached 0MB) CPU [98%@1728,98%@1728,92%@1728,96%@1728,100%@1728,96%@1728] GR3D_FREQ 0% cpu@58.187C soc2@55.218C soc0@53.906C gpu@56C tj@57.968C soc1@55.562C VDD_IN 13848mW/10701mW VDD_CPU_GPU_CV 6910mW/4081mW VDD_SOC 2898mW/2814mW
09-26-2026 21:16:57 RAM 4534/7620MB (lfb 25x4MB) SWAP 91/12002MB (cached 0MB) CPU [100%@1728,100%@1728,100%@1728,100%@1728,100%@1728,100%@1728] GR3D_FREQ 0% cpu@58.437C soc2@55.312C soc0@53.875C gpu@56.031C tj@58.437C soc1@55.531C VDD_IN 14280mW/10729mW VDD_CPU_GPU_CV 7444mW/4107mW VDD_SOC 2820mW/2814mW
09-26-2026 21:16:58 RAM 4888/7620MB (lfb 10x4MB) SWAP 91/12002MB (cached 0MB) CPU [100%@1728,100%@1728,100%@1728,100%@1728,100%@1728,100%@1728] GR3D_FREQ 0% cpu@57.937C soc2@55.312C soc0@54C gpu@56.25C tj@57.937C soc1@55.562C VDD_IN 14319mW/10756mW VDD_CPU_GPU_CV 7171mW/4130mW VDD_SOC 2976mW/2816mW
09-26-2026 21:16:58 RAM 4891/7620MB (lfb 10x4MB) SWAP 91/12002MB (cached 0MB) CPU [100%@1728,100%@1728,100%@1728,100%@1728,94%@1728,100%@1728] GR3D_FREQ 0% cpu@58.218C soc2@55.5C soc0@54.187C gpu@56.531C tj@58.218C soc1@55.656C VDD_IN 14280mW/10783mW VDD_CPU_GPU_CV 7405mW/4155mW VDD_SOC 2859mW/2816mW
09-26-2026 21:16:59 RAM 4894/7620MB (lfb 10x4MB) SWAP 91/12002MB (cached 0MB) CPU [100%@1728,100%@1728,100%@1728,84%@1728,88%@1728,100%@1728] GR3D_FREQ 0% cpu@57.468C soc2@55.375C soc0@54.218C gpu@56.281C tj@57.468C soc1@55.531C VDD_IN 13085mW/10800mW VDD_CPU_GPU_CV 6519mW/4173mW VDD_SOC 2746mW/2816mW
09-26-2026 21:16:59 RAM 4894/7620MB (lfb 10x4MB) SWAP 91/12002MB (cached 0MB) CPU [100%@1728,100%@1728,100%@1728,100%@1728,100%@1728,100%@1728] GR3D_FREQ 0% cpu@57.312C soc2@55.343C soc0@54.125C gpu@56.218C tj@57.312C soc1@55.687C VDD_IN 13242mW/10818mW VDD_CPU_GPU_CV 6597mW/4191mW VDD_SOC 2746mW/2815mW
09-26-2026 21:17:00 RAM 4143/7620MB (lfb 39x4MB) SWAP 91/12002MB (cached 0MB) CPU [42%@1728,41%@1728,88%@1728,41%@1728,40%@1728,42%@1728] GR3D_FREQ 63% cpu@56.156C soc2@54.968C soc0@53.968C gpu@56.718C tj@56.718C soc1@55.593C VDD_IN 11768mW/10825mW VDD_CPU_GPU_CV 4935mW/4196mW VDD_SOC 2868mW/2815mW
09-26-2026 21:17:00 RAM 4034/7620MB (lfb 59x4MB) SWAP 91/12002MB (cached 0MB) CPU [47%@1728,45%@1728,84%@1728,45%@1728,45%@1728,44%@1728] GR3D_FREQ 0% cpu@57C soc2@54.937C soc0@54.25C gpu@56.531C tj@57C soc1@55.562C VDD_IN 11611mW/10831mW VDD_CPU_GPU_CV 4629mW/4200mW VDD_SOC 2986mW/2817mW
09-26-2026 21:17:01 RAM 4213/7620MB (lfb 26x4MB) SWAP 91/12002MB (cached 0MB) CPU [8%@1728,7%@1728,78%@1728,6%@1728,8%@1728,7%@1728] GR3D_FREQ 58% cpu@56.031C soc2@54.937C soc0@54.125C gpu@56.906C tj@56.906C soc1@55.531C VDD_IN 12692mW/10845mW VDD_CPU_GPU_CV 5287mW/4207mW VDD_SOC 3177mW/2819mW
09-26-2026 21:17:01 RAM 4134/7620MB (lfb 39x4MB) SWAP 91/12002MB (cached 0MB) CPU [54%@1728,54%@1728,100%@1728,54%@1728,52%@1728,54%@1728] GR3D_FREQ 0% cpu@56.312C soc2@54.812C soc0@54.187C gpu@56.281C tj@56.312C soc1@55.437C VDD_IN 10565mW/10843mW VDD_CPU_GPU_CV 3693mW/4204mW VDD_SOC 2912mW/2820mW
09-26-2026 21:17:02 RAM 4342/7620MB (lfb 25x4MB) SWAP 91/12002MB (cached 0MB) CPU [29%@1728,29%@1728,80%@1728,28%@1728,29%@1728,29%@1728] GR3D_FREQ 0% cpu@56.625C soc2@54.875C soc0@54.125C gpu@56.218C tj@56.625C soc1@55.562C VDD_IN 11532mW/10848mW VDD_CPU_GPU_CV 4511mW/4206mW VDD_SOC 3065mW/2822mW
09-26-2026 21:17:02 RAM 4182/7620MB (lfb 38x4MB) SWAP 91/12002MB (cached 0MB) CPU [24%@1728,32%@1728,74%@1728,23%@1728,22%@1728,23%@1728] GR3D_FREQ 63% cpu@55.718C soc2@54.843C soc0@54C gpu@57.031C tj@57.031C soc1@55.531C VDD_IN 12162mW/10857mW VDD_CPU_GPU_CV 4935mW/4211mW VDD_SOC 3143mW/2824mW
09-26-2026 21:17:03 RAM 4164/7620MB (lfb 55x4MB) SWAP 91/12002MB (cached 0MB) CPU [96%@1728,52%@1728,50%@1728,52%@1728,52%@1728,50%@1728] GR3D_FREQ 0% cpu@56.062C soc2@54.937C soc0@54.343C gpu@56.062C tj@56.062C soc1@55.406C VDD_IN 10802mW/10857mW VDD_CPU_GPU_CV 3923mW/4209mW VDD_SOC 2952mW/2825mW
09-26-2026 21:17:03 RAM 4415/7620MB (lfb 26x4MB) SWAP 91/12002MB (cached 0MB) CPU [78%@1728,14%@1728,16%@1728,14%@1728,15%@1728,14%@1728] GR3D_FREQ 0% cpu@56.125C soc2@54.968C soc0@54.218C gpu@56.031C tj@56.125C soc1@55.468C VDD_IN 11808mW/10863mW VDD_CPU_GPU_CV 4582mW/4212mW VDD_SOC 3104mW/2827mW
09-26-2026 21:17:04 RAM 4220/7620MB (lfb 39x4MB) SWAP 91/12002MB (cached 0MB) CPU [90%@1728,38%@1728,38%@1728,39%@1728,38%@1728,38%@1728] GR3D_FREQ 66% cpu@55.531C soc2@54.843C soc0@54.218C gpu@56.718C tj@56.718C soc1@55.593C VDD_IN 11532mW/10868mW VDD_CPU_GPU_CV 4472mW/4214mW VDD_SOC 3065mW/2829mW
09-26-2026 21:17:04 RAM 4122/7620MB (lfb 61x4MB) SWAP 91/12002MB (cached 0MB) CPU [52%@1728,90%@1728,52%@1728,50%@1728,50%@1728,52%@1728] GR3D_FREQ 0% cpu@56.125C soc2@54.843C soc0@54.156C gpu@56.218C tj@56.218C soc1@55.531C VDD_IN 11156mW/10870mW VDD_CPU_GPU_CV 4158mW/4213mW VDD_SOC 2952mW/2829mW
09-26-2026 21:17:05 RAM 4417/7620MB (lfb 25x4MB) SWAP 91/12002MB (cached 0MB) CPU [26%@1728,56%@1728,1%@1728,1%@1728,1%@1728,3%@1728] GR3D_FREQ 0% cpu@55.718C soc2@54.906C soc0@54.437C gpu@56.156C tj@56.156C soc1@55.437C VDD_IN 12162mW/10879mW VDD_CPU_GPU_CV 4739mW/4217mW VDD_SOC 3182mW/2832mW
09-26-2026 21:17:05 RAM 4219/7620MB (lfb 39x4MB) SWAP 91/12002MB (cached 0MB) CPU [96%@1728,50%@1728,50%@1728,50%@1728,50%@1728,50%@1728] GR3D_FREQ 62% cpu@55.468C soc2@54.843C soc0@54.25C gpu@56.656C tj@56.656C soc1@55.593C VDD_IN 11038mW/10880mW VDD_CPU_GPU_CV 4040mW/4216mW VDD_SOC 2991mW/2833mW
09-26-2026 21:17:06 RAM 4105/7620MB (lfb 60x4MB) SWAP 91/12002MB (cached 0MB) CPU [46%@1728,83%@1728,44%@1728,45%@1728,45%@1728,44%@1728] GR3D_FREQ 0% cpu@56.125C soc2@54.875C soc0@54.187C gpu@56.5C tj@56.5C soc1@55.531C VDD_IN 11375mW/10883mW VDD_CPU_GPU_CV 4315mW/4216mW VDD_SOC 2986mW/2834mW
09-26-2026 21:17:06 RAM 4257/7620MB (lfb 30x4MB) SWAP 91/12002MB (cached 0MB) CPU [13%@1728,80%@1728,11%@1728,11%@1728,11%@1728,11%@1728] GR3D_FREQ 17% cpu@55.812C soc2@54.812C soc0@54.125C gpu@57.093C tj@57.093C soc1@55.531C VDD_IN 12456mW/10894mW VDD_CPU_GPU_CV 5091mW/4222mW VDD_SOC 3177mW/2836mW
09-26-2026 21:17:07 RAM 4202/7620MB (lfb 43x4MB) SWAP 91/12002MB (cached 0MB) CPU [52%@1728,100%@1728,52%@1728,52%@1728,52%@1728,52%@1728] GR3D_FREQ 0% cpu@55.718C soc2@54.843C soc0@54.343C gpu@56.031C tj@56.031C soc1@55.531C VDD_IN 10605mW/10892mW VDD_CPU_GPU_CV 3733mW/4219mW VDD_SOC 2912mW/2837mW
09-26-2026 21:17:07 RAM 4417/7620MB (lfb 25x4MB) SWAP 91/12002MB (cached 0MB) CPU [28%@1728,78%@1728,27%@1728,28%@1728,27%@1728,27%@1728] GR3D_FREQ 0% cpu@56.093C soc2@54.875C soc0@54.343C gpu@56.25C tj@56.25C soc1@55.437C VDD_IN 11689mW/10897mW VDD_CPU_GPU_CV 4472mW/4221mW VDD_SOC 3065mW/2838mW
09-26-2026 21:17:08 RAM 4219/7620MB (lfb 39x4MB) SWAP 91/12002MB (cached 0MB) CPU [29%@1728,80%@1728,25%@1728,24%@1728,24%@1728,25%@1728] GR3D_FREQ 64% cpu@55.5C soc2@54.968C soc0@54.25C gpu@57.093C tj@57.093C soc1@55.593C VDD_IN 12162mW/10906mW VDD_CPU_GPU_CV 4896mW/4225mW VDD_SOC 3143mW/2840mW
09-26-2026 21:17:08 RAM 4161/7620MB (lfb 53x4MB) SWAP 91/12002MB (cached 0MB) CPU [52%@1728,94%@1728,52%@1728,51%@1728,52%@1728,52%@1728] GR3D_FREQ 0% cpu@56.125C soc2@54.781C soc0@54.187C gpu@55.937C tj@56.125C soc1@55.5C VDD_IN 10841mW/10905mW VDD_CPU_GPU_CV 3962mW/4223mW VDD_SOC 2952mW/2841mW
09-26-2026 21:17:09 RAM 4417/7620MB (lfb 25x4MB) SWAP 91/12002MB (cached 0MB) CPU [14%@1728,79%@1728,14%@1728,14%@1728,13%@1728,13%@1728] GR3D_FREQ 0% cpu@56.156C soc2@54.875C soc0@54.218C gpu@56.593C tj@56.593C soc1@55.531C VDD_IN 11886mW/10912mW VDD_CPU_GPU_CV 4660mW/4226mW VDD_SOC 3104mW/2843mW
09-26-2026 21:17:09 RAM 4546/7620MB (lfb 26x4MB) SWAP 91/12002MB (cached 0MB) CPU [98%@1728,100%@1728,98%@1728,96%@1728,98%@1728,98%@1728] GR3D_FREQ 0% cpu@57.812C soc2@55.312C soc0@54.375C gpu@56.093C tj@57.812C soc1@55.531C VDD_IN 12849mW/10924mW VDD_CPU_GPU_CV 5630mW/4235mW VDD_SOC 3020mW/2844mW
09-26-2026 21:17:10 RAM 4546/7620MB (lfb 26x4MB) SWAP 91/12002MB (cached 0MB) CPU [100%@1728,100%@1728,100%@1728,100%@1728,100%@1728,100%@1728] GR3D_FREQ 0% cpu@58.062C soc2@55.625C soc0@54.312C gpu@56.687C tj@58.062C soc1@55.656C VDD_IN 13966mW/10944mW VDD_CPU_GPU_CV 7066mW/4254mW VDD_SOC 2859mW/2844mW
09-26-2026 21:17:10 RAM 4685/7620MB (lfb 25x4MB) SWAP 91/12002MB (cached 0MB) CPU [100%@1728,100%@1728,100%@1728,100%@1728,100%@1728,100%@1728] GR3D_FREQ 0% cpu@58.406C soc2@55.625C soc0@54.375C gpu@56.375C tj@58.062C soc1@56.031C VDD_IN 14241mW/10965mW VDD_CPU_GPU_CV 7327mW/4273mW VDD_SOC 2898mW/2844mW
09-26-2026 21:17:11 RAM 4900/7620MB (lfb 8x4MB) SWAP 91/12002MB (cached 0MB) CPU [100%@1728,100%@1728,100%@1728,100%@1728,100%@1728,100%@1728] GR3D_FREQ 0% cpu@58.25C soc2@55.656C soc0@54.406C gpu@56.75C tj@58.25C soc1@55.968C VDD_IN 14335mW/10986mW VDD_CPU_GPU_CV 7444mW/4293mW VDD_SOC 2859mW/2844mW
09-26-2026 21:17:11 RAM 4900/7620MB (lfb 8x4MB) SWAP 91/12002MB (cached 0MB) CPU [100%@1728,100%@1728,100%@1728,100%@1728,100%@1728,100%@1728] GR3D_FREQ 0% cpu@58.656C soc2@55.781C soc0@54.375C gpu@56.687C tj@58.656C soc1@56C VDD_IN 14413mW/11008mW VDD_CPU_GPU_CV 7600mW/4314mW VDD_SOC 2859mW/2845mW
09-26-2026 21:17:12 RAM 4544/7620MB (lfb 24x4MB) SWAP 91/12002MB (cached 0MB) CPU [100%@1728,98%@1728,94%@1728,100%@1728,98%@1728,98%@1728] GR3D_FREQ 0% cpu@57.937C soc2@55.718C soc0@54.593C gpu@56.812C tj@58C soc1@56C VDD_IN 13456mW/11024mW VDD_CPU_GPU_CV 6285mW/4327mW VDD_SOC 2976mW/2845mW
09-26-2026 21:17:12 RAM 4544/7620MB (lfb 24x4MB) SWAP 91/12002MB (cached 0MB) CPU [100%@1728,100%@1728,100%@1728,100%@1728,100%@1728,100%@1728] GR3D_FREQ 0% cpu@58.468C soc2@55.906C soc0@54.5C gpu@56.656C tj@58.468C soc1@56.031C VDD_IN 13966mW/11042mW VDD_CPU_GPU_CV 7093mW/4344mW VDD_SOC 2859mW/2845mW
09-26-2026 21:17:13 RAM 4544/7620MB (lfb 24x4MB) SWAP 91/12002MB (cached 0MB) CPU [100%@1728,100%@1728,100%@1728,100%@1728,100%@1728,100%@1728] GR3D_FREQ 0% cpu@58.468C soc2@55.906C soc0@54.593C gpu@56.718C tj@58.468C soc1@56.312C VDD_IN 14280mW/11062mW VDD_CPU_GPU_CV 7483mW/4364mW VDD_SOC 2820mW/2845mW
09-26-2026 21:17:13 RAM 4900/7620MB (lfb 7x4MB) SWAP 91/12002MB (cached 0MB) CPU [100%@1728,100%@1728,100%@1728,100%@1728,100%@1728,100%@1728] GR3D_FREQ 0% cpu@58.843C soc2@55.968C soc0@54.468C gpu@56.812C tj@58.843C soc1@56.187C VDD_IN 14335mW/11082mW VDD_CPU_GPU_CV 7366mW/4382mW VDD_SOC 2898mW/2846mW
09-26-2026 21:17:14 RAM 4900/7620MB (lfb 7x4MB) SWAP 91/12002MB (cached 0MB) CPU [100%@1728,100%@1728,100%@1728,100%@1728,100%@1728,100%@1728] GR3D_FREQ 0% cpu@58.906C soc2@56.062C soc0@54.593C gpu@56.718C tj@58.906C soc1@56.281C VDD_IN 14413mW/11103mW VDD_CPU_GPU_CV 7561mW/4402mW VDD_SOC 2859mW/2846mW
09-26-2026 21:17:14 RAM 4900/7620MB (lfb 7x4MB) SWAP 91/12002MB (cached 0MB) CPU [100%@1728,100%@1728,100%@1728,100%@1728,100%@1728,100%@1728] GR3D_FREQ 0% cpu@57.75C soc2@55.968C soc0@54.843C gpu@57.125C tj@57.75C soc1@56.218C VDD_IN 13848mW/11119mW VDD_CPU_GPU_CV 7105mW/4418mW VDD_SOC 2820mW/2846mW
09-26-2026 21:17:15 RAM 4151/7620MB (lfb 34x4MB) SWAP 91/12002MB (cached 0MB) CPU [47%@1728,46%@1728,94%@1728,45%@1728,46%@1728,46%@1728] GR3D_FREQ 0% cpu@56.937C soc2@55.5C soc0@54.656C gpu@56.75C tj@56.937C soc1@56.125C VDD_IN 11217mW/11120mW VDD_CPU_GPU_CV 4550mW/4419mW VDD_SOC 2794mW/2845mW
09-26-2026 21:17:15 RAM 4349/7620MB (lfb 24x4MB) SWAP 91/12002MB (cached 0MB) CPU [4%@1728,5%@1728,77%@1728,6%@1728,8%@1728,5%@1728] GR3D_FREQ 0% cpu@56.968C soc2@55.468C soc0@54.781C gpu@56.75C tj@56.968C soc1@56.218C VDD_IN 11729mW/11124mW VDD_CPU_GPU_CV 4621mW/4420mW VDD_SOC 3025mW/2846mW
09-26-2026 21:17:16 RAM 4161/7620MB (lfb 34x4MB) SWAP 91/12002MB (cached 0MB) CPU [49%@1728,48%@1728,98%@1728,49%@1728,46%@1728,48%@1728] GR3D_FREQ 60% cpu@56.625C soc2@55.312C soc0@54.718C gpu@57.375C tj@57.375C soc1@56.093C VDD_IN 11060mW/11123mW VDD_CPU_GPU_CV 4158mW/4419mW VDD_SOC 2991mW/2847mW
09-26-2026 21:17:16 RAM 4034/7620MB (lfb 58x4MB) SWAP 91/12002MB (cached 0MB) CPU [86%@1728,44%@1728,48%@1728,45%@1728,46%@1728,46%@1728] GR3D_FREQ 0% cpu@57.156C soc2@55.437C soc0@54.75C gpu@56.781C tj@57.156C soc1@56.062C VDD_IN 11414mW/11125mW VDD_CPU_GPU_CV 4393mW/4418mW VDD_SOC 3025mW/2848mW
09-26-2026 21:17:17 RAM 4181/7620MB (lfb 27x4MB) SWAP 91/12002MB (cached 0MB) CPU [75%@1728,19%@1728,6%@1728,6%@1728,7%@1728,5%@1728] GR3D_FREQ 55% cpu@56.093C soc2@55.375C soc0@54.562C gpu@57.687C tj@57.687C soc1@56.031C VDD_IN 12614mW/11134mW VDD_CPU_GPU_CV 5239mW/4423mW VDD_SOC 3217mW/2850mW
09-26-2026 21:17:17 RAM 4165/7620MB (lfb 40x4MB) SWAP 91/12002MB (cached 0MB) CPU [52%@1728,98%@1728,52%@1728,54%@1728,52%@1728,54%@1728] GR3D_FREQ 0% cpu@56.25C soc2@55.343C soc0@54.718C gpu@56.468C tj@56.468C soc1@56C VDD_IN 10605mW/11131mW VDD_CPU_GPU_CV 3733mW/4419mW VDD_SOC 2912mW/2851mW
09-26-2026 21:17:18 RAM 4381/7620MB (lfb 24x4MB) SWAP 91/12002MB (cached 0MB) CPU [25%@1728,88%@1728,24%@1728,24%@1728,24%@1728,24%@1728] GR3D_FREQ 0% cpu@56.656C soc2@55.406C soc0@54.75C gpu@56.468C tj@56.656C soc1@55.937C VDD_IN 11729mW/11134mW VDD_CPU_GPU_CV 4582mW/4420mW VDD_SOC 3104mW/2852mW
09-26-2026 21:17:18 RAM 4246/7620MB (lfb 33x4MB) SWAP 91/12002MB (cached 0MB) CPU [28%@1728,92%@1728,27%@1728,27%@1728,27%@1728,27%@1728] GR3D_FREQ 59% cpu@55.937C soc2@55.281C soc0@54.625C gpu@57.375C tj@57.375C soc1@56.093C VDD_IN 11945mW/11139mW VDD_CPU_GPU_CV 4817mW/4422mW VDD_SOC 3143mW/2854mW
09-26-2026 21:17:19 RAM 4420/7620MB (lfb 24x4MB) SWAP 91/12002MB (cached 0MB) CPU [64%@1728,94%@1728,66%@1728,66%@1728,62%@1728,47%@1728] GR3D_FREQ 0% cpu@56.562C soc2@55.406C soc0@54.468C gpu@56.312C tj@56.562C soc1@56.031C VDD_IN 10920mW/11138mW VDD_CPU_GPU_CV 4197mW/4421mW VDD_SOC 2873mW/2854mW
09-26-2026 21:17:19 RAM 4154/7620MB (lfb 52x4MB) SWAP 91/12002MB (cached 0MB) CPU [83%@1728,82%@1728,82%@1728,82%@1728,77%@1728,52%@1728] GR3D_FREQ 0% cpu@56.031C soc2@55.062C soc0@54.562C gpu@56.562C tj@56.562C soc1@55.906C VDD_IN 9950mW/11131mW VDD_CPU_GPU_CV 3536mW/4416mW VDD_SOC 2720mW/2853mW
09-26-2026 21:17:20 RAM 4417/7620MB (lfb 24x4MB) SWAP 91/12002MB (cached 0MB) CPU [11%@1728,9%@1728,8%@1728,9%@1728,11%@1728,82%@1728] GR3D_FREQ 0% cpu@56.406C soc2@55.218C soc0@54.687C gpu@56.687C tj@56.687C soc1@55.937C VDD_IN 11768mW/11134mW VDD_CPU_GPU_CV 4582mW/4417mW VDD_SOC 3104mW/2855mW
09-26-2026 21:17:20 RAM 4233/7620MB (lfb 32x4MB) SWAP 91/12002MB (cached 0MB) CPU [47%@1728,46%@1728,47%@1728,46%@1728,46%@1728,97%@1728] GR3D_FREQ 61% cpu@55.812C soc2@55.031C soc0@54.625C gpu@57.031C tj@57.312C soc1@56.25C VDD_IN 11117mW/11134mW VDD_CPU_GPU_CV 4119mW/4415mW VDD_SOC 2991mW/2856mW
09-26-2026 21:17:21 RAM 4100/7620MB (lfb 59x4MB) SWAP 91/12002MB (cached 0MB) CPU [47%@1728,46%@1728,46%@1728,46%@1728,74%@1728,61%@1728] GR3D_FREQ 0% cpu@57C soc2@55.218C soc0@54.593C gpu@56.5C tj@57C soc1@56C VDD_IN 11453mW/11136mW VDD_CPU_GPU_CV 4354mW/4415mW VDD_SOC 3025mW/2856mW
09-26-2026 21:17:21 RAM 4252/7620MB (lfb 27x4MB) SWAP 91/12002MB (cached 0MB) CPU [6%@1728,8%@1728,7%@1728,7%@1728,82%@1728,12%@1728] GR3D_FREQ 53% cpu@56.031C soc2@55.156C soc0@54.562C gpu@57.375C tj@57.375C soc1@55.937C VDD_IN 12614mW/11144mW VDD_CPU_GPU_CV 5200mW/4419mW VDD_SOC 3217mW/2858mW
09-26-2026 21:17:22 RAM 4195/7620MB (lfb 43x4MB) SWAP 91/12002MB (cached 0MB) CPU [54%@1728,52%@1728,54%@1728,54%@1728,54%@1728,100%@1728] GR3D_FREQ 0% cpu@56.031C soc2@55.156C soc0@54.812C gpu@56.312C tj@56.312C soc1@55.875C VDD_IN 10605mW/11141mW VDD_CPU_GPU_CV 3733mW/4416mW VDD_SOC 2912mW/2859mW
09-26-2026 21:17:22 RAM 4414/7620MB (lfb 24x4MB) SWAP 91/12002MB (cached 0MB) CPU [22%@1728,23%@1728,22%@1728,23%@1728,42%@1728,65%@1728] GR3D_FREQ 0% cpu@56.625C soc2@55.25C soc0@54.687C gpu@56.781C tj@56.781C soc1@55.843C VDD_IN 11768mW/11145mW VDD_CPU_GPU_CV 4582mW/4416mW VDD_SOC 3104mW/2860mW
09-26-2026 21:17:23 RAM 4238/7620MB (lfb 31x4MB) SWAP 91/12002MB (cached 0MB) CPU [32%@1728,30%@1728,31%@1728,30%@1728,84%@1728,39%@1728] GR3D_FREQ 58% cpu@56.031C soc2@55.187C soc0@54.562C gpu@57.343C tj@57.343C soc1@56C VDD_IN 11808mW/11149mW VDD_CPU_GPU_CV 4582mW/4417mW VDD_SOC 3104mW/2862mW
09-26-2026 21:17:23 RAM 4124/7620MB (lfb 60x4MB) SWAP 91/12002MB (cached 0MB) CPU [54%@1728,52%@1728,54%@1728,54%@1728,54%@1728,94%@1728] GR3D_FREQ 0% cpu@56.375C soc2@55.156C soc0@54.625C gpu@56.625C tj@56.625C soc1@56C VDD_IN 11156mW/11149mW VDD_CPU_GPU_CV 4158mW/4416mW VDD_SOC 2952mW/2862mW
09-26-2026 21:17:24 RAM 4413/7620MB (lfb 24x4MB) SWAP 91/12002MB (cached 0MB) CPU [1%@1728,0%@1728,0%@1728,0%@1728,0%@1728,86%@1728] GR3D_FREQ 0% cpu@56.031C soc2@55.218C soc0@54.812C gpu@56.812C tj@56.812C soc1@55.906C VDD_IN 12280mW/11155mW VDD_CPU_GPU_CV 4856mW/4418mW VDD_SOC 3182mW/2864mW
09-26-2026 21:17:24 RAM 4220/7620MB (lfb 35x4MB) SWAP 91/12002MB (cached 0MB) CPU [53%@1728,52%@1728,54%@1728,54%@1728,54%@1728,98%@1728] GR3D_FREQ 54% cpu@55.843C soc2@55.156C soc0@54.781C gpu@56.875C tj@56.875C soc1@55.843C VDD_IN 10841mW/11153mW VDD_CPU_GPU_CV 3844mW/4415mW VDD_SOC 2952mW/2864mW
09-26-2026 21:17:25 RAM 4412/7620MB (lfb 24x4MB) SWAP 91/12002MB (cached 0MB) CPU [38%@1728,38%@1728,38%@1728,38%@1728,38%@1728,88%@1728] GR3D_FREQ 0% cpu@56.906C soc2@55.312C soc0@54.718C gpu@56.437C tj@56.906C soc1@56.031C VDD_IN 11571mW/11155mW VDD_CPU_GPU_CV 4472mW/4416mW VDD_SOC 3025mW/2865mW
09-26-2026 21:17:25 RAM 4547/7620MB (lfb 23x4MB) SWAP 91/12002MB (cached 0MB) CPU [96%@1728,96%@1728,98%@1728,98%@1728,96%@1728,96%@1728] GR3D_FREQ 0% cpu@58.281C soc2@55.843C soc0@54.687C gpu@56.625C tj@58.281C soc1@56.093C VDD_IN 13282mW/11167mW VDD_CPU_GPU_CV 6207mW/4425mW VDD_SOC 2981mW/2866mW
09-26-2026 21:17:26 RAM 4547/7620MB (lfb 23x4MB) SWAP 91/12002MB (cached 0MB) CPU [100%@1728,100%@1728,100%@1728,100%@1728,100%@1728,100%@1728] GR3D_FREQ 0% cpu@58.687C soc2@55.968C soc0@54.906C gpu@56.625C tj@58.687C soc1@56.093C VDD_IN 14123mW/11183mW VDD_CPU_GPU_CV 7210mW/4440mW VDD_SOC 2859mW/2866mW
09-26-2026 21:17:26 RAM 4902/7620MB (lfb 7x4MB) SWAP 91/12002MB (cached 0MB) CPU [100%@1728,100%@1728,100%@1728,100%@1728,100%@1728,100%@1728] GR3D_FREQ 0% cpu@58.593C soc2@56.125C soc0@54.843C gpu@57.125C tj@58.593C soc1@56.218C VDD_IN 14280mW/11199mW VDD_CPU_GPU_CV 7132mW/4454mW VDD_SOC 2976mW/2866mW
09-26-2026 21:17:27 RAM 4902/7620MB (lfb 7x4MB) SWAP 91/12002MB (cached 0MB) CPU [100%@1728,100%@1728,100%@1728,100%@1728,100%@1728,100%@1728] GR3D_FREQ 0% cpu@58.75C soc2@56.187C soc0@54.843C gpu@57.062C tj@58.75C soc1@56.25C VDD_IN 14374mW/11216mW VDD_CPU_GPU_CV 7522mW/4471mW VDD_SOC 2859mW/2866mW
09-26-2026 21:17:27 RAM 4902/7620MB (lfb 7x4MB) SWAP 91/12002MB (cached 0MB) CPU [100%@1728,100%@1728,100%@1728,100%@1728,100%@1728,100%@1728] GR3D_FREQ 0% cpu@58.843C soc2@56.218C soc0@54.843C gpu@57.125C tj@58.843C soc1@56.531C VDD_IN 14413mW/11233mW VDD_CPU_GPU_CV 7639mW/4487mW VDD_SOC 2820mW/2866mW
09-26-2026 21:17:28 RAM 4543/7620MB (lfb 24x4MB) SWAP 91/12002MB (cached 0MB) CPU [94%@1728,96%@1728,96%@1728,94%@1728,96%@1728,98%@1728] GR3D_FREQ 0% cpu@58.906C soc2@56.156C soc0@54.812C gpu@57.031C tj@58.906C soc1@56.437C VDD_IN 13652mW/11245mW VDD_CPU_GPU_CV 6597mW/4498mW VDD_SOC 2937mW/2866mW
09-26-2026 21:17:28 RAM 4543/7620MB (lfb 24x4MB) SWAP 91/12002MB (cached 0MB) CPU [100%@1728,100%@1728,100%@1728,100%@1728,100%@1728,100%@1728] GR3D_FREQ 0% cpu@59.031C soc2@56.343C soc0@54.875C gpu@57.031C tj@59.031C soc1@56.406C VDD_IN 14241mW/11261mW VDD_CPU_GPU_CV 7366mW/4513mW VDD_SOC 2859mW/2866mW
09-26-2026 21:17:29 RAM 4543/7620MB (lfb 24x4MB) SWAP 91/12002MB (cached 0MB) CPU [100%@1728,100%@1728,100%@1728,100%@1728,100%@1728,100%@1728] GR3D_FREQ 0% cpu@59.093C soc2@56.468C soc0@55.093C gpu@57.187C tj@59.093C soc1@56.5C VDD_IN 14335mW/11277mW VDD_CPU_GPU_CV 7561mW/4529mW VDD_SOC 2820mW/2866mW
09-26-2026 21:17:30 RAM 4896/7620MB (lfb 8x4MB) SWAP 91/12002MB (cached 0MB) CPU [100%@1728,100%@1728,100%@1728,100%@1728,100%@1728,100%@1728] GR3D_FREQ 0% cpu@58.968C soc2@56.406C soc0@55.093C gpu@57.093C tj@58.968C soc1@56.718C VDD_IN 14374mW/11293mW VDD_CPU_GPU_CV 7444mW/4544mW VDD_SOC 2859mW/2866mW
09-26-2026 21:17:30 RAM 4896/7620MB (lfb 8x4MB) SWAP 91/12002MB (cached 0MB) CPU [100%@1728,100%@1728,100%@1728,100%@1728,100%@1728,100%@1728] GR3D_FREQ 0% cpu@59.375C soc2@56.468C soc0@55.062C gpu@57.5C tj@59.375C soc1@56.656C VDD_IN 14413mW/11309mW VDD_CPU_GPU_CV 7600mW/4560mW VDD_SOC 2859mW/2866mW
09-26-2026 21:17:31 RAM 4074/7620MB (lfb 60x4MB) SWAP 91/12002MB (cached 0MB) CPU [100%@1728,98%@1728,98%@1728,100%@1728,100%@1728,96%@1728] GR3D_FREQ 0% cpu@58.75C soc2@56.281C soc0@55.062C gpu@57.156C tj@58.75C soc1@56.625C VDD_IN 13378mW/11319mW VDD_CPU_GPU_CV 6597mW/4570mW VDD_SOC 2824mW/2866mW
09-26-2026 21:17:31 RAM 4180/7620MB (lfb 32x4MB) SWAP 91/12002MB (cached 0MB) CPU [20%@1728,22%@1728,22%@1728,20%@1728,20%@1728,88%@1728] GR3D_FREQ 67% cpu@56.781C soc2@56.062C soc0@55C gpu@58.468C tj@58.468C soc1@56.5C VDD_IN 12692mW/11326mW VDD_CPU_GPU_CV 5357mW/4574mW VDD_SOC 3217mW/2868mW
09-26-2026 21:17:32 RAM 4048/7620MB (lfb 53x4MB) SWAP 91/12002MB (cached 0MB) CPU [52%@1728,52%@1728,58%@1728,54%@1728,54%@1728,84%@1728] GR3D_FREQ 0% cpu@57.75C soc2@55.875C soc0@55.093C gpu@57.156C tj@57.75C soc1@56.375C VDD_IN 11296mW/11326mW VDD_CPU_GPU_CV 4276mW/4573mW VDD_SOC 3025mW/2868mW
09-26-2026 21:17:32 RAM 4348/7620MB (lfb 24x4MB) SWAP 91/12002MB (cached 0MB) CPU [19%@1728,16%@1728,78%@1728,19%@1728,16%@1728,16%@1728] GR3D_FREQ 0% cpu@57.531C soc2@55.812C soc0@55.125C gpu@57.218C tj@57.531C soc1@56.656C VDD_IN 12299mW/11331mW VDD_CPU_GPU_CV 4739mW/4573mW VDD_SOC 3340mW/2871mW
09-26-2026 21:17:33 RAM 4179/7620MB (lfb 25x4MB) SWAP 91/12002MB (cached 0MB) CPU [34%@1728,35%@1728,83%@1728,34%@1728,35%@1728,35%@1728] GR3D_FREQ 68% cpu@57.25C soc2@55.906C soc0@55.062C gpu@58C tj@58.281C soc1@56.5C VDD_IN 12574mW/11337mW VDD_CPU_GPU_CV 4848mW/4575mW VDD_SOC 3452mW/2874mW
09-26-2026 21:17:33 RAM 4154/7620MB (lfb 35x4MB) SWAP 91/12002MB (cached 0MB) CPU [53%@1728,52%@1728,94%@1728,53%@1728,50%@1728,52%@1728] GR3D_FREQ 0% cpu@57.437C soc2@55.625C soc0@55.093C gpu@56.906C tj@57.437C soc1@56.406C VDD_IN 10999mW/11336mW VDD_CPU_GPU_CV 3883mW/4571mW VDD_SOC 3070mW/2875mW
09-26-2026 21:17:34 RAM 4389/7620MB (lfb 24x4MB) SWAP 91/12002MB (cached 0MB) CPU [38%@1728,37%@1728,78%@1728,38%@1728,38%@1728,37%@1728] GR3D_FREQ 0% cpu@57.75C soc2@55.812C soc0@55.187C gpu@56.937C tj@57.75C soc1@56.343C VDD_IN 11926mW/11339mW VDD_CPU_GPU_CV 4504mW/4571mW VDD_SOC 3222mW/2876mW
09-26-2026 21:17:34 RAM 4431/7620MB (lfb 25x4MB) SWAP 91/12002MB (cached 0MB) CPU [15%@1728,15%@1728,79%@1728,15%@1728,15%@1728,15%@1728] GR3D_FREQ 0% cpu@57.156C soc2@55.781C soc0@55.156C gpu@57.531C tj@57.531C soc1@56.25C VDD_IN 12849mW/11346mW VDD_CPU_GPU_CV 4927mW/4573mW VDD_SOC 3491mW/2879mW
09-26-2026 21:17:35 RAM 4251/7620MB (lfb 26x4MB) SWAP 91/12002MB (cached 0MB) CPU [50%@1728,50%@1728,92%@1728,50%@1728,50%@1728,50%@1728] GR3D_FREQ 70% cpu@57.218C soc2@55.718C soc0@55C gpu@57.781C tj@57.781C soc1@56.437C VDD_IN 11571mW/11347mW VDD_CPU_GPU_CV 4190mW/4571mW VDD_SOC 3222mW/2881mW
09-26-2026 21:17:35 RAM 4157/7620MB (lfb 50x4MB) SWAP 91/12002MB (cached 0MB) CPU [52%@1728,52%@1728,86%@1728,54%@1728,52%@1728,52%@1728] GR3D_FREQ 0% cpu@57.625C soc2@55.718C soc0@55.031C gpu@57C tj@57.312C soc1@56.468C VDD_IN 11375mW/11347mW VDD_CPU_GPU_CV 4158mW/4569mW VDD_SOC 3104mW/2882mW
09-26-2026 21:17:36 RAM 4437/7620MB (lfb 24x4MB) SWAP 91/12002MB (cached 0MB) CPU [22%@1728,24%@1728,78%@1728,23%@1728,23%@1728,23%@1728] GR3D_FREQ 0% cpu@57.75C soc2@55.937C soc0@55.187C gpu@57.156C tj@57.75C soc1@56.312C VDD_IN 12260mW/11352mW VDD_CPU_GPU_CV 4660mW/4569mW VDD_SOC 3340mW/2884mW
09-26-2026 21:17:36 RAM 4277/7620MB (lfb 25x4MB) SWAP 91/12002MB (cached 0MB) CPU [31%@1728,28%@1728,80%@1728,30%@1728,29%@1728,30%@1728] GR3D_FREQ 70% cpu@56.656C soc2@55.812C soc0@55.187C gpu@58.187C tj@58.187C soc1@56.312C VDD_IN 13124mW/11360mW VDD_CPU_GPU_CV 5239mW/4573mW VDD_SOC 3570mW/2888mW
09-26-2026 21:17:37 RAM 4222/7620MB (lfb 34x4MB) SWAP 91/12002MB (cached 0MB) CPU [50%@1728,52%@1728,98%@1728,50%@1728,52%@1728,50%@1728] GR3D_FREQ 0% cpu@57.25C soc2@55.656C soc0@55.125C gpu@56.875C tj@57.25C soc1@56.468C VDD_IN 10841mW/11358mW VDD_CPU_GPU_CV 3766mW/4569mW VDD_SOC 3030mW/2888mW
09-26-2026 21:17:37 RAM 4126/7620MB (lfb 57x4MB) SWAP 91/12002MB (cached 0MB) CPU [47%@1728,46%@1728,78%@1728,46%@1728,45%@1728,45%@1728] GR3D_FREQ 0% cpu@57.25C soc2@55.656C soc0@54.875C gpu@57.25C tj@57.25C soc1@56.375C VDD_IN 11847mW/11360mW VDD_CPU_GPU_CV 4425mW/4568mW VDD_SOC 3222mW/2890mW
09-26-2026 21:17:38 RAM 4437/7620MB (lfb 24x4MB) SWAP 91/12002MB (cached 0MB) CPU [13%@1728,13%@1728,78%@1728,13%@1728,13%@1728,14%@1728] GR3D_FREQ 0% cpu@57.5C soc2@55.687C soc0@54.968C gpu@57.625C tj@57.625C soc1@56.343C VDD_IN 12692mW/11366mW VDD_CPU_GPU_CV 4848mW/4569mW VDD_SOC 3491mW/2893mW
09-26-2026 21:17:38 RAM 4255/7620MB (lfb 28x4MB) SWAP 91/12002MB (cached 0MB) CPU [46%@1728,46%@1728,92%@1728,47%@1728,46%@1728,46%@1728] GR3D_FREQ 68% cpu@56.75C soc2@55.812C soc0@55.187C gpu@58.156C tj@58.156C soc1@56.281C VDD_IN 11847mW/11369mW VDD_CPU_GPU_CV 4386mW/4569mW VDD_SOC 3261mW/2895mW
09-26-2026 21:17:39 RAM 4170/7620MB (lfb 47x4MB) SWAP 91/12002MB (cached 0MB) CPU [52%@1728,50%@1728,86%@1728,52%@1728,53%@1728,50%@1728] GR3D_FREQ 0% cpu@57.281C soc2@55.656C soc0@55.093C gpu@57.031C tj@57.531C soc1@56.187C VDD_IN 11256mW/11368mW VDD_CPU_GPU_CV 4080mW/4566mW VDD_SOC 3104mW/2896mW
09-26-2026 21:17:39 RAM 4444/7620MB (lfb 24x4MB) SWAP 91/12002MB (cached 0MB) CPU [43%@1728,40%@1728,90%@1728,40%@1728,50%@1728,32%@1728] GR3D_FREQ 0% cpu@57.343C soc2@55.781C soc0@55.062C gpu@57.125C tj@57.343C soc1@56.5C VDD_IN 12574mW/11374mW VDD_CPU_GPU_CV 4966mW/4568mW VDD_SOC 3334mW/2898mW
09-26-2026 21:17:40 RAM 4562/7620MB (lfb 25x4MB) SWAP 91/12002MB (cached 0MB) CPU [92%@1728,98%@1728,97%@1728,94%@1728,96%@1728,98%@1728] GR3D_FREQ 0% cpu@58.906C soc2@56.093C soc0@55.062C gpu@57.062C tj@58.906C soc1@56.468C VDD_IN 13124mW/11382mW VDD_CPU_GPU_CV 5865mW/4574mW VDD_SOC 3099mW/2899mW
09-26-2026 21:17:40 RAM 4562/7620MB (lfb 25x4MB) SWAP 91/12002MB (cached 0MB) CPU [100%@1728,100%@1728,100%@1728,100%@1728,100%@1728,100%@1728] GR3D_FREQ 0% cpu@58.937C soc2@56.343C soc0@55.281C gpu@57.125C tj@58.937C soc1@56.5C VDD_IN 14045mW/11394mW VDD_CPU_GPU_CV 7132mW/4586mW VDD_SOC 2898mW/2899mW
09-26-2026 21:17:41 RAM 4819/7620MB (lfb 24x4MB) SWAP 91/12002MB (cached 0MB) CPU [100%@1728,100%@1728,100%@1728,100%@1728,100%@1728,100%@1728] GR3D_FREQ 0% cpu@58.718C soc2@56.312C soc0@55.25C gpu@57.312C tj@58.718C soc1@56.593C VDD_IN 14241mW/11408mW VDD_CPU_GPU_CV 7171mW/4598mW VDD_SOC 2937mW/2899mW
09-26-2026 21:17:41 RAM 4919/7620MB (lfb 4x4MB) SWAP 91/12002MB (cached 0MB) CPU [100%@1728,100%@1728,100%@1728,100%@1728,100%@1728,100%@1728] GR3D_FREQ 0% cpu@59.156C soc2@56.593C soc0@55.343C gpu@57.25C tj@59.25C soc1@56.687C VDD_IN 14374mW/11421mW VDD_CPU_GPU_CV 7483mW/4611mW VDD_SOC 2859mW/2899mW
09-26-2026 21:17:42 RAM 4919/7620MB (lfb 4x4MB) SWAP 91/12002MB (cached 0MB) CPU [100%@1728,100%@1728,100%@1728,100%@1728,100%@1728,100%@1728] GR3D_FREQ 0% cpu@59.25C soc2@56.656C soc0@55.312C gpu@57.406C tj@59.25C soc1@56.625C VDD_IN 14413mW/11435mW VDD_CPU_GPU_CV 7600mW/4625mW VDD_SOC 2820mW/2898mW
09-26-2026 21:17:42 RAM 4557/7620MB (lfb 24x4MB) SWAP 91/12002MB (cached 0MB) CPU [96%@1728,96%@1728,94%@1728,94%@1728,96%@1728,98%@1728] GR3D_FREQ 0% cpu@58.312C soc2@56.375C soc0@55.25C gpu@57.343C tj@58.312C soc1@56.875C VDD_IN 13221mW/11443mW VDD_CPU_GPU_CV 6090mW/4632mW VDD_SOC 2981mW/2899mW
09-26-2026 21:17:43 RAM 4557/7620MB (lfb 24x4MB) SWAP 91/12002MB (cached 0MB) CPU [100%@1728,100%@1728,100%@1728,100%@1728,100%@1728,100%@1728] GR3D_FREQ 0% cpu@59.437C soc2@56.718C soc0@55.25C gpu@57.718C tj@59.437C soc1@56.843C VDD_IN 14084mW/11455mW VDD_CPU_GPU_CV 7210mW/4643mW VDD_SOC 2859mW/2898mW
09-26-2026 21:17:43 RAM 4557/7620MB (lfb 24x4MB) SWAP 91/12002MB (cached 0MB) CPU [100%@1728,100%@1728,100%@1728,100%@1728,100%@1728,100%@1728] GR3D_FREQ 0% cpu@59.5C soc2@56.781C soc0@55.5C gpu@57.625C tj@59.562C soc1@56.781C VDD_IN 14335mW/11468mW VDD_CPU_GPU_CV 7522mW/4656mW VDD_SOC 2820mW/2898mW
09-26-2026 21:17:44 RAM 4915/7620MB (lfb 5x4MB) SWAP 91/12002MB (cached 0MB) CPU [100%@1728,100%@1728,100%@1728,100%@1728,100%@1728,100%@1728] GR3D_FREQ 0% cpu@59.468C soc2@56.781C soc0@55.406C gpu@57.812C tj@59.468C soc1@56.843C VDD_IN 14335mW/11481mW VDD_CPU_GPU_CV 7366mW/4669mW VDD_SOC 2898mW/2898mW
09-26-2026 21:17:44 RAM 4915/7620MB (lfb 5x4MB) SWAP 91/12002MB (cached 0MB) CPU [100%@1728,100%@1728,100%@1728,100%@1728,100%@1728,100%@1728] GR3D_FREQ 0% cpu@59.406C soc2@56.906C soc0@55.375C gpu@57.625C tj@59.468C soc1@57.187C VDD_IN 14413mW/11494mW VDD_CPU_GPU_CV 7600mW/4682mW VDD_SOC 2859mW/2898mW
09-26-2026 21:17:45 RAM 4915/7620MB (lfb 5x4MB) SWAP 91/12002MB (cached 0MB) CPU [100%@1728,100%@1728,100%@1728,100%@1728,100%@1728,100%@1728] GR3D_FREQ 0% cpu@58.406C soc2@56.718C soc0@55.437C gpu@57.5C tj@58.406C soc1@57C VDD_IN 13770mW/11504mW VDD_CPU_GPU_CV 7027mW/4692mW VDD_SOC 2820mW/2898mW
09-26-2026 21:17:45 RAM 4067/7620MB (lfb 51x4MB) SWAP 91/12002MB (cached 0MB) CPU [43%@1728,40%@1728,42%@1728,42%@1728,42%@1728,84%@1728] GR3D_FREQ 99% cpu@57.25C soc2@56.281C soc0@55.406C gpu@59.156C tj@59.156C soc1@56.968C VDD_IN 12849mW/11510mW VDD_CPU_GPU_CV 5670mW/4697mW VDD_SOC 3099mW/2898mW
09-26-2026 21:17:46 RAM 4048/7620MB (lfb 50x4MB) SWAP 91/12002MB (cached 0MB) CPU [54%@1728,54%@1728,54%@1728,53%@1728,53%@1728,88%@1728] GR3D_FREQ 0% cpu@57.343C soc2@56.218C soc0@55.531C gpu@57.5C tj@57.5C soc1@56.687C VDD_IN 11453mW/11510mW VDD_CPU_GPU_CV 4347mW/4695mW VDD_SOC 3025mW/2899mW
09-26-2026 21:17:46 RAM 4047/7620MB (lfb 50x4MB) SWAP 91/12002MB (cached 0MB) CPU [50%@1728,50%@1728,50%@1728,50%@1728,51%@1728,78%@1728] GR3D_FREQ 0% cpu@57.5C soc2@56.218C soc0@55.531C gpu@57.437C tj@57.593C soc1@56.718C VDD_IN 12004mW/11512mW VDD_CPU_GPU_CV 4660mW/4695mW VDD_SOC 3182mW/2900mW
09-26-2026 21:17:47 RAM 4207/7620MB (lfb 25x4MB) SWAP 91/12002MB (cached 0MB) CPU [33%@1728,33%@1728,32%@1728,32%@1728,32%@1728,76%@1728] GR3D_FREQ 0% cpu@57.312C soc2@56.187C soc0@55.437C gpu@57.687C tj@57.687C soc1@56.812C VDD_IN 12378mW/11516mW VDD_CPU_GPU_CV 4888mW/4696mW VDD_SOC 3295mW/2902mW
09-26-2026 21:17:47 RAM 4243/7620MB (lfb 25x4MB) SWAP 91/12002MB (cached 0MB) CPU [33%@1728,33%@1728,33%@1728,34%@1728,33%@1728,78%@1728] GR3D_FREQ 0% cpu@57.406C soc2@56.062C soc0@55.5C gpu@57.625C tj@57.625C soc1@56.656C VDD_IN 13046mW/11523mW VDD_CPU_GPU_CV 5239mW/4698mW VDD_SOC 3491mW/2905mW
09-26-2026 21:17:48 RAM 4125/7620MB (lfb 37x4MB) SWAP 91/12002MB (cached 0MB) CPU [46%@1728,46%@1728,47%@1728,46%@1728,47%@1728,76%@1728] GR3D_FREQ 97% cpu@57.156C soc2@56.187C soc0@55.343C gpu@58.968C tj@58.968C soc1@56.656C VDD_IN 13848mW/11533mW VDD_CPU_GPU_CV 5895mW/4703mW VDD_SOC 3642mW/2908mW
09-26-2026 21:17:48 RAM 4131/7620MB (lfb 40x4MB) SWAP 91/12002MB (cached 0MB) CPU [54%@1728,54%@1728,52%@1728,54%@1728,52%@1728,98%@1728] GR3D_FREQ 70% cpu@56.843C soc2@56.031C soc0@55.468C gpu@58.25C tj@58.25C soc1@56.593C VDD_IN 11571mW/11533mW VDD_CPU_GPU_CV 4347mW/4702mW VDD_SOC 3143mW/2909mW
09-26-2026 21:17:49 RAM 4130/7620MB (lfb 38x4MB) SWAP 91/12002MB (cached 0MB) CPU [54%@1728,52%@1728,54%@1728,52%@1728,52%@1728,80%@1728] GR3D_FREQ 0% cpu@57C soc2@56C soc0@55.468C gpu@57.218C tj@57.218C soc1@56.625C VDD_IN 11611mW/11533mW VDD_CPU_GPU_CV 4347mW/4700mW VDD_SOC 3143mW/2910mW
09-26-2026 21:17:49 RAM 4130/7620MB (lfb 40x4MB) SWAP 91/12002MB (cached 0MB) CPU [47%@1728,46%@1728,46%@1728,47%@1728,46%@1728,76%@1728] GR3D_FREQ 0% cpu@57.687C soc2@56.187C soc0@55.375C gpu@57.656C tj@57.687C soc1@56.75C VDD_IN 12103mW/11536mW VDD_CPU_GPU_CV 4700mW/4700mW VDD_SOC 3261mW/2911mW
09-26-2026 21:17:50 RAM 4289/7620MB (lfb 25x4MB) SWAP 91/12002MB (cached 0MB) CPU [32%@1728,33%@1728,32%@1728,32%@1728,33%@1728,78%@1728] GR3D_FREQ 0% cpu@57.437C soc2@56.093C soc0@55.375C gpu@57.625C tj@57.625C soc1@56.75C VDD_IN 12496mW/11540mW VDD_CPU_GPU_CV 4966mW/4701mW VDD_SOC 3373mW/2913mW
09-26-2026 21:17:50 RAM 4289/7620MB (lfb 25x4MB) SWAP 91/12002MB (cached 0MB) CPU [33%@1728,34%@1728,34%@1728,33%@1728,33%@1728,76%@1728] GR3D_FREQ 0% cpu@57.125C soc2@56.187C soc0@55.406C gpu@57.937C tj@57.937C soc1@56.75C VDD_IN 13103mW/11547mW VDD_CPU_GPU_CV 5279mW/4704mW VDD_SOC 3530mW/2916mW
09-26-2026 21:17:51 RAM 4130/7620MB (lfb 38x4MB) SWAP 91/12002MB (cached 0MB) CPU [50%@1728,48%@1728,50%@1728,50%@1728,50%@1728,82%@1728] GR3D_FREQ 99% cpu@56.937C soc2@56.281C soc0@55.562C gpu@59.125C tj@59.125C soc1@56.625C VDD_IN 13535mW/11555mW VDD_CPU_GPU_CV 5699mW/4708mW VDD_SOC 3603mW/2919mW
09-26-2026 21:17:51 RAM 4135/7620MB (lfb 41x4MB) SWAP 91/12002MB (cached 0MB) CPU [52%@1728,52%@1728,52%@1728,52%@1728,52%@1728,95%@1728] GR3D_FREQ 0% cpu@56.906C soc2@55.968C soc0@55.5C gpu@57.781C tj@57.781C soc1@56.562C VDD_IN 11178mW/11553mW VDD_CPU_GPU_CV 4040mW/4705mW VDD_SOC 3104mW/2920mW
09-26-2026 21:17:52 RAM 4130/7620MB (lfb 36x4MB) SWAP 91/12002MB (cached 0MB) CPU [55%@1728,55%@1728,54%@1728,56%@1728,54%@1728,78%@1728] GR3D_FREQ 0% cpu@57.187C soc2@56.031C soc0@55.406C gpu@57.468C tj@57.468C soc1@56.812C VDD_IN 11689mW/11554mW VDD_CPU_GPU_CV 4386mW/4704mW VDD_SOC 3143mW/2920mW
09-26-2026 21:17:52 RAM 4145/7620MB (lfb 32x4MB) SWAP 91/12002MB (cached 0MB) CPU [41%@1728,42%@1728,43%@1728,41%@1728,42%@1728,76%@1728] GR3D_FREQ 0% cpu@57.531C soc2@56.187C soc0@55.5C gpu@57.625C tj@57.625C soc1@56.625C VDD_IN 12181mW/11557mW VDD_CPU_GPU_CV 4739mW/4704mW VDD_SOC 3261mW/2922mW
09-26-2026 21:17:53 RAM 4564/7620MB (lfb 25x4MB) SWAP 91/12002MB (cached 0MB) CPU [96%@1728,100%@1728,98%@1728,98%@1728,96%@1728,93%@1728] GR3D_FREQ 0% cpu@59.343C soc2@56.562C soc0@55.468C gpu@57.531C tj@59.343C soc1@56.812C VDD_IN 13535mW/11565mW VDD_CPU_GPU_CV 6363mW/4711mW VDD_SOC 3015mW/2922mW
09-26-2026 21:17:53 RAM 4564/7620MB (lfb 25x4MB) SWAP 91/12002MB (cached 0MB) CPU [100%@1728,100%@1728,100%@1728,100%@1728,100%@1728,100%@1728] GR3D_FREQ 0% cpu@59.656C soc2@56.781C soc0@55.343C gpu@57.781C tj@59.656C soc1@56.843C VDD_IN 14201mW/11576mW VDD_CPU_GPU_CV 7288mW/4722mW VDD_SOC 2898mW/2922mW
09-26-2026 21:17:54 RAM 4921/7620MB (lfb 4x4MB) SWAP 91/12002MB (cached 0MB) CPU [100%@1728,100%@1728,100%@1728,100%@1728,100%@1728,100%@1728] GR3D_FREQ 0% cpu@59.5C soc2@56.781C soc0@55.656C gpu@57.687C tj@59.5C soc1@56.937C VDD_IN 14296mW/11587mW VDD_CPU_GPU_CV 7210mW/4732mW VDD_SOC 2976mW/2922mW
09-26-2026 21:17:54 RAM 4921/7620MB (lfb 4x4MB) SWAP 91/12002MB (cached 0MB) CPU [100%@1728,100%@1728,100%@1728,100%@1728,100%@1728,100%@1728] GR3D_FREQ 0% cpu@59.562C soc2@57C soc0@55.687C gpu@57.562C tj@59.562C soc1@56.906C VDD_IN 14413mW/11599mW VDD_CPU_GPU_CV 7561mW/4744mW VDD_SOC 2859mW/2922mW
09-26-2026 21:17:55 RAM 4921/7620MB (lfb 4x4MB) SWAP 91/12002MB (cached 0MB) CPU [100%@1728,100%@1728,100%@1728,100%@1728,100%@1728,100%@1728] GR3D_FREQ 0% cpu@59.593C soc2@57C soc0@55.562C gpu@58C tj@59.593C soc1@57.343C VDD_IN 14452mW/11610mW VDD_CPU_GPU_CV 7639mW/4755mW VDD_SOC 2820mW/2922mW
09-26-2026 21:17:55 RAM 4561/7620MB (lfb 25x4MB) SWAP 91/12002MB (cached 0MB) CPU [98%@1728,98%@1728,98%@1728,98%@1728,98%@1728,100%@1728] GR3D_FREQ 0% cpu@59.625C soc2@56.906C soc0@55.656C gpu@57.843C tj@59.625C soc1@57.25C VDD_IN 13848mW/11619mW VDD_CPU_GPU_CV 6832mW/4764mW VDD_SOC 2937mW/2922mW
09-26-2026 21:17:56 RAM 4561/7620MB (lfb 25x4MB) SWAP 91/12002MB (cached 0MB) CPU [100%@1728,100%@1728,100%@1728,100%@1728,100%@1728,100%@1728] GR3D_FREQ 0% cpu@59.75C soc2@57C soc0@55.718C gpu@58.031C tj@59.75C soc1@57.187C VDD_IN 14257mW/11630mW VDD_CPU_GPU_CV 7405mW/4775mW VDD_SOC 2859mW/2922mW
09-26-2026 21:17:56 RAM 4566/7620MB (lfb 26x4MB) SWAP 91/12002MB (cached 0MB) CPU [100%@1728,100%@1728,100%@1728,100%@1728,100%@1728,100%@1728] GR3D_FREQ 0% cpu@59.843C soc2@57.187C soc0@55.562C gpu@57.968C tj@59.843C soc1@57.187C VDD_IN 14335mW/11641mW VDD_CPU_GPU_CV 7561mW/4786mW VDD_SOC 2820mW/2921mW
09-26-2026 21:17:57 RAM 4917/7620MB (lfb 5x4MB) SWAP 91/12002MB (cached 0MB) CPU [100%@1728,100%@1728,100%@1728,100%@1728,100%@1728,100%@1728] GR3D_FREQ 0% cpu@59.656C soc2@57.125C soc0@55.812C gpu@57.812C tj@59.656C soc1@57.187C VDD_IN 14413mW/11652mW VDD_CPU_GPU_CV 7483mW/4797mW VDD_SOC 2859mW/2921mW
09-26-2026 21:17:57 RAM 4917/7620MB (lfb 5x4MB) SWAP 91/12002MB (cached 0MB) CPU [100%@1728,100%@1728,100%@1728,100%@1728,100%@1728,100%@1728] GR3D_FREQ 0% cpu@59.812C soc2@57.218C soc0@55.718C gpu@58C tj@59.812C soc1@57.468C VDD_IN 14452mW/11664mW VDD_CPU_GPU_CV 7600mW/4808mW VDD_SOC 2854mW/2921mW
09-26-2026 21:17:58 RAM 4138/7620MB (lfb 33x4MB) SWAP 91/12002MB (cached 0MB) CPU [100%@1728,98%@1728,98%@1728,98%@1728,98%@1728,94%@1728] GR3D_FREQ 0% cpu@59.031C soc2@57.031C soc0@55.781C gpu@57.843C tj@59.031C soc1@57.437C VDD_IN 13378mW/11670mW VDD_CPU_GPU_CV 6597mW/4815mW VDD_SOC 2824mW/2920mW
09-26-2026 21:17:58 RAM 4157/7620MB (lfb 24x4MB) SWAP 91/12002MB (cached 0MB) CPU [10%@1728,10%@1728,10%@1728,11%@1728,11%@1728,52%@1728] GR3D_FREQ 0% cpu@57.25C soc2@56.406C soc0@55.812C gpu@57.843C tj@57.843C soc1@57.343C VDD_IN 12496mW/11674mW VDD_CPU_GPU_CV 5200mW/4817mW VDD_SOC 3217mW/2921mW
09-26-2026 21:17:59 RAM 4159/7620MB (lfb 24x4MB) SWAP 91/12002MB (cached 0MB) CPU [1%@1728,1%@1728,0%@1728,0%@1728,0%@1728,1%@1728] GR3D_FREQ 0% cpu@56.781C soc2@56.125C soc0@55.843C gpu@57.687C tj@57.687C soc1@57.031C VDD_IN 9003mW/11663mW VDD_CPU_GPU_CV 2715mW/4808mW VDD_SOC 2724mW/2921mW
09-26-2026 21:17:59 RAM 4489/7620MB (lfb 23x4MB) SWAP 91/12002MB (cached 0MB) CPU [14%@1728,17%@1728,9%@1728,12%@1728,28%@1728,31%@1728] GR3D_FREQ 0% cpu@56.75C soc2@56C soc0@55.687C gpu@57.468C tj@57.156C soc1@57C VDD_IN 8845mW/11652mW VDD_CPU_GPU_CV 2523mW/4799mW VDD_SOC 2685mW/2920mW
09-26-2026 21:18:00 RAM 4501/7620MB (lfb 24x4MB) SWAP 91/12002MB (cached 0MB) CPU [1%@1728,0%@1728,0%@1728,0%@1728,0%@1728,0%@1728] GR3D_FREQ 0% cpu@56.406C soc2@55.968C soc0@55.625C gpu@57.343C tj@57.343C soc1@57C VDD_IN 7870mW/11637mW VDD_CPU_GPU_CV 1895mW/4788mW VDD_SOC 2570mW/2918mW
09-26-2026 21:18:00 RAM 4602/7620MB (lfb 42x4MB) SWAP 91/12002MB (cached 0MB) CPU [2%@1728,0%@1728,0%@1728,0%@1728,0%@1728,50%@1728] GR3D_FREQ 0% cpu@57C soc2@55.812C soc0@55.5C gpu@57.156C tj@57.156C soc1@56.906C VDD_IN 8780mW/11626mW VDD_CPU_GPU_CV 2365mW/4778mW VDD_SOC 2724mW/2918mW
09-26-2026 21:18:01 RAM 4604/7620MB (lfb 43x4MB) SWAP 91/12002MB (cached 0MB) CPU [1%@1728,0%@1728,0%@1728,0%@1728,0%@1728,64%@1728] GR3D_FREQ 99% cpu@57.062C soc2@56.156C soc0@55.75C gpu@58.625C tj@58.625C soc1@56.718C VDD_IN 12417mW/11629mW VDD_CPU_GPU_CV 4700mW/4778mW VDD_SOC 3452mW/2920mW
09-26-2026 21:18:01 RAM 4715/7620MB (lfb 23x4MB) SWAP 91/12002MB (cached 0MB) CPU [0%@1728,0%@1728,0%@1728,0%@1728,0%@1728,57%@1728] GR3D_FREQ 97% cpu@56.937C soc2@56.25C soc0@55.562C gpu@58.625C tj@58.625C soc1@56.75C VDD_IN 14570mW/11640mW VDD_CPU_GPU_CV 6119mW/4783mW VDD_SOC 3871mW/2923mW
09-26-2026 21:18:02 RAM 4689/7620MB (lfb 35x4MB) SWAP 91/12002MB (cached 0MB) CPU [0%@1728,0%@1728,1%@1728,0%@1728,0%@1728,66%@1728] GR3D_FREQ 29% cpu@56.937C soc2@56.281C soc0@55.656C gpu@58.406C tj@58.406C soc1@57C VDD_IN 14570mW/11652mW VDD_CPU_GPU_CV 5963mW/4788mW VDD_SOC 3910mW/2927mW
09-26-2026 21:18:02 RAM 4691/7620MB (lfb 36x4MB) SWAP 91/12002MB (cached 0MB) CPU [0%@1728,0%@1728,0%@1728,0%@1728,0%@1728,70%@1728] GR3D_FREQ 0% cpu@57.437C soc2@56.281C soc0@55.562C gpu@58.25C tj@58.25C soc1@56.875C VDD_IN 13613mW/11659mW VDD_CPU_GPU_CV 5348mW/4790mW VDD_SOC 3720mW/2930mW
09-26-2026 21:18:03 RAM 4689/7620MB (lfb 34x4MB) SWAP 91/12002MB (cached 0MB) CPU [0%@1728,1%@1728,5%@1728,0%@1728,0%@1728,70%@1728] GR3D_FREQ 0% cpu@57.187C soc2@56.187C soc0@55.656C gpu@57.906C tj@57.906C soc1@56.843C VDD_IN 12810mW/11664mW VDD_CPU_GPU_CV 4848mW/4790mW VDD_SOC 3530mW/2933mW
09-26-2026 21:18:03 RAM 4693/7620MB (lfb 38x4MB) SWAP 91/12002MB (cached 0MB) CPU [0%@1728,0%@1728,0%@1728,0%@1728,0%@1728,57%@1728] GR3D_FREQ 99% cpu@57.218C soc2@56.406C soc0@55.812C gpu@59.281C tj@59.281C soc1@56.906C VDD_IN 14139mW/11673mW VDD_CPU_GPU_CV 5885mW/4795mW VDD_SOC 3799mW/2936mW
09-26-2026 21:18:04 RAM 4783/7620MB (lfb 24x4MB) SWAP 91/12002MB (cached 0MB) CPU [1%@1728,0%@1728,0%@1728,0%@1728,0%@1728,59%@1728] GR3D_FREQ 50% cpu@56.968C soc2@56.437C soc0@55.812C gpu@58.843C tj@58.843C soc1@57C VDD_IN 14805mW/11685mW VDD_CPU_GPU_CV 6197mW/4800mW VDD_SOC 3949mW/2940mW
09-26-2026 21:18:04 RAM 4689/7620MB (lfb 34x4MB) SWAP 91/12002MB (cached 0MB) CPU [0%@1728,0%@1728,0%@1728,0%@1728,0%@1728,67%@1728] GR3D_FREQ 0% cpu@57.281C soc2@56.375C soc0@55.781C gpu@58.531C tj@58.531C soc1@57.031C VDD_IN 14296mW/11695mW VDD_CPU_GPU_CV 5807mW/4804mW VDD_SOC 3877mW/2943mW
09-26-2026 21:18:05 RAM 5114/7620MB (lfb 2x2MB) SWAP 91/12002MB (cached 0MB) CPU [25%@1728,27%@1728,27%@1728,26%@1728,25%@1728,66%@1728] GR3D_FREQ 0% cpu@58.593C soc2@56.593C soc0@55.718C gpu@57.906C tj@58.593C soc1@57C VDD_IN 14531mW/11706mW VDD_CPU_GPU_CV 5807mW/4808mW VDD_SOC 3910mW/2947mW
09-26-2026 21:18:05 RAM 5116/7620MB (lfb 5x2MB) SWAP 91/12002MB (cached 0MB) CPU [100%@1728,100%@1728,100%@1728,100%@1728,100%@1728,100%@1728] GR3D_FREQ 0% cpu@59.625C soc2@57C soc0@55.875C gpu@58.281C tj@59.625C soc1@57C VDD_IN 14492mW/11716mW VDD_CPU_GPU_CV 7132mW/4816mW VDD_SOC 3128mW/2948mW
09-26-2026 21:18:06 RAM 5116/7620MB (lfb 5x2MB) SWAP 91/12002MB (cached 0MB) CPU [100%@1728,100%@1728,100%@1728,100%@1728,100%@1728,100%@1728] GR3D_FREQ 0% cpu@59.687C soc2@57.156C soc0@55.843C gpu@58.031C tj@59.687C soc1@57.187C VDD_IN 14452mW/11727mW VDD_CPU_GPU_CV 7483mW/4826mW VDD_SOC 2932mW/2948mW
09-26-2026 21:18:06 RAM 5463/7620MB (lfb 110x1MB) SWAP 91/12002MB (cached 0MB) CPU [100%@1728,100%@1728,100%@1728,100%@1728,100%@1728,100%@1728] GR3D_FREQ 0% cpu@60.031C soc2@57.156C soc0@55.812C gpu@58C tj@60.031C soc1@57.406C VDD_IN 14374mW/11737mW VDD_CPU_GPU_CV 7366mW/4836mW VDD_SOC 2937mW/2948mW
09-26-2026 21:18:07 RAM 5462/7620MB (lfb 9x4MB) SWAP 91/12002MB (cached 0MB) CPU [100%@1728,100%@1728,100%@1728,100%@1728,100%@1728,100%@1728] GR3D_FREQ 0% cpu@59.906C soc2@57.312C soc0@55.843C gpu@58.218C tj@59.906C soc1@57.343C VDD_IN 14413mW/11747mW VDD_CPU_GPU_CV 7561mW/4846mW VDD_SOC 2854mW/2947mW
09-26-2026 21:18:07 RAM 5462/7620MB (lfb 9x4MB) SWAP 91/12002MB (cached 0MB) CPU [100%@1728,100%@1728,100%@1728,100%@1728,100%@1728,100%@1728] GR3D_FREQ 0% cpu@59.156C soc2@57.187C soc0@55.875C gpu@58.093C tj@59.156C soc1@57.406C VDD_IN 14005mW/11755mW VDD_CPU_GPU_CV 7210mW/4855mW VDD_SOC 2820mW/2947mW
09-26-2026 21:18:08 RAM 5114/7620MB (lfb 1x4MB) SWAP 91/12002MB (cached 0MB) CPU [98%@1728,98%@1728,98%@1728,98%@1728,94%@1728,98%@1728] GR3D_FREQ 0% cpu@59.781C soc2@57.281C soc0@56.031C gpu@57.937C tj@59.781C soc1@57.406C VDD_IN 14005mW/11763mW VDD_CPU_GPU_CV 7015mW/4863mW VDD_SOC 2898mW/2947mW
09-26-2026 21:18:09 RAM 5114/7620MB (lfb 1x4MB) SWAP 91/12002MB (cached 0MB) CPU [100%@1728,100%@1728,100%@1728,100%@1728,100%@1728,100%@1728] GR3D_FREQ 0% cpu@59.875C soc2@57.25C soc0@55.906C gpu@58.062C tj@59.906C soc1@57.375C VDD_IN 14335mW/11773mW VDD_CPU_GPU_CV 7483mW/4872mW VDD_SOC 2859mW/2946mW
09-26-2026 21:18:09 RAM 5471/7620MB (lfb 1x4MB) SWAP 91/12002MB (cached 0MB) CPU [100%@1728,100%@1728,100%@1728,100%@1728,100%@1728,100%@1728] GR3D_FREQ 0% cpu@59.625C soc2@57.218C soc0@55.937C gpu@58.031C tj@59.625C soc1@57.531C VDD_IN 14201mW/11782mW VDD_CPU_GPU_CV 7093mW/4881mW VDD_SOC 2976mW/2946mW
09-26-2026 21:18:10 RAM 5471/7620MB (lfb 1x4MB) SWAP 91/12002MB (cached 0MB) CPU [100%@1728,100%@1728,100%@1728,100%@1728,100%@1728,100%@1728] GR3D_FREQ 0% cpu@60.125C soc2@57.312C soc0@55.875C gpu@58.437C tj@60.125C soc1@57.468C VDD_IN 14374mW/11791mW VDD_CPU_GPU_CV 7522mW/4890mW VDD_SOC 2859mW/2946mW
09-26-2026 21:18:10 RAM 5471/7620MB (lfb 1x4MB) SWAP 91/12002MB (cached 0MB) CPU [100%@1728,100%@1728,100%@1728,100%@1728,100%@1728,100%@1728] GR3D_FREQ 0% cpu@60.156C soc2@57.5C soc0@55.937C gpu@58.218C tj@60.25C soc1@57.468C VDD_IN 14413mW/11801mW VDD_CPU_GPU_CV 7639mW/4900mW VDD_SOC 2859mW/2946mW
09-26-2026 21:18:11 RAM 4621/7620MB (lfb 51x4MB) SWAP 91/12002MB (cached 0MB) CPU [88%@1728,88%@1728,86%@1728,88%@1728,90%@1728,88%@1728] GR3D_FREQ 0% cpu@59C soc2@57.187C soc0@56.062C gpu@58.093C tj@59C soc1@57.468C VDD_IN 12692mW/11804mW VDD_CPU_GPU_CV 5904mW/4904mW VDD_SOC 2824mW/2945mW
09-26-2026 21:18:11 RAM 4602/7620MB (lfb 56x4MB) SWAP 91/12002MB (cached 0MB) CPU [1%@1728,0%@1728,1%@1728,0%@1728,72%@1728,0%@1728] GR3D_FREQ 0% cpu@58.312C soc2@56.781C soc0@56C gpu@58.5C tj@58.5C soc1@57.625C VDD_IN 12692mW/11807mW VDD_CPU_GPU_CV 5083mW/4905mW VDD_SOC 3295mW/2947mW
09-26-2026 21:18:12 RAM 4601/7620MB (lfb 56x4MB) SWAP 91/12002MB (cached 0MB) CPU [0%@1728,0%@1728,0%@1728,0%@1728,64%@1728,0%@1728] GR3D_FREQ 99% cpu@57.531C soc2@56.875C soc0@55.937C gpu@59.156C tj@59.156C soc1@57.468C VDD_IN 13378mW/11813mW VDD_CPU_GPU_CV 5426mW/4906mW VDD_SOC 3603mW/2949mW
09-26-2026 21:18:12 RAM 4688/7620MB (lfb 38x4MB) SWAP 91/12002MB (cached 0MB) CPU [0%@1728,0%@1728,1%@1728,0%@1728,56%@1728,0%@1728] GR3D_FREQ 97% cpu@57.75C soc2@56.875C soc0@56C gpu@59.75C tj@59.75C soc1@57.437C VDD_IN 14962mW/11824mW VDD_CPU_GPU_CV 6381mW/4912mW VDD_SOC 3949mW/2952mW
09-26-2026 21:18:13 RAM 4683/7620MB (lfb 47x4MB) SWAP 91/12002MB (cached 0MB) CPU [0%@1728,0%@1728,0%@1728,0%@1728,66%@1728,0%@1728] GR3D_FREQ 23% cpu@57.968C soc2@56.875C soc0@56.25C gpu@58.968C tj@58.968C soc1@57.375C VDD_IN 14727mW/11835mW VDD_CPU_GPU_CV 6080mW/4916mW VDD_SOC 3949mW/2956mW
09-26-2026 21:18:13 RAM 4687/7620MB (lfb 41x4MB) SWAP 91/12002MB (cached 0MB) CPU [3%@1728,0%@1728,0%@1728,1%@1728,70%@1728,0%@1728] GR3D_FREQ 0% cpu@58.125C soc2@56.781C soc0@56.187C gpu@58.437C tj@58.437C soc1@57.406C VDD_IN 13731mW/11841mW VDD_CPU_GPU_CV 5387mW/4918mW VDD_SOC 3720mW/2959mW
09-26-2026 21:18:14 RAM 4687/7620MB (lfb 43x4MB) SWAP 91/12002MB (cached 0MB) CPU [0%@1728,0%@1728,0%@1728,0%@1728,71%@1728,0%@1728] GR3D_FREQ 0% cpu@58.437C soc2@56.718C soc0@56.093C gpu@58.25C tj@58.437C soc1@57.468C VDD_IN 12889mW/11845mW VDD_CPU_GPU_CV 4888mW/4918mW VDD_SOC 3530mW/2961mW
09-26-2026 21:18:14 RAM 4685/7620MB (lfb 40x4MB) SWAP 91/12002MB (cached 0MB) CPU [0%@1728,0%@1728,0%@1728,0%@1728,58%@1728,0%@1728] GR3D_FREQ 99% cpu@57.812C soc2@56.812C soc0@56.093C gpu@59.937C tj@59.937C soc1@57.343C VDD_IN 14061mW/11853mW VDD_CPU_GPU_CV 5768mW/4921mW VDD_SOC 3799mW/2964mW
09-26-2026 21:18:15 RAM 4781/7620MB (lfb 29x4MB) SWAP 91/12002MB (cached 0MB) CPU [0%@1728,0%@1728,0%@1728,0%@1728,60%@1728,0%@1728] GR3D_FREQ 1% cpu@57.531C soc2@56.937C soc0@56.281C gpu@58.968C tj@58.968C soc1@57.281C VDD_IN 14766mW/11863mW VDD_CPU_GPU_CV 6197mW/4925mW VDD_SOC 3949mW/2967mW
09-26-2026 21:18:15 RAM 4685/7620MB (lfb 42x4MB) SWAP 91/12002MB (cached 0MB) CPU [1%@1728,0%@1728,1%@1728,0%@1728,69%@1728,0%@1728] GR3D_FREQ 0% cpu@57.968C soc2@56.875C soc0@56.187C gpu@58.875C tj@58.875C soc1@57.312C VDD_IN 14413mW/11872mW VDD_CPU_GPU_CV 5846mW/4928mW VDD_SOC 3871mW/2970mW
09-26-2026 21:18:16 RAM 4650/7620MB (lfb 47x4MB) SWAP 91/12002MB (cached 0MB) CPU [0%@1728,1%@1728,0%@1728,0%@1728,71%@1728,0%@1728] GR3D_FREQ 0% cpu@58.562C soc2@56.781C soc0@56.25C gpu@58.5C tj@58.562C soc1@57.343C VDD_IN 13417mW/11878mW VDD_CPU_GPU_CV 5231mW/4929mW VDD_SOC 3681mW/2973mW
09-26-2026 21:18:16 RAM 4645/7620MB (lfb 46x4MB) SWAP 91/12002MB (cached 0MB) CPU [47%@1728,48%@1728,48%@1728,48%@1728,77%@1728,46%@1728] GR3D_FREQ 0% cpu@58.593C soc2@56.812C soc0@56.156C gpu@58.218C tj@58.593C soc1@57.406C VDD_IN 12653mW/11880mW VDD_CPU_GPU_CV 4927mW/4929mW VDD_SOC 3413mW/2974mW
09-26-2026 21:18:17 RAM 4807/7620MB (lfb 29x4MB) SWAP 91/12002MB (cached 0MB) CPU [32%@1728,33%@1728,33%@1728,33%@1728,77%@1728,33%@1728] GR3D_FREQ 0% cpu@58.468C soc2@56.906C soc0@56.343C gpu@58.187C tj@58.468C soc1@57.312C VDD_IN 12692mW/11883mW VDD_CPU_GPU_CV 5005mW/4930mW VDD_SOC 3413mW/2976mW
09-26-2026 21:18:17 RAM 4808/7620MB (lfb 29x4MB) SWAP 91/12002MB (cached 0MB) CPU [34%@1728,32%@1728,32%@1728,33%@1728,76%@1728,33%@1728] GR3D_FREQ 0% cpu@58.062C soc2@56.812C soc0@56.25C gpu@58.375C tj@58.375C soc1@57.312C VDD_IN 13181mW/11888mW VDD_CPU_GPU_CV 5270mW/4931mW VDD_SOC 3530mW/2978mW
09-26-2026 21:18:18 RAM 4686/7620MB (lfb 39x4MB) SWAP 91/12002MB (cached 0MB) CPU [48%@1728,48%@1728,49%@1728,48%@1728,80%@1728,48%@1728] GR3D_FREQ 99% cpu@57.718C soc2@56.906C soc0@56.031C gpu@59.593C tj@59.593C soc1@57.531C VDD_IN 13731mW/11894mW VDD_CPU_GPU_CV 5777mW/4934mW VDD_SOC 3603mW/2980mW
09-26-2026 21:18:18 RAM 4721/7620MB (lfb 38x4MB) SWAP 91/12002MB (cached 0MB) CPU [54%@1728,56%@1728,56%@1728,54%@1728,98%@1728,56%@1728] GR3D_FREQ 0% cpu@58.312C soc2@56.656C soc0@56.125C gpu@58.312C tj@58.312C soc1@57.468C VDD_IN 11138mW/11892mW VDD_CPU_GPU_CV 4001mW/4931mW VDD_SOC 3070mW/2980mW
09-26-2026 21:18:19 RAM 4727/7620MB (lfb 39x4MB) SWAP 91/12002MB (cached 0MB) CPU [54%@1728,54%@1728,52%@1728,54%@1728,76%@1728,53%@1728] GR3D_FREQ 0% cpu@58.468C soc2@56.75C soc0@56.031C gpu@58.187C tj@58.468C soc1@57.437C VDD_IN 11689mW/11891mW VDD_CPU_GPU_CV 4425mW/4929mW VDD_SOC 3143mW/2981mW
09-26-2026 21:18:19 RAM 4886/7620MB (lfb 29x4MB) SWAP 91/12002MB (cached 0MB) CPU [42%@1728,41%@1728,43%@1728,43%@1728,78%@1728,42%@1728] GR3D_FREQ 0% cpu@57.875C soc2@56.875C soc0@56.312C gpu@58.062C tj@58.062C soc1@57.343C VDD_IN 12103mW/11892mW VDD_CPU_GPU_CV 4739mW/4928mW VDD_SOC 3261mW/2982mW
09-26-2026 21:18:20 RAM 4885/7620MB (lfb 29x4MB) SWAP 91/12002MB (cached 0MB) CPU [53%@1728,40%@1728,46%@1728,38%@1728,40%@1728,76%@1728] GR3D_FREQ 0% cpu@57.906C soc2@56.843C soc0@56.218C gpu@58.468C tj@58.468C soc1@57.375C VDD_IN 13260mW/11896mW VDD_CPU_GPU_CV 5357mW/4930mW VDD_SOC 3491mW/2984mW
09-26-2026 21:18:20 RAM 4864/7620MB (lfb 29x4MB) SWAP 91/12002MB (cached 0MB) CPU [44%@1728,43%@1728,44%@1728,43%@1728,43%@1728,78%@1728] GR3D_FREQ 10% cpu@57.781C soc2@56.875C soc0@56.156C gpu@59.031C tj@58.875C soc1@57.468C VDD_IN 13731mW/11902mW VDD_CPU_GPU_CV 5699mW/4932mW VDD_SOC 3603mW/2986mW
09-26-2026 21:18:21 RAM 4731/7620MB (lfb 38x4MB) SWAP 91/12002MB (cached 0MB) CPU [54%@1728,54%@1728,54%@1728,54%@1728,56%@1728,94%@1728] GR3D_FREQ 99% cpu@57.437C soc2@56.687C soc0@56.062C gpu@59.437C tj@59.437C soc1@57.437C VDD_IN 12063mW/11903mW VDD_CPU_GPU_CV 4700mW/4931mW VDD_SOC 3261mW/2987mW
09-26-2026 21:18:21 RAM 4733/7620MB (lfb 37x4MB) SWAP 91/12002MB (cached 0MB) CPU [56%@1728,60%@1728,56%@1728,54%@1728,53%@1728,82%@1728] GR3D_FREQ 0% cpu@57.718C soc2@56.718C soc0@56.312C gpu@58.156C tj@58.156C soc1@57.406C VDD_IN 11493mW/11902mW VDD_CPU_GPU_CV 4269mW/4929mW VDD_SOC 3104mW/2987mW
09-26-2026 21:18:22 RAM 4731/7620MB (lfb 36x4MB) SWAP 91/12002MB (cached 0MB) CPU [49%@1728,48%@1728,48%@1728,49%@1728,50%@1728,78%@1728] GR3D_FREQ 0% cpu@58C soc2@56.75C soc0@56.218C gpu@58.031C tj@58.031C soc1@57.312C VDD_IN 12024mW/11902mW VDD_CPU_GPU_CV 4660mW/4928mW VDD_SOC 3222mW/2988mW
09-26-2026 21:18:22 RAM 4889/7620MB (lfb 29x4MB) SWAP 91/12002MB (cached 0MB) CPU [34%@1728,35%@1728,34%@1728,34%@1728,32%@1728,78%@1728] GR3D_FREQ 0% cpu@57.937C soc2@56.781C soc0@56.218C gpu@58.093C tj@58.093C soc1@57.468C VDD_IN 12456mW/11904mW VDD_CPU_GPU_CV 4927mW/4928mW VDD_SOC 3334mW/2989mW
09-26-2026 21:18:23 RAM 4889/7620MB (lfb 29x4MB) SWAP 91/12002MB (cached 0MB) CPU [33%@1728,32%@1728,33%@1728,33%@1728,33%@1728,76%@1728] GR3D_FREQ 0% cpu@57.812C soc2@56.75C soc0@56.062C gpu@58.25C tj@58.25C soc1@57.437C VDD_IN 13025mW/11908mW VDD_CPU_GPU_CV 5239mW/4929mW VDD_SOC 3491mW/2991mW
09-26-2026 21:18:23 RAM 4782/7620MB (lfb 29x4MB) SWAP 91/12002MB (cached 0MB) CPU [48%@1728,49%@1728,49%@1728,49%@1728,49%@1728,92%@1728] GR3D_FREQ 67% cpu@57.687C soc2@56.718C soc0@56.031C gpu@58.718C tj@58.718C soc1@57.281C VDD_IN 11945mW/11908mW VDD_CPU_GPU_CV 4504mW/4928mW VDD_SOC 3261mW/2992mW
09-26-2026 21:18:24 RAM 4693/7620MB (lfb 44x4MB) SWAP 91/12002MB (cached 0MB) CPU [54%@1728,53%@1728,53%@1728,53%@1728,52%@1728,86%@1728] GR3D_FREQ 0% cpu@57.687C soc2@56.718C soc0@56.125C gpu@58.281C tj@58.281C soc1@57.375C VDD_IN 11335mW/11906mW VDD_CPU_GPU_CV 4158mW/4925mW VDD_SOC 3104mW/2992mW
09-26-2026 21:18:24 RAM 4963/7620MB (lfb 10x4MB) SWAP 91/12002MB (cached 0MB) CPU [25%@1728,25%@1728,25%@1728,25%@1728,25%@1728,78%@1728] GR3D_FREQ 0% cpu@57.843C soc2@56.687C soc0@56.25C gpu@58.187C tj@58.187C soc1@57.375C VDD_IN 12260mW/11907mW VDD_CPU_GPU_CV 4660mW/4924mW VDD_SOC 3334mW/2993mW
09-26-2026 21:18:25 RAM 4805/7620MB (lfb 28x4MB) SWAP 91/12002MB (cached 0MB) CPU [29%@1728,29%@1728,29%@1728,29%@1728,29%@1728,80%@1728] GR3D_FREQ 68% cpu@57.437C soc2@56.75C soc0@56.062C gpu@59.468C tj@59.468C soc1@57.437C VDD_IN 13221mW/11911mW VDD_CPU_GPU_CV 5279mW/4926mW VDD_SOC 3603mW/2995mW
09-26-2026 21:18:25 RAM 4787/7620MB (lfb 29x4MB) SWAP 91/12002MB (cached 0MB) CPU [55%@1728,54%@1728,54%@1728,54%@1728,54%@1728,98%@1728] GR3D_FREQ 0% cpu@57.531C soc2@56.531C soc0@56.062C gpu@57.968C tj@57.968C soc1@57.375C VDD_IN 10902mW/11908mW VDD_CPU_GPU_CV 3805mW/4922mW VDD_SOC 3070mW/2995mW
09-26-2026 21:18:26 RAM 4730/7620MB (lfb 37x4MB) SWAP 91/12002MB (cached 0MB) CPU [42%@1728,44%@1728,45%@1728,44%@1728,43%@1728,78%@1728] GR3D_FREQ 0% cpu@58.125C soc2@56.687C soc0@56C gpu@58.031C tj@58.125C soc1@57.312C VDD_IN 11886mW/11908mW VDD_CPU_GPU_CV 4465mW/4920mW VDD_SOC 3261mW/2996mW
09-26-2026 21:18:26 RAM 5036/7620MB (lfb 1x4MB) SWAP 91/12002MB (cached 0MB) CPU [13%@1728,13%@1728,13%@1728,12%@1728,14%@1728,78%@1728] GR3D_FREQ 0% cpu@57.593C soc2@56.687C soc0@56.156C gpu@58.093C tj@58.093C soc1@57.281C VDD_IN 12810mW/11911mW VDD_CPU_GPU_CV 4927mW/4920mW VDD_SOC 3491mW/2998mW
09-26-2026 21:18:27 RAM 4858/7620MB (lfb 17x4MB) SWAP 91/12002MB (cached 0MB) CPU [50%@1728,50%@1728,50%@1728,50%@1728,49%@1728,92%@1728] GR3D_FREQ 71% cpu@57.343C soc2@56.687C soc0@56C gpu@58.781C tj@58.781C soc1@57.25C VDD_IN 11689mW/11910mW VDD_CPU_GPU_CV 4308mW/4918mW VDD_SOC 3261mW/2999mW
09-26-2026 21:18:27 RAM 4758/7620MB (lfb 36x4MB) SWAP 91/12002MB (cached 0MB) CPU [56%@1728,54%@1728,54%@1728,54%@1728,54%@1728,86%@1728] GR3D_FREQ 0% cpu@57.687C soc2@56.625C soc0@56.031C gpu@57.812C tj@57.812C soc1@57.375C VDD_IN 11375mW/11908mW VDD_CPU_GPU_CV 4197mW/4916mW VDD_SOC 3143mW/2999mW
09-26-2026 21:18:28 RAM 5036/7620MB (lfb 1x4MB) SWAP 91/12002MB (cached 0MB) CPU [22%@1728,22%@1728,23%@1728,22%@1728,22%@1728,78%@1728] GR3D_FREQ 0% cpu@57.906C soc2@56.718C soc0@55.968C gpu@58.218C tj@58.218C soc1@57.312C VDD_IN 12260mW/11910mW VDD_CPU_GPU_CV 4700mW/4915mW VDD_SOC 3334mW/3000mW
09-26-2026 21:18:28 RAM 4881/7620MB (lfb 16x4MB) SWAP 91/12002MB (cached 0MB) CPU [32%@1728,32%@1728,31%@1728,32%@1728,32%@1728,82%@1728] GR3D_FREQ 71% cpu@57.531C soc2@56.75C soc0@56.156C gpu@59.281C tj@59.281C soc1@57.25C VDD_IN 13046mW/11913mW VDD_CPU_GPU_CV 5200mW/4916mW VDD_SOC 3570mW/3002mW
09-26-2026 21:18:29 RAM 4814/7620MB (lfb 23x4MB) SWAP 91/12002MB (cached 0MB) CPU [54%@1728,53%@1728,56%@1728,53%@1728,53%@1728,96%@1728] GR3D_FREQ 0% cpu@57.468C soc2@56.562C soc0@55.968C gpu@57.781C tj@57.781C soc1@57.218C VDD_IN 10942mW/11910mW VDD_CPU_GPU_CV 3844mW/4913mW VDD_SOC 3070mW/3002mW
09-26-2026 21:18:29 RAM 5036/7620MB (lfb 1x4MB) SWAP 91/12002MB (cached 0MB) CPU [41%@1728,42%@1728,40%@1728,40%@1728,40%@1728,78%@1728] GR3D_FREQ 0% cpu@57.812C soc2@56.656C soc0@55.937C gpu@58C tj@58C soc1@57.406C VDD_IN 11926mW/11910mW VDD_CPU_GPU_CV 4543mW/4912mW VDD_SOC 3261mW/3003mW
09-26-2026 21:18:30 RAM 5036/7620MB (lfb 1x4MB) SWAP 91/12002MB (cached 0MB) CPU [12%@1728,13%@1728,15%@1728,15%@1728,14%@1728,79%@1728] GR3D_FREQ 0% cpu@57.5C soc2@56.656C soc0@56C gpu@58.281C tj@58.281C soc1@57.343C VDD_IN 12928mW/11913mW VDD_CPU_GPU_CV 5005mW/4912mW VDD_SOC 3530mW/3005mW
09-26-2026 21:18:30 RAM 4854/7620MB (lfb 19x4MB) SWAP 91/12002MB (cached 0MB) CPU [53%@1728,53%@1728,54%@1728,53%@1728,52%@1728,94%@1728] GR3D_FREQ 71% cpu@57.468C soc2@56.687C soc0@56.187C gpu@58.468C tj@58.468C soc1@57.218C VDD_IN 11335mW/11912mW VDD_CPU_GPU_CV 4080mW/4909mW VDD_SOC 3182mW/3005mW
09-26-2026 21:18:31 RAM 4746/7620MB (lfb 35x4MB) SWAP 91/12002MB (cached 0MB) CPU [56%@1728,54%@1728,56%@1728,56%@1728,56%@1728,84%@1728] GR3D_FREQ 0% cpu@57.781C soc2@56.687C soc0@56.156C gpu@58.093C tj@58.093C soc1@57.343C VDD_IN 11571mW/11911mW VDD_CPU_GPU_CV 4308mW/4907mW VDD_SOC 3143mW/3006mW
09-26-2026 21:18:31 RAM 5036/7620MB (lfb 1x4MB) SWAP 91/12002MB (cached 0MB) CPU [16%@1728,17%@1728,16%@1728,16%@1728,16%@1728,77%@1728] GR3D_FREQ 0% cpu@57.718C soc2@56.656C soc0@55.968C gpu@57.968C tj@57.968C soc1@57.468C VDD_IN 12417mW/11912mW VDD_CPU_GPU_CV 4731mW/4907mW VDD_SOC 3413mW/3007mW
09-26-2026 21:18:32 RAM 4780/7620MB (lfb 27x4MB) SWAP 91/12002MB (cached 0MB) CPU [46%@1728,44%@1728,43%@1728,44%@1728,43%@1728,93%@1728] GR3D_FREQ 59% cpu@57.406C soc2@56.5C soc0@55.906C gpu@58.718C tj@58.718C soc1@57.406C VDD_IN 11375mW/11910mW VDD_CPU_GPU_CV 4237mW/4905mW VDD_SOC 3104mW/3007mW
09-26-2026 21:18:32 RAM 4657/7620MB (lfb 52x4MB) SWAP 91/12002MB (cached 0MB) CPU [46%@1728,47%@1728,48%@1728,48%@1728,48%@1728,90%@1728] GR3D_FREQ 0% cpu@57.937C soc2@56.625C soc0@56C gpu@58C tj@58.062C soc1@57.312C VDD_IN 11493mW/11909mW VDD_CPU_GPU_CV 4393mW/4903mW VDD_SOC 3065mW/3008mW
09-26-2026 21:18:33 RAM 4804/7620MB (lfb 27x4MB) SWAP 91/12002MB (cached 0MB) CPU [9%@1728,6%@1728,6%@1728,6%@1728,5%@1728,85%@1728] GR3D_FREQ 51% cpu@57.25C soc2@56.656C soc0@56.062C gpu@58.781C tj@58.781C soc1@57.156C VDD_IN 12731mW/11912mW VDD_CPU_GPU_CV 5318mW/4904mW VDD_SOC 3256mW/3008mW
09-26-2026 21:18:33 RAM 4753/7620MB (lfb 34x4MB) SWAP 91/12002MB (cached 0MB) CPU [54%@1728,54%@1728,53%@1728,54%@1728,54%@1728,100%@1728] GR3D_FREQ 0% cpu@57.406C soc2@56.437C soc0@56C gpu@57.625C tj@57.625C soc1@57.218C VDD_IN 10644mW/11908mW VDD_CPU_GPU_CV 3727mW/4901mW VDD_SOC 2912mW/3008mW
09-26-2026 21:18:34 RAM 4959/7620MB (lfb 11x4MB) SWAP 91/12002MB (cached 0MB) CPU [26%@1728,25%@1728,24%@1728,25%@1728,24%@1728,86%@1728] GR3D_FREQ 0% cpu@57.968C soc2@56.531C soc0@56C gpu@58.156C tj@57.968C soc1@57.375C VDD_IN 11808mW/11907mW VDD_CPU_GPU_CV 4582mW/4900mW VDD_SOC 3104mW/3008mW
09-26-2026 21:18:34 RAM 4830/7620MB (lfb 26x4MB) SWAP 91/12002MB (cached 0MB) CPU [29%@1728,29%@1728,27%@1728,28%@1728,28%@1728,92%@1728] GR3D_FREQ 61% cpu@57.437C soc2@56.437C soc0@55.875C gpu@59C tj@59C soc1@57.218C VDD_IN 12004mW/11908mW VDD_CPU_GPU_CV 4739mW/4899mW VDD_SOC 3143mW/3009mW
09-26-2026 21:18:35 RAM 4761/7620MB (lfb 42x4MB) SWAP 91/12002MB (cached 0MB) CPU [54%@1728,54%@1728,54%@1728,52%@1728,54%@1728,93%@1728] GR3D_FREQ 0% cpu@57.468C soc2@56.562C soc0@56.218C gpu@57.937C tj@57.937C soc1@57.281C VDD_IN 11099mW/11905mW VDD_CPU_GPU_CV 4119mW/4897mW VDD_SOC 2991mW/3009mW
09-26-2026 21:18:35 RAM 5036/7620MB (lfb 1x4MB) SWAP 91/12002MB (cached 0MB) CPU [2%@1728,3%@1728,2%@1728,4%@1728,2%@1728,86%@1728] GR3D_FREQ 0% cpu@57.468C soc2@56.531C soc0@55.937C gpu@58.062C tj@58.062C soc1@57.125C VDD_IN 12221mW/11906mW VDD_CPU_GPU_CV 4778mW/4897mW VDD_SOC 3182mW/3009mW
09-26-2026 21:18:36 RAM 4857/7620MB (lfb 17x4MB) SWAP 91/12002MB (cached 0MB) CPU [51%@1728,50%@1728,50%@1728,50%@1728,50%@1728,98%@1728] GR3D_FREQ 59% cpu@57.468C soc2@56.375C soc0@55.843C gpu@58.25C tj@58.25C soc1@57.406C VDD_IN 11060mW/11904mW VDD_CPU_GPU_CV 4040mW/4894mW VDD_SOC 2991mW/3009mW
09-26-2026 21:18:36 RAM 4731/7620MB (lfb 44x4MB) SWAP 91/12002MB (cached 0MB) CPU [42%@1728,42%@1728,42%@1728,42%@1728,41%@1728,88%@1728] GR3D_FREQ 0% cpu@58C soc2@56.5C soc0@55.812C gpu@58.156C tj@58C soc1@57.25C VDD_IN 11493mW/11902mW VDD_CPU_GPU_CV 4433mW/4892mW VDD_SOC 3025mW/3009mW
09-26-2026 21:18:37 RAM 4877/7620MB (lfb 18x4MB) SWAP 91/12002MB (cached 0MB) CPU [13%@1728,12%@1728,12%@1728,12%@1728,24%@1728,75%@1728] GR3D_FREQ 58% cpu@57.187C soc2@56.562C soc0@56.093C gpu@58.656C tj@58.656C soc1@57.156C VDD_IN 12456mW/11904mW VDD_CPU_GPU_CV 5122mW/4893mW VDD_SOC 3217mW/3010mW
09-26-2026 21:18:37 RAM 4817/7620MB (lfb 25x4MB) SWAP 91/12002MB (cached 0MB) CPU [54%@1728,52%@1728,52%@1728,52%@1728,52%@1728,98%@1728] GR3D_FREQ 0% cpu@57.25C soc2@56.468C soc0@56.062C gpu@58C tj@58C soc1@57.156C VDD_IN 10723mW/11900mW VDD_CPU_GPU_CV 3805mW/4890mW VDD_SOC 2952mW/3010mW
09-26-2026 21:18:38 RAM 5036/7620MB (lfb 1x4MB) SWAP 91/12002MB (cached 0MB) CPU [20%@1728,20%@1728,20%@1728,20%@1728,20%@1728,85%@1728] GR3D_FREQ 0% cpu@57.562C soc2@56.468C soc0@55.875C gpu@58C tj@58C soc1@57.375C VDD_IN 11847mW/11900mW VDD_CPU_GPU_CV 4660mW/4889mW VDD_SOC 3104mW/3010mW
09-26-2026 21:18:38 RAM 4863/7620MB (lfb 19x4MB) SWAP 91/12002MB (cached 0MB) CPU [34%@1728,35%@1728,33%@1728,34%@1728,33%@1728,92%@1728] GR3D_FREQ 59% cpu@57.468C soc2@56.375C soc0@55.812C gpu@58.562C tj@58.562C soc1@57.25C VDD_IN 11729mW/11900mW VDD_CPU_GPU_CV 4582mW/4888mW VDD_SOC 3104mW/3010mW
09-26-2026 21:18:39 RAM 4749/7620MB (lfb 41x4MB) SWAP 91/12002MB (cached 0MB) CPU [54%@1728,53%@1728,54%@1728,52%@1728,54%@1728,94%@1728] GR3D_FREQ 0% cpu@57.75C soc2@56.406C soc0@55.843C gpu@57.593C tj@57.812C soc1@57.187C VDD_IN 11217mW/11898mW VDD_CPU_GPU_CV 4237mW/4886mW VDD_SOC 2986mW/3010mW
09-26-2026 21:18:39 RAM 5021/7620MB (lfb 1x2MB) SWAP 91/12002MB (cached 0MB) CPU [0%@1728,0%@1728,2%@1728,0%@1728,44%@1728,38%@1728] GR3D_FREQ 0% cpu@57.5C soc2@56.5C soc0@56C gpu@58.062C tj@58.062C soc1@57.093C VDD_IN 12417mW/11899mW VDD_CPU_GPU_CV 4966mW/4887mW VDD_SOC 3217mW/3011mW
09-26-2026 21:18:40 RAM 4763/7620MB (lfb 43x4MB) SWAP 91/12002MB (cached 0MB) CPU [90%@1728,96%@1728,92%@1728,93%@1728,100%@1728,92%@1728] GR3D_FREQ 0% cpu@58.125C soc2@56.5C soc0@55.906C gpu@57.593C tj@58.125C soc1@57.375C VDD_IN 10959mW/11896mW VDD_CPU_GPU_CV 4158mW/4884mW VDD_SOC 2873mW/3010mW
09-26-2026 21:18:40 RAM 5041/7620MB (lfb 1x4MB) SWAP 91/12002MB (cached 0MB) CPU [0%@1728,35%@1728,4%@1728,1%@1728,39%@1728,58%@1728] GR3D_FREQ 0% cpu@57C soc2@56.468C soc0@55.843C gpu@58.343C tj@58.343C soc1@57.25C VDD_IN 12456mW/11898mW VDD_CPU_GPU_CV 5044mW/4885mW VDD_SOC 3177mW/3011mW
09-26-2026 21:18:41 RAM 4856/7620MB (lfb 16x4MB) SWAP 91/12002MB (cached 0MB) CPU [56%@1728,53%@1728,56%@1728,54%@1728,54%@1728,98%@1728] GR3D_FREQ 60% cpu@57.281C soc2@56.281C soc0@55.75C gpu@58.312C tj@58.312C soc1@57.218C VDD_IN 10920mW/11895mW VDD_CPU_GPU_CV 3962mW/4882mW VDD_SOC 2952mW/3011mW
09-26-2026 21:18:41 RAM 5041/7620MB (lfb 1x4MB) SWAP 91/12002MB (cached 0MB) CPU [38%@1728,38%@1728,38%@1728,38%@1728,37%@1728,88%@1728] GR3D_FREQ 0% cpu@57.718C soc2@56.468C soc0@56C gpu@58.031C tj@58.031C soc1@57.125C VDD_IN 11571mW/11894mW VDD_CPU_GPU_CV 4504mW/4881mW VDD_SOC 3065mW/3011mW
09-26-2026 21:18:42 RAM 4773/7620MB (lfb 30x4MB) SWAP 91/12002MB (cached 0MB) CPU [16%@1728,14%@1728,15%@1728,15%@1728,20%@1728,76%@1728] GR3D_FREQ 64% cpu@57.125C soc2@56.437C soc0@55.843C gpu@58.843C tj@58.843C soc1@57.093C VDD_IN 12456mW/11896mW VDD_CPU_GPU_CV 5161mW/4882mW VDD_SOC 3177mW/3011mW
09-26-2026 21:18:42 RAM 4739/7620MB (lfb 39x4MB) SWAP 91/12002MB (cached 0MB) CPU [54%@1728,53%@1728,54%@1728,54%@1728,97%@1728,54%@1728] GR3D_FREQ 0% cpu@57.625C soc2@56.281C soc0@55.843C gpu@57.656C tj@57.656C soc1@57.281C VDD_IN 10723mW/11892mW VDD_CPU_GPU_CV 3805mW/4879mW VDD_SOC 2952mW/3011mW
09-26-2026 21:18:43 RAM 4969/7620MB (lfb 11x4MB) SWAP 91/12002MB (cached 0MB) CPU [20%@1728,20%@1728,21%@1728,20%@1728,78%@1728,21%@1728] GR3D_FREQ 0% cpu@58.218C soc2@56.562C soc0@55.875C gpu@57.718C tj@58.218C soc1@57.187C VDD_IN 11808mW/11892mW VDD_CPU_GPU_CV 4543mW/4878mW VDD_SOC 3104mW/3012mW
09-26-2026 21:18:43 RAM 4776/7620MB (lfb 32x4MB) SWAP 91/12002MB (cached 0MB) CPU [32%@1728,32%@1728,32%@1728,32%@1728,87%@1728,32%@1728] GR3D_FREQ 65% cpu@57.125C soc2@56.468C soc0@56C gpu@58.843C tj@58.843C soc1@57.093C VDD_IN 11886mW/11892mW VDD_CPU_GPU_CV 4660mW/4877mW VDD_SOC 3104mW/3012mW
09-26-2026 21:18:44 RAM 4728/7620MB (lfb 50x4MB) SWAP 91/12002MB (cached 0MB) CPU [54%@1728,54%@1728,54%@1728,54%@1728,91%@1728,54%@1728] GR3D_FREQ 0% cpu@57.75C soc2@56.375C soc0@55.906C gpu@57.531C tj@57.75C soc1@57.031C VDD_IN 11060mW/11890mW VDD_CPU_GPU_CV 4119mW/4875mW VDD_SOC 2952mW/3012mW
09-26-2026 21:18:44 RAM 5009/7620MB (lfb 3x4MB) SWAP 91/12002MB (cached 0MB) CPU [7%@1728,4%@1728,4%@1728,4%@1728,78%@1728,5%@1728] GR3D_FREQ 0% cpu@57.687C soc2@56.312C soc0@55.843C gpu@58.218C tj@58.218C soc1@57.281C VDD_IN 12063mW/11890mW VDD_CPU_GPU_CV 4739mW/4874mW VDD_SOC 3143mW/3012mW
09-26-2026 21:18:45 RAM 4865/7620MB (lfb 20x4MB) SWAP 91/12002MB (cached 0MB) CPU [48%@1728,49%@1728,49%@1728,49%@1728,95%@1728,52%@1728] GR3D_FREQ 64% cpu@57.406C soc2@56.281C soc0@55.781C gpu@58.375C tj@58.375C soc1@57.187C VDD_IN 11060mW/11888mW VDD_CPU_GPU_CV 4080mW/4872mW VDD_SOC 2991mW/3012mW
09-26-2026 21:18:45 RAM 4763/7620MB (lfb 42x4MB) SWAP 91/12002MB (cached 0MB) CPU [46%@1728,44%@1728,46%@1728,47%@1728,45%@1728,84%@1728] GR3D_FREQ 0% cpu@57.625C soc2@56.343C soc0@55.781C gpu@57.625C tj@57.625C soc1@57.062C VDD_IN 11493mW/11887mW VDD_CPU_GPU_CV 4354mW/4871mW VDD_SOC 3025mW/3012mW
09-26-2026 21:18:46 RAM 4914/7620MB (lfb 16x4MB) SWAP 91/12002MB (cached 0MB) CPU [9%@1728,8%@1728,7%@1728,8%@1728,8%@1728,79%@1728] GR3D_FREQ 72% cpu@57.062C soc2@56.468C soc0@55.875C gpu@58.5C tj@58.5C soc1@56.968C VDD_IN 12731mW/11889mW VDD_CPU_GPU_CV 5200mW/4871mW VDD_SOC 3217mW/3013mW
09-26-2026 21:18:46 RAM 4859/7620MB (lfb 21x4MB) SWAP 91/12002MB (cached 0MB) CPU [54%@1728,53%@1728,54%@1728,52%@1728,52%@1728,100%@1728] GR3D_FREQ 0% cpu@57.093C soc2@56.375C soc0@55.812C gpu@57.531C tj@57.531C soc1@57.25C VDD_IN 10605mW/11885mW VDD_CPU_GPU_CV 3693mW/4868mW VDD_SOC 2912mW/3012mW
09-26-2026 21:18:47 RAM 5066/7620MB (lfb 1x4MB) SWAP 91/12002MB (cached 0MB) CPU [29%@1728,28%@1728,28%@1728,28%@1728,28%@1728,78%@1728] GR3D_FREQ 0% cpu@57.781C soc2@56.312C soc0@55.75C gpu@57.562C tj@57.781C soc1@57.062C VDD_IN 11689mW/11885mW VDD_CPU_GPU_CV 4504mW/4867mW VDD_SOC 3065mW/3012mW
09-26-2026 21:18:47 RAM 4875/7620MB (lfb 16x4MB) SWAP 91/12002MB (cached 0MB) CPU [25%@1728,26%@1728,25%@1728,25%@1728,25%@1728,86%@1728] GR3D_FREQ 64% cpu@57.25C soc2@56.343C soc0@55.656C gpu@58.687C tj@58.687C soc1@57.093C VDD_IN 12162mW/11886mW VDD_CPU_GPU_CV 4896mW/4867mW VDD_SOC 3143mW/3013mW
09-26-2026 21:18:48 RAM 4809/7620MB (lfb 34x4MB) SWAP 91/12002MB (cached 0MB) CPU [54%@1728,53%@1728,54%@1728,54%@1728,54%@1728,92%@1728] GR3D_FREQ 0% cpu@57.156C soc2@56.281C soc0@55.843C gpu@57.75C tj@57.75C soc1@57C VDD_IN 10920mW/11883mW VDD_CPU_GPU_CV 3962mW/4864mW VDD_SOC 2952mW/3013mW
09-26-2026 21:18:48 RAM 5068/7620MB (lfb 1x4MB) SWAP 91/12002MB (cached 0MB) CPU [10%@1728,12%@1728,11%@1728,11%@1728,11%@1728,80%@1728] GR3D_FREQ 0% cpu@57.406C soc2@56.281C soc0@55.875C gpu@57.687C tj@57.687C soc1@56.968C VDD_IN 12004mW/11883mW VDD_CPU_GPU_CV 4621mW/4864mW VDD_SOC 3143mW/3013mW
09-26-2026 21:18:49 RAM 4877/7620MB (lfb 16x4MB) SWAP 91/12002MB (cached 0MB) CPU [43%@1728,42%@1728,42%@1728,42%@1728,42%@1728,92%@1728] GR3D_FREQ 64% cpu@57.218C soc2@56.281C soc0@55.718C gpu@58.468C tj@58.468C soc1@57.25C VDD_IN 11453mW/11882mW VDD_CPU_GPU_CV 4354mW/4862mW VDD_SOC 3025mW/3013mW
09-26-2026 21:18:50 RAM 4761/7620MB (lfb 44x4MB) SWAP 91/12002MB (cached 0MB) CPU [53%@1728,53%@1728,52%@1728,52%@1728,52%@1728,86%@1728] GR3D_FREQ 0% cpu@57.562C soc2@56.312C soc0@55.812C gpu@57.593C tj@57.593C soc1@57.031C VDD_IN 11335mW/11880mW VDD_CPU_GPU_CV 4315mW/4861mW VDD_SOC 2986mW/3013mW
09-26-2026 21:18:50 RAM 5068/7620MB (lfb 1x4MB) SWAP 91/12002MB (cached 0MB) CPU [1%@1728,0%@1728,0%@1728,0%@1728,0%@1728,80%@1728] GR3D_FREQ 0% cpu@57.187C soc2@56.281C soc0@55.937C gpu@57.906C tj@57.906C soc1@56.968C VDD_IN 12378mW/11882mW VDD_CPU_GPU_CV 4966mW/4861mW VDD_SOC 3222mW/3014mW
09-26-2026 21:18:51 RAM 4877/7620MB (lfb 16x4MB) SWAP 91/12002MB (cached 0MB) CPU [54%@1728,53%@1728,52%@1728,53%@1728,52%@1728,98%@1728] GR3D_FREQ 19% cpu@57.062C soc2@56.187C soc0@55.812C gpu@57.937C tj@57.937C soc1@56.875C VDD_IN 10565mW/11878mW VDD_CPU_GPU_CV 3693mW/4858mW VDD_SOC 2912mW/3013mW
09-26-2026 21:18:51 RAM 5067/7620MB (lfb 1x4MB) SWAP 91/12002MB (cached 0MB) CPU [37%@1728,37%@1728,37%@1728,37%@1728,37%@1728,80%@1728] GR3D_FREQ 0% cpu@57.406C soc2@56.343C soc0@55.812C gpu@57.75C tj@57.75C soc1@57.218C VDD_IN 11493mW/11877mW VDD_CPU_GPU_CV 4425mW/4857mW VDD_SOC 3065mW/3013mW
09-26-2026 21:18:52 RAM 4801/7620MB (lfb 28x4MB) SWAP 91/12002MB (cached 0MB) CPU [18%@1728,17%@1728,19%@1728,17%@1728,17%@1728,82%@1728] GR3D_FREQ 65% cpu@56.875C soc2@56.281C soc0@55.781C gpu@58.75C tj@58.75C soc1@57C VDD_IN 12417mW/11879mW VDD_CPU_GPU_CV 5083mW/4857mW VDD_SOC 3177mW/3014mW
09-26-2026 21:18:52 RAM 4986/7620MB (lfb 8x4MB) SWAP 91/12002MB (cached 0MB) CPU [32%@1728,30%@1728,28%@1728,30%@1728,30%@1728,96%@1728] GR3D_FREQ 0% cpu@57.562C soc2@56.312C soc0@55.625C gpu@57.593C tj@57.593C soc1@57C VDD_IN 10486mW/11875mW VDD_CPU_GPU_CV 3811mW/4854mW VDD_SOC 2873mW/3013mW
09-26-2026 21:18:53 RAM 4994/7620MB (lfb 6x4MB) SWAP 91/12002MB (cached 0MB) CPU [36%@1728,34%@1728,34%@1728,35%@1728,35%@1728,100%@1728] GR3D_FREQ 0% cpu@57.25C soc2@56.156C soc0@55.718C gpu@57.375C tj@57.375C soc1@56.937C VDD_IN 9753mW/11869mW VDD_CPU_GPU_CV 3340mW/4850mW VDD_SOC 2720mW/3013mW
09-26-2026 21:18:53 RAM 4725/7620MB (lfb 29x4MB) SWAP 91/12002MB (cached 0MB) CPU [20%@1728,20%@1728,19%@1728,20%@1728,21%@1728,100%@1728] GR3D_FREQ 0% cpu@57C soc2@56.093C soc0@55.718C gpu@57.187C tj@57.187C soc1@56.906C VDD_IN 9398mW/11862mW VDD_CPU_GPU_CV 2952mW/4845mW VDD_SOC 2720mW/3012mW
09-26-2026 21:18:54 RAM 4959/7620MB (lfb 14x4MB) SWAP 91/12002MB (cached 0MB) CPU [8%@1728,9%@1728,8%@1728,8%@1728,43%@1728,34%@1728] GR3D_FREQ 0% cpu@57.656C soc2@56.125C soc0@55.656C gpu@57.562C tj@57.656C soc1@57.093C VDD_IN 11256mW/11860mW VDD_CPU_GPU_CV 4276mW/4843mW VDD_SOC 3030mW/3012mW
09-26-2026 21:18:54 RAM 4959/7620MB (lfb 14x4MB) SWAP 91/12002MB (cached 0MB) CPU [30%@1728,38%@1728,36%@1728,26%@1728,100%@1728,53%@1728] GR3D_FREQ 0% cpu@57.812C soc2@56.062C soc0@55.531C gpu@57.218C tj@57.812C soc1@57C VDD_IN 9895mW/11855mW VDD_CPU_GPU_CV 3497mW/4839mW VDD_SOC 2759mW/3011mW
09-26-2026 21:18:55 RAM 4969/7620MB (lfb 12x4MB) SWAP 91/12002MB (cached 0MB) CPU [0%@1728,46%@1728,47%@1728,47%@1728,97%@1728,70%@1728] GR3D_FREQ 0% cpu@57.5C soc2@56.031C soc0@55.468C gpu@57.468C tj@57.5C soc1@56.875C VDD_IN 9556mW/11848mW VDD_CPU_GPU_CV 3306mW/4835mW VDD_SOC 2680mW/3010mW
09-26-2026 21:18:55 RAM 4662/7620MB (lfb 50x4MB) SWAP 91/12002MB (cached 0MB) CPU [15%@1728,27%@1728,39%@1728,38%@1728,97%@1728,62%@1728] GR3D_FREQ 0% cpu@57.062C soc2@55.968C soc0@55.437C gpu@57.187C tj@57.187C soc1@56.812C VDD_IN 9398mW/11842mW VDD_CPU_GPU_CV 3109mW/4830mW VDD_SOC 2641mW/3009mW
09-26-2026 21:18:56 RAM 4808/7620MB (lfb 24x4MB) SWAP 91/12002MB (cached 0MB) CPU [1%@1728,0%@1728,0%@1728,0%@1728,43%@1728,28%@1728] GR3D_FREQ 36% cpu@56.718C soc2@55.968C soc0@55.5C gpu@58.093C tj@58.093C soc1@56.906C VDD_IN 11729mW/11841mW VDD_CPU_GPU_CV 4660mW/4830mW VDD_SOC 3065mW/3009mW
09-26-2026 21:18:56 RAM 4961/7620MB (lfb 14x4MB) SWAP 91/12002MB (cached 0MB) CPU [32%@1728,30%@1728,32%@1728,32%@1728,32%@1728,98%@1728] GR3D_FREQ 0% cpu@57.187C soc2@56C soc0@55.562C gpu@57.218C tj@57.218C soc1@56.875C VDD_IN 10131mW/11837mW VDD_CPU_GPU_CV 3615mW/4827mW VDD_SOC 2799mW/3009mW
09-26-2026 21:18:57 RAM 4961/7620MB (lfb 14x4MB) SWAP 91/12002MB (cached 0MB) CPU [34%@1728,37%@1728,36%@1728,36%@1728,34%@1728,100%@1728] GR3D_FREQ 0% cpu@57.125C soc2@55.906C soc0@55.468C gpu@57.125C tj@57.125C soc1@56.812C VDD_IN 9635mW/11831mW VDD_CPU_GPU_CV 3306mW/4823mW VDD_SOC 2680mW/3008mW
09-26-2026 21:18:57 RAM 4804/7620MB (lfb 23x4MB) SWAP 91/12002MB (cached 0MB) CPU [17%@1728,14%@1728,16%@1728,15%@1728,15%@1728,100%@1728] GR3D_FREQ 0% cpu@56.687C soc2@55.937C soc0@55.625C gpu@57.093C tj@57.093C soc1@56.718C VDD_IN 9398mW/11824mW VDD_CPU_GPU_CV 2952mW/4817mW VDD_SOC 2720mW/3007mW
09-26-2026 21:18:58 RAM 5003/7620MB (lfb 5x4MB) SWAP 91/12002MB (cached 0MB) CPU [13%@1728,13%@1728,12%@1728,13%@1728,12%@1728,68%@1728] GR3D_FREQ 0% cpu@56.906C soc2@56.031C soc0@55.468C gpu@57.531C tj@57.531C soc1@56.781C VDD_IN 10981mW/11822mW VDD_CPU_GPU_CV 4119mW/4816mW VDD_SOC 2952mW/3007mW
09-26-2026 21:18:58 RAM 4999/7620MB (lfb 6x4MB) SWAP 91/12002MB (cached 0MB) CPU [37%@1728,36%@1728,35%@1728,36%@1728,34%@1728,100%@1728] GR3D_FREQ 0% cpu@57.031C soc2@55.937C soc0@55.437C gpu@57.5C tj@57.5C soc1@56.968C VDD_IN 9934mW/11817mW VDD_CPU_GPU_CV 3458mW/4812mW VDD_SOC 2759mW/3006mW
09-26-2026 21:18:59 RAM 4999/7620MB (lfb 6x4MB) SWAP 91/12002MB (cached 0MB) CPU [35%@1728,36%@1728,35%@1728,35%@1728,37%@1728,100%@1728] GR3D_FREQ 0% cpu@57.062C soc2@55.937C soc0@55.468C gpu@57.281C tj@57.281C soc1@56.812C VDD_IN 9556mW/11810mW VDD_CPU_GPU_CV 3227mW/4808mW VDD_SOC 2680mW/3005mW
09-26-2026 21:18:59 RAM 4852/7620MB (lfb 19x4MB) SWAP 91/12002MB (cached 0MB) CPU [0%@1728,0%@1728,0%@1728,0%@1728,0%@1728,82%@1728] GR3D_FREQ 63% cpu@56.687C soc2@56.031C soc0@55.593C gpu@58.125C tj@58.125C soc1@56.718C VDD_IN 11729mW/11810mW VDD_CPU_GPU_CV 4621mW/4807mW VDD_SOC 3065mW/3006mW
09-26-2026 21:19:00 RAM 5051/7620MB (lfb 71x1MB) SWAP 91/12002MB (cached 0MB) CPU [31%@1728,31%@1728,31%@1728,31%@1728,31%@1728,96%@1728] GR3D_FREQ 0% cpu@57.062C soc2@55.937C soc0@55.437C gpu@57.093C tj@57.093C soc1@56.687C VDD_IN 10289mW/11806mW VDD_CPU_GPU_CV 3733mW/4804mW VDD_SOC 2794mW/3005mW
09-26-2026 21:19:00 RAM 5051/7620MB (lfb 1x4MB) SWAP 91/12002MB (cached 0MB) CPU [46%@1728,38%@1728,44%@1728,44%@1728,49%@1728,96%@1728] GR3D_FREQ 0% cpu@57.343C soc2@56C soc0@55.437C gpu@57.156C tj@57.343C soc1@56.687C VDD_IN 9934mW/11801mW VDD_CPU_GPU_CV 3536mW/4801mW VDD_SOC 2720mW/3004mW
09-26-2026 21:19:01 RAM 4776/7620MB (lfb 34x4MB) SWAP 91/12002MB (cached 0MB) CPU [35%@1728,90%@1728,26%@1728,28%@1728,40%@1728,37%@1728] GR3D_FREQ 0% cpu@56.781C soc2@55.875C soc0@55.468C gpu@57.093C tj@57.093C soc1@56.687C VDD_IN 9595mW/11795mW VDD_CPU_GPU_CV 3188mW/4796mW VDD_SOC 2720mW/3004mW
09-26-2026 21:19:01 RAM 5049/7620MB (lfb 1x4MB) SWAP 91/12002MB (cached 0MB) CPU [6%@1728,74%@1728,6%@1728,10%@1728,4%@1728,2%@1728] GR3D_FREQ 0% cpu@57.187C soc2@56.062C soc0@55.437C gpu@57.656C tj@57.656C soc1@56.875C VDD_IN 11689mW/11795mW VDD_CPU_GPU_CV 4550mW/4796mW VDD_SOC 3065mW/3004mW
09-26-2026 21:19:02 RAM 5049/7620MB (lfb 1x4MB) SWAP 91/12002MB (cached 0MB) CPU [34%@1728,100%@1728,35%@1728,32%@1728,32%@1728,34%@1728] GR3D_FREQ 0% cpu@57.437C soc2@55.906C soc0@55.343C gpu@57.125C tj@57.437C soc1@56.718C VDD_IN 10053mW/11790mW VDD_CPU_GPU_CV 3575mW/4793mW VDD_SOC 2759mW/3003mW
09-26-2026 21:19:02 RAM 5041/7620MB (lfb 1x4MB) SWAP 91/12002MB (cached 0MB) CPU [36%@1728,34%@1728,72%@1728,62%@1728,34%@1728,32%@1728] GR3D_FREQ 0% cpu@57.125C soc2@55.906C soc0@55.375C gpu@57.062C tj@57.125C soc1@56.687C VDD_IN 9635mW/11785mW VDD_CPU_GPU_CV 3266mW/4788mW VDD_SOC 2680mW/3002mW
09-26-2026 21:19:03 RAM 4849/7620MB (lfb 21x4MB) SWAP 91/12002MB (cached 0MB) CPU [8%@1728,8%@1728,8%@1728,89%@1728,8%@1728,11%@1728] GR3D_FREQ 66% cpu@56.812C soc2@55.875C soc0@55.187C gpu@57.906C tj@57.906C soc1@56.625C VDD_IN 10447mW/11781mW VDD_CPU_GPU_CV 3693mW/4786mW VDD_SOC 2873mW/3002mW
09-26-2026 21:19:03 RAM 5048/7620MB (lfb 1x4MB) SWAP 91/12002MB (cached 0MB) CPU [20%@1728,20%@1728,18%@1728,81%@1728,18%@1728,16%@1728] GR3D_FREQ 0% cpu@57.125C soc2@55.937C soc0@55.5C gpu@57.125C tj@57.125C soc1@56.562C VDD_IN 10644mW/11778mW VDD_CPU_GPU_CV 3883mW/4783mW VDD_SOC 2873mW/3002mW
09-26-2026 21:19:04 RAM 5044/7620MB (lfb 2x4MB) SWAP 91/12002MB (cached 0MB) CPU [37%@1728,34%@1728,35%@1728,100%@1728,35%@1728,34%@1728] GR3D_FREQ 0% cpu@57.187C soc2@55.812C soc0@55.343C gpu@56.875C tj@57.187C soc1@56.75C VDD_IN 9793mW/11773mW VDD_CPU_GPU_CV 3379mW/4780mW VDD_SOC 2720mW/3001mW
09-26-2026 21:19:04 RAM 4744/7620MB (lfb 43x4MB) SWAP 91/12002MB (cached 0MB) CPU [29%@1728,31%@1728,31%@1728,100%@1728,29%@1728,32%@1728] GR3D_FREQ 0% cpu@56.937C soc2@55.812C soc0@55.281C gpu@57.218C tj@56.937C soc1@56.687C VDD_IN 9437mW/11767mW VDD_CPU_GPU_CV 3109mW/4775mW VDD_SOC 2680mW/3000mW
09-26-2026 21:19:05 RAM 4920/7620MB (lfb 17x4MB) SWAP 91/12002MB (cached 0MB) CPU [0%@1728,1%@1728,0%@1728,68%@1728,0%@1728,0%@1728] GR3D_FREQ 70% cpu@56.75C soc2@55.843C soc0@55.312C gpu@57.718C tj@57.718C soc1@56.562C VDD_IN 11847mW/11767mW VDD_CPU_GPU_CV 4660mW/4775mW VDD_SOC 3104mW/3000mW
09-26-2026 21:19:05 RAM 5047/7620MB (lfb 1x4MB) SWAP 91/12002MB (cached 0MB) CPU [32%@1728,32%@1728,34%@1728,100%@1728,32%@1728,30%@1728] GR3D_FREQ 0% cpu@57.093C soc2@55.906C soc0@55.5C gpu@57.156C tj@57.25C soc1@56.593C VDD_IN 10131mW/11763mW VDD_CPU_GPU_CV 3575mW/4772mW VDD_SOC 2799mW/3000mW
09-26-2026 21:19:06 RAM 5043/7620MB (lfb 2x4MB) SWAP 91/12002MB (cached 0MB) CPU [39%@1728,40%@1728,38%@1728,100%@1728,39%@1728,40%@1728] GR3D_FREQ 0% cpu@57.156C soc2@55.843C soc0@55.468C gpu@57C tj@57.156C soc1@56.593C VDD_IN 9635mW/11757mW VDD_CPU_GPU_CV 3306mW/4768mW VDD_SOC 2680mW/2999mW
09-26-2026 21:19:06 RAM 4850/7620MB (lfb 22x4MB) SWAP 91/12002MB (cached 0MB) CPU [96%@1728,10%@1728,14%@1728,14%@1728,15%@1728,14%@1728] GR3D_FREQ 62% cpu@56.5C soc2@55.875C soc0@55.343C gpu@57.562C tj@57.562C soc1@56.781C VDD_IN 9674mW/11752mW VDD_CPU_GPU_CV 3109mW/4764mW VDD_SOC 2759mW/2998mW
09-26-2026 21:19:07 RAM 5040/7620MB (lfb 2x4MB) SWAP 91/12002MB (cached 0MB) CPU [16%@1728,18%@1728,17%@1728,82%@1728,14%@1728,16%@1728] GR3D_FREQ 0% cpu@57.187C soc2@55.875C soc0@55.343C gpu@57.093C tj@57.187C soc1@56.625C VDD_IN 10881mW/11749mW VDD_CPU_GPU_CV 4001mW/4762mW VDD_SOC 2912mW/2998mW
09-26-2026 21:19:07 RAM 5036/7620MB (lfb 3x4MB) SWAP 91/12002MB (cached 0MB) CPU [54%@1728,34%@1728,37%@1728,82%@1728,35%@1728,35%@1728] GR3D_FREQ 0% cpu@57.156C soc2@55.875C soc0@55.343C gpu@56.937C tj@57.156C soc1@56.625C VDD_IN 9872mW/11745mW VDD_CPU_GPU_CV 3418mW/4758mW VDD_SOC 2759mW/2997mW
09-26-2026 21:19:08 RAM 4731/7620MB (lfb 45x4MB) SWAP 91/12002MB (cached 0MB) CPU [100%@1728,34%@1728,32%@1728,32%@1728,32%@1728,32%@1728] GR3D_FREQ 0% cpu@56.812C soc2@55.937C soc0@55.343C gpu@57.218C tj@57.218C soc1@56.531C VDD_IN 9516mW/11739mW VDD_CPU_GPU_CV 3148mW/4754mW VDD_SOC 2680mW/2997mW
09-26-2026 21:19:08 RAM 4975/7620MB (lfb 18x4MB) SWAP 91/12002MB (cached 0MB) CPU [61%@1728,0%@1728,3%@1728,18%@1728,0%@1728,0%@1728] GR3D_FREQ 68% cpu@56.687C soc2@55.812C soc0@55.25C gpu@57.562C tj@57.562C soc1@56.468C VDD_IN 12044mW/11740mW VDD_CPU_GPU_CV 4700mW/4754mW VDD_SOC 3104mW/2997mW
09-26-2026 21:19:09 RAM 5046/7620MB (lfb 1x4MB) SWAP 91/12002MB (cached 0MB) CPU [36%@1728,37%@1728,34%@1728,100%@1728,36%@1728,36%@1728] GR3D_FREQ 0% cpu@57.093C soc2@55.75C soc0@55.125C gpu@57.312C tj@57.312C soc1@56.687C VDD_IN 10171mW/11736mW VDD_CPU_GPU_CV 3615mW/4751mW VDD_SOC 2794mW/2996mW
09-26-2026 21:19:09 RAM 5043/7620MB (lfb 2x4MB) SWAP 91/12002MB (cached 0MB) CPU [35%@1728,34%@1728,36%@1728,100%@1728,34%@1728,34%@1728] GR3D_FREQ 0% cpu@57.25C soc2@55.718C soc0@55.156C gpu@57.062C tj@57.25C soc1@56.531C VDD_IN 9635mW/11730mW VDD_CPU_GPU_CV 3306mW/4747mW VDD_SOC 2680mW/2996mW
09-26-2026 21:19:10 RAM 4849/7620MB (lfb 23x4MB) SWAP 91/12002MB (cached 0MB) CPU [16%@1728,12%@1728,17%@1728,94%@1728,15%@1728,13%@1728] GR3D_FREQ 63% cpu@56.656C soc2@55.718C soc0@55.375C gpu@57.343C tj@57.656C soc1@56.5C VDD_IN 9753mW/11725mW VDD_CPU_GPU_CV 3182mW/4743mW VDD_SOC 2799mW/2995mW
09-26-2026 21:19:10 RAM 5042/7620MB (lfb 2x4MB) SWAP 91/12002MB (cached 0MB) CPU [14%@1728,16%@1728,17%@1728,73%@1728,14%@1728,12%@1728] GR3D_FREQ 0% cpu@57C soc2@55.812C soc0@55.312C gpu@57.125C tj@57.125C soc1@56.5C VDD_IN 10920mW/11723mW VDD_CPU_GPU_CV 4040mW/4741mW VDD_SOC 2952mW/2995mW
09-26-2026 21:19:11 RAM 5038/7620MB (lfb 3x4MB) SWAP 91/12002MB (cached 0MB) CPU [34%@1728,32%@1728,31%@1728,100%@1728,31%@1728,31%@1728] GR3D_FREQ 0% cpu@56.937C soc2@55.656C soc0@55.25C gpu@56.906C tj@56.937C soc1@56.5C VDD_IN 9911mW/11719mW VDD_CPU_GPU_CV 3418mW/4738mW VDD_SOC 2759mW/2994mW
09-26-2026 21:19:11 RAM 4734/7620MB (lfb 46x4MB) SWAP 91/12002MB (cached 0MB) CPU [32%@1728,34%@1728,32%@1728,100%@1728,34%@1728,34%@1728] GR3D_FREQ 0% cpu@56.843C soc2@55.625C soc0@55.156C gpu@56.75C tj@56.843C soc1@56.562C VDD_IN 9556mW/11713mW VDD_CPU_GPU_CV 3227mW/4734mW VDD_SOC 2680mW/2993mW
09-26-2026 21:19:12 RAM 4887/7620MB (lfb 20x4MB) SWAP 91/12002MB (cached 0MB) CPU [1%@1728,1%@1728,0%@1728,82%@1728,0%@1728,0%@1728] GR3D_FREQ 20% cpu@56.75C soc2@55.656C soc0@55.031C gpu@57.718C tj@57.718C soc1@56.5C VDD_IN 11808mW/11713mW VDD_CPU_GPU_CV 4660mW/4734mW VDD_SOC 3065mW/2994mW
09-26-2026 21:19:12 RAM 5046/7620MB (lfb 1x4MB) SWAP 91/12002MB (cached 0MB) CPU [35%@1728,36%@1728,34%@1728,96%@1728,33%@1728,33%@1728] GR3D_FREQ 0% cpu@57.281C soc2@55.625C soc0@55.281C gpu@56.843C tj@57.281C soc1@56.5C VDD_IN 10250mW/11710mW VDD_CPU_GPU_CV 3693mW/4731mW VDD_SOC 2794mW/2993mW
09-26-2026 21:19:13 RAM 5046/7620MB (lfb 1x4MB) SWAP 91/12002MB (cached 0MB) CPU [43%@1728,59%@1728,26%@1728,79%@1728,45%@1728,47%@1728] GR3D_FREQ 0% cpu@56.625C soc2@55.718C soc0@55.343C gpu@57.093C tj@57.093C soc1@56.437C VDD_IN 9674mW/11704mW VDD_CPU_GPU_CV 3345mW/4728mW VDD_SOC 2680mW/2992mW
09-26-2026 21:19:13 RAM 4706/7620MB (lfb 39x4MB) SWAP 91/12002MB (cached 0MB) CPU [20%@1728,24%@1728,98%@1728,18%@1728,22%@1728,20%@1728] GR3D_FREQ 0% cpu@57.031C soc2@55.562C soc0@55.218C gpu@56.906C tj@57.031C soc1@56.593C VDD_IN 9279mW/11698mW VDD_CPU_GPU_CV 2952mW/4724mW VDD_SOC 2680mW/2992mW
09-26-2026 21:19:14 RAM 4862/7620MB (lfb 22x4MB) SWAP 91/12002MB (cached 0MB) CPU [3%@1728,1%@1728,80%@1728,0%@1728,0%@1728,0%@1728] GR3D_FREQ 66% cpu@56.781C soc2@55.687C soc0@55.031C gpu@58.125C tj@58.125C soc1@56.531C VDD_IN 11808mW/11699mW VDD_CPU_GPU_CV 4660mW/4723mW VDD_SOC 3104mW/2992mW
09-26-2026 21:19:14 RAM 5018/7620MB (lfb 1x4MB) SWAP 91/12002MB (cached 0MB) CPU [22%@1728,26%@1728,80%@1728,22%@1728,20%@1728,22%@1728] GR3D_FREQ 0% cpu@57.031C soc2@55.656C soc0@55.062C gpu@57.093C tj@57.093C soc1@56.468C VDD_IN 11038mW/11697mW VDD_CPU_GPU_CV 4158mW/4722mW VDD_SOC 2952mW/2992mW
09-26-2026 21:19:15 RAM 5023/7620MB (lfb 1x2MB) SWAP 91/12002MB (cached 0MB) CPU [61%@1728,45%@1728,35%@1728,66%@1728,36%@1728,36%@1728] GR3D_FREQ 0% cpu@56.968C soc2@55.687C soc0@55.218C gpu@56.718C tj@56.968C soc1@56.406C VDD_IN 9911mW/11693mW VDD_CPU_GPU_CV 3458mW/4719mW VDD_SOC 2759mW/2991mW
09-26-2026 21:19:15 RAM 4679/7620MB (lfb 45x4MB) SWAP 91/12002MB (cached 0MB) CPU [28%@1728,72%@1728,56%@1728,28%@1728,26%@1728,26%@1728] GR3D_FREQ 0% cpu@56.781C soc2@55.593C soc0@55.062C gpu@56.562C tj@56.781C soc1@56.437C VDD_IN 9477mW/11687mW VDD_CPU_GPU_CV 3109mW/4715mW VDD_SOC 2680mW/2990mW
09-26-2026 21:19:16 RAM 4864/7620MB (lfb 20x4MB) SWAP 91/12002MB (cached 0MB) CPU [1%@1728,0%@1728,88%@1728,0%@1728,0%@1728,0%@1728] GR3D_FREQ 65% cpu@56.5C soc2@55.625C soc0@55.062C gpu@57.687C tj@57.687C soc1@56.531C VDD_IN 10802mW/11685mW VDD_CPU_GPU_CV 3923mW/4713mW VDD_SOC 2952mW/2990mW
09-26-2026 21:19:16 RAM 5014/7620MB (lfb 1x2MB) SWAP 91/12002MB (cached 0MB) CPU [12%@1728,10%@1728,74%@1728,18%@1728,12%@1728,12%@1728] GR3D_FREQ 0% cpu@57.218C soc2@55.656C soc0@54.968C gpu@56.906C tj@57.218C soc1@56.531C VDD_IN 11453mW/11684mW VDD_CPU_GPU_CV 4511mW/4712mW VDD_SOC 3025mW/2990mW
09-26-2026 21:19:17 RAM 5019/7620MB (lfb 1x4MB) SWAP 91/12002MB (cached 0MB) CPU [54%@1728,34%@1728,34%@1728,81%@1728,31%@1728,31%@1728] GR3D_FREQ 0% cpu@56.906C soc2@55.687C soc0@55C gpu@57.031C tj@57.031C soc1@56.343C VDD_IN 10053mW/11680mW VDD_CPU_GPU_CV 3536mW/4709mW VDD_SOC 2759mW/2990mW
09-26-2026 21:19:17 RAM 5019/7620MB (lfb 1x4MB) SWAP 91/12002MB (cached 0MB) CPU [97%@1728,51%@1728,50%@1728,7%@1728,64%@1728,63%@1728] GR3D_FREQ 0% cpu@56.843C soc2@55.656C soc0@55.156C gpu@56.906C tj@56.906C soc1@56.343C VDD_IN 9635mW/11675mW VDD_CPU_GPU_CV 3345mW/4706mW VDD_SOC 2680mW/2989mW
09-26-2026 21:19:18 RAM 4780/7620MB (lfb 20x4MB) SWAP 91/12002MB (cached 0MB) CPU [100%@1728,25%@1728,25%@1728,0%@1728,26%@1728,30%@1728] GR3D_FREQ 0% cpu@56.625C soc2@55.593C soc0@55.031C gpu@56.968C tj@56.968C soc1@56.375C VDD_IN 9240mW/11669mW VDD_CPU_GPU_CV 2794mW/4701mW VDD_SOC 2680mW/2988mW
09-26-2026 21:19:18 RAM 4859/7620MB (lfb 20x4MB) SWAP 91/12002MB (cached 0MB) CPU [65%@1728,0%@1728,0%@1728,1%@1728,0%@1728,1%@1728] GR3D_FREQ 66% cpu@56.593C soc2@55.781C soc0@55.062C gpu@57.75C tj@57.75C soc1@56.5C VDD_IN 12044mW/11670mW VDD_CPU_GPU_CV 4856mW/4702mW VDD_SOC 3104mW/2989mW
09-26-2026 21:19:19 RAM 5013/7620MB (lfb 1x4MB) SWAP 91/12002MB (cached 0MB) CPU [59%@1728,21%@1728,62%@1728,15%@1728,46%@1728,49%@1728] GR3D_FREQ 0% cpu@57.156C soc2@55.75C soc0@55.031C gpu@56.75C tj@56.937C soc1@56.437C VDD_IN 10683mW/11668mW VDD_CPU_GPU_CV 4040mW/4700mW VDD_SOC 2873mW/2988mW
09-26-2026 21:19:19 RAM 5017/7620MB (lfb 1x2MB) SWAP 91/12002MB (cached 0MB) CPU [51%@1728,21%@1728,97%@1728,50%@1728,67%@1728,68%@1728] GR3D_FREQ 0% cpu@57.281C soc2@55.593C soc0@55.218C gpu@56.625C tj@57.281C soc1@56.375C VDD_IN 9777mW/11663mW VDD_CPU_GPU_CV 3458mW/4697mW VDD_SOC 2720mW/2988mW
09-26-2026 21:19:20 RAM 5017/7620MB (lfb 1x2MB) SWAP 91/12002MB (cached 0MB) CPU [46%@1728,23%@1728,100%@1728,43%@1728,47%@1728,49%@1728] GR3D_FREQ 0% cpu@57.218C soc2@55.5C soc0@55.125C gpu@56.656C tj@57.218C soc1@56.343C VDD_IN 9477mW/11658mW VDD_CPU_GPU_CV 3227mW/4694mW VDD_SOC 2641mW/2987mW
09-26-2026 21:19:20 RAM 4854/7620MB (lfb 14x4MB) SWAP 91/12002MB (cached 0MB) CPU [67%@1728,16%@1728,16%@1728,16%@1728,47%@1728,26%@1728] GR3D_FREQ 0% cpu@57C soc2@55.468C soc0@55.031C gpu@56.5C tj@57C soc1@56.468C VDD_IN 9556mW/11653mW VDD_CPU_GPU_CV 3070mW/4690mW VDD_SOC 2720mW/2986mW
09-26-2026 21:19:21 RAM 4902/7620MB (lfb 14x4MB) SWAP 91/12002MB (cached 0MB) CPU [2%@1728,5%@1728,5%@1728,3%@1728,57%@1728,25%@1728] GR3D_FREQ 66% cpu@56.093C soc2@55.562C soc0@55C gpu@57.937C tj@57.937C soc1@56.437C VDD_IN 12535mW/11655mW VDD_CPU_GPU_CV 5239mW/4691mW VDD_SOC 3177mW/2987mW
09-26-2026 21:19:21 RAM 5024/7620MB (lfb 1x4MB) SWAP 91/12002MB (cached 0MB) CPU [24%@1728,30%@1728,32%@1728,30%@1728,47%@1728,82%@1728] GR3D_FREQ 0% cpu@56.906C soc2@55.5C soc0@55C gpu@57.125C tj@57.125C soc1@56.375C VDD_IN 10565mW/11652mW VDD_CPU_GPU_CV 3929mW/4689mW VDD_SOC 2833mW/2986mW
09-26-2026 21:19:22 RAM 5025/7620MB (lfb 1x4MB) SWAP 91/12002MB (cached 0MB) CPU [36%@1728,26%@1728,38%@1728,40%@1728,48%@1728,100%@1728] GR3D_FREQ 0% cpu@56.5C soc2@55.562C soc0@55.031C gpu@56.812C tj@56.812C soc1@56.406C VDD_IN 9832mW/11648mW VDD_CPU_GPU_CV 3418mW/4686mW VDD_SOC 2720mW/2986mW
09-26-2026 21:19:22 RAM 4743/7620MB (lfb 32x4MB) SWAP 91/12002MB (cached 0MB) CPU [26%@1728,24%@1728,25%@1728,24%@1728,25%@1728,100%@1728] GR3D_FREQ 0% cpu@56.25C soc2@55.343C soc0@55.031C gpu@56.593C tj@56.593C soc1@56.312C VDD_IN 9358mW/11642mW VDD_CPU_GPU_CV 3030mW/4682mW VDD_SOC 2680mW/2985mW
09-26-2026 21:19:23 RAM 4918/7620MB (lfb 14x4MB) SWAP 91/12002MB (cached 0MB) CPU [1%@1728,1%@1728,0%@1728,0%@1728,0%@1728,80%@1728] GR3D_FREQ 66% cpu@55.937C soc2@55.437C soc0@54.968C gpu@57.312C tj@57.312C soc1@56.468C VDD_IN 11020mW/11641mW VDD_CPU_GPU_CV 4080mW/4681mW VDD_SOC 2952mW/2985mW
09-26-2026 21:19:23 RAM 5106/7620MB (lfb 1x4MB) SWAP 91/12002MB (cached 0MB) CPU [14%@1728,15%@1728,14%@1728,15%@1728,67%@1728,21%@1728] GR3D_FREQ 0% cpu@57.093C soc2@55.437C soc0@54.875C gpu@57.062C tj@57.093C soc1@56.343C VDD_IN 11375mW/11640mW VDD_CPU_GPU_CV 4354mW/4680mW VDD_SOC 3025mW/2985mW
09-26-2026 21:19:24 RAM 5106/7620MB (lfb 1x4MB) SWAP 91/12002MB (cached 0MB) CPU [31%@1728,8%@1728,31%@1728,27%@1728,100%@1728,31%@1728] GR3D_FREQ 0% cpu@56.75C soc2@55.375C soc0@54.906C gpu@56.5C tj@56.75C soc1@56.25C VDD_IN 9714mW/11636mW VDD_CPU_GPU_CV 3340mW/4677mW VDD_SOC 2720mW/2984mW
09-26-2026 21:19:24 RAM 5102/7620MB (lfb 1x2MB) SWAP 91/12002MB (cached 0MB) CPU [27%@1728,28%@1728,4%@1728,30%@1728,100%@1728,27%@1728] GR3D_FREQ 0% cpu@56.625C soc2@55.312C soc0@55.062C gpu@56.812C tj@56.812C soc1@56.218C VDD_IN 9240mW/11630mW VDD_CPU_GPU_CV 3030mW/4673mW VDD_SOC 2641mW/2983mW
09-26-2026 21:19:25 RAM 5102/7620MB (lfb 1x2MB) SWAP 91/12002MB (cached 0MB) CPU [1%@1728,27%@1728,25%@1728,28%@1728,100%@1728,25%@1728] GR3D_FREQ 0% cpu@56.343C soc2@55.25C soc0@54.843C gpu@56.562C tj@56.562C soc1@56.218C VDD_IN 9082mW/11624mW VDD_CPU_GPU_CV 2952mW/4669mW VDD_SOC 2606mW/2983mW
09-26-2026 21:19:25 RAM 4930/7620MB (lfb 10x4MB) SWAP 91/12002MB (cached 0MB) CPU [6%@1728,8%@1728,5%@1728,10%@1728,100%@1728,8%@1728] GR3D_FREQ 0% cpu@56.812C soc2@55.218C soc0@54.843C gpu@56.468C tj@56.812C soc1@56.375C VDD_IN 9003mW/11618mW VDD_CPU_GPU_CV 2637mW/4664mW VDD_SOC 2685mW/2982mW
09-26-2026 21:19:26 RAM 4983/7620MB (lfb 10x4MB) SWAP 91/12002MB (cached 0MB) CPU [1%@1728,3%@1728,0%@1728,0%@1728,58%@1728,0%@1728] GR3D_FREQ 66% cpu@55.875C soc2@55.375C soc0@54.906C gpu@57.5C tj@57.5C soc1@56.187C VDD_IN 12260mW/11619mW VDD_CPU_GPU_CV 5013mW/4665mW VDD_SOC 3138mW/2982mW
09-26-2026 21:19:26 RAM 5107/7620MB (lfb 1x4MB) SWAP 91/12002MB (cached 0MB) CPU [55%@1728,66%@1728,47%@1728,49%@1728,61%@1728,43%@1728] GR3D_FREQ 0% cpu@56.468C soc2@55.5C soc0@54.875C gpu@57C tj@57C soc1@56.343C VDD_IN 10841mW/11618mW VDD_CPU_GPU_CV 4119mW/4663mW VDD_SOC 2873mW/2982mW
09-26-2026 21:19:27 RAM 5111/7620MB (lfb 1x4MB) SWAP 91/12002MB (cached 0MB) CPU [34%@1728,90%@1728,46%@1728,34%@1728,34%@1728,34%@1728] GR3D_FREQ 0% cpu@56.687C soc2@55.531C soc0@54.843C gpu@56.5C tj@56.687C soc1@56.375C VDD_IN 9872mW/11613mW VDD_CPU_GPU_CV 3458mW/4661mW VDD_SOC 2720mW/2981mW
09-26-2026 21:19:27 RAM 4764/7620MB (lfb 37x4MB) SWAP 91/12002MB (cached 0MB) CPU [38%@1728,62%@1728,38%@1728,19%@1728,74%@1728,45%@1728] GR3D_FREQ 0% cpu@56.812C soc2@55.406C soc0@55.093C gpu@56.687C tj@56.812C soc1@56.156C VDD_IN 9556mW/11609mW VDD_CPU_GPU_CV 3227mW/4657mW VDD_SOC 2680mW/2981mW
09-26-2026 21:19:28 RAM 4952/7620MB (lfb 16x4MB) SWAP 91/12002MB (cached 0MB) CPU [0%@1728,0%@1728,1%@1728,0%@1728,92%@1728,0%@1728] GR3D_FREQ 66% cpu@55.875C soc2@55.25C soc0@54.906C gpu@57.187C tj@57.187C soc1@56.187C VDD_IN 10013mW/11605mW VDD_CPU_GPU_CV 3340mW/4654mW VDD_SOC 2838mW/2980mW
09-26-2026 21:19:28 RAM 5108/7620MB (lfb 1x4MB) SWAP 91/12002MB (cached 0MB) CPU [8%@1728,7%@1728,6%@1728,5%@1728,58%@1728,5%@1728] GR3D_FREQ 0% cpu@56.593C soc2@55.5C soc0@54.843C gpu@56.906C tj@56.906C soc1@56.406C VDD_IN 12044mW/11606mW VDD_CPU_GPU_CV 4778mW/4654mW VDD_SOC 3104mW/2981mW
09-26-2026 21:19:29 RAM 5108/7620MB (lfb 1x4MB) SWAP 91/12002MB (cached 0MB) CPU [34%@1728,34%@1728,35%@1728,36%@1728,100%@1728,36%@1728] GR3D_FREQ 0% cpu@57C soc2@55.343C soc0@54.812C gpu@56.593C tj@57C soc1@56.281C VDD_IN 10171mW/11603mW VDD_CPU_GPU_CV 3654mW/4652mW VDD_SOC 2794mW/2980mW
09-26-2026 21:19:29 RAM 5107/7620MB (lfb 67x1MB) SWAP 91/12002MB (cached 0MB) CPU [34%@1728,34%@1728,34%@1728,34%@1728,100%@1728,34%@1728] GR3D_FREQ 0% cpu@56.812C soc2@55.25C soc0@54.656C gpu@56.5C tj@56.812C soc1@56.218C VDD_IN 9674mW/11598mW VDD_CPU_GPU_CV 3306mW/4649mW VDD_SOC 2680mW/2980mW
09-26-2026 21:19:30 RAM 4939/7620MB (lfb 11x4MB) SWAP 91/12002MB (cached 0MB) CPU [10%@1728,9%@1728,9%@1728,11%@1728,100%@1728,9%@1728] GR3D_FREQ 0% cpu@56.593C soc2@55.218C soc0@54.843C gpu@56.281C tj@56.593C soc1@56.093C VDD_IN 9240mW/11593mW VDD_CPU_GPU_CV 2794mW/4645mW VDD_SOC 2720mW/2979mW
09-26-2026 21:19:30 RAM 5047/7620MB (lfb 4x4MB) SWAP 91/12002MB (cached 0MB) CPU [3%@1728,0%@1728,0%@1728,0%@1728,65%@1728,0%@1728] GR3D_FREQ 7% cpu@55.937C soc2@55.406C soc0@54.843C gpu@57.875C tj@57.875C soc1@56.437C VDD_IN 12849mW/11596mW VDD_CPU_GPU_CV 5318mW/4646mW VDD_SOC 3217mW/2979mW
09-26-2026 21:19:31 RAM 5150/7620MB (lfb 1x4MB) SWAP 91/12002MB (cached 0MB) CPU [36%@1728,36%@1728,39%@1728,37%@1728,100%@1728,34%@1728] GR3D_FREQ 0% cpu@56.687C soc2@55.343C soc0@54.781C gpu@56.593C tj@56.687C soc1@56.218C VDD_IN 10526mW/11593mW VDD_CPU_GPU_CV 3811mW/4644mW VDD_SOC 2833mW/2979mW
09-26-2026 21:19:31 RAM 5145/7620MB (lfb 1x4MB) SWAP 91/12002MB (cached 0MB) CPU [36%@1728,35%@1728,36%@1728,36%@1728,98%@1728,38%@1728] GR3D_FREQ 0% cpu@56.812C soc2@55.312C soc0@54.843C gpu@56.625C tj@56.812C soc1@56.125C VDD_IN 9793mW/11589mW VDD_CPU_GPU_CV 3379mW/4641mW VDD_SOC 2720mW/2979mW
09-26-2026 21:19:32 RAM 4882/7620MB (lfb 15x4MB) SWAP 91/12002MB (cached 0MB) CPU [14%@1728,14%@1728,12%@1728,14%@1728,100%@1728,12%@1728] GR3D_FREQ 0% cpu@56.531C soc2@55.218C soc0@54.843C gpu@56.437C tj@56.531C soc1@56.218C VDD_IN 9279mW/11584mW VDD_CPU_GPU_CV 2873mW/4637mW VDD_SOC 2680mW/2978mW
09-26-2026 21:19:33 RAM 4986/7620MB (lfb 15x4MB) SWAP 91/12002MB (cached 0MB) CPU [0%@1728,1%@1728,0%@1728,0%@1728,72%@1728,0%@1728] GR3D_FREQ 66% cpu@55.843C soc2@55.375C soc0@54.843C gpu@57.562C tj@57.562C soc1@56.125C VDD_IN 12417mW/11586mW VDD_CPU_GPU_CV 5131mW/4639mW VDD_SOC 3177mW/2978mW
09-26-2026 21:19:33 RAM 5146/7620MB (lfb 1x2MB) SWAP 91/12002MB (cached 0MB) CPU [36%@1728,36%@1728,8%@1728,34%@1728,92%@1728,50%@1728] GR3D_FREQ 0% cpu@56.593C soc2@55.375C soc0@54.843C gpu@56.5C tj@56.593C soc1@56.281C VDD_IN 10723mW/11584mW VDD_CPU_GPU_CV 4040mW/4637mW VDD_SOC 2873mW/2978mW
09-26-2026 21:19:34 RAM 5149/7620MB (lfb 67x1MB) SWAP 91/12002MB (cached 0MB) CPU [36%@1728,33%@1728,37%@1728,34%@1728,100%@1728,34%@1728] GR3D_FREQ 0% cpu@56.75C soc2@55.312C soc0@54.843C gpu@56.656C tj@56.75C soc1@56.281C VDD_IN 9816mW/11580mW VDD_CPU_GPU_CV 3458mW/4634mW VDD_SOC 2720mW/2977mW
09-26-2026 21:19:34 RAM 4803/7620MB (lfb 37x4MB) SWAP 91/12002MB (cached 0MB) CPU [26%@1728,26%@1728,26%@1728,26%@1728,100%@1728,27%@1728] GR3D_FREQ 0% cpu@56.562C soc2@55.343C soc0@54.906C gpu@56.25C tj@56.562C soc1@56.156C VDD_IN 9398mW/11575mW VDD_CPU_GPU_CV 3070mW/4631mW VDD_SOC 2680mW/2977mW
09-26-2026 21:19:35 RAM 4985/7620MB (lfb 15x4MB) SWAP 91/12002MB (cached 0MB) CPU [0%@1728,0%@1728,0%@1728,0%@1728,86%@1728,0%@1728] GR3D_FREQ 65% cpu@55.812C soc2@55.375C soc0@54.843C gpu@57.562C tj@57.562C soc1@56.093C VDD_IN 11217mW/11574mW VDD_CPU_GPU_CV 4237mW/4630mW VDD_SOC 2986mW/2977mW
09-26-2026 21:19:35 RAM 5137/7620MB (lfb 1x2MB) SWAP 91/12002MB (cached 0MB) CPU [18%@1728,21%@1728,18%@1728,18%@1728,80%@1728,18%@1728] GR3D_FREQ 0% cpu@56.531C soc2@55.343C soc0@54.843C gpu@56.687C tj@56.687C soc1@56.281C VDD_IN 11335mW/11573mW VDD_CPU_GPU_CV 4354mW/4629mW VDD_SOC 2986mW/2977mW
09-26-2026 21:19:36 RAM 5147/7620MB (lfb 1x2MB) SWAP 91/12002MB (cached 0MB) CPU [36%@1728,33%@1728,36%@1728,36%@1728,100%@1728,34%@1728] GR3D_FREQ 0% cpu@56.812C soc2@55.281C soc0@54.812C gpu@56.406C tj@56.812C soc1@56.093C VDD_IN 10053mW/11570mW VDD_CPU_GPU_CV 3536mW/4627mW VDD_SOC 2759mW/2976mW
09-26-2026 21:19:36 RAM 4801/7620MB (lfb 35x4MB) SWAP 91/12002MB (cached 0MB) CPU [35%@1728,34%@1728,32%@1728,33%@1728,100%@1728,33%@1728] GR3D_FREQ 0% cpu@56.687C soc2@55.218C soc0@54.718C gpu@56.468C tj@56.687C soc1@56.093C VDD_IN 9595mW/11565mW VDD_CPU_GPU_CV 3227mW/4624mW VDD_SOC 2720mW/2976mW
09-26-2026 21:19:37 RAM 4990/7620MB (lfb 14x4MB) SWAP 91/12002MB (cached 0MB) CPU [0%@1728,0%@1728,0%@1728,0%@1728,92%@1728,0%@1728] GR3D_FREQ 64% cpu@55.875C soc2@55.281C soc0@54.843C gpu@57.125C tj@57.125C soc1@56.093C VDD_IN 10368mW/11563mW VDD_CPU_GPU_CV 3575mW/4621mW VDD_SOC 2873mW/2976mW
09-26-2026 21:19:37 RAM 5142/7620MB (lfb 1x4MB) SWAP 91/12002MB (cached 0MB) CPU [10%@1728,10%@1728,10%@1728,12%@1728,74%@1728,12%@1728] GR3D_FREQ 0% cpu@56.5C soc2@55.25C soc0@54.843C gpu@57.062C tj@57.062C soc1@56.031C VDD_IN 11689mW/11563mW VDD_CPU_GPU_CV 4621mW/4621mW VDD_SOC 3065mW/2976mW
09-26-2026 21:19:38 RAM 5149/7620MB (lfb 67x1MB) SWAP 91/12002MB (cached 0MB) CPU [37%@1728,37%@1728,36%@1728,36%@1728,98%@1728,36%@1728] GR3D_FREQ 0% cpu@56.843C soc2@55.343C soc0@54.75C gpu@56.687C tj@56.687C soc1@56.312C VDD_IN 10131mW/11560mW VDD_CPU_GPU_CV 3615mW/4619mW VDD_SOC 2799mW/2975mW
09-26-2026 21:19:38 RAM 5149/7620MB (lfb 67x1MB) SWAP 91/12002MB (cached 0MB) CPU [38%@1728,38%@1728,37%@1728,36%@1728,100%@1728,36%@1728] GR3D_FREQ 0% cpu@56.75C soc2@55.312C soc0@54.812C gpu@56.406C tj@56.75C soc1@56.125C VDD_IN 9635mW/11555mW VDD_CPU_GPU_CV 3306mW/4616mW VDD_SOC 2680mW/2975mW
09-26-2026 21:19:39 RAM 4990/7620MB (lfb 15x4MB) SWAP 91/12002MB (cached 0MB) CPU [0%@1728,0%@1728,2%@1728,0%@1728,100%@1728,2%@1728] GR3D_FREQ 28% cpu@56.031C soc2@55.218C soc0@54.843C gpu@56.843C tj@56.843C soc1@56C VDD_IN 9398mW/11551mW VDD_CPU_GPU_CV 2873mW/4612mW VDD_SOC 2759mW/2974mW
09-26-2026 21:19:39 RAM 5103/7620MB (lfb 67x1MB) SWAP 91/12002MB (cached 0MB) CPU [9%@1728,8%@1728,7%@1728,7%@1728,68%@1728,7%@1728] GR3D_FREQ 0% cpu@56.468C soc2@55.437C soc0@54.812C gpu@56.812C tj@56.812C soc1@55.968C VDD_IN 12181mW/11552mW VDD_CPU_GPU_CV 4896mW/4613mW VDD_SOC 3143mW/2975mW
09-26-2026 21:19:40 RAM 5104/7620MB (lfb 67x1MB) SWAP 91/12002MB (cached 0MB) CPU [34%@1728,35%@1728,37%@1728,34%@1728,98%@1728,34%@1728] GR3D_FREQ 0% cpu@56.593C soc2@55.281C soc0@54.75C gpu@56.375C tj@56.593C soc1@56.187C VDD_IN 10210mW/11549mW VDD_CPU_GPU_CV 3654mW/4611mW VDD_SOC 2794mW/2974mW
09-26-2026 21:19:40 RAM 5111/7620MB (lfb 1x2MB) SWAP 91/12002MB (cached 0MB) CPU [37%@1728,37%@1728,36%@1728,37%@1728,100%@1728,38%@1728] GR3D_FREQ 0% cpu@56.562C soc2@55.187C soc0@54.781C gpu@56.687C tj@56.687C soc1@56.156C VDD_IN 9674mW/11545mW VDD_CPU_GPU_CV 3306mW/4608mW VDD_SOC 2680mW/2974mW
09-26-2026 21:19:41 RAM 4368/7620MB (lfb 64x4MB) SWAP 91/12002MB (cached 0MB) CPU [4%@1728,24%@1728,24%@1728,40%@1728,100%@1728,32%@1728] GR3D_FREQ 0% cpu@56.531C soc2@55.093C soc0@54.656C gpu@56.281C tj@56.531C soc1@56.093C VDD_IN 9556mW/11541mW VDD_CPU_GPU_CV 2991mW/4604mW VDD_SOC 2759mW/2973mW
09-26-2026 21:19:41 RAM 3191/7620MB (lfb 108x4MB) SWAP 91/12002MB (cached 0MB) CPU [17%@1728,5%@1728,42%@1728,22%@1728,72%@1728,5%@1728] GR3D_FREQ 1% cpu@56.375C soc2@55.125C soc0@54.718C gpu@56.625C tj@56.625C soc1@56.031C VDD_IN 9003mW/11535mW VDD_CPU_GPU_CV 2637mW/4600mW VDD_SOC 2685mW/2972mW
