09-26-2026 21:24:58 RAM 3128/7620MB (lfb 107x4MB) SWAP 91/12002MB (cached 0MB) CPU [27%@1728,29%@1728,40%@1728,27%@1728,100%@1728,29%@1728] GR3D_FREQ 0% cpu@52.531C soc2@51.406C soc0@51C gpu@52.468C tj@52.531C soc1@52.375C VDD_IN 8938mW/8938mW VDD_CPU_GPU_CV 2838mW/2838mW VDD_SOC 2606mW/2606mW
09-26-2026 21:24:59 RAM 3187/7620MB (lfb 107x4MB) SWAP 91/12002MB (cached 0MB) CPU [2%@1728,0%@1728,0%@1728,0%@1728,100%@1728,0%@1728] GR3D_FREQ 0% cpu@52.625C soc2@51.218C soc0@51.031C gpu@52.375C tj@52.625C soc1@52.375C VDD_IN 8661mW/8800mW VDD_CPU_GPU_CV 2523mW/2681mW VDD_SOC 2606mW/2606mW
09-26-2026 21:24:59 RAM 3210/7620MB (lfb 107x4MB) SWAP 91/12002MB (cached 0MB) CPU [0%@1728,0%@1728,0%@1728,1%@1728,100%@1728,0%@1728] GR3D_FREQ 0% cpu@52.593C soc2@51.343C soc0@51.187C gpu@52.343C tj@52.593C soc1@52.375C VDD_IN 8543mW/8714mW VDD_CPU_GPU_CV 2404mW/2588mW VDD_SOC 2606mW/2606mW
09-26-2026 21:25:00 RAM 3224/7620MB (lfb 107x4MB) SWAP 91/12002MB (cached 0MB) CPU [0%@1728,0%@1728,0%@1728,0%@1728,100%@1728,0%@1728] GR3D_FREQ 0% cpu@52.468C soc2@51.343C soc0@51.125C gpu@52.343C tj@52.562C soc1@52.375C VDD_IN 8503mW/8661mW VDD_CPU_GPU_CV 2404mW/2542mW VDD_SOC 2606mW/2606mW
09-26-2026 21:25:00 RAM 3310/7620MB (lfb 107x4MB) SWAP 91/12002MB (cached 0MB) CPU [13%@1728,14%@1728,12%@1728,13%@1728,100%@1728,14%@1728] GR3D_FREQ 0% cpu@52.312C soc2@51.25C soc0@51.062C gpu@52.25C tj@52.437C soc1@52.437C VDD_IN 8464mW/8622mW VDD_CPU_GPU_CV 2404mW/2515mW VDD_SOC 2606mW/2606mW
09-26-2026 21:25:01 RAM 3402/7620MB (lfb 107x4MB) SWAP 91/12002MB (cached 0MB) CPU [0%@1728,0%@1728,0%@1728,0%@1728,100%@1728,0%@1728] GR3D_FREQ 0% cpu@52.25C soc2@51.25C soc0@51.093C gpu@52.687C tj@52.687C soc1@52.468C VDD_IN 8345mW/8576mW VDD_CPU_GPU_CV 2290mW/2477mW VDD_SOC 2610mW/2607mW
09-26-2026 21:25:01 RAM 3517/7620MB (lfb 97x4MB) SWAP 91/12002MB (cached 0MB) CPU [0%@1728,0%@1728,2%@1728,0%@1728,100%@1728,0%@1728] GR3D_FREQ 0% cpu@52.593C soc2@51.468C soc0@51.156C gpu@52.406C tj@52.75C soc1@52.406C VDD_IN 8424mW/8554mW VDD_CPU_GPU_CV 2326mW/2456mW VDD_SOC 2606mW/2607mW
09-26-2026 21:25:02 RAM 3523/7620MB (lfb 97x4MB) SWAP 91/12002MB (cached 0MB) CPU [16%@1728,26%@1728,18%@1728,14%@1728,100%@1728,21%@1728] GR3D_FREQ 0% cpu@52.437C soc2@51.562C soc0@51.187C gpu@52.406C tj@52.437C soc1@52.343C VDD_IN 9477mW/8669mW VDD_CPU_GPU_CV 2833mW/2503mW VDD_SOC 2803mW/2631mW
09-26-2026 21:25:02 RAM 3730/7620MB (lfb 58x4MB) SWAP 91/12002MB (cached 0MB) CPU [0%@1728,1%@1728,1%@1728,1%@1728,96%@1728,0%@1728] GR3D_FREQ 0% cpu@52.531C soc2@51.406C soc0@51.187C gpu@52.593C tj@52.625C soc1@52.625C VDD_IN 8978mW/8704mW VDD_CPU_GPU_CV 2562mW/2509mW VDD_SOC 2724mW/2641mW
09-26-2026 21:25:03 RAM 3928/7620MB (lfb 38x4MB) SWAP 91/12002MB (cached 0MB) CPU [0%@1728,0%@1728,1%@1728,4%@1728,45%@1728,0%@1728] GR3D_FREQ 89% cpu@52.906C soc2@51.968C soc0@51.187C gpu@55.125C tj@55.125C soc1@52.593C VDD_IN 15823mW/9416mW VDD_CPU_GPU_CV 7510mW/3009mW VDD_SOC 3747mW/2752mW
09-26-2026 21:25:03 RAM 4111/7620MB (lfb 28x4MB) SWAP 91/12002MB (cached 0MB) CPU [12%@1728,10%@1728,12%@1728,10%@1728,64%@1728,14%@1728] GR3D_FREQ 0% cpu@53.5C soc2@52.25C soc0@51.593C gpu@53.375C tj@53.5C soc1@52.562C VDD_IN 14241mW/9854mW VDD_CPU_GPU_CV 6402mW/3318mW VDD_SOC 3485mW/2819mW
09-26-2026 21:25:04 RAM 4109/7620MB (lfb 28x4MB) SWAP 91/12002MB (cached 0MB) CPU [28%@1728,35%@1728,10%@1728,39%@1728,100%@1728,59%@1728] GR3D_FREQ 0% cpu@53.281C soc2@51.937C soc0@51.437C gpu@53.187C tj@53.281C soc1@52.656C VDD_IN 10723mW/9927mW VDD_CPU_GPU_CV 4047mW/3379mW VDD_SOC 2873mW/2823mW
09-26-2026 21:25:04 RAM 4113/7620MB (lfb 28x4MB) SWAP 91/12002MB (cached 0MB) CPU [37%@1728,35%@1728,15%@1728,34%@1728,100%@1728,44%@1728] GR3D_FREQ 0% cpu@53.187C soc2@51.843C soc0@51.437C gpu@52.812C tj@53.187C soc1@52.875C VDD_IN 9714mW/9910mW VDD_CPU_GPU_CV 3306mW/3373mW VDD_SOC 2720mW/2815mW
09-26-2026 21:25:05 RAM 4113/7620MB (lfb 28x4MB) SWAP 91/12002MB (cached 0MB) CPU [26%@1728,26%@1728,26%@1728,26%@1728,100%@1728,26%@1728] GR3D_FREQ 0% cpu@53.406C soc2@51.906C soc0@51.5C gpu@53.125C tj@53.406C soc1@52.781C VDD_IN 9319mW/9868mW VDD_CPU_GPU_CV 3030mW/3349mW VDD_SOC 2685mW/2806mW
09-26-2026 21:25:05 RAM 4083/7620MB (lfb 28x4MB) SWAP 91/12002MB (cached 0MB) CPU [0%@1728,0%@1728,0%@1728,0%@1728,100%@1728,0%@1728] GR3D_FREQ 0% cpu@53.125C soc2@51.781C soc0@51.406C gpu@52.875C tj@53.125C soc1@52.718C VDD_IN 9096mW/9817mW VDD_CPU_GPU_CV 2601mW/3299mW VDD_SOC 2764mW/2803mW
09-26-2026 21:25:06 RAM 4219/7620MB (lfb 28x4MB) SWAP 91/12002MB (cached 0MB) CPU [0%@1728,0%@1728,0%@1728,0%@1728,47%@1728,18%@1728] GR3D_FREQ 62% cpu@52.687C soc2@51.937C soc0@51.562C gpu@54.031C tj@54.031C soc1@52.687C VDD_IN 12555mW/9988mW VDD_CPU_GPU_CV 5131mW/3413mW VDD_SOC 3261mW/2832mW
09-26-2026 21:25:06 RAM 4330/7620MB (lfb 29x4MB) SWAP 91/12002MB (cached 0MB) CPU [27%@1728,28%@1728,26%@1728,27%@1728,26%@1728,96%@1728] GR3D_FREQ 0% cpu@53C soc2@52.031C soc0@51.468C gpu@52.906C tj@53C soc1@52.687C VDD_IN 10486mW/10017mW VDD_CPU_GPU_CV 3811mW/3437mW VDD_SOC 2873mW/2834mW
09-26-2026 21:25:07 RAM 4340/7620MB (lfb 28x4MB) SWAP 91/12002MB (cached 0MB) CPU [36%@1728,33%@1728,34%@1728,34%@1728,32%@1728,100%@1728] GR3D_FREQ 0% cpu@53.343C soc2@51.937C soc0@51.562C gpu@52.937C tj@53.093C soc1@53.031C VDD_IN 9753mW/10002mW VDD_CPU_GPU_CV 3345mW/3432mW VDD_SOC 2759mW/2830mW
09-26-2026 21:25:07 RAM 4068/7620MB (lfb 57x4MB) SWAP 91/12002MB (cached 0MB) CPU [22%@1728,23%@1728,22%@1728,20%@1728,22%@1728,100%@1728] GR3D_FREQ 0% cpu@53.125C soc2@51.843C soc0@51.406C gpu@53.218C tj@53.218C soc1@52.812C VDD_IN 9319mW/9966mW VDD_CPU_GPU_CV 2952mW/3406mW VDD_SOC 2724mW/2824mW
09-26-2026 21:25:08 RAM 4238/7620MB (lfb 29x4MB) SWAP 91/12002MB (cached 0MB) CPU [0%@1728,0%@1728,0%@1728,4%@1728,0%@1728,82%@1728] GR3D_FREQ 65% cpu@52.75C soc2@52.062C soc0@51.687C gpu@54.312C tj@54.312C soc1@52.781C VDD_IN 11650mW/10051mW VDD_CPU_GPU_CV 4511mW/3462mW VDD_SOC 3104mW/2838mW
09-26-2026 21:25:08 RAM 4390/7620MB (lfb 28x4MB) SWAP 91/12002MB (cached 0MB) CPU [20%@1728,18%@1728,21%@1728,21%@1728,18%@1728,83%@1728] GR3D_FREQ 0% cpu@53.125C soc2@52.156C soc0@51.656C gpu@53.281C tj@53.281C soc1@52.812C VDD_IN 11156mW/10103mW VDD_CPU_GPU_CV 4237mW/3498mW VDD_SOC 2991mW/2846mW
09-26-2026 21:25:09 RAM 4389/7620MB (lfb 25x4MB) SWAP 91/12002MB (cached 0MB) CPU [35%@1728,37%@1728,36%@1728,36%@1728,35%@1728,100%@1728] GR3D_FREQ 0% cpu@53.187C soc2@52.093C soc0@51.718C gpu@53.25C tj@53.25C soc1@53.093C VDD_IN 9990mW/10098mW VDD_CPU_GPU_CV 3463mW/3497mW VDD_SOC 2799mW/2844mW
09-26-2026 21:25:09 RAM 4082/7620MB (lfb 59x4MB) SWAP 91/12002MB (cached 0MB) CPU [32%@1728,31%@1728,30%@1728,29%@1728,32%@1728,100%@1728] GR3D_FREQ 0% cpu@53C soc2@52.031C soc0@51.687C gpu@53.031C tj@53.093C soc1@53.093C VDD_IN 9556mW/10075mW VDD_CPU_GPU_CV 3148mW/3482mW VDD_SOC 2759mW/2840mW
09-26-2026 21:25:10 RAM 4267/7620MB (lfb 25x4MB) SWAP 91/12002MB (cached 0MB) CPU [0%@1728,0%@1728,0%@1728,0%@1728,0%@1728,88%@1728] GR3D_FREQ 68% cpu@53.031C soc2@52C soc0@51.5C gpu@53.843C tj@53.843C soc1@52.937C VDD_IN 10329mW/10085mW VDD_CPU_GPU_CV 3536mW/3484mW VDD_SOC 2917mW/2843mW
09-26-2026 21:25:10 RAM 4394/7620MB (lfb 25x4MB) SWAP 91/12002MB (cached 0MB) CPU [10%@1728,9%@1728,9%@1728,9%@1728,8%@1728,61%@1728] GR3D_FREQ 0% cpu@53.25C soc2@52.187C soc0@51.875C gpu@53.906C tj@53.906C soc1@52.968C VDD_IN 11847mW/10156mW VDD_CPU_GPU_CV 4660mW/3531mW VDD_SOC 3143mW/2855mW
09-26-2026 21:25:11 RAM 4394/7620MB (lfb 25x4MB) SWAP 91/12002MB (cached 0MB) CPU [29%@1728,28%@1728,30%@1728,29%@1728,31%@1728,100%@1728] GR3D_FREQ 0% cpu@53.187C soc2@52.093C soc0@51.656C gpu@53.312C tj@53.312C soc1@52.906C VDD_IN 10069mW/10152mW VDD_CPU_GPU_CV 3536mW/3531mW VDD_SOC 2799mW/2853mW
09-26-2026 21:25:11 RAM 4388/7620MB (lfb 25x4MB) SWAP 91/12002MB (cached 0MB) CPU [35%@1728,35%@1728,36%@1728,35%@1728,35%@1728,98%@1728] GR3D_FREQ 0% cpu@53.343C soc2@52.187C soc0@51.625C gpu@53.437C tj@53.437C soc1@53.093C VDD_IN 9635mW/10133mW VDD_CPU_GPU_CV 3266mW/3521mW VDD_SOC 2720mW/2848mW
09-26-2026 21:25:12 RAM 4206/7620MB (lfb 31x4MB) SWAP 91/12002MB (cached 0MB) CPU [11%@1728,8%@1728,8%@1728,10%@1728,8%@1728,100%@1728] GR3D_FREQ 0% cpu@53.281C soc2@51.968C soc0@51.593C gpu@53.25C tj@53.281C soc1@53.031C VDD_IN 9240mW/10101mW VDD_CPU_GPU_CV 2755mW/3494mW VDD_SOC 2764mW/2845mW
09-26-2026 21:25:12 RAM 4262/7620MB (lfb 25x4MB) SWAP 91/12002MB (cached 0MB) CPU [0%@1728,0%@1728,0%@1728,0%@1728,0%@1728,59%@1728] GR3D_FREQ 68% cpu@52.968C soc2@52.312C soc0@51.843C gpu@54.375C tj@54.375C soc1@53.031C VDD_IN 12240mW/10175mW VDD_CPU_GPU_CV 4935mW/3544mW VDD_SOC 3182mW/2857mW
09-26-2026 21:25:13 RAM 4392/7620MB (lfb 25x4MB) SWAP 91/12002MB (cached 0MB) CPU [29%@1728,29%@1728,29%@1728,28%@1728,26%@1728,90%@1728] GR3D_FREQ 0% cpu@53.5C soc2@52.25C soc0@51.843C gpu@53.25C tj@53.5C soc1@53C VDD_IN 10605mW/10189mW VDD_CPU_GPU_CV 3890mW/3555mW VDD_SOC 2912mW/2858mW
09-26-2026 21:25:13 RAM 4392/7620MB (lfb 25x4MB) SWAP 91/12002MB (cached 0MB) CPU [36%@1728,36%@1728,35%@1728,36%@1728,35%@1728,100%@1728] GR3D_FREQ 0% cpu@53.312C soc2@52.343C soc0@51.875C gpu@53.25C tj@53.312C soc1@53.156C VDD_IN 9793mW/10177mW VDD_CPU_GPU_CV 3384mW/3550mW VDD_SOC 2759mW/2855mW
09-26-2026 21:25:14 RAM 4118/7620MB (lfb 56x4MB) SWAP 91/12002MB (cached 0MB) CPU [21%@1728,20%@1728,22%@1728,23%@1728,23%@1728,100%@1728] GR3D_FREQ 0% cpu@53.281C soc2@52.156C soc0@51.718C gpu@53.187C tj@53.281C soc1@53.125C VDD_IN 9319mW/10150mW VDD_CPU_GPU_CV 2952mW/3531mW VDD_SOC 2724mW/2851mW
09-26-2026 21:25:14 RAM 4270/7620MB (lfb 26x4MB) SWAP 91/12002MB (cached 0MB) CPU [0%@1728,0%@1728,0%@1728,0%@1728,18%@1728,60%@1728] GR3D_FREQ 68% cpu@53.062C soc2@52.375C soc0@51.968C gpu@54.656C tj@54.656C soc1@53.125C VDD_IN 11335mW/10186mW VDD_CPU_GPU_CV 4276mW/3554mW VDD_SOC 3070mW/2858mW
09-26-2026 21:25:15 RAM 4392/7620MB (lfb 25x4MB) SWAP 91/12002MB (cached 0MB) CPU [23%@1728,23%@1728,4%@1728,25%@1728,62%@1728,40%@1728] GR3D_FREQ 0% cpu@53.625C soc2@52.406C soc0@52.031C gpu@53.687C tj@53.687C soc1@53.093C VDD_IN 11235mW/10217mW VDD_CPU_GPU_CV 4276mW/3575mW VDD_SOC 3030mW/2863mW
09-26-2026 21:25:15 RAM 4396/7620MB (lfb 25x4MB) SWAP 91/12002MB (cached 0MB) CPU [37%@1728,37%@1728,37%@1728,36%@1728,51%@1728,85%@1728] GR3D_FREQ 0% cpu@53.718C soc2@52.343C soc0@51.843C gpu@53.437C tj@53.718C soc1@53.343C VDD_IN 10029mW/10211mW VDD_CPU_GPU_CV 3497mW/3573mW VDD_SOC 2799mW/2861mW
09-26-2026 21:25:16 RAM 4396/7620MB (lfb 25x4MB) SWAP 91/12002MB (cached 0MB) CPU [35%@1728,38%@1728,34%@1728,36%@1728,100%@1728,30%@1728] GR3D_FREQ 0% cpu@53.781C soc2@52.406C soc0@51.937C gpu@53.531C tj@53.781C soc1@53.218C VDD_IN 9516mW/10192mW VDD_CPU_GPU_CV 3306mW/3565mW VDD_SOC 2724mW/2857mW
09-26-2026 21:25:16 RAM 4263/7620MB (lfb 26x4MB) SWAP 91/12002MB (cached 0MB) CPU [9%@1728,5%@1728,7%@1728,7%@1728,100%@1728,7%@1728] GR3D_FREQ 0% cpu@54.031C soc2@52.25C soc0@51.781C gpu@53.281C tj@54.031C soc1@53.187C VDD_IN 9200mW/10165mW VDD_CPU_GPU_CV 2715mW/3542mW VDD_SOC 2764mW/2855mW
09-26-2026 21:25:17 RAM 4334/7620MB (lfb 25x4MB) SWAP 91/12002MB (cached 0MB) CPU [1%@1728,0%@1728,0%@1728,0%@1728,54%@1728,1%@1728] GR3D_FREQ 28% cpu@53.125C soc2@52.531C soc0@52.093C gpu@54.343C tj@54.343C soc1@53.156C VDD_IN 12398mW/10224mW VDD_CPU_GPU_CV 5052mW/3582mW VDD_SOC 3222mW/2864mW
09-26-2026 21:25:17 RAM 4388/7620MB (lfb 25x4MB) SWAP 91/12002MB (cached 0MB) CPU [34%@1728,34%@1728,34%@1728,34%@1728,98%@1728,34%@1728] GR3D_FREQ 0% cpu@53.875C soc2@52.437C soc0@51.937C gpu@53.906C tj@53.906C soc1@53.437C VDD_IN 10407mW/10228mW VDD_CPU_GPU_CV 3733mW/3586mW VDD_SOC 2877mW/2865mW
09-26-2026 21:25:18 RAM 4391/7620MB (lfb 25x4MB) SWAP 91/12002MB (cached 0MB) CPU [36%@1728,34%@1728,37%@1728,35%@1728,98%@1728,34%@1728] GR3D_FREQ 0% cpu@54.125C soc2@52.406C soc0@51.937C gpu@53.375C tj@54.125C soc1@53.375C VDD_IN 9714mW/10216mW VDD_CPU_GPU_CV 3306mW/3579mW VDD_SOC 2759mW/2862mW
09-26-2026 21:25:18 RAM 4161/7620MB (lfb 44x4MB) SWAP 91/12002MB (cached 0MB) CPU [17%@1728,19%@1728,16%@1728,16%@1728,100%@1728,17%@1728] GR3D_FREQ 0% cpu@53.625C soc2@52.281C soc0@51.906C gpu@53.656C tj@53.656C soc1@53.343C VDD_IN 9279mW/10193mW VDD_CPU_GPU_CV 2833mW/3561mW VDD_SOC 2724mW/2859mW
09-26-2026 21:25:19 RAM 4269/7620MB (lfb 25x4MB) SWAP 91/12002MB (cached 0MB) CPU [0%@1728,1%@1728,0%@1728,0%@1728,68%@1728,0%@1728] GR3D_FREQ 67% cpu@53.187C soc2@52.625C soc0@52.125C gpu@54.75C tj@54.75C soc1@53.281C VDD_IN 11808mW/10231mW VDD_CPU_GPU_CV 4629mW/3586mW VDD_SOC 3143mW/2865mW
09-26-2026 21:25:19 RAM 4386/7620MB (lfb 25x4MB) SWAP 91/12002MB (cached 0MB) CPU [22%@1728,20%@1728,20%@1728,20%@1728,82%@1728,20%@1728] GR3D_FREQ 0% cpu@53.906C soc2@52.656C soc0@52.125C gpu@53.593C tj@53.906C soc1@53.281C VDD_IN 10920mW/10247mW VDD_CPU_GPU_CV 4047mW/3597mW VDD_SOC 2991mW/2868mW
09-26-2026 21:25:20 RAM 4395/7620MB (lfb 25x4MB) SWAP 91/12002MB (cached 0MB) CPU [36%@1728,34%@1728,34%@1728,34%@1728,100%@1728,34%@1728] GR3D_FREQ 0% cpu@54.062C soc2@52.562C soc0@52.218C gpu@53.531C tj@54.062C soc1@53.375C VDD_IN 9911mW/10240mW VDD_CPU_GPU_CV 3424mW/3593mW VDD_SOC 2799mW/2867mW
09-26-2026 21:25:20 RAM 4088/7620MB (lfb 60x4MB) SWAP 91/12002MB (cached 0MB) CPU [40%@1728,40%@1728,44%@1728,41%@1728,97%@1728,25%@1728] GR3D_FREQ 0% cpu@53.75C soc2@52.406C soc0@52.031C gpu@53.843C tj@53.843C soc1@53.312C VDD_IN 9595mW/10225mW VDD_CPU_GPU_CV 3109mW/3582mW VDD_SOC 2759mW/2864mW
09-26-2026 21:25:21 RAM 4273/7620MB (lfb 26x4MB) SWAP 91/12002MB (cached 0MB) CPU [0%@1728,0%@1728,0%@1728,0%@1728,92%@1728,0%@1728] GR3D_FREQ 68% cpu@53.5C soc2@52.406C soc0@52.062C gpu@54.406C tj@54.406C soc1@53.593C VDD_IN 10108mW/10223mW VDD_CPU_GPU_CV 3340mW/3577mW VDD_SOC 2877mW/2865mW
09-26-2026 21:25:21 RAM 4385/7620MB (lfb 25x4MB) SWAP 91/12002MB (cached 0MB) CPU [6%@1728,8%@1728,7%@1728,6%@1728,60%@1728,6%@1728] GR3D_FREQ 0% cpu@54.25C soc2@52.656C soc0@52.218C gpu@54.156C tj@54.25C soc1@53.406C VDD_IN 12044mW/10261mW VDD_CPU_GPU_CV 4778mW/3602mW VDD_SOC 3182mW/2871mW
09-26-2026 21:25:22 RAM 4385/7620MB (lfb 25x4MB) SWAP 91/12002MB (cached 0MB) CPU [34%@1728,32%@1728,32%@1728,32%@1728,100%@1728,32%@1728] GR3D_FREQ 0% cpu@54.062C soc2@52.531C soc0@51.968C gpu@53.812C tj@54.343C soc1@53.406C VDD_IN 10171mW/10260mW VDD_CPU_GPU_CV 3615mW/3603mW VDD_SOC 2838mW/2871mW
09-26-2026 21:25:22 RAM 4397/7620MB (lfb 25x4MB) SWAP 91/12002MB (cached 0MB) CPU [53%@1728,49%@1728,53%@1728,52%@1728,94%@1728,68%@1728] GR3D_FREQ 0% cpu@54.093C soc2@52.625C soc0@52.187C gpu@53.687C tj@54.093C soc1@53.406C VDD_IN 10029mW/10255mW VDD_CPU_GPU_CV 3575mW/3602mW VDD_SOC 2759mW/2868mW
09-26-2026 21:25:23 RAM 4148/7620MB (lfb 48x4MB) SWAP 91/12002MB (cached 0MB) CPU [16%@1728,19%@1728,16%@1728,17%@1728,100%@1728,19%@1728] GR3D_FREQ 0% cpu@53.875C soc2@52.5C soc0@52.156C gpu@53.562C tj@53.875C soc1@53.468C VDD_IN 9358mW/10237mW VDD_CPU_GPU_CV 2952mW/3589mW VDD_SOC 2724mW/2866mW
09-26-2026 21:25:23 RAM 4272/7620MB (lfb 26x4MB) SWAP 91/12002MB (cached 0MB) CPU [0%@1728,0%@1728,0%@1728,0%@1728,77%@1728,0%@1728] GR3D_FREQ 64% cpu@53.593C soc2@52.687C soc0@52.125C gpu@54.843C tj@54.843C soc1@53.593C VDD_IN 12240mW/10276mW VDD_CPU_GPU_CV 4935mW/3615mW VDD_SOC 3182mW/2872mW
09-26-2026 21:25:24 RAM 4396/7620MB (lfb 25x4MB) SWAP 91/12002MB (cached 0MB) CPU [27%@1728,27%@1728,27%@1728,26%@1728,88%@1728,24%@1728] GR3D_FREQ 0% cpu@54.062C soc2@52.687C soc0@52.25C gpu@54.281C tj@54.281C soc1@53.531C VDD_IN 10881mW/10288mW VDD_CPU_GPU_CV 4086mW/3625mW VDD_SOC 2952mW/2873mW
09-26-2026 21:25:24 RAM 4391/7620MB (lfb 25x4MB) SWAP 91/12002MB (cached 0MB) CPU [36%@1728,35%@1728,34%@1728,34%@1728,100%@1728,37%@1728] GR3D_FREQ 0% cpu@54.343C soc2@52.75C soc0@52.25C gpu@53.937C tj@54.343C soc1@53.593C VDD_IN 9872mW/10280mW VDD_CPU_GPU_CV 3424mW/3621mW VDD_SOC 2759mW/2871mW
09-26-2026 21:25:25 RAM 4092/7620MB (lfb 60x4MB) SWAP 91/12002MB (cached 0MB) CPU [25%@1728,24%@1728,23%@1728,23%@1728,100%@1728,22%@1728] GR3D_FREQ 0% cpu@54.062C soc2@52.562C soc0@52.281C gpu@53.75C tj@54.062C soc1@53.437C VDD_IN 9358mW/10263mW VDD_CPU_GPU_CV 2991mW/3609mW VDD_SOC 2720mW/2868mW
09-26-2026 21:25:26 RAM 4264/7620MB (lfb 25x4MB) SWAP 91/12002MB (cached 0MB) CPU [0%@1728,0%@1728,0%@1728,1%@1728,84%@1728,0%@1728] GR3D_FREQ 66% cpu@53.687C soc2@52.687C soc0@52.187C gpu@54.718C tj@54.718C soc1@53.718C VDD_IN 11532mW/10286mW VDD_CPU_GPU_CV 4433mW/3624mW VDD_SOC 3104mW/2873mW
09-26-2026 21:25:26 RAM 4394/7620MB (lfb 25x4MB) SWAP 91/12002MB (cached 0MB) CPU [20%@1728,21%@1728,21%@1728,21%@1728,82%@1728,20%@1728] GR3D_FREQ 0% cpu@54.187C soc2@52.843C soc0@52.343C gpu@54.093C tj@54.187C soc1@53.593C VDD_IN 11156mW/10302mW VDD_CPU_GPU_CV 4276mW/3636mW VDD_SOC 3030mW/2875mW
09-26-2026 21:25:27 RAM 4385/7620MB (lfb 25x4MB) SWAP 91/12002MB (cached 0MB) CPU [37%@1728,36%@1728,36%@1728,35%@1728,100%@1728,35%@1728] GR3D_FREQ 0% cpu@54.375C soc2@52.812C soc0@52.437C gpu@53.812C tj@54.375C soc1@53.593C VDD_IN 9990mW/10296mW VDD_CPU_GPU_CV 3503mW/3633mW VDD_SOC 2799mW/2874mW
09-26-2026 21:25:27 RAM 4077/7620MB (lfb 58x4MB) SWAP 91/12002MB (cached 0MB) CPU [30%@1728,30%@1728,30%@1728,30%@1728,100%@1728,30%@1728] GR3D_FREQ 0% cpu@53.875C soc2@52.625C soc0@52.406C gpu@54.281C tj@54.281C soc1@53.531C VDD_IN 9516mW/10283mW VDD_CPU_GPU_CV 3109mW/3624mW VDD_SOC 2720mW/2871mW
09-26-2026 21:25:28 RAM 4262/7620MB (lfb 25x4MB) SWAP 91/12002MB (cached 0MB) CPU [0%@1728,0%@1728,0%@1728,0%@1728,90%@1728,0%@1728] GR3D_FREQ 66% cpu@53.406C soc2@52.812C soc0@52.218C gpu@55.031C tj@55.031C soc1@53.812C VDD_IN 10762mW/10291mW VDD_CPU_GPU_CV 3851mW/3628mW VDD_SOC 2991mW/2873mW
09-26-2026 21:25:28 RAM 4393/7620MB (lfb 25x4MB) SWAP 91/12002MB (cached 0MB) CPU [16%@1728,16%@1728,12%@1728,15%@1728,76%@1728,15%@1728] GR3D_FREQ 0% cpu@54.125C soc2@52.906C soc0@52.375C gpu@54.468C tj@54.468C soc1@53.75C VDD_IN 11611mW/10313mW VDD_CPU_GPU_CV 4511mW/3643mW VDD_SOC 3065mW/2877mW
09-26-2026 21:25:29 RAM 4389/7620MB (lfb 25x4MB) SWAP 91/12002MB (cached 0MB) CPU [38%@1728,38%@1728,40%@1728,36%@1728,100%@1728,38%@1728] GR3D_FREQ 0% cpu@54.562C soc2@52.875C soc0@52.312C gpu@54.125C tj@54.562C soc1@53.687C VDD_IN 10069mW/10309mW VDD_CPU_GPU_CV 3536mW/3641mW VDD_SOC 2759mW/2875mW
09-26-2026 21:25:29 RAM 4081/7620MB (lfb 60x4MB) SWAP 91/12002MB (cached 0MB) CPU [35%@1728,35%@1728,35%@1728,35%@1728,100%@1728,35%@1728] GR3D_FREQ 0% cpu@54.343C soc2@52.812C soc0@52.437C gpu@53.937C tj@54.343C soc1@53.593C VDD_IN 9556mW/10297mW VDD_CPU_GPU_CV 3266mW/3635mW VDD_SOC 2680mW/2872mW
09-26-2026 21:25:30 RAM 4266/7620MB (lfb 25x4MB) SWAP 91/12002MB (cached 0MB) CPU [0%@1728,0%@1728,0%@1728,0%@1728,96%@1728,0%@1728] GR3D_FREQ 63% cpu@53.531C soc2@52.75C soc0@52.281C gpu@54.437C tj@54.437C soc1@53.593C VDD_IN 9793mW/10289mW VDD_CPU_GPU_CV 3148mW/3627mW VDD_SOC 2799mW/2870mW
09-26-2026 21:25:30 RAM 4389/7620MB (lfb 25x4MB) SWAP 91/12002MB (cached 0MB) CPU [10%@1728,11%@1728,11%@1728,11%@1728,69%@1728,9%@1728] GR3D_FREQ 0% cpu@54.218C soc2@52.843C soc0@52.468C gpu@54.593C tj@54.593C soc1@53.687C VDD_IN 11926mW/10314mW VDD_CPU_GPU_CV 4778mW/3645mW VDD_SOC 3104mW/2874mW
09-26-2026 21:25:31 RAM 4384/7620MB (lfb 25x4MB) SWAP 91/12002MB (cached 0MB) CPU [38%@1728,36%@1728,34%@1728,36%@1728,100%@1728,35%@1728] GR3D_FREQ 0% cpu@54.593C soc2@52.875C soc0@52.312C gpu@53.937C tj@54.593C soc1@53.718C VDD_IN 10171mW/10312mW VDD_CPU_GPU_CV 3654mW/3645mW VDD_SOC 2799mW/2873mW
09-26-2026 21:25:31 RAM 4384/7620MB (lfb 25x4MB) SWAP 91/12002MB (cached 0MB) CPU [31%@1728,32%@1728,32%@1728,34%@1728,100%@1728,32%@1728] GR3D_FREQ 0% cpu@54.281C soc2@52.906C soc0@52.343C gpu@54.375C tj@54.375C soc1@53.75C VDD_IN 9595mW/10301mW VDD_CPU_GPU_CV 3266mW/3640mW VDD_SOC 2680mW/2870mW
09-26-2026 21:25:32 RAM 4578/7620MB (lfb 3x4MB) SWAP 91/12002MB (cached 0MB) CPU [88%@1728,88%@1728,88%@1728,88%@1728,97%@1728,83%@1728] GR3D_FREQ 0% cpu@56.125C soc2@53.468C soc0@52.437C gpu@54.281C tj@56.125C soc1@53.718C VDD_IN 12574mW/10335mW VDD_CPU_GPU_CV 5709mW/3671mW VDD_SOC 2868mW/2870mW
09-26-2026 21:25:32 RAM 4578/7620MB (lfb 3x4MB) SWAP 91/12002MB (cached 0MB) CPU [100%@1728,100%@1728,100%@1728,100%@1728,100%@1728,100%@1728] GR3D_FREQ 0% cpu@56.437C soc2@53.687C soc0@52.468C gpu@54.656C tj@56.437C soc1@53.875C VDD_IN 13888mW/10387mW VDD_CPU_GPU_CV 7105mW/3721mW VDD_SOC 2820mW/2869mW
09-26-2026 21:25:33 RAM 4935/7620MB (lfb 1x4MB) SWAP 91/12002MB (cached 0MB) CPU [100%@1728,100%@1728,100%@1728,100%@1728,100%@1728,100%@1728] GR3D_FREQ 0% cpu@56.562C soc2@53.75C soc0@52.562C gpu@54.625C tj@56.562C soc1@54.125C VDD_IN 14162mW/10442mW VDD_CPU_GPU_CV 7093mW/3770mW VDD_SOC 2937mW/2870mW
09-26-2026 21:25:33 RAM 4933/7620MB (lfb 4x4MB) SWAP 91/12002MB (cached 0MB) CPU [100%@1728,100%@1728,100%@1728,100%@1728,100%@1728,100%@1728] GR3D_FREQ 0% cpu@56.843C soc2@53.937C soc0@52.656C gpu@54.625C tj@56.843C soc1@54.187C VDD_IN 14201mW/10496mW VDD_CPU_GPU_CV 7366mW/3821mW VDD_SOC 2859mW/2870mW
09-26-2026 21:25:34 RAM 4933/7620MB (lfb 4x4MB) SWAP 91/12002MB (cached 0MB) CPU [100%@1728,100%@1728,100%@1728,100%@1728,100%@1728,100%@1728] GR3D_FREQ 0% cpu@56.875C soc2@54.062C soc0@52.906C gpu@55.156C tj@57.093C soc1@54.281C VDD_IN 14358mW/10550mW VDD_CPU_GPU_CV 7600mW/3875mW VDD_SOC 2820mW/2869mW
09-26-2026 21:25:34 RAM 4584/7620MB (lfb 10x4MB) SWAP 91/12002MB (cached 0MB) CPU [100%@1728,98%@1728,98%@1728,98%@1728,94%@1728,98%@1728] GR3D_FREQ 0% cpu@56.625C soc2@54.031C soc0@52.875C gpu@54.875C tj@56.625C soc1@54.281C VDD_IN 13574mW/10592mW VDD_CPU_GPU_CV 6519mW/3911mW VDD_SOC 2942mW/2870mW
09-26-2026 21:25:35 RAM 4584/7620MB (lfb 10x4MB) SWAP 91/12002MB (cached 0MB) CPU [100%@1728,100%@1728,100%@1728,100%@1728,100%@1728,100%@1728] GR3D_FREQ 0% cpu@56.906C soc2@54.156C soc0@52.843C gpu@55.25C tj@56.906C soc1@54.343C VDD_IN 14201mW/10642mW VDD_CPU_GPU_CV 7327mW/3958mW VDD_SOC 2859mW/2870mW
09-26-2026 21:25:35 RAM 4584/7620MB (lfb 10x4MB) SWAP 91/12002MB (cached 0MB) CPU [100%@1728,100%@1728,100%@1728,100%@1728,100%@1728,100%@1728] GR3D_FREQ 0% cpu@57.187C soc2@54.187C soc0@52.875C gpu@55.093C tj@57.187C soc1@54.562C VDD_IN 14358mW/10692mW VDD_CPU_GPU_CV 7600mW/4007mW VDD_SOC 2820mW/2870mW
09-26-2026 21:25:36 RAM 4934/7620MB (lfb 2x4MB) SWAP 91/12002MB (cached 0MB) CPU [100%@1728,100%@1728,100%@1728,100%@1728,100%@1728,100%@1728] GR3D_FREQ 0% cpu@56.968C soc2@54.281C soc0@52.812C gpu@55.062C tj@56.968C soc1@54.468C VDD_IN 14358mW/10741mW VDD_CPU_GPU_CV 7444mW/4053mW VDD_SOC 2859mW/2869mW
09-26-2026 21:25:36 RAM 4934/7620MB (lfb 2x4MB) SWAP 91/12002MB (cached 0MB) CPU [100%@1728,100%@1728,100%@1728,100%@1728,100%@1728,100%@1728] GR3D_FREQ 0% cpu@57.281C soc2@54.281C soc0@52.906C gpu@55.25C tj@57.281C soc1@54.593C VDD_IN 14437mW/10789mW VDD_CPU_GPU_CV 7600mW/4100mW VDD_SOC 2820mW/2869mW
09-26-2026 21:25:37 RAM 4934/7620MB (lfb 2x4MB) SWAP 91/12002MB (cached 0MB) CPU [100%@1728,100%@1728,100%@1728,100%@1728,96%@1728,98%@1728] GR3D_FREQ 0% cpu@56.031C soc2@54.281C soc0@53.062C gpu@55.093C tj@56.031C soc1@54.531C VDD_IN 13360mW/10823mW VDD_CPU_GPU_CV 6636mW/4133mW VDD_SOC 2785mW/2868mW
09-26-2026 21:25:37 RAM 4224/7620MB (lfb 30x4MB) SWAP 91/12002MB (cached 0MB) CPU [32%@1728,31%@1728,31%@1728,31%@1728,76%@1728,41%@1728] GR3D_FREQ 68% cpu@54.562C soc2@53.875C soc0@53.031C gpu@55.656C tj@55.656C soc1@54.781C VDD_IN 12299mW/10842mW VDD_CPU_GPU_CV 5366mW/4149mW VDD_SOC 2947mW/2869mW
09-26-2026 21:25:38 RAM 4374/7620MB (lfb 20x4MB) SWAP 91/12002MB (cached 0MB) CPU [26%@1728,29%@1728,30%@1728,10%@1728,39%@1728,82%@1728] GR3D_FREQ 0% cpu@54.843C soc2@53.687C soc0@53.156C gpu@55.281C tj@55.281C soc1@54.562C VDD_IN 11038mW/10844mW VDD_CPU_GPU_CV 4276mW/4150mW VDD_SOC 2873mW/2869mW
09-26-2026 21:25:38 RAM 4370/7620MB (lfb 19x4MB) SWAP 91/12002MB (cached 0MB) CPU [40%@1728,37%@1728,37%@1728,32%@1728,39%@1728,100%@1728] GR3D_FREQ 0% cpu@54.968C soc2@53.562C soc0@53.031C gpu@54.625C tj@54.968C soc1@54.437C VDD_IN 9950mW/10833mW VDD_CPU_GPU_CV 3497mW/4142mW VDD_SOC 2720mW/2867mW
09-26-2026 21:25:39 RAM 4102/7620MB (lfb 58x4MB) SWAP 91/12002MB (cached 0MB) CPU [32%@1728,34%@1728,34%@1728,34%@1728,33%@1728,100%@1728] GR3D_FREQ 0% cpu@54.406C soc2@53.656C soc0@53.156C gpu@54.906C tj@54.906C soc1@54.406C VDD_IN 9556mW/10817mW VDD_CPU_GPU_CV 3188mW/4130mW VDD_SOC 2680mW/2865mW
09-26-2026 21:25:39 RAM 4347/7620MB (lfb 19x4MB) SWAP 91/12002MB (cached 0MB) CPU [0%@1728,0%@1728,0%@1728,0%@1728,0%@1728,78%@1728] GR3D_FREQ 18% cpu@54.343C soc2@53.625C soc0@53.062C gpu@55.437C tj@55.437C soc1@54.343C VDD_IN 11965mW/10831mW VDD_CPU_GPU_CV 4700mW/4137mW VDD_SOC 3143mW/2868mW
09-26-2026 21:25:40 RAM 4413/7620MB (lfb 19x4MB) SWAP 91/12002MB (cached 0MB) CPU [38%@1728,33%@1728,37%@1728,36%@1728,37%@1728,100%@1728] GR3D_FREQ 0% cpu@54.5C soc2@53.5C soc0@52.968C gpu@54.687C tj@54.687C soc1@54.531C VDD_IN 10131mW/10823mW VDD_CPU_GPU_CV 3575mW/4130mW VDD_SOC 2799mW/2867mW
09-26-2026 21:25:40 RAM 4410/7620MB (lfb 20x4MB) SWAP 91/12002MB (cached 0MB) CPU [38%@1728,37%@1728,37%@1728,37%@1728,38%@1728,98%@1728] GR3D_FREQ 0% cpu@54.812C soc2@53.406C soc0@52.843C gpu@54.625C tj@54.812C soc1@54.375C VDD_IN 9635mW/10809mW VDD_CPU_GPU_CV 3306mW/4121mW VDD_SOC 2680mW/2865mW
09-26-2026 21:25:41 RAM 4250/7620MB (lfb 35x4MB) SWAP 91/12002MB (cached 0MB) CPU [12%@1728,14%@1728,14%@1728,14%@1728,12%@1728,100%@1728] GR3D_FREQ 0% cpu@54.375C soc2@53.343C soc0@52.843C gpu@54.468C tj@54.468C soc1@54.281C VDD_IN 9319mW/10791mW VDD_CPU_GPU_CV 2873mW/4106mW VDD_SOC 2720mW/2863mW
09-26-2026 21:25:41 RAM 4413/7620MB (lfb 19x4MB) SWAP 91/12002MB (cached 0MB) CPU [19%@1728,17%@1728,16%@1728,17%@1728,18%@1728,80%@1728] GR3D_FREQ 0% cpu@54.5C soc2@53.531C soc0@53.218C gpu@54.625C tj@54.625C soc1@54.281C VDD_IN 10959mW/10793mW VDD_CPU_GPU_CV 4086mW/4106mW VDD_SOC 2912mW/2864mW
09-26-2026 21:25:42 RAM 4409/7620MB (lfb 20x4MB) SWAP 91/12002MB (cached 0MB) CPU [33%@1728,34%@1728,34%@1728,34%@1728,33%@1728,98%@1728] GR3D_FREQ 0% cpu@54.593C soc2@53.5C soc0@53C gpu@54.781C tj@54.781C soc1@54.25C VDD_IN 9911mW/10783mW VDD_CPU_GPU_CV 3463mW/4098mW VDD_SOC 2759mW/2863mW
09-26-2026 21:25:42 RAM 4138/7620MB (lfb 57x4MB) SWAP 91/12002MB (cached 0MB) CPU [35%@1728,35%@1728,34%@1728,33%@1728,34%@1728,100%@1728] GR3D_FREQ 0% cpu@54.781C soc2@53.437C soc0@52.906C gpu@54.343C tj@54.781C soc1@54.375C VDD_IN 9556mW/10769mW VDD_CPU_GPU_CV 3227mW/4088mW VDD_SOC 2680mW/2860mW
09-26-2026 21:25:43 RAM 4256/7620MB (lfb 37x4MB) SWAP 91/12002MB (cached 0MB) CPU [17%@1728,27%@1728,22%@1728,15%@1728,28%@1728,64%@1728] GR3D_FREQ 68% cpu@54.656C soc2@53.593C soc0@52.875C gpu@55.843C tj@55.843C soc1@54.406C VDD_IN 11847mW/10781mW VDD_CPU_GPU_CV 4739mW/4096mW VDD_SOC 3025mW/2862mW
09-26-2026 21:25:43 RAM 4418/7620MB (lfb 19x4MB) SWAP 91/12002MB (cached 0MB) CPU [30%@1728,38%@1728,30%@1728,30%@1728,82%@1728,26%@1728] GR3D_FREQ 0% cpu@55.062C soc2@53.625C soc0@53.187C gpu@54.75C tj@55.062C soc1@54.343C VDD_IN 10407mW/10777mW VDD_CPU_GPU_CV 3772mW/4092mW VDD_SOC 2833mW/2862mW
09-26-2026 21:25:44 RAM 4414/7620MB (lfb 20x4MB) SWAP 91/12002MB (cached 0MB) CPU [36%@1728,38%@1728,34%@1728,38%@1728,100%@1728,49%@1728] GR3D_FREQ 0% cpu@55C soc2@53.468C soc0@53.093C gpu@54.593C tj@55C soc1@54.281C VDD_IN 9714mW/10765mW VDD_CPU_GPU_CV 3384mW/4084mW VDD_SOC 2680mW/2860mW
09-26-2026 21:25:44 RAM 4192/7620MB (lfb 52x4MB) SWAP 91/12002MB (cached 0MB) CPU [22%@1728,22%@1728,20%@1728,22%@1728,100%@1728,22%@1728] GR3D_FREQ 0% cpu@54.656C soc2@53.375C soc0@53.062C gpu@54.625C tj@54.656C soc1@54.5C VDD_IN 9358mW/10750mW VDD_CPU_GPU_CV 2991mW/4072mW VDD_SOC 2680mW/2858mW
09-26-2026 21:25:45 RAM 4418/7620MB (lfb 19x4MB) SWAP 91/12002MB (cached 0MB) CPU [5%@1728,5%@1728,7%@1728,7%@1728,50%@1728,22%@1728] GR3D_FREQ 0% cpu@54.468C soc2@53.562C soc0@52.968C gpu@54.906C tj@54.906C soc1@54.343C VDD_IN 11532mW/10758mW VDD_CPU_GPU_CV 4433mW/4076mW VDD_SOC 3025mW/2860mW
09-26-2026 21:25:45 RAM 4418/7620MB (lfb 19x4MB) SWAP 91/12002MB (cached 0MB) CPU [37%@1728,28%@1728,36%@1728,35%@1728,37%@1728,100%@1728] GR3D_FREQ 0% cpu@54.625C soc2@53.437C soc0@52.875C gpu@54.531C tj@54.625C soc1@54.312C VDD_IN 9990mW/10750mW VDD_CPU_GPU_CV 3497mW/4070mW VDD_SOC 2759mW/2859mW
09-26-2026 21:25:46 RAM 4414/7620MB (lfb 20x4MB) SWAP 91/12002MB (cached 0MB) CPU [37%@1728,37%@1728,34%@1728,37%@1728,92%@1728,42%@1728] GR3D_FREQ 0% cpu@54.781C soc2@53.531C soc0@53.187C gpu@54.718C tj@54.781C soc1@54.312C VDD_IN 9556mW/10738mW VDD_CPU_GPU_CV 3227mW/4061mW VDD_SOC 2680mW/2857mW
09-26-2026 21:25:46 RAM 4254/7620MB (lfb 37x4MB) SWAP 91/12002MB (cached 0MB) CPU [12%@1728,15%@1728,13%@1728,13%@1728,98%@1728,13%@1728] GR3D_FREQ 63% cpu@54.343C soc2@53.437C soc0@52.968C gpu@55.093C tj@55.093C soc1@54.312C VDD_IN 9793mW/10728mW VDD_CPU_GPU_CV 3227mW/4053mW VDD_SOC 2759mW/2856mW
09-26-2026 21:25:47 RAM 4413/7620MB (lfb 20x4MB) SWAP 91/12002MB (cached 0MB) CPU [21%@1728,18%@1728,21%@1728,19%@1728,80%@1728,19%@1728] GR3D_FREQ 0% cpu@54.906C soc2@53.562C soc0@53.062C gpu@54.968C tj@54.968C soc1@54.437C VDD_IN 10802mW/10729mW VDD_CPU_GPU_CV 3968mW/4052mW VDD_SOC 2912mW/2856mW
09-26-2026 21:25:47 RAM 4413/7620MB (lfb 20x4MB) SWAP 91/12002MB (cached 0MB) CPU [33%@1728,32%@1728,32%@1728,31%@1728,100%@1728,32%@1728] GR3D_FREQ 0% cpu@55.25C soc2@53.5C soc0@53.093C gpu@54.625C tj@55.25C soc1@54.468C VDD_IN 9832mW/10719mW VDD_CPU_GPU_CV 3384mW/4045mW VDD_SOC 2720mW/2855mW
09-26-2026 21:25:48 RAM 4142/7620MB (lfb 57x4MB) SWAP 91/12002MB (cached 0MB) CPU [32%@1728,33%@1728,33%@1728,35%@1728,100%@1728,33%@1728] GR3D_FREQ 0% cpu@55.062C soc2@53.406C soc0@52.906C gpu@54.5C tj@54.937C soc1@54.406C VDD_IN 9516mW/10707mW VDD_CPU_GPU_CV 3148mW/4036mW VDD_SOC 2680mW/2853mW
09-26-2026 21:25:48 RAM 4319/7620MB (lfb 21x4MB) SWAP 91/12002MB (cached 0MB) CPU [1%@1728,1%@1728,0%@1728,0%@1728,78%@1728,0%@1728] GR3D_FREQ 68% cpu@54.5C soc2@53.593C soc0@53.125C gpu@55.625C tj@55.625C soc1@54.281C VDD_IN 12044mW/10721mW VDD_CPU_GPU_CV 4739mW/4043mW VDD_SOC 3143mW/2856mW
09-26-2026 21:25:49 RAM 4417/7620MB (lfb 19x4MB) SWAP 91/12002MB (cached 0MB) CPU [34%@1728,33%@1728,34%@1728,34%@1728,100%@1728,34%@1728] GR3D_FREQ 0% cpu@54.937C soc2@53.5C soc0@53.093C gpu@54.625C tj@54.937C soc1@54.562C VDD_IN 10148mW/10715mW VDD_CPU_GPU_CV 3615mW/4039mW VDD_SOC 2799mW/2856mW
09-26-2026 21:25:49 RAM 4413/7620MB (lfb 20x4MB) SWAP 91/12002MB (cached 0MB) CPU [32%@1728,36%@1728,35%@1728,36%@1728,100%@1728,33%@1728] GR3D_FREQ 0% cpu@55.125C soc2@53.468C soc0@52.937C gpu@55.031C tj@55.125C soc1@54.468C VDD_IN 9595mW/10704mW VDD_CPU_GPU_CV 3266mW/4031mW VDD_SOC 2680mW/2854mW
09-26-2026 21:25:50 RAM 4253/7620MB (lfb 37x4MB) SWAP 91/12002MB (cached 0MB) CPU [16%@1728,14%@1728,15%@1728,15%@1728,98%@1728,15%@1728] GR3D_FREQ 0% cpu@54.375C soc2@53.375C soc0@53C gpu@55.093C tj@55.093C soc1@54.375C VDD_IN 9477mW/10692mW VDD_CPU_GPU_CV 2991mW/4021mW VDD_SOC 2720mW/2853mW
09-26-2026 21:25:50 RAM 4412/7620MB (lfb 20x4MB) SWAP 91/12002MB (cached 0MB) CPU [14%@1728,15%@1728,13%@1728,15%@1728,24%@1728,58%@1728] GR3D_FREQ 0% cpu@54.625C soc2@53.656C soc0@53.25C gpu@55.156C tj@55.156C soc1@54.406C VDD_IN 10920mW/10694mW VDD_CPU_GPU_CV 4080mW/4022mW VDD_SOC 2952mW/2854mW
09-26-2026 21:25:51 RAM 4408/7620MB (lfb 19x4MB) SWAP 91/12002MB (cached 0MB) CPU [38%@1728,37%@1728,37%@1728,37%@1728,38%@1728,98%@1728] GR3D_FREQ 0% cpu@54.531C soc2@53.625C soc0@53.281C gpu@54.812C tj@54.812C soc1@54.343C VDD_IN 9872mW/10686mW VDD_CPU_GPU_CV 3424mW/4016mW VDD_SOC 2720mW/2852mW
09-26-2026 21:25:51 RAM 4408/7620MB (lfb 19x4MB) SWAP 91/12002MB (cached 0MB) CPU [35%@1728,34%@1728,34%@1728,34%@1728,34%@1728,100%@1728] GR3D_FREQ 0% cpu@55.062C soc2@53.343C soc0@52.937C gpu@54.593C tj@55.062C soc1@54.531C VDD_IN 9516mW/10675mW VDD_CPU_GPU_CV 3227mW/4008mW VDD_SOC 2641mW/2850mW
09-26-2026 21:25:52 RAM 4248/7620MB (lfb 36x4MB) SWAP 91/12002MB (cached 0MB) CPU [0%@1728,1%@1728,1%@1728,0%@1728,1%@1728,82%@1728] GR3D_FREQ 66% cpu@54.5C soc2@53.625C soc0@53C gpu@55.656C tj@55.656C soc1@54.343C VDD_IN 11729mW/10685mW VDD_CPU_GPU_CV 4668mW/4015mW VDD_SOC 3065mW/2852mW
09-26-2026 21:25:52 RAM 4412/7620MB (lfb 20x4MB) SWAP 91/12002MB (cached 0MB) CPU [31%@1728,30%@1728,30%@1728,30%@1728,30%@1728,96%@1728] GR3D_FREQ 0% cpu@54.781C soc2@53.468C soc0@52.968C gpu@54.75C tj@54.781C soc1@54.375C VDD_IN 10250mW/10681mW VDD_CPU_GPU_CV 3693mW/4012mW VDD_SOC 2799mW/2852mW
09-26-2026 21:25:53 RAM 4412/7620MB (lfb 20x4MB) SWAP 91/12002MB (cached 0MB) CPU [37%@1728,38%@1728,37%@1728,36%@1728,34%@1728,100%@1728] GR3D_FREQ 0% cpu@54.625C soc2@53.562C soc0@53.125C gpu@54.531C tj@54.625C soc1@54.343C VDD_IN 9674mW/10672mW VDD_CPU_GPU_CV 3345mW/4005mW VDD_SOC 2720mW/2851mW
09-26-2026 21:25:53 RAM 4230/7620MB (lfb 44x4MB) SWAP 91/12002MB (cached 0MB) CPU [19%@1728,20%@1728,21%@1728,21%@1728,19%@1728,100%@1728] GR3D_FREQ 0% cpu@54.437C soc2@53.437C soc0@53.156C gpu@54.937C tj@54.937C soc1@54.281C VDD_IN 9358mW/10660mW VDD_CPU_GPU_CV 2912mW/3996mW VDD_SOC 2720mW/2849mW
09-26-2026 21:25:54 RAM 4412/7620MB (lfb 20x4MB) SWAP 91/12002MB (cached 0MB) CPU [14%@1728,12%@1728,14%@1728,13%@1728,13%@1728,78%@1728] GR3D_FREQ 0% cpu@54.562C soc2@53.562C soc0@53.062C gpu@55.062C tj@55.062C soc1@54.5C VDD_IN 11156mW/10664mW VDD_CPU_GPU_CV 4158mW/3997mW VDD_SOC 2952mW/2850mW
09-26-2026 21:25:54 RAM 4408/7620MB (lfb 19x4MB) SWAP 91/12002MB (cached 0MB) CPU [35%@1728,35%@1728,34%@1728,36%@1728,35%@1728,100%@1728] GR3D_FREQ 0% cpu@54.718C soc2@53.468C soc0@53C gpu@55.062C tj@55.062C soc1@54.468C VDD_IN 9950mW/10658mW VDD_CPU_GPU_CV 3463mW/3992mW VDD_SOC 2759mW/2850mW
09-26-2026 21:25:55 RAM 4408/7620MB (lfb 19x4MB) SWAP 91/12002MB (cached 0MB) CPU [43%@1728,23%@1728,43%@1728,41%@1728,50%@1728,100%@1728] GR3D_FREQ 0% cpu@54.75C soc2@53.625C soc0@53.281C gpu@54.781C tj@54.781C soc1@54.375C VDD_IN 9556mW/10648mW VDD_CPU_GPU_CV 3266mW/3986mW VDD_SOC 2641mW/2848mW
09-26-2026 21:25:55 RAM 4248/7620MB (lfb 36x4MB) SWAP 91/12002MB (cached 0MB) CPU [2%@1728,8%@1728,8%@1728,8%@1728,12%@1728,85%@1728] GR3D_FREQ 66% cpu@54.156C soc2@53.531C soc0@53.156C gpu@55.531C tj@55.531C soc1@54.312C VDD_IN 10605mW/10648mW VDD_CPU_GPU_CV 3851mW/3985mW VDD_SOC 2912mW/2848mW
09-26-2026 21:25:56 RAM 4412/7620MB (lfb 20x4MB) SWAP 91/12002MB (cached 0MB) CPU [22%@1728,24%@1728,22%@1728,22%@1728,22%@1728,82%@1728] GR3D_FREQ 0% cpu@54.687C soc2@53.562C soc0@53C gpu@54.781C tj@54.781C soc1@54.625C VDD_IN 10605mW/10648mW VDD_CPU_GPU_CV 3890mW/3984mW VDD_SOC 2873mW/2848mW
09-26-2026 21:25:56 RAM 4408/7620MB (lfb 19x4MB) SWAP 91/12002MB (cached 0MB) CPU [36%@1728,33%@1728,35%@1728,34%@1728,34%@1728,98%@1728] GR3D_FREQ 0% cpu@54.968C soc2@53.531C soc0@53.125C gpu@54.656C tj@54.968C soc1@54.531C VDD_IN 9793mW/10640mW VDD_CPU_GPU_CV 3384mW/3979mW VDD_SOC 2720mW/2847mW
09-26-2026 21:25:57 RAM 4158/7620MB (lfb 57x4MB) SWAP 91/12002MB (cached 0MB) CPU [28%@1728,28%@1728,28%@1728,28%@1728,29%@1728,100%@1728] GR3D_FREQ 0% cpu@54.531C soc2@53.375C soc0@52.968C gpu@54.531C tj@54.781C soc1@54.531C VDD_IN 9437mW/10630mW VDD_CPU_GPU_CV 3070mW/3971mW VDD_SOC 2680mW/2846mW
09-26-2026 21:25:57 RAM 4411/7620MB (lfb 20x4MB) SWAP 91/12002MB (cached 0MB) CPU [2%@1728,2%@1728,2%@1728,2%@1728,0%@1728,69%@1728] GR3D_FREQ 43% cpu@54.781C soc2@53.531C soc0@53.187C gpu@55.593C tj@55.593C soc1@54.343C VDD_IN 11808mW/10640mW VDD_CPU_GPU_CV 4590mW/3976mW VDD_SOC 3104mW/2848mW
09-26-2026 21:25:58 RAM 4411/7620MB (lfb 20x4MB) SWAP 91/12002MB (cached 0MB) CPU [31%@1728,31%@1728,32%@1728,31%@1728,31%@1728,100%@1728] GR3D_FREQ 0% cpu@54.562C soc2@53.625C soc0@53.25C gpu@54.843C tj@54.843C soc1@54.5C VDD_IN 10108mW/10635mW VDD_CPU_GPU_CV 3575mW/3973mW VDD_SOC 2759mW/2847mW
09-26-2026 21:25:58 RAM 4411/7620MB (lfb 20x4MB) SWAP 91/12002MB (cached 0MB) CPU [36%@1728,36%@1728,36%@1728,38%@1728,35%@1728,100%@1728] GR3D_FREQ 0% cpu@54.781C soc2@53.562C soc0@53.093C gpu@54.906C tj@54.906C soc1@54.5C VDD_IN 9635mW/10627mW VDD_CPU_GPU_CV 3306mW/3967mW VDD_SOC 2680mW/2846mW
09-26-2026 21:25:59 RAM 4616/7620MB (lfb 3x4MB) SWAP 91/12002MB (cached 0MB) CPU [70%@1728,70%@1728,68%@1728,66%@1728,70%@1728,97%@1728] GR3D_FREQ 0% cpu@56.781C soc2@53.968C soc0@53.062C gpu@54.937C tj@56.781C soc1@54.531C VDD_IN 11768mW/10637mW VDD_CPU_GPU_CV 4856mW/3975mW VDD_SOC 2907mW/2846mW
09-26-2026 21:25:59 RAM 4616/7620MB (lfb 3x4MB) SWAP 91/12002MB (cached 0MB) CPU [100%@1728,100%@1728,100%@1728,100%@1728,100%@1728,100%@1728] GR3D_FREQ 0% cpu@57.125C soc2@54.281C soc0@53.156C gpu@55.093C tj@57.125C soc1@54.593C VDD_IN 13652mW/10661mW VDD_CPU_GPU_CV 6871mW/3998mW VDD_SOC 2824mW/2846mW
09-26-2026 21:26:00 RAM 4616/7620MB (lfb 3x4MB) SWAP 91/12002MB (cached 0MB) CPU [100%@1728,100%@1728,100%@1728,100%@1728,100%@1728,100%@1728] GR3D_FREQ 0% cpu@57.312C soc2@54.625C soc0@53.406C gpu@55.25C tj@57.312C soc1@54.687C VDD_IN 14201mW/10690mW VDD_CPU_GPU_CV 7444mW/4026mW VDD_SOC 2820mW/2846mW
09-26-2026 21:26:00 RAM 4971/7620MB (lfb 2x4MB) SWAP 91/12002MB (cached 0MB) CPU [100%@1728,100%@1728,100%@1728,100%@1728,100%@1728,100%@1728] GR3D_FREQ 0% cpu@57.25C soc2@54.718C soc0@53.406C gpu@55.406C tj@57.25C soc1@54.812C VDD_IN 14358mW/10720mW VDD_CPU_GPU_CV 7444mW/4054mW VDD_SOC 2859mW/2846mW
09-26-2026 21:26:01 RAM 4971/7620MB (lfb 2x4MB) SWAP 91/12002MB (cached 0MB) CPU [100%@1728,100%@1728,100%@1728,100%@1728,100%@1728,100%@1728] GR3D_FREQ 0% cpu@57.625C soc2@54.75C soc0@53.375C gpu@55.281C tj@57.625C soc1@55.062C VDD_IN 14398mW/10749mW VDD_CPU_GPU_CV 7561mW/4082mW VDD_SOC 2820mW/2846mW
09-26-2026 21:26:01 RAM 4382/7620MB (lfb 21x4MB) SWAP 91/12002MB (cached 0MB) CPU [100%@1728,98%@1728,98%@1728,100%@1728,98%@1728,96%@1728] GR3D_FREQ 0% cpu@56.593C soc2@54.562C soc0@53.468C gpu@55.343C tj@56.593C soc1@55.093C VDD_IN 13282mW/10769mW VDD_CPU_GPU_CV 6402mW/4100mW VDD_SOC 2863mW/2846mW
09-26-2026 21:26:02 RAM 4614/7620MB (lfb 7x4MB) SWAP 91/12002MB (cached 0MB) CPU [100%@1728,100%@1728,100%@1728,100%@1728,100%@1728,100%@1728] GR3D_FREQ 0% cpu@57.75C soc2@54.812C soc0@53.562C gpu@55.406C tj@57.75C soc1@55.062C VDD_IN 14084mW/10795mW VDD_CPU_GPU_CV 7210mW/4125mW VDD_SOC 2859mW/2846mW
09-26-2026 21:26:02 RAM 4614/7620MB (lfb 7x4MB) SWAP 91/12002MB (cached 0MB) CPU [100%@1728,100%@1728,100%@1728,100%@1728,100%@1728,100%@1728] GR3D_FREQ 0% cpu@57.812C soc2@54.843C soc0@53.437C gpu@55.562C tj@57.812C soc1@55.062C VDD_IN 14319mW/10823mW VDD_CPU_GPU_CV 7522mW/4151mW VDD_SOC 2820mW/2846mW
09-26-2026 21:26:03 RAM 4972/7620MB (lfb 1x4MB) SWAP 91/12002MB (cached 0MB) CPU [100%@1728,100%@1728,100%@1728,98%@1728,100%@1728,100%@1728] GR3D_FREQ 0% cpu@57.5C soc2@54.906C soc0@53.625C gpu@55.562C tj@57.5C soc1@55.062C VDD_IN 14045mW/10848mW VDD_CPU_GPU_CV 7027mW/4174mW VDD_SOC 2898mW/2846mW
09-26-2026 21:26:03 RAM 4975/7620MB (lfb 1x4MB) SWAP 91/12002MB (cached 0MB) CPU [100%@1728,100%@1728,96%@1728,88%@1728,100%@1728,100%@1728] GR3D_FREQ 0% cpu@57.406C soc2@54.937C soc0@53.562C gpu@55.812C tj@57.406C soc1@55.093C VDD_IN 13495mW/10868mW VDD_CPU_GPU_CV 6792mW/4194mW VDD_SOC 2785mW/2846mW
09-26-2026 21:26:04 RAM 4975/7620MB (lfb 1x4MB) SWAP 91/12002MB (cached 0MB) CPU [100%@1728,100%@1728,100%@1728,100%@1728,100%@1728,100%@1728] GR3D_FREQ 0% cpu@58.125C soc2@54.968C soc0@53.593C gpu@55.75C tj@58.125C soc1@55.437C VDD_IN 14162mW/10893mW VDD_CPU_GPU_CV 7405mW/4218mW VDD_SOC 2820mW/2846mW
09-26-2026 21:26:04 RAM 4185/7620MB (lfb 53x4MB) SWAP 91/12002MB (cached 0MB) CPU [98%@1728,100%@1728,100%@1728,98%@1728,93%@1728,98%@1728] GR3D_FREQ 0% cpu@57.312C soc2@54.843C soc0@53.625C gpu@55.968C tj@57.312C soc1@55.312C VDD_IN 13242mW/10911mW VDD_CPU_GPU_CV 6519mW/4236mW VDD_SOC 2824mW/2846mW
09-26-2026 21:26:05 RAM 4226/7620MB (lfb 33x4MB) SWAP 91/12002MB (cached 0MB) CPU [10%@1728,11%@1728,11%@1728,10%@1728,76%@1728,10%@1728] GR3D_FREQ 66% cpu@55.312C soc2@54.531C soc0@53.843C gpu@56.625C tj@56.625C soc1@55.25C VDD_IN 12535mW/10923mW VDD_CPU_GPU_CV 5435mW/4245mW VDD_SOC 3060mW/2847mW
09-26-2026 21:26:05 RAM 4160/7620MB (lfb 51x4MB) SWAP 91/12002MB (cached 0MB) CPU [54%@1728,52%@1728,54%@1728,52%@1728,92%@1728,54%@1728] GR3D_FREQ 0% cpu@55.75C soc2@54.406C soc0@53.843C gpu@55.562C tj@55.75C soc1@55.062C VDD_IN 10959mW/10923mW VDD_CPU_GPU_CV 4080mW/4244mW VDD_SOC 2912mW/2848mW
09-26-2026 21:26:06 RAM 4424/7620MB (lfb 21x4MB) SWAP 91/12002MB (cached 0MB) CPU [11%@1728,10%@1728,10%@1728,12%@1728,78%@1728,11%@1728] GR3D_FREQ 0% cpu@56.125C soc2@54.406C soc0@53.656C gpu@55.718C tj@56.125C soc1@55.218C VDD_IN 11926mW/10931mW VDD_CPU_GPU_CV 4700mW/4247mW VDD_SOC 3143mW/2850mW
09-26-2026 21:26:06 RAM 4264/7620MB (lfb 36x4MB) SWAP 91/12002MB (cached 0MB) CPU [42%@1728,43%@1728,43%@1728,42%@1728,94%@1728,43%@1728] GR3D_FREQ 64% cpu@55.312C soc2@54.281C soc0@53.593C gpu@56.218C tj@56.218C soc1@55.093C VDD_IN 11296mW/10934mW VDD_CPU_GPU_CV 4276mW/4247mW VDD_SOC 3030mW/2851mW
09-26-2026 21:26:07 RAM 4152/7620MB (lfb 57x4MB) SWAP 91/12002MB (cached 0MB) CPU [52%@1728,52%@1728,52%@1728,52%@1728,86%@1728,52%@1728] GR3D_FREQ 0% cpu@55.843C soc2@54.406C soc0@53.812C gpu@55.937C tj@55.937C soc1@55.062C VDD_IN 11256mW/10936mW VDD_CPU_GPU_CV 4315mW/4248mW VDD_SOC 2991mW/2852mW
09-26-2026 21:26:07 RAM 4364/7620MB (lfb 23x4MB) SWAP 91/12002MB (cached 0MB) CPU [3%@1728,0%@1728,2%@1728,1%@1728,78%@1728,2%@1728] GR3D_FREQ 13% cpu@55.343C soc2@54.281C soc0@53.906C gpu@56.218C tj@56.218C soc1@55C VDD_IN 12437mW/10947mW VDD_CPU_GPU_CV 4974mW/4253mW VDD_SOC 3222mW/2855mW
09-26-2026 21:26:08 RAM 4264/7620MB (lfb 40x4MB) SWAP 91/12002MB (cached 0MB) CPU [54%@1728,54%@1728,52%@1728,54%@1728,100%@1728,52%@1728] GR3D_FREQ 0% cpu@55.343C soc2@54.093C soc0@53.75C gpu@55.687C tj@55.687C soc1@55.218C VDD_IN 10526mW/10944mW VDD_CPU_GPU_CV 3654mW/4249mW VDD_SOC 2912mW/2855mW
09-26-2026 21:26:09 RAM 4424/7620MB (lfb 21x4MB) SWAP 91/12002MB (cached 0MB) CPU [37%@1728,38%@1728,36%@1728,36%@1728,79%@1728,38%@1728] GR3D_FREQ 0% cpu@55.875C soc2@54.281C soc0@53.656C gpu@55.468C tj@55.875C soc1@55.125C VDD_IN 11571mW/10948mW VDD_CPU_GPU_CV 4433mW/4250mW VDD_SOC 3025mW/2856mW
09-26-2026 21:26:09 RAM 4300/7620MB (lfb 29x4MB) SWAP 91/12002MB (cached 0MB) CPU [15%@1728,16%@1728,16%@1728,16%@1728,81%@1728,15%@1728] GR3D_FREQ 20% cpu@55.156C soc2@54.312C soc0@53.687C gpu@56.562C tj@56.562C soc1@55.093C VDD_IN 12456mW/10959mW VDD_CPU_GPU_CV 5091mW/4256mW VDD_SOC 3182mW/2859mW
09-26-2026 21:26:10 RAM 4244/7620MB (lfb 42x4MB) SWAP 91/12002MB (cached 0MB) CPU [54%@1728,52%@1728,52%@1728,54%@1728,100%@1728,52%@1728] GR3D_FREQ 0% cpu@55.593C soc2@54.25C soc0@53.906C gpu@55.562C tj@55.718C soc1@55.031C VDD_IN 10605mW/10956mW VDD_CPU_GPU_CV 3733mW/4252mW VDD_SOC 2912mW/2859mW
09-26-2026 21:26:10 RAM 4422/7620MB (lfb 21x4MB) SWAP 91/12002MB (cached 0MB) CPU [30%@1728,28%@1728,32%@1728,28%@1728,78%@1728,28%@1728] GR3D_FREQ 0% cpu@56C soc2@54.343C soc0@53.875C gpu@55.843C tj@56C soc1@55C VDD_IN 11650mW/10961mW VDD_CPU_GPU_CV 4590mW/4255mW VDD_SOC 3065mW/2861mW
09-26-2026 21:26:11 RAM 4262/7620MB (lfb 38x4MB) SWAP 91/12002MB (cached 0MB) CPU [27%@1728,26%@1728,27%@1728,26%@1728,86%@1728,27%@1728] GR3D_FREQ 65% cpu@55.187C soc2@54.406C soc0@53.875C gpu@56.625C tj@56.625C soc1@55.156C VDD_IN 12044mW/10969mW VDD_CPU_GPU_CV 4778mW/4258mW VDD_SOC 3143mW/2863mW
09-26-2026 21:26:11 RAM 4192/7620MB (lfb 55x4MB) SWAP 91/12002MB (cached 0MB) CPU [54%@1728,54%@1728,54%@1728,53%@1728,92%@1728,52%@1728] GR3D_FREQ 0% cpu@55.875C soc2@54.312C soc0@53.687C gpu@55.593C tj@55.875C soc1@55.062C VDD_IN 10959mW/10969mW VDD_CPU_GPU_CV 4001mW/4256mW VDD_SOC 2952mW/2863mW
09-26-2026 21:26:12 RAM 4421/7620MB (lfb 22x4MB) SWAP 91/12002MB (cached 0MB) CPU [22%@1728,17%@1728,19%@1728,20%@1728,47%@1728,48%@1728] GR3D_FREQ 0% cpu@55.75C soc2@54.468C soc0@53.718C gpu@55.718C tj@56.187C soc1@55.125C VDD_IN 12142mW/10977mW VDD_CPU_GPU_CV 4935mW/4261mW VDD_SOC 3143mW/2865mW
09-26-2026 21:26:12 RAM 4142/7620MB (lfb 57x4MB) SWAP 91/12002MB (cached 0MB) CPU [65%@1728,100%@1728,100%@1728,96%@1728,100%@1728,100%@1728] GR3D_FREQ 0% cpu@56.093C soc2@54.406C soc0@53.781C gpu@55.468C tj@56.093C soc1@55.312C VDD_IN 10486mW/10973mW VDD_CPU_GPU_CV 3968mW/4259mW VDD_SOC 2794mW/2865mW
09-26-2026 21:26:13 RAM 4289/7620MB (lfb 29x4MB) SWAP 91/12002MB (cached 0MB) CPU [70%@1728,23%@1728,11%@1728,12%@1728,12%@1728,12%@1728] GR3D_FREQ 66% cpu@55.312C soc2@54.375C soc0@53.718C gpu@56.687C tj@56.687C soc1@55.125C VDD_IN 12122mW/10981mW VDD_CPU_GPU_CV 4935mW/4264mW VDD_SOC 3104mW/2866mW
09-26-2026 21:26:13 RAM 4230/7620MB (lfb 43x4MB) SWAP 91/12002MB (cached 0MB) CPU [54%@1728,98%@1728,53%@1728,52%@1728,52%@1728,52%@1728] GR3D_FREQ 0% cpu@55.312C soc2@54.437C soc0@53.906C gpu@55.656C tj@55.656C soc1@55.125C VDD_IN 10526mW/10978mW VDD_CPU_GPU_CV 3693mW/4260mW VDD_SOC 2873mW/2866mW
09-26-2026 21:26:14 RAM 4408/7620MB (lfb 22x4MB) SWAP 91/12002MB (cached 0MB) CPU [28%@1728,80%@1728,29%@1728,28%@1728,28%@1728,27%@1728] GR3D_FREQ 0% cpu@55.75C soc2@54.5C soc0@53.875C gpu@55.718C tj@55.75C soc1@55.093C VDD_IN 11650mW/10983mW VDD_CPU_GPU_CV 4550mW/4262mW VDD_SOC 3025mW/2867mW
09-26-2026 21:26:14 RAM 4248/7620MB (lfb 39x4MB) SWAP 91/12002MB (cached 0MB) CPU [24%@1728,83%@1728,22%@1728,24%@1728,23%@1728,24%@1728] GR3D_FREQ 66% cpu@55.125C soc2@54.468C soc0@53.875C gpu@57.031C tj@57.031C soc1@55.218C VDD_IN 12378mW/10992mW VDD_CPU_GPU_CV 5091mW/4267mW VDD_SOC 3182mW/2869mW
09-26-2026 21:26:15 RAM 4618/7620MB (lfb 7x4MB) SWAP 91/12002MB (cached 0MB) CPU [77%@1728,94%@1728,76%@1728,76%@1728,78%@1728,76%@1728] GR3D_FREQ 0% cpu@57.187C soc2@54.625C soc0@53.875C gpu@55.781C tj@57.187C soc1@55.156C VDD_IN 12044mW/10999mW VDD_CPU_GPU_CV 4621mW/4270mW VDD_SOC 3143mW/2871mW
09-26-2026 21:26:15 RAM 4618/7620MB (lfb 7x4MB) SWAP 91/12002MB (cached 0MB) CPU [100%@1728,100%@1728,100%@1728,100%@1728,100%@1728,100%@1728] GR3D_FREQ 0% cpu@57.812C soc2@55.031C soc0@53.875C gpu@56.187C tj@57.812C soc1@55.281C VDD_IN 13770mW/11017mW VDD_CPU_GPU_CV 6792mW/4286mW VDD_SOC 2898mW/2871mW
09-26-2026 21:26:16 RAM 4618/7620MB (lfb 7x4MB) SWAP 91/12002MB (cached 0MB) CPU [100%@1728,100%@1728,100%@1728,100%@1728,100%@1728,100%@1728] GR3D_FREQ 0% cpu@58.031C soc2@55.281C soc0@54.125C gpu@56.062C tj@58.031C soc1@55.437C VDD_IN 14280mW/11038mW VDD_CPU_GPU_CV 7444mW/4307mW VDD_SOC 2859mW/2871mW
09-26-2026 21:26:16 RAM 4973/7620MB (lfb 2x4MB) SWAP 91/12002MB (cached 0MB) CPU [100%@1728,100%@1728,100%@1728,100%@1728,100%@1728,100%@1728] GR3D_FREQ 0% cpu@58.031C soc2@55.281C soc0@54C gpu@56C tj@58.031C soc1@55.5C VDD_IN 14358mW/11060mW VDD_CPU_GPU_CV 7366mW/4326mW VDD_SOC 2898mW/2871mW
09-26-2026 21:26:17 RAM 4973/7620MB (lfb 2x4MB) SWAP 91/12002MB (cached 0MB) CPU [100%@1728,100%@1728,100%@1728,100%@1728,100%@1728,100%@1728] GR3D_FREQ 0% cpu@57.968C soc2@55.406C soc0@54.156C gpu@56.25C tj@57.968C soc1@55.718C VDD_IN 14437mW/11081mW VDD_CPU_GPU_CV 7600mW/4347mW VDD_SOC 2859mW/2871mW
09-26-2026 21:26:17 RAM 4973/7620MB (lfb 2x4MB) SWAP 91/12002MB (cached 0MB) CPU [100%@1728,100%@1728,100%@1728,100%@1728,100%@1728,100%@1728] GR3D_FREQ 0% cpu@57.156C soc2@55.312C soc0@54.062C gpu@56.187C tj@57.031C soc1@55.718C VDD_IN 13770mW/11098mW VDD_CPU_GPU_CV 7027mW/4364mW VDD_SOC 2780mW/2871mW
09-26-2026 21:26:18 RAM 4616/7620MB (lfb 9x4MB) SWAP 91/12002MB (cached 0MB) CPU [98%@1728,98%@1728,98%@1728,95%@1728,92%@1728,95%@1728] GR3D_FREQ 0% cpu@58.406C soc2@55.468C soc0@54.343C gpu@56.093C tj@58.406C soc1@55.625C VDD_IN 14005mW/11117mW VDD_CPU_GPU_CV 7066mW/4381mW VDD_SOC 2898mW/2871mW
09-26-2026 21:26:18 RAM 4616/7620MB (lfb 9x4MB) SWAP 91/12002MB (cached 0MB) CPU [100%@1728,100%@1728,100%@1728,100%@1728,100%@1728,100%@1728] GR3D_FREQ 0% cpu@58.5C soc2@55.468C soc0@54.156C gpu@56.281C tj@58.5C soc1@55.625C VDD_IN 14358mW/11137mW VDD_CPU_GPU_CV 7483mW/4401mW VDD_SOC 2859mW/2871mW
09-26-2026 21:26:19 RAM 4968/7620MB (lfb 1x4MB) SWAP 91/12002MB (cached 0MB) CPU [100%@1728,100%@1728,100%@1728,100%@1728,100%@1728,100%@1728] GR3D_FREQ 0% cpu@58.218C soc2@55.593C soc0@54.375C gpu@56.218C tj@58.218C soc1@55.718C VDD_IN 14358mW/11157mW VDD_CPU_GPU_CV 7249mW/4419mW VDD_SOC 2937mW/2871mW
09-26-2026 21:26:19 RAM 4970/7620MB (lfb 1x4MB) SWAP 91/12002MB (cached 0MB) CPU [100%@1728,100%@1728,100%@1728,100%@1728,100%@1728,100%@1728] GR3D_FREQ 0% cpu@58.25C soc2@55.687C soc0@54.343C gpu@56.593C tj@58.343C soc1@55.656C VDD_IN 14476mW/11178mW VDD_CPU_GPU_CV 7561mW/4438mW VDD_SOC 2859mW/2871mW
09-26-2026 21:26:20 RAM 4970/7620MB (lfb 1x4MB) SWAP 91/12002MB (cached 0MB) CPU [100%@1728,100%@1728,100%@1728,100%@1728,100%@1728,100%@1728] GR3D_FREQ 0% cpu@58.437C soc2@55.718C soc0@54.25C gpu@56.687C tj@58.437C soc1@56.031C VDD_IN 14476mW/11198mW VDD_CPU_GPU_CV 7678mW/4458mW VDD_SOC 2820mW/2871mW
09-26-2026 21:26:20 RAM 4156/7620MB (lfb 48x4MB) SWAP 91/12002MB (cached 0MB) CPU [76%@1728,75%@1728,75%@1728,76%@1728,94%@1728,74%@1728] GR3D_FREQ 0% cpu@57.156C soc2@55.25C soc0@54.312C gpu@56.437C tj@57.156C soc1@55.937C VDD_IN 12181mW/11204mW VDD_CPU_GPU_CV 5483mW/4465mW VDD_SOC 2790mW/2870mW
09-26-2026 21:26:21 RAM 4255/7620MB (lfb 24x4MB) SWAP 91/12002MB (cached 0MB) CPU [0%@1728,0%@1728,0%@1728,0%@1728,82%@1728,0%@1728] GR3D_FREQ 4% cpu@55.968C soc2@55.062C soc0@54.281C gpu@56.562C tj@56.562C soc1@55.718C VDD_IN 12201mW/11210mW VDD_CPU_GPU_CV 5091mW/4468mW VDD_SOC 3025mW/2871mW
09-26-2026 21:26:21 RAM 4172/7620MB (lfb 46x4MB) SWAP 91/12002MB (cached 0MB) CPU [54%@1728,54%@1728,54%@1728,54%@1728,97%@1728,54%@1728] GR3D_FREQ 0% cpu@56.218C soc2@54.906C soc0@54.468C gpu@56.062C tj@56.218C soc1@55.687C VDD_IN 10605mW/11207mW VDD_CPU_GPU_CV 3811mW/4464mW VDD_SOC 2873mW/2871mW
09-26-2026 21:26:22 RAM 4415/7620MB (lfb 21x4MB) SWAP 91/12002MB (cached 0MB) CPU [15%@1728,14%@1728,14%@1728,14%@1728,86%@1728,14%@1728] GR3D_FREQ 0% cpu@56.281C soc2@55C soc0@54.375C gpu@56.656C tj@56.343C soc1@55.812C VDD_IN 11847mW/11211mW VDD_CPU_GPU_CV 4621mW/4465mW VDD_SOC 3104mW/2873mW
09-26-2026 21:26:22 RAM 4268/7620MB (lfb 31x4MB) SWAP 91/12002MB (cached 0MB) CPU [43%@1728,44%@1728,42%@1728,43%@1728,94%@1728,42%@1728] GR3D_FREQ 60% cpu@55.812C soc2@54.843C soc0@54.218C gpu@56.812C tj@56.812C soc1@55.75C VDD_IN 11256mW/11211mW VDD_CPU_GPU_CV 4237mW/4464mW VDD_SOC 3030mW/2874mW
09-26-2026 21:26:23 RAM 4143/7620MB (lfb 55x4MB) SWAP 91/12002MB (cached 0MB) CPU [50%@1728,51%@1728,50%@1728,52%@1728,77%@1728,66%@1728] GR3D_FREQ 0% cpu@56.156C soc2@54.968C soc0@54.375C gpu@56.468C tj@56.468C soc1@55.625C VDD_IN 11414mW/11212mW VDD_CPU_GPU_CV 4354mW/4463mW VDD_SOC 2991mW/2874mW
09-26-2026 21:26:23 RAM 4341/7620MB (lfb 21x4MB) SWAP 91/12002MB (cached 0MB) CPU [5%@1728,3%@1728,3%@1728,3%@1728,3%@1728,85%@1728] GR3D_FREQ 67% cpu@55.656C soc2@54.906C soc0@54.375C gpu@57.031C tj@57.031C soc1@55.531C VDD_IN 12692mW/11221mW VDD_CPU_GPU_CV 5287mW/4468mW VDD_SOC 3217mW/2876mW
09-26-2026 21:26:24 RAM 4249/7620MB (lfb 37x4MB) SWAP 91/12002MB (cached 0MB) CPU [54%@1728,54%@1728,54%@1728,54%@1728,52%@1728,100%@1728] GR3D_FREQ 0% cpu@55.593C soc2@54.781C soc0@54.375C gpu@56.062C tj@56.062C soc1@55.531C VDD_IN 10565mW/11217mW VDD_CPU_GPU_CV 3693mW/4464mW VDD_SOC 2912mW/2877mW
09-26-2026 21:26:24 RAM 4418/7620MB (lfb 21x4MB) SWAP 91/12002MB (cached 0MB) CPU [46%@1728,37%@1728,44%@1728,40%@1728,51%@1728,72%@1728] GR3D_FREQ 0% cpu@56.437C soc2@55.062C soc0@54.375C gpu@56.406C tj@56.437C soc1@55.718C VDD_IN 12004mW/11221mW VDD_CPU_GPU_CV 4856mW/4466mW VDD_SOC 3065mW/2878mW
09-26-2026 21:26:25 RAM 4268/7620MB (lfb 36x4MB) SWAP 91/12002MB (cached 0MB) CPU [44%@1728,45%@1728,96%@1728,45%@1728,45%@1728,44%@1728] GR3D_FREQ 60% cpu@56.281C soc2@54.875C soc0@54.25C gpu@56.781C tj@56.781C soc1@55.656C VDD_IN 11156mW/11221mW VDD_CPU_GPU_CV 4197mW/4464mW VDD_SOC 2991mW/2878mW
09-26-2026 21:26:25 RAM 4143/7620MB (lfb 55x4MB) SWAP 91/12002MB (cached 0MB) CPU [50%@1728,48%@1728,90%@1728,49%@1728,48%@1728,49%@1728] GR3D_FREQ 0% cpu@56.5C soc2@54.968C soc0@54.406C gpu@56.156C tj@56.5C soc1@55.593C VDD_IN 11414mW/11222mW VDD_CPU_GPU_CV 4393mW/4464mW VDD_SOC 2986mW/2879mW
09-26-2026 21:26:26 RAM 4292/7620MB (lfb 28x4MB) SWAP 91/12002MB (cached 0MB) CPU [6%@1728,5%@1728,85%@1728,5%@1728,5%@1728,5%@1728] GR3D_FREQ 54% cpu@56.031C soc2@54.906C soc0@54.375C gpu@57.531C tj@57.531C soc1@55.531C VDD_IN 12731mW/11231mW VDD_CPU_GPU_CV 5279mW/4469mW VDD_SOC 3217mW/2881mW
09-26-2026 21:26:26 RAM 4245/7620MB (lfb 39x4MB) SWAP 91/12002MB (cached 0MB) CPU [51%@1728,52%@1728,100%@1728,52%@1728,51%@1728,50%@1728] GR3D_FREQ 0% cpu@56.437C soc2@54.843C soc0@54.343C gpu@56.125C tj@56.437C soc1@55.75C VDD_IN 10565mW/11227mW VDD_CPU_GPU_CV 3693mW/4464mW VDD_SOC 2912mW/2881mW
09-26-2026 21:26:27 RAM 4405/7620MB (lfb 22x4MB) SWAP 91/12002MB (cached 0MB) CPU [30%@1728,46%@1728,41%@1728,59%@1728,30%@1728,30%@1728] GR3D_FREQ 0% cpu@56.25C soc2@55C soc0@54.281C gpu@56.468C tj@56.468C soc1@55.625C VDD_IN 11689mW/11230mW VDD_CPU_GPU_CV 4550mW/4465mW VDD_SOC 3065mW/2882mW
09-26-2026 21:26:27 RAM 4275/7620MB (lfb 32x4MB) SWAP 91/12002MB (cached 0MB) CPU [24%@1728,90%@1728,22%@1728,22%@1728,22%@1728,22%@1728] GR3D_FREQ 60% cpu@55.906C soc2@55C soc0@54.25C gpu@57.031C tj@57.031C soc1@55.562C VDD_IN 12162mW/11235mW VDD_CPU_GPU_CV 4896mW/4467mW VDD_SOC 3143mW/2884mW
09-26-2026 21:26:28 RAM 4186/7620MB (lfb 53x4MB) SWAP 91/12002MB (cached 0MB) CPU [52%@1728,64%@1728,52%@1728,84%@1728,52%@1728,52%@1728] GR3D_FREQ 0% cpu@56.156C soc2@54.875C soc0@54.406C gpu@56.062C tj@56.156C soc1@55.562C VDD_IN 10920mW/11233mW VDD_CPU_GPU_CV 3962mW/4464mW VDD_SOC 2952mW/2884mW
09-26-2026 21:26:28 RAM 4404/7620MB (lfb 22x4MB) SWAP 91/12002MB (cached 0MB) CPU [13%@1728,12%@1728,10%@1728,86%@1728,11%@1728,11%@1728] GR3D_FREQ 0% cpu@56.25C soc2@54.968C soc0@54.375C gpu@56.218C tj@56.25C soc1@55.5C VDD_IN 12044mW/11238mW VDD_CPU_GPU_CV 4739mW/4466mW VDD_SOC 3143mW/2886mW
09-26-2026 21:26:29 RAM 4257/7620MB (lfb 36x4MB) SWAP 91/12002MB (cached 0MB) CPU [41%@1728,40%@1728,40%@1728,96%@1728,40%@1728,40%@1728] GR3D_FREQ 56% cpu@55.687C soc2@54.843C soc0@54.375C gpu@56.906C tj@56.906C soc1@55.75C VDD_IN 11453mW/11239mW VDD_CPU_GPU_CV 4354mW/4465mW VDD_SOC 3025mW/2886mW
09-26-2026 21:26:29 RAM 4133/7620MB (lfb 59x4MB) SWAP 91/12002MB (cached 0MB) CPU [52%@1728,50%@1728,52%@1728,90%@1728,52%@1728,52%@1728] GR3D_FREQ 0% cpu@56.593C soc2@54.937C soc0@54.312C gpu@56.093C tj@56.593C soc1@55.562C VDD_IN 11335mW/11239mW VDD_CPU_GPU_CV 4354mW/4465mW VDD_SOC 2991mW/2887mW
09-26-2026 21:26:30 RAM 4404/7620MB (lfb 22x4MB) SWAP 91/12002MB (cached 0MB) CPU [0%@1728,0%@1728,0%@1728,86%@1728,0%@1728,0%@1728] GR3D_FREQ 0% cpu@55.968C soc2@54.968C soc0@54.343C gpu@56.968C tj@56.968C soc1@55.531C VDD_IN 12614mW/11247mW VDD_CPU_GPU_CV 5091mW/4468mW VDD_SOC 3217mW/2889mW
09-26-2026 21:26:30 RAM 4616/7620MB (lfb 7x4MB) SWAP 91/12002MB (cached 0MB) CPU [92%@1728,90%@1728,92%@1728,97%@1728,93%@1728,92%@1728] GR3D_FREQ 0% cpu@57.812C soc2@55.312C soc0@54.437C gpu@56.281C tj@57.812C soc1@55.562C VDD_IN 12496mW/11254mW VDD_CPU_GPU_CV 5209mW/4472mW VDD_SOC 3099mW/2890mW
09-26-2026 21:26:31 RAM 4616/7620MB (lfb 7x4MB) SWAP 91/12002MB (cached 0MB) CPU [100%@1728,100%@1728,100%@1728,100%@1728,100%@1728,100%@1728] GR3D_FREQ 0% cpu@58.218C soc2@55.656C soc0@54.375C gpu@56.625C tj@58.218C soc1@55.656C VDD_IN 13888mW/11268mW VDD_CPU_GPU_CV 6988mW/4486mW VDD_SOC 2898mW/2890mW
09-26-2026 21:26:31 RAM 4616/7620MB (lfb 7x4MB) SWAP 91/12002MB (cached 0MB) CPU [100%@1728,100%@1728,100%@1728,100%@1728,100%@1728,100%@1728] GR3D_FREQ 0% cpu@58.656C soc2@55.75C soc0@54.406C gpu@56.562C tj@58.656C soc1@56.031C VDD_IN 14280mW/11284mW VDD_CPU_GPU_CV 7483mW/4502mW VDD_SOC 2820mW/2890mW
09-26-2026 21:26:32 RAM 4971/7620MB (lfb 2x4MB) SWAP 91/12002MB (cached 0MB) CPU [100%@1728,100%@1728,100%@1728,100%@1728,100%@1728,100%@1728] GR3D_FREQ 0% cpu@58.531C soc2@55.812C soc0@54.406C gpu@56.562C tj@58.468C soc1@56.031C VDD_IN 14374mW/11301mW VDD_CPU_GPU_CV 7444mW/4518mW VDD_SOC 2898mW/2890mW
09-26-2026 21:26:32 RAM 4971/7620MB (lfb 2x4MB) SWAP 91/12002MB (cached 0MB) CPU [100%@1728,100%@1728,100%@1728,100%@1728,100%@1728,100%@1728] GR3D_FREQ 0% cpu@58.843C soc2@55.968C soc0@54.593C gpu@56.625C tj@58.843C soc1@56.031C VDD_IN 14413mW/11318mW VDD_CPU_GPU_CV 7600mW/4534mW VDD_SOC 2820mW/2889mW
09-26-2026 21:26:33 RAM 4971/7620MB (lfb 2x4MB) SWAP 91/12002MB (cached 0MB) CPU [100%@1728,98%@1728,100%@1728,98%@1728,94%@1728,100%@1728] GR3D_FREQ 0% cpu@57.875C soc2@55.781C soc0@54.656C gpu@56.562C tj@57.875C soc1@56.031C VDD_IN 13321mW/11328mW VDD_CPU_GPU_CV 6597mW/4545mW VDD_SOC 2785mW/2889mW
09-26-2026 21:26:33 RAM 4617/7620MB (lfb 10x4MB) SWAP 91/12002MB (cached 0MB) CPU [100%@1728,100%@1728,98%@1728,98%@1728,100%@1728,98%@1728] GR3D_FREQ 0% cpu@58.562C soc2@55.937C soc0@54.562C gpu@56.562C tj@58.562C soc1@56.031C VDD_IN 14123mW/11343mW VDD_CPU_GPU_CV 7171mW/4559mW VDD_SOC 2898mW/2889mW
09-26-2026 21:26:34 RAM 4617/7620MB (lfb 10x4MB) SWAP 91/12002MB (cached 0MB) CPU [100%@1728,100%@1728,100%@1728,100%@1728,100%@1728,100%@1728] GR3D_FREQ 0% cpu@58.875C soc2@56.031C soc0@54.656C gpu@57C tj@58.718C soc1@56.25C VDD_IN 14398mW/11359mW VDD_CPU_GPU_CV 7522mW/4575mW VDD_SOC 2859mW/2889mW
09-26-2026 21:26:34 RAM 4975/7620MB (lfb 1x4MB) SWAP 91/12002MB (cached 0MB) CPU [100%@1728,100%@1728,100%@1728,100%@1728,100%@1728,100%@1728] GR3D_FREQ 0% cpu@58.812C soc2@56C soc0@54.656C gpu@56.75C tj@58.812C soc1@56.218C VDD_IN 14374mW/11375mW VDD_CPU_GPU_CV 7366mW/4589mW VDD_SOC 2937mW/2889mW
09-26-2026 21:26:35 RAM 4974/7620MB (lfb 1x4MB) SWAP 91/12002MB (cached 0MB) CPU [100%@1728,100%@1728,100%@1728,100%@1728,100%@1728,100%@1728] GR3D_FREQ 0% cpu@58.968C soc2@56.093C soc0@54.906C gpu@56.937C tj@59.031C soc1@56.218C VDD_IN 14452mW/11391mW VDD_CPU_GPU_CV 7600mW/4605mW VDD_SOC 2859mW/2889mW
09-26-2026 21:26:35 RAM 4974/7620MB (lfb 1x4MB) SWAP 91/12002MB (cached 0MB) CPU [100%@1728,100%@1728,100%@1728,100%@1728,100%@1728,100%@1728] GR3D_FREQ 0% cpu@58.875C soc2@56.25C soc0@54.843C gpu@56.875C tj@58.875C soc1@56.218C VDD_IN 14452mW/11407mW VDD_CPU_GPU_CV 7678mW/4621mW VDD_SOC 2820mW/2888mW
09-26-2026 21:26:36 RAM 4202/7620MB (lfb 39x4MB) SWAP 91/12002MB (cached 0MB) CPU [62%@1728,62%@1728,62%@1728,62%@1728,94%@1728,62%@1728] GR3D_FREQ 0% cpu@57.031C soc2@55.687C soc0@54.843C gpu@56.656C tj@57.031C soc1@56.343C VDD_IN 11768mW/11409mW VDD_CPU_GPU_CV 5052mW/4623mW VDD_SOC 2790mW/2888mW
09-26-2026 21:26:36 RAM 4387/7620MB (lfb 23x4MB) SWAP 91/12002MB (cached 0MB) CPU [18%@1728,19%@1728,18%@1728,19%@1728,78%@1728,18%@1728] GR3D_FREQ 0% cpu@57.187C soc2@55.468C soc0@54.75C gpu@57.062C tj@57.187C soc1@56.187C VDD_IN 12122mW/11412mW VDD_CPU_GPU_CV 4778mW/4624mW VDD_SOC 3182mW/2889mW
09-26-2026 21:26:37 RAM 4271/7620MB (lfb 26x4MB) SWAP 91/12002MB (cached 0MB) CPU [36%@1728,34%@1728,35%@1728,34%@1728,84%@1728,35%@1728] GR3D_FREQ 71% cpu@56.343C soc2@55.406C soc0@54.75C gpu@57.718C tj@57.718C soc1@56.156C VDD_IN 12496mW/11418mW VDD_CPU_GPU_CV 4848mW/4625mW VDD_SOC 3373mW/2892mW
09-26-2026 21:26:37 RAM 4244/7620MB (lfb 45x4MB) SWAP 91/12002MB (cached 0MB) CPU [52%@1728,54%@1728,54%@1728,52%@1728,94%@1728,55%@1728] GR3D_FREQ 0% cpu@56.843C soc2@55.468C soc0@54.843C gpu@56.812C tj@56.843C soc1@56.093C VDD_IN 10999mW/11416mW VDD_CPU_GPU_CV 3883mW/4621mW VDD_SOC 3030mW/2892mW
09-26-2026 21:26:38 RAM 4446/7620MB (lfb 22x4MB) SWAP 91/12002MB (cached 0MB) CPU [41%@1728,38%@1728,38%@1728,39%@1728,78%@1728,37%@1728] GR3D_FREQ 0% cpu@57C soc2@55.406C soc0@54.625C gpu@56.843C tj@57C soc1@56C VDD_IN 11965mW/11419mW VDD_CPU_GPU_CV 4543mW/4621mW VDD_SOC 3261mW/2894mW
09-26-2026 21:26:38 RAM 4438/7620MB (lfb 22x4MB) SWAP 91/12002MB (cached 0MB) CPU [15%@1728,15%@1728,16%@1728,16%@1728,78%@1728,16%@1728] GR3D_FREQ 0% cpu@56.625C soc2@55.375C soc0@54.687C gpu@57.062C tj@57.062C soc1@56.125C VDD_IN 13046mW/11427mW VDD_CPU_GPU_CV 5044mW/4623mW VDD_SOC 3570mW/2898mW
09-26-2026 21:26:39 RAM 4293/7620MB (lfb 33x4MB) SWAP 91/12002MB (cached 0MB) CPU [56%@1728,56%@1728,54%@1728,54%@1728,98%@1728,54%@1728] GR3D_FREQ 68% cpu@56.25C soc2@55.187C soc0@54.718C gpu@56.843C tj@56.843C soc1@56.093C VDD_IN 11038mW/11425mW VDD_CPU_GPU_CV 3844mW/4619mW VDD_SOC 3070mW/2899mW
09-26-2026 21:26:39 RAM 4186/7620MB (lfb 57x4MB) SWAP 91/12002MB (cached 0MB) CPU [54%@1728,53%@1728,54%@1728,54%@1728,80%@1728,54%@1728] GR3D_FREQ 0% cpu@57C soc2@55.406C soc0@54.843C gpu@56.562C tj@57C soc1@56.031C VDD_IN 11571mW/11426mW VDD_CPU_GPU_CV 4315mW/4618mW VDD_SOC 3143mW/2900mW
09-26-2026 21:26:40 RAM 4448/7620MB (lfb 22x4MB) SWAP 91/12002MB (cached 0MB) CPU [19%@1728,18%@1728,19%@1728,21%@1728,78%@1728,19%@1728] GR3D_FREQ 0% cpu@56.937C soc2@55.437C soc0@54.843C gpu@57.156C tj@57.156C soc1@55.968C VDD_IN 12456mW/11431mW VDD_CPU_GPU_CV 4778mW/4618mW VDD_SOC 3373mW/2902mW
09-26-2026 21:26:40 RAM 4322/7620MB (lfb 28x4MB) SWAP 91/12002MB (cached 0MB) CPU [35%@1728,35%@1728,35%@1728,34%@1728,84%@1728,34%@1728] GR3D_FREQ 68% cpu@56.156C soc2@55.343C soc0@54.781C gpu@57.968C tj@57.968C soc1@56.156C VDD_IN 12810mW/11437mW VDD_CPU_GPU_CV 5044mW/4620mW VDD_SOC 3491mW/2905mW
09-26-2026 21:26:41 RAM 4250/7620MB (lfb 45x4MB) SWAP 91/12002MB (cached 0MB) CPU [56%@1728,54%@1728,56%@1728,55%@1728,94%@1728,54%@1728] GR3D_FREQ 0% cpu@56.531C soc2@55.312C soc0@54.781C gpu@56.5C tj@56.531C soc1@56.156C VDD_IN 10999mW/11435mW VDD_CPU_GPU_CV 3883mW/4617mW VDD_SOC 3070mW/2906mW
09-26-2026 21:26:41 RAM 4448/7620MB (lfb 22x4MB) SWAP 91/12002MB (cached 0MB) CPU [40%@1728,41%@1728,40%@1728,40%@1728,78%@1728,40%@1728] GR3D_FREQ 0% cpu@57C soc2@55.375C soc0@54.968C gpu@56.625C tj@57C soc1@56.125C VDD_IN 11965mW/11438mW VDD_CPU_GPU_CV 4504mW/4616mW VDD_SOC 3261mW/2908mW
09-26-2026 21:26:42 RAM 4448/7620MB (lfb 22x4MB) SWAP 91/12002MB (cached 0MB) CPU [15%@1728,15%@1728,14%@1728,14%@1728,78%@1728,14%@1728] GR3D_FREQ 0% cpu@56.375C soc2@55.437C soc0@54.75C gpu@57.031C tj@57.031C soc1@56.031C VDD_IN 12967mW/11445mW VDD_CPU_GPU_CV 5005mW/4618mW VDD_SOC 3530mW/2911mW
09-26-2026 21:26:42 RAM 4295/7620MB (lfb 35x4MB) SWAP 91/12002MB (cached 0MB) CPU [53%@1728,52%@1728,52%@1728,52%@1728,94%@1728,51%@1728] GR3D_FREQ 67% cpu@56.031C soc2@55.312C soc0@54.781C gpu@57.343C tj@57.343C soc1@56.031C VDD_IN 11453mW/11445mW VDD_CPU_GPU_CV 4158mW/4616mW VDD_SOC 3182mW/2912mW
09-26-2026 21:26:43 RAM 4200/7620MB (lfb 57x4MB) SWAP 91/12002MB (cached 0MB) CPU [54%@1728,52%@1728,54%@1728,53%@1728,84%@1728,54%@1728] GR3D_FREQ 0% cpu@56.718C soc2@55.375C soc0@54.843C gpu@56.968C tj@56.968C soc1@56.156C VDD_IN 11453mW/11445mW VDD_CPU_GPU_CV 4237mW/4614mW VDD_SOC 3143mW/2913mW
09-26-2026 21:26:44 RAM 4446/7620MB (lfb 22x4MB) SWAP 91/12002MB (cached 0MB) CPU [24%@1728,24%@1728,23%@1728,22%@1728,78%@1728,22%@1728] GR3D_FREQ 0% cpu@57.125C soc2@55.343C soc0@54.812C gpu@56.968C tj@57.125C soc1@56.093C VDD_IN 12299mW/11449mW VDD_CPU_GPU_CV 4700mW/4615mW VDD_SOC 3340mW/2915mW
09-26-2026 21:26:44 RAM 4324/7620MB (lfb 28x4MB) SWAP 91/12002MB (cached 0MB) CPU [30%@1728,31%@1728,30%@1728,31%@1728,82%@1728,32%@1728] GR3D_FREQ 71% cpu@56.281C soc2@55.531C soc0@54.843C gpu@58.281C tj@58.281C soc1@56C VDD_IN 13085mW/11457mW VDD_CPU_GPU_CV 5200mW/4617mW VDD_SOC 3530mW/2918mW
09-26-2026 21:26:45 RAM 4642/7620MB (lfb 7x4MB) SWAP 91/12002MB (cached 0MB) CPU [80%@1728,84%@1728,82%@1728,82%@1728,90%@1728,80%@1728] GR3D_FREQ 0% cpu@58.062C soc2@55.625C soc0@54.812C gpu@56.781C tj@58.062C soc1@56.031C VDD_IN 12535mW/11462mW VDD_CPU_GPU_CV 4935mW/4619mW VDD_SOC 3256mW/2920mW
09-26-2026 21:26:45 RAM 4646/7620MB (lfb 7x4MB) SWAP 91/12002MB (cached 0MB) CPU [100%@1728,100%@1728,100%@1728,100%@1728,100%@1728,100%@1728] GR3D_FREQ 0% cpu@58.562C soc2@55.968C soc0@54.843C gpu@57.156C tj@58.562C soc1@56.437C VDD_IN 13809mW/11473mW VDD_CPU_GPU_CV 6792mW/4629mW VDD_SOC 2937mW/2920mW
09-26-2026 21:26:46 RAM 4648/7620MB (lfb 7x4MB) SWAP 91/12002MB (cached 0MB) CPU [100%@1728,98%@1728,100%@1728,100%@1728,100%@1728,100%@1728] GR3D_FREQ 0% cpu@58.468C soc2@56.031C soc0@54.843C gpu@57.031C tj@58.281C soc1@56.5C VDD_IN 13164mW/11481mW VDD_CPU_GPU_CV 6480mW/4638mW VDD_SOC 2785mW/2919mW
09-26-2026 21:26:46 RAM 4995/7620MB (lfb 2x4MB) SWAP 91/12002MB (cached 0MB) CPU [100%@1728,84%@1728,100%@1728,100%@1728,100%@1728,100%@1728] GR3D_FREQ 0% cpu@58.468C soc2@55.968C soc0@54.843C gpu@57.281C tj@58.468C soc1@56.5C VDD_IN 13574mW/11491mW VDD_CPU_GPU_CV 6597mW/4647mW VDD_SOC 2937mW/2919mW
09-26-2026 21:26:47 RAM 4999/7620MB (lfb 2x4MB) SWAP 91/12002MB (cached 0MB) CPU [100%@1728,100%@1728,100%@1728,100%@1728,100%@1728,100%@1728] GR3D_FREQ 0% cpu@58.812C soc2@56.25C soc0@54.906C gpu@57.156C tj@58.812C soc1@56.531C VDD_IN 14241mW/11504mW VDD_CPU_GPU_CV 7366mW/4660mW VDD_SOC 2859mW/2919mW
09-26-2026 21:26:47 RAM 4999/7620MB (lfb 2x4MB) SWAP 91/12002MB (cached 0MB) CPU [100%@1728,100%@1728,100%@1728,100%@1728,100%@1728,100%@1728] GR3D_FREQ 0% cpu@59.093C soc2@56.468C soc0@55.125C gpu@57.312C tj@59.093C soc1@56.468C VDD_IN 14319mW/11517mW VDD_CPU_GPU_CV 7522mW/4673mW VDD_SOC 2820mW/2918mW
09-26-2026 21:26:48 RAM 4642/7620MB (lfb 7x4MB) SWAP 91/12002MB (cached 0MB) CPU [100%@1728,100%@1728,98%@1728,96%@1728,98%@1728,94%@1728] GR3D_FREQ 0% cpu@58.406C soc2@56.156C soc0@55.031C gpu@57.093C tj@58.406C soc1@56.468C VDD_IN 13417mW/11526mW VDD_CPU_GPU_CV 6285mW/4680mW VDD_SOC 2981mW/2919mW
09-26-2026 21:26:48 RAM 4642/7620MB (lfb 7x4MB) SWAP 91/12002MB (cached 0MB) CPU [100%@1728,100%@1728,100%@1728,100%@1728,100%@1728,100%@1728] GR3D_FREQ 0% cpu@59.093C soc2@56.468C soc0@55.031C gpu@57.062C tj@59.093C soc1@56.437C VDD_IN 14201mW/11538mW VDD_CPU_GPU_CV 7288mW/4692mW VDD_SOC 2859mW/2918mW
09-26-2026 21:26:49 RAM 4642/7620MB (lfb 7x4MB) SWAP 91/12002MB (cached 0MB) CPU [100%@1728,100%@1728,100%@1728,100%@1728,100%@1728,100%@1728] GR3D_FREQ 0% cpu@59.031C soc2@56.437C soc0@55.156C gpu@57.375C tj@59.031C soc1@56.75C VDD_IN 14413mW/11551mW VDD_CPU_GPU_CV 7600mW/4706mW VDD_SOC 2859mW/2918mW
09-26-2026 21:26:49 RAM 4997/7620MB (lfb 2x4MB) SWAP 91/12002MB (cached 0MB) CPU [100%@1728,100%@1728,100%@1728,100%@1728,100%@1728,100%@1728] GR3D_FREQ 0% cpu@59.375C soc2@56.468C soc0@55.062C gpu@57.25C tj@59.375C soc1@56.656C VDD_IN 14413mW/11564mW VDD_CPU_GPU_CV 7444mW/4718mW VDD_SOC 2898mW/2918mW
09-26-2026 21:26:50 RAM 4997/7620MB (lfb 2x4MB) SWAP 91/12002MB (cached 0MB) CPU [100%@1728,100%@1728,100%@1728,100%@1728,100%@1728,100%@1728] GR3D_FREQ 0% cpu@59.406C soc2@56.5C soc0@55.093C gpu@57.625C tj@59.406C soc1@56.687C VDD_IN 14492mW/11577mW VDD_CPU_GPU_CV 7639mW/4731mW VDD_SOC 2859mW/2918mW
09-26-2026 21:26:50 RAM 4997/7620MB (lfb 2x4MB) SWAP 91/12002MB (cached 0MB) CPU [100%@1728,100%@1728,100%@1728,100%@1728,100%@1728,100%@1728] GR3D_FREQ 0% cpu@58.093C soc2@56.437C soc0@55.312C gpu@57.437C tj@58.093C soc1@56.656C VDD_IN 13652mW/11587mW VDD_CPU_GPU_CV 6910mW/4741mW VDD_SOC 2820mW/2917mW
09-26-2026 21:26:51 RAM 4135/7620MB (lfb 56x4MB) SWAP 91/12002MB (cached 0MB) CPU [40%@1728,39%@1728,38%@1728,38%@1728,40%@1728,80%@1728] GR3D_FREQ 99% cpu@56.906C soc2@56.156C soc0@55.281C gpu@58.781C tj@58.781C soc1@56.656C VDD_IN 13417mW/11595mW VDD_CPU_GPU_CV 6090mW/4747mW VDD_SOC 3256mW/2919mW
09-26-2026 21:26:51 RAM 4130/7620MB (lfb 57x4MB) SWAP 91/12002MB (cached 0MB) CPU [78%@1728,50%@1728,52%@1728,52%@1728,52%@1728,66%@1728] GR3D_FREQ 0% cpu@57.312C soc2@56.125C soc0@55.218C gpu@57.062C tj@57.312C soc1@56.687C VDD_IN 11256mW/11593mW VDD_CPU_GPU_CV 4276mW/4745mW VDD_SOC 2991mW/2919mW
09-26-2026 21:26:52 RAM 4175/7620MB (lfb 46x4MB) SWAP 91/12002MB (cached 0MB) CPU [76%@1728,52%@1728,50%@1728,50%@1728,50%@1728,50%@1728] GR3D_FREQ 0% cpu@57.656C soc2@55.968C soc0@55.156C gpu@57.218C tj@57.656C soc1@56.593C VDD_IN 11768mW/11594mW VDD_CPU_GPU_CV 4504mW/4744mW VDD_SOC 3143mW/2920mW
09-26-2026 21:26:52 RAM 4296/7620MB (lfb 23x4MB) SWAP 91/12002MB (cached 0MB) CPU [78%@1728,38%@1728,38%@1728,38%@1728,38%@1728,38%@1728] GR3D_FREQ 0% cpu@57.468C soc2@56.187C soc0@55.375C gpu@57.156C tj@57.593C soc1@56.562C VDD_IN 12181mW/11597mW VDD_CPU_GPU_CV 4817mW/4744mW VDD_SOC 3261mW/2922mW
09-26-2026 21:26:53 RAM 4295/7620MB (lfb 23x4MB) SWAP 91/12002MB (cached 0MB) CPU [76%@1728,32%@1728,35%@1728,32%@1728,33%@1728,33%@1728] GR3D_FREQ 0% cpu@57.281C soc2@56.031C soc0@55.343C gpu@57.593C tj@57.593C soc1@56.531C VDD_IN 12692mW/11602mW VDD_CPU_GPU_CV 5083mW/4746mW VDD_SOC 3373mW/2924mW
09-26-2026 21:26:53 RAM 4290/7620MB (lfb 24x4MB) SWAP 91/12002MB (cached 0MB) CPU [78%@1728,36%@1728,35%@1728,37%@1728,36%@1728,36%@1728] GR3D_FREQ 0% cpu@56.781C soc2@56.031C soc0@55.218C gpu@57.531C tj@57.531C soc1@56.5C VDD_IN 13378mW/11609mW VDD_CPU_GPU_CV 5504mW/4749mW VDD_SOC 3570mW/2926mW
09-26-2026 21:26:54 RAM 4178/7620MB (lfb 45x4MB) SWAP 91/12002MB (cached 0MB) CPU [86%@1728,52%@1728,52%@1728,53%@1728,50%@1728,50%@1728] GR3D_FREQ 99% cpu@56.75C soc2@56.031C soc0@55.125C gpu@58.968C tj@58.968C soc1@56.562C VDD_IN 13085mW/11616mW VDD_CPU_GPU_CV 5396mW/4752mW VDD_SOC 3491mW/2929mW
09-26-2026 21:26:54 RAM 4176/7620MB (lfb 46x4MB) SWAP 91/12002MB (cached 0MB) CPU [64%@1728,80%@1728,52%@1728,50%@1728,52%@1728,52%@1728] GR3D_FREQ 0% cpu@57.156C soc2@55.812C soc0@55.281C gpu@57.156C tj@57.156C soc1@56.468C VDD_IN 11178mW/11614mW VDD_CPU_GPU_CV 4080mW/4749mW VDD_SOC 3070mW/2930mW
09-26-2026 21:26:55 RAM 4177/7620MB (lfb 45x4MB) SWAP 91/12002MB (cached 0MB) CPU [52%@1728,76%@1728,50%@1728,52%@1728,50%@1728,50%@1728] GR3D_FREQ 0% cpu@56.968C soc2@56.031C soc0@55.343C gpu@57.062C tj@57.062C soc1@56.468C VDD_IN 11650mW/11614mW VDD_CPU_GPU_CV 4386mW/4747mW VDD_SOC 3143mW/2930mW
09-26-2026 21:26:55 RAM 4177/7620MB (lfb 45x4MB) SWAP 91/12002MB (cached 0MB) CPU [45%@1728,77%@1728,46%@1728,44%@1728,45%@1728,45%@1728] GR3D_FREQ 0% cpu@57.125C soc2@55.937C soc0@55.25C gpu@57.031C tj@57.218C soc1@56.5C VDD_IN 12103mW/11616mW VDD_CPU_GPU_CV 4739mW/4747mW VDD_SOC 3261mW/2932mW
09-26-2026 21:26:56 RAM 4293/7620MB (lfb 23x4MB) SWAP 91/12002MB (cached 0MB) CPU [35%@1728,78%@1728,33%@1728,35%@1728,34%@1728,34%@1728] GR3D_FREQ 0% cpu@57.531C soc2@56.031C soc0@55.218C gpu@57.218C tj@57.25C soc1@56.656C VDD_IN 12496mW/11620mW VDD_CPU_GPU_CV 5005mW/4748mW VDD_SOC 3334mW/2934mW
09-26-2026 21:26:56 RAM 4295/7620MB (lfb 23x4MB) SWAP 91/12002MB (cached 0MB) CPU [35%@1728,76%@1728,35%@1728,34%@1728,35%@1728,34%@1728] GR3D_FREQ 0% cpu@57.156C soc2@56C soc0@55.312C gpu@57.312C tj@57.312C soc1@56.5C VDD_IN 13085mW/11626mW VDD_CPU_GPU_CV 5318mW/4751mW VDD_SOC 3491mW/2936mW
09-26-2026 21:26:57 RAM 4234/7620MB (lfb 37x4MB) SWAP 91/12002MB (cached 0MB) CPU [42%@1728,78%@1728,46%@1728,44%@1728,44%@1728,44%@1728] GR3D_FREQ 96% cpu@56.843C soc2@56.031C soc0@55.156C gpu@58.687C tj@58.687C soc1@56.5C VDD_IN 13888mW/11636mW VDD_CPU_GPU_CV 5895mW/4756mW VDD_SOC 3642mW/2939mW
09-26-2026 21:26:57 RAM 4177/7620MB (lfb 45x4MB) SWAP 91/12002MB (cached 0MB) CPU [52%@1728,94%@1728,50%@1728,52%@1728,50%@1728,51%@1728] GR3D_FREQ 99% cpu@56.593C soc2@56.062C soc0@55.343C gpu@58.25C tj@58.25C soc1@56.468C VDD_IN 12221mW/11638mW VDD_CPU_GPU_CV 4817mW/4756mW VDD_SOC 3300mW/2941mW
09-26-2026 21:26:58 RAM 4640/7620MB (lfb 7x4MB) SWAP 91/12002MB (cached 0MB) CPU [70%@1728,84%@1728,70%@1728,71%@1728,69%@1728,60%@1728] GR3D_FREQ 0% cpu@58.156C soc2@56.093C soc0@55.343C gpu@57.343C tj@58.156C soc1@56.625C VDD_IN 12338mW/11641mW VDD_CPU_GPU_CV 4739mW/4756mW VDD_SOC 3295mW/2942mW
09-26-2026 21:26:58 RAM 4640/7620MB (lfb 7x4MB) SWAP 91/12002MB (cached 0MB) CPU [100%@1728,100%@1728,100%@1728,100%@1728,100%@1728,100%@1728] GR3D_FREQ 0% cpu@59.031C soc2@56.5C soc0@55.281C gpu@57.375C tj@59.031C soc1@56.687C VDD_IN 13888mW/11651mW VDD_CPU_GPU_CV 6871mW/4765mW VDD_SOC 2976mW/2942mW
09-26-2026 21:26:59 RAM 4640/7620MB (lfb 7x4MB) SWAP 91/12002MB (cached 0MB) CPU [100%@1728,100%@1728,100%@1728,100%@1728,100%@1728,100%@1728] GR3D_FREQ 0% cpu@59.343C soc2@56.562C soc0@55.25C gpu@57.406C tj@59.343C soc1@56.718C VDD_IN 14335mW/11662mW VDD_CPU_GPU_CV 7444mW/4776mW VDD_SOC 2859mW/2942mW
09-26-2026 21:26:59 RAM 4997/7620MB (lfb 1x4MB) SWAP 91/12002MB (cached 0MB) CPU [100%@1728,100%@1728,100%@1728,100%@1728,100%@1728,100%@1728] GR3D_FREQ 0% cpu@59.468C soc2@56.593C soc0@55.343C gpu@57.5C tj@59.468C soc1@56.843C VDD_IN 14374mW/11673mW VDD_CPU_GPU_CV 7405mW/4787mW VDD_SOC 2898mW/2942mW
09-26-2026 21:27:00 RAM 4997/7620MB (lfb 1x4MB) SWAP 91/12002MB (cached 0MB) CPU [100%@1728,100%@1728,100%@1728,100%@1728,100%@1728,100%@1728] GR3D_FREQ 0% cpu@59.343C soc2@56.812C soc0@55.5C gpu@57.468C tj@59.343C soc1@56.843C VDD_IN 14492mW/11685mW VDD_CPU_GPU_CV 7600mW/4799mW VDD_SOC 2859mW/2941mW
09-26-2026 21:27:00 RAM 4997/7620MB (lfb 1x4MB) SWAP 91/12002MB (cached 0MB) CPU [100%@1728,100%@1728,100%@1728,100%@1728,100%@1728,100%@1728] GR3D_FREQ 0% cpu@58.281C soc2@56.593C soc0@55.375C gpu@57.718C tj@58.281C soc1@56.687C VDD_IN 13691mW/11693mW VDD_CPU_GPU_CV 6949mW/4808mW VDD_SOC 2820mW/2941mW
09-26-2026 21:27:01 RAM 4646/7620MB (lfb 2x4MB) SWAP 91/12002MB (cached 0MB) CPU [98%@1728,94%@1728,96%@1728,96%@1728,96%@1728,97%@1728] GR3D_FREQ 0% cpu@59.25C soc2@56.75C soc0@55.468C gpu@57.593C tj@59.25C soc1@57.031C VDD_IN 14005mW/11703mW VDD_CPU_GPU_CV 7054mW/4817mW VDD_SOC 2898mW/2941mW
09-26-2026 21:27:01 RAM 4646/7620MB (lfb 2x4MB) SWAP 91/12002MB (cached 0MB) CPU [100%@1728,100%@1728,100%@1728,100%@1728,100%@1728,100%@1728] GR3D_FREQ 0% cpu@59.656C soc2@56.875C soc0@55.406C gpu@57.718C tj@59.656C soc1@57C VDD_IN 14319mW/11713mW VDD_CPU_GPU_CV 7483mW/4828mW VDD_SOC 2859mW/2940mW
09-26-2026 21:27:02 RAM 5002/7620MB (lfb 2x4MB) SWAP 91/12002MB (cached 0MB) CPU [100%@1728,100%@1728,100%@1728,100%@1728,100%@1728,100%@1728] GR3D_FREQ 0% cpu@59.718C soc2@56.75C soc0@55.468C gpu@57.593C tj@59.718C soc1@57C VDD_IN 14335mW/11724mW VDD_CPU_GPU_CV 7249mW/4838mW VDD_SOC 2976mW/2940mW
09-26-2026 21:27:02 RAM 5002/7620MB (lfb 2x4MB) SWAP 91/12002MB (cached 0MB) CPU [100%@1728,100%@1728,100%@1728,100%@1728,100%@1728,100%@1728] GR3D_FREQ 0% cpu@59.656C soc2@57.031C soc0@55.593C gpu@57.593C tj@59.656C soc1@57C VDD_IN 14452mW/11735mW VDD_CPU_GPU_CV 7600mW/4849mW VDD_SOC 2859mW/2940mW
09-26-2026 21:27:03 RAM 5002/7620MB (lfb 2x4MB) SWAP 91/12002MB (cached 0MB) CPU [100%@1728,100%@1728,100%@1728,100%@1728,100%@1728,100%@1728] GR3D_FREQ 0% cpu@59.625C soc2@56.968C soc0@55.531C gpu@57.562C tj@59.625C soc1@56.968C VDD_IN 14492mW/11746mW VDD_CPU_GPU_CV 7678mW/4860mW VDD_SOC 2859mW/2940mW
09-26-2026 21:27:03 RAM 4137/7620MB (lfb 48x4MB) SWAP 91/12002MB (cached 0MB) CPU [84%@1728,96%@1728,82%@1728,82%@1728,82%@1728,82%@1728] GR3D_FREQ 0% cpu@58.031C soc2@56.687C soc0@55.562C gpu@57.531C tj@58.031C soc1@57.125C VDD_IN 12614mW/11750mW VDD_CPU_GPU_CV 5787mW/4864mW VDD_SOC 2824mW/2939mW
09-26-2026 21:27:04 RAM 4605/7620MB (lfb 27x4MB) SWAP 91/12002MB (cached 0MB) CPU [0%@1728,71%@1728,0%@1728,1%@1728,0%@1728,0%@1728] GR3D_FREQ 0% cpu@57.406C soc2@56.343C soc0@55.468C gpu@57.75C tj@57.75C soc1@57C VDD_IN 12535mW/11753mW VDD_CPU_GPU_CV 4966mW/4864mW VDD_SOC 3334mW/2941mW
09-26-2026 21:27:04 RAM 4649/7620MB (lfb 26x4MB) SWAP 91/12002MB (cached 0MB) CPU [0%@1728,70%@1728,1%@1728,0%@1728,0%@1728,0%@1728] GR3D_FREQ 0% cpu@57.343C soc2@56.468C soc0@55.812C gpu@57.968C tj@57.968C soc1@56.875C VDD_IN 12967mW/11758mW VDD_CPU_GPU_CV 5044mW/4865mW VDD_SOC 3530mW/2943mW
09-26-2026 21:27:05 RAM 4653/7620MB (lfb 24x4MB) SWAP 91/12002MB (cached 0MB) CPU [2%@1728,72%@1728,0%@1728,0%@1728,0%@1728,0%@1728] GR3D_FREQ 0% cpu@57.25C soc2@56.343C soc0@55.656C gpu@57.656C tj@57.656C soc1@56.781C VDD_IN 12574mW/11761mW VDD_CPU_GPU_CV 4731mW/4865mW VDD_SOC 3491mW/2945mW
09-26-2026 21:27:05 RAM 4653/7620MB (lfb 24x4MB) SWAP 91/12002MB (cached 0MB) CPU [0%@1728,52%@1728,0%@1728,0%@1728,0%@1728,0%@1728] GR3D_FREQ 99% cpu@57.25C soc2@56.437C soc0@55.656C gpu@59.5C tj@59.5C soc1@57.062C VDD_IN 14648mW/11773mW VDD_CPU_GPU_CV 6197mW/4870mW VDD_SOC 3910mW/2949mW
09-26-2026 21:27:06 RAM 4661/7620MB (lfb 25x4MB) SWAP 91/12002MB (cached 0MB) CPU [7%@1728,62%@1728,10%@1728,8%@1728,6%@1728,3%@1728] GR3D_FREQ 57% cpu@57.5C soc2@56.562C soc0@55.593C gpu@58.781C tj@58.781C soc1@56.906C VDD_IN 15289mW/11787mW VDD_CPU_GPU_CV 6459mW/4876mW VDD_SOC 4027mW/2954mW
09-26-2026 21:27:06 RAM 4662/7620MB (lfb 24x4MB) SWAP 91/12002MB (cached 0MB) CPU [4%@1728,8%@1728,7%@1728,2%@1728,38%@1728,71%@1728] GR3D_FREQ 0% cpu@57.375C soc2@56.437C soc0@55.625C gpu@58.031C tj@58.031C soc1@56.906C VDD_IN 14492mW/11797mW VDD_CPU_GPU_CV 5963mW/4880mW VDD_SOC 3871mW/2957mW
09-26-2026 21:27:07 RAM 4662/7620MB (lfb 24x4MB) SWAP 91/12002MB (cached 0MB) CPU [0%@1728,1%@1728,1%@1728,0%@1728,0%@1728,71%@1728] GR3D_FREQ 0% cpu@57.125C soc2@56.312C soc0@55.781C gpu@58.156C tj@58.156C soc1@56.781C VDD_IN 13417mW/11804mW VDD_CPU_GPU_CV 5231mW/4882mW VDD_SOC 3642mW/2960mW
09-26-2026 21:27:07 RAM 4662/7620MB (lfb 24x4MB) SWAP 91/12002MB (cached 0MB) CPU [0%@1728,1%@1728,0%@1728,0%@1728,0%@1728,68%@1728] GR3D_FREQ 99% cpu@57.062C soc2@56.312C soc0@55.75C gpu@58.875C tj@58.875C soc1@56.875C VDD_IN 13378mW/11810mW VDD_CPU_GPU_CV 5270mW/4883mW VDD_SOC 3642mW/2962mW
09-26-2026 21:27:08 RAM 4686/7620MB (lfb 22x4MB) SWAP 91/12002MB (cached 0MB) CPU [0%@1728,0%@1728,0%@1728,0%@1728,0%@1728,53%@1728] GR3D_FREQ 97% cpu@57C soc2@56.5C soc0@55.75C gpu@59.531C tj@59.531C soc1@56.968C VDD_IN 15158mW/11823mW VDD_CPU_GPU_CV 6459mW/4889mW VDD_SOC 3988mW/2966mW
09-26-2026 21:27:08 RAM 4681/7620MB (lfb 21x4MB) SWAP 91/12002MB (cached 0MB) CPU [5%@1728,3%@1728,4%@1728,7%@1728,7%@1728,64%@1728] GR3D_FREQ 0% cpu@58.062C soc2@56.437C soc0@55.75C gpu@58.5C tj@58.5C soc1@56.843C VDD_IN 14923mW/11835mW VDD_CPU_GPU_CV 6158mW/4894mW VDD_SOC 3988mW/2970mW
09-26-2026 21:27:09 RAM 5115/7620MB (lfb 2x4MB) SWAP 91/12002MB (cached 0MB) CPU [98%@1728,98%@1728,98%@1728,98%@1728,98%@1728,96%@1728] GR3D_FREQ 0% cpu@59.781C soc2@56.906C soc0@55.593C gpu@58.156C tj@59.781C soc1@57C VDD_IN 14531mW/11845mW VDD_CPU_GPU_CV 7015mW/4903mW VDD_SOC 3245mW/2972mW
09-26-2026 21:27:09 RAM 5115/7620MB (lfb 2x4MB) SWAP 91/12002MB (cached 0MB) CPU [100%@1728,100%@1728,100%@1728,100%@1728,100%@1728,100%@1728] GR3D_FREQ 0% cpu@59.75C soc2@57.125C soc0@55.875C gpu@58.062C tj@59.75C soc1@57.031C VDD_IN 14492mW/11855mW VDD_CPU_GPU_CV 7483mW/4913mW VDD_SOC 2932mW/2971mW
09-26-2026 21:27:10 RAM 5468/7620MB (lfb 1x4MB) SWAP 91/12002MB (cached 0MB) CPU [100%@1728,100%@1728,100%@1728,100%@1728,100%@1728,100%@1728] GR3D_FREQ 0% cpu@59.656C soc2@57.125C soc0@55.812C gpu@57.937C tj@59.656C soc1@57.187C VDD_IN 14374mW/11865mW VDD_CPU_GPU_CV 7288mW/4922mW VDD_SOC 2971mW/2971mW
09-26-2026 21:27:10 RAM 5468/7620MB (lfb 1x4MB) SWAP 91/12002MB (cached 0MB) CPU [100%@1728,100%@1728,100%@1728,100%@1728,100%@1728,100%@1728] GR3D_FREQ 0% cpu@60.031C soc2@57.156C soc0@55.75C gpu@57.843C tj@60.031C soc1@57.343C VDD_IN 14452mW/11875mW VDD_CPU_GPU_CV 7600mW/4932mW VDD_SOC 2854mW/2971mW
09-26-2026 21:27:11 RAM 5468/7620MB (lfb 1x4MB) SWAP 91/12002MB (cached 0MB) CPU [100%@1728,100%@1728,100%@1728,100%@1728,100%@1728,100%@1728] GR3D_FREQ 0% cpu@60.156C soc2@57.218C soc0@55.812C gpu@58.031C tj@60.156C soc1@57.312C VDD_IN 14452mW/11885mW VDD_CPU_GPU_CV 7678mW/4942mW VDD_SOC 2815mW/2970mW
09-26-2026 21:27:11 RAM 5117/7620MB (lfb 1x4MB) SWAP 91/12002MB (cached 0MB) CPU [96%@1728,100%@1728,98%@1728,98%@1728,98%@1728,100%@1728] GR3D_FREQ 0% cpu@59.781C soc2@57.187C soc0@55.75C gpu@57.875C tj@59.781C soc1@57.343C VDD_IN 13848mW/11892mW VDD_CPU_GPU_CV 6832mW/4949mW VDD_SOC 2937mW/2970mW
09-26-2026 21:27:12 RAM 5117/7620MB (lfb 1x4MB) SWAP 91/12002MB (cached 0MB) CPU [100%@1728,100%@1728,100%@1728,100%@1728,100%@1728,100%@1728] GR3D_FREQ 0% cpu@60.125C soc2@57.312C soc0@55.968C gpu@58.406C tj@60.125C soc1@57.25C VDD_IN 14296mW/11901mW VDD_CPU_GPU_CV 7444mW/4959mW VDD_SOC 2859mW/2970mW
09-26-2026 21:27:12 RAM 5117/7620MB (lfb 1x4MB) SWAP 91/12002MB (cached 0MB) CPU [100%@1728,100%@1728,100%@1728,100%@1728,100%@1728,100%@1728] GR3D_FREQ 0% cpu@59.562C soc2@57.312C soc0@55.843C gpu@58.031C tj@59.562C soc1@57.312C VDD_IN 14335mW/11910mW VDD_CPU_GPU_CV 7561mW/4969mW VDD_SOC 2820mW/2969mW
09-26-2026 21:27:13 RAM 5473/7620MB (lfb 1x4MB) SWAP 91/12002MB (cached 0MB) CPU [100%@1728,100%@1728,100%@1728,100%@1728,100%@1728,100%@1728] GR3D_FREQ 0% cpu@59.843C soc2@57.281C soc0@55.875C gpu@58.343C tj@59.843C soc1@57.468C VDD_IN 14413mW/11920mW VDD_CPU_GPU_CV 7522mW/4978mW VDD_SOC 2859mW/2969mW
09-26-2026 21:27:13 RAM 5473/7620MB (lfb 1x4MB) SWAP 91/12002MB (cached 0MB) CPU [100%@1728,100%@1728,100%@1728,100%@1728,100%@1728,100%@1728] GR3D_FREQ 0% cpu@60.062C soc2@57.312C soc0@55.906C gpu@58.25C tj@60.031C soc1@57.468C VDD_IN 14452mW/11929mW VDD_CPU_GPU_CV 7639mW/4988mW VDD_SOC 2859mW/2968mW
09-26-2026 21:27:14 RAM 4645/7620MB (lfb 22x4MB) SWAP 91/12002MB (cached 0MB) CPU [98%@1728,98%@1728,96%@1728,98%@1728,98%@1728,98%@1728] GR3D_FREQ 0% cpu@59.718C soc2@57.125C soc0@56.031C gpu@58.281C tj@59.718C soc1@57.437C VDD_IN 13378mW/11935mW VDD_CPU_GPU_CV 6636mW/4994mW VDD_SOC 2824mW/2968mW
09-26-2026 21:27:14 RAM 5196/7620MB (lfb 17x4MB) SWAP 91/12002MB (cached 0MB) CPU [60%@1728,14%@1728,15%@1728,15%@1728,15%@1728,14%@1728] GR3D_FREQ 99% cpu@57.656C soc2@57.093C soc0@56.062C gpu@59.718C tj@59.718C soc1@57.343C VDD_IN 15079mW/11946mW VDD_CPU_GPU_CV 6809mW/5001mW VDD_SOC 3753mW/2971mW
09-26-2026 21:27:15 RAM 5356/7620MB (lfb 17x4MB) SWAP 91/12002MB (cached 0MB) CPU [39%@1728,1%@1728,0%@1728,0%@1728,0%@1728,0%@1728] GR3D_FREQ 99% cpu@57.75C soc2@57.156C soc0@56.156C gpu@60C tj@60C soc1@57.437C VDD_IN 17021mW/11965mW VDD_CPU_GPU_CV 7756mW/5011mW VDD_SOC 4404mW/2976mW
09-26-2026 21:27:15 RAM 5356/7620MB (lfb 17x4MB) SWAP 91/12002MB (cached 0MB) CPU [30%@1728,1%@1728,0%@1728,0%@1728,0%@1728,3%@1728] GR3D_FREQ 99% cpu@57.687C soc2@57.25C soc0@56.25C gpu@60.375C tj@60.375C soc1@57.468C VDD_IN 18288mW/11988mW VDD_CPU_GPU_CV 8518mW/5024mW VDD_SOC 4708mW/2982mW
09-26-2026 21:27:16 RAM 5417/7620MB (lfb 17x4MB) SWAP 91/12002MB (cached 0MB) CPU [15%@1728,0%@1728,1%@1728,1%@1728,20%@1728,0%@1728] GR3D_FREQ 50% cpu@58.093C soc2@57.156C soc0@56.218C gpu@59.937C tj@59.937C soc1@57.406C VDD_IN 18249mW/12011mW VDD_CPU_GPU_CV 8363mW/5036mW VDD_SOC 4708mW/2989mW
09-26-2026 21:27:16 RAM 5357/7620MB (lfb 17x4MB) SWAP 91/12002MB (cached 0MB) CPU [0%@1728,0%@1728,0%@1728,0%@1728,36%@1728,0%@1728] GR3D_FREQ 35% cpu@58.125C soc2@57.343C soc0@56.5C gpu@59.437C tj@59.437C soc1@57.312C VDD_IN 18006mW/12033mW VDD_CPU_GPU_CV 8131mW/5048mW VDD_SOC 4669mW/2995mW
09-26-2026 21:27:17 RAM 5512/7620MB (lfb 1x4MB) SWAP 91/12002MB (cached 0MB) CPU [1%@1728,13%@1728,9%@1728,8%@1728,35%@1728,10%@1728] GR3D_FREQ 0% cpu@58.875C soc2@57.406C soc0@56.406C gpu@59.468C tj@59.187C soc1@57.437C VDD_IN 17461mW/12053mW VDD_CPU_GPU_CV 7679mW/5057mW VDD_SOC 4591mW/3001mW
09-26-2026 21:27:17 RAM 5821/7620MB (lfb 66x1MB) SWAP 91/12002MB (cached 0MB) CPU [97%@1728,100%@1728,100%@1728,100%@1728,100%@1728,100%@1728] GR3D_FREQ 0% cpu@60.156C soc2@57.656C soc0@56.406C gpu@58.562C tj@60.156C soc1@57.437C VDD_IN 15250mW/12064mW VDD_CPU_GPU_CV 7510mW/5066mW VDD_SOC 3402mW/3002mW
09-26-2026 21:27:18 RAM 5821/7620MB (lfb 66x1MB) SWAP 91/12002MB (cached 0MB) CPU [100%@1728,100%@1728,100%@1728,100%@1728,100%@1728,100%@1728] GR3D_FREQ 0% cpu@60.562C soc2@57.656C soc0@56.312C gpu@58.781C tj@60.562C soc1@57.718C VDD_IN 14688mW/12074mW VDD_CPU_GPU_CV 7626mW/5075mW VDD_SOC 3011mW/3002mW
09-26-2026 21:27:18 RAM 6073/7620MB (lfb 1x2MB) SWAP 97/12002MB (cached 0MB) CPU [100%@1728,94%@1728,100%@1728,100%@1728,100%@1728,100%@1728] GR3D_FREQ 0% cpu@60.093C soc2@57.593C soc0@56.218C gpu@58.562C tj@60.093C soc1@57.718C VDD_IN 13966mW/12081mW VDD_CPU_GPU_CV 7054mW/5082mW VDD_SOC 2898mW/3002mW
09-26-2026 21:27:19 RAM 6077/7620MB (lfb 1x2MB) SWAP 97/12002MB (cached 0MB) CPU [100%@1728,100%@1728,100%@1728,100%@1728,100%@1728,100%@1728] GR3D_FREQ 0% cpu@60.312C soc2@57.843C soc0@56.312C gpu@58.718C tj@60.312C soc1@57.687C VDD_IN 14257mW/12088mW VDD_CPU_GPU_CV 7444mW/5091mW VDD_SOC 2859mW/3001mW
09-26-2026 21:27:19 RAM 6077/7620MB (lfb 1x2MB) SWAP 97/12002MB (cached 0MB) CPU [100%@1728,100%@1728,100%@1728,100%@1728,100%@1728,100%@1728] GR3D_FREQ 0% cpu@60.281C soc2@57.781C soc0@56.375C gpu@58.562C tj@60.281C soc1@57.656C VDD_IN 14335mW/12096mW VDD_CPU_GPU_CV 7561mW/5100mW VDD_SOC 2820mW/3001mW
09-26-2026 21:27:20 RAM 5726/7620MB (lfb 3x2MB) SWAP 97/12002MB (cached 0MB) CPU [100%@1728,92%@1728,92%@1728,90%@1728,90%@1728,88%@1728] GR3D_FREQ 0% cpu@59.937C soc2@57.531C soc0@56.312C gpu@58.343C tj@59.937C soc1@57.843C VDD_IN 13142mW/12100mW VDD_CPU_GPU_CV 6129mW/5103mW VDD_SOC 2903mW/3000mW
09-26-2026 21:27:20 RAM 5726/7620MB (lfb 3x2MB) SWAP 97/12002MB (cached 0MB) CPU [100%@1728,100%@1728,100%@1728,100%@1728,100%@1728,100%@1728] GR3D_FREQ 0% cpu@60.156C soc2@57.718C soc0@56.343C gpu@58.593C tj@60.156C soc1@57.937C VDD_IN 14123mW/12107mW VDD_CPU_GPU_CV 7249mW/5111mW VDD_SOC 2859mW/3000mW
09-26-2026 21:27:21 RAM 5727/7620MB (lfb 3x2MB) SWAP 97/12002MB (cached 0MB) CPU [100%@1728,100%@1728,90%@1728,100%@1728,100%@1728,100%@1728] GR3D_FREQ 0% cpu@60.406C soc2@57.718C soc0@56.281C gpu@58.468C tj@60.406C soc1@57.75C VDD_IN 14241mW/12115mW VDD_CPU_GPU_CV 7444mW/5119mW VDD_SOC 2820mW/2999mW
09-26-2026 21:27:21 RAM 6082/7620MB (lfb 2x2MB) SWAP 97/12002MB (cached 0MB) CPU [100%@1728,100%@1728,100%@1728,100%@1728,100%@1728,100%@1728] GR3D_FREQ 0% cpu@60.625C soc2@57.812C soc0@56.218C gpu@58.375C tj@60.625C soc1@57.75C VDD_IN 14084mW/12122mW VDD_CPU_GPU_CV 7210mW/5127mW VDD_SOC 2859mW/2999mW
09-26-2026 21:27:22 RAM 6082/7620MB (lfb 2x2MB) SWAP 97/12002MB (cached 0MB) CPU [100%@1728,100%@1728,100%@1728,100%@1728,100%@1728,100%@1728] GR3D_FREQ 0% cpu@60.312C soc2@57.843C soc0@56.406C gpu@58.5C tj@60.312C soc1@57.75C VDD_IN 14335mW/12130mW VDD_CPU_GPU_CV 7522mW/5135mW VDD_SOC 2820mW/2998mW
09-26-2026 21:27:23 RAM 6082/7620MB (lfb 2x2MB) SWAP 97/12002MB (cached 0MB) CPU [100%@1728,100%@1728,100%@1728,100%@1728,100%@1728,100%@1728] GR3D_FREQ 0% cpu@59.656C soc2@57.843C soc0@56.468C gpu@58.937C tj@59.656C soc1@58.062C VDD_IN 14123mW/12136mW VDD_CPU_GPU_CV 7327mW/5143mW VDD_SOC 2820mW/2997mW
09-26-2026 21:27:23 RAM 5347/7620MB (lfb 19x4MB) SWAP 97/12002MB (cached 0MB) CPU [65%@1728,51%@1728,52%@1728,52%@1728,52%@1728,52%@1728] GR3D_FREQ 81% cpu@58.437C soc2@57.468C soc0@56.375C gpu@59.687C tj@59.687C soc1@57.937C VDD_IN 15158mW/12147mW VDD_CPU_GPU_CV 7159mW/5150mW VDD_SOC 3558mW/2999mW
09-26-2026 21:27:24 RAM 5383/7620MB (lfb 19x4MB) SWAP 97/12002MB (cached 0MB) CPU [30%@1728,0%@1728,0%@1728,0%@1728,0%@1728,0%@1728] GR3D_FREQ 84% cpu@58.406C soc2@57.625C soc0@56.468C gpu@60.312C tj@60.312C soc1@57.75C VDD_IN 17383mW/12165mW VDD_CPU_GPU_CV 8067mW/5160mW VDD_SOC 4404mW/3004mW
09-26-2026 21:27:24 RAM 5383/7620MB (lfb 19x4MB) SWAP 97/12002MB (cached 0MB) CPU [22%@1728,0%@1728,0%@1728,0%@1728,0%@1728,0%@1728] GR3D_FREQ 99% cpu@58.25C soc2@57.843C soc0@56.812C gpu@60.875C tj@60.875C soc1@57.687C VDD_IN 18911mW/12189mW VDD_CPU_GPU_CV 9006mW/5173mW VDD_SOC 4778mW/3010mW
09-26-2026 21:27:25 RAM 5384/7620MB (lfb 19x4MB) SWAP 97/12002MB (cached 0MB) CPU [29%@1728,0%@1728,0%@1728,0%@1728,0%@1728,0%@1728] GR3D_FREQ 60% cpu@58.562C soc2@57.875C soc0@56.843C gpu@60.031C tj@60.031C soc1@57.687C VDD_IN 18716mW/12211mW VDD_CPU_GPU_CV 8658mW/5185mW VDD_SOC 4778mW/3016mW
09-26-2026 21:27:25 RAM 5384/7620MB (lfb 19x4MB) SWAP 97/12002MB (cached 0MB) CPU [26%@1728,2%@1728,1%@1728,4%@1728,0%@1728,0%@1728] GR3D_FREQ 99% cpu@58.375C soc2@57.875C soc0@56.843C gpu@60.937C tj@60.937C soc1@57.937C VDD_IN 19027mW/12234mW VDD_CPU_GPU_CV 8914mW/5198mW VDD_SOC 4856mW/3023mW
09-26-2026 21:27:26 RAM 5845/7620MB (lfb 4x2MB) SWAP 97/12002MB (cached 0MB) CPU [50%@1728,35%@1728,34%@1728,34%@1728,33%@1728,33%@1728] GR3D_FREQ 0% cpu@60.593C soc2@58C soc0@56.875C gpu@59.781C tj@60.593C soc1@57.906C VDD_IN 17071mW/12251mW VDD_CPU_GPU_CV 7718mW/5207mW VDD_SOC 4326mW/3027mW
09-26-2026 21:27:26 RAM 5845/7620MB (lfb 4x2MB) SWAP 97/12002MB (cached 0MB) CPU [100%@1728,100%@1728,100%@1728,100%@1728,100%@1728,100%@1728] GR3D_FREQ 0% cpu@60.781C soc2@58.187C soc0@56.781C gpu@59C tj@60.781C soc1@57.968C VDD_IN 15250mW/12261mW VDD_CPU_GPU_CV 7704mW/5215mW VDD_SOC 3284mW/3028mW
09-26-2026 21:27:27 RAM 5845/7620MB (lfb 4x2MB) SWAP 97/12002MB (cached 0MB) CPU [100%@1728,100%@1728,100%@1728,100%@1728,100%@1728,100%@1728] GR3D_FREQ 0% cpu@60.718C soc2@58.218C soc0@56.812C gpu@59.406C tj@60.937C soc1@58.031C VDD_IN 14688mW/12270mW VDD_CPU_GPU_CV 7665mW/5223mW VDD_SOC 2971mW/3028mW
09-26-2026 21:27:27 RAM 6168/7620MB (lfb 1x2MB) SWAP 107/12002MB (cached 0MB) CPU [94%@1728,92%@1728,91%@1728,95%@1728,94%@1728,94%@1728] GR3D_FREQ 0% cpu@60.562C soc2@58.093C soc0@56.906C gpu@58.781C tj@60.562C soc1@57.968C VDD_IN 13770mW/12275mW VDD_CPU_GPU_CV 6832mW/5229mW VDD_SOC 2898mW/3027mW
09-26-2026 21:27:28 RAM 6172/7620MB (lfb 2x2MB) SWAP 107/12002MB (cached 0MB) CPU [91%@1728,100%@1728,83%@1728,100%@1728,100%@1728,100%@1728] GR3D_FREQ 0% cpu@60.375C soc2@57.937C soc0@56.843C gpu@59.187C tj@60.375C soc1@58.031C VDD_IN 13103mW/12277mW VDD_CPU_GPU_CV 6480mW/5233mW VDD_SOC 2785mW/3027mW
09-26-2026 21:27:28 RAM 6172/7620MB (lfb 2x2MB) SWAP 107/12002MB (cached 0MB) CPU [100%@1728,100%@1728,100%@1728,100%@1728,100%@1728,100%@1728] GR3D_FREQ 0% cpu@60.625C soc2@58.125C soc0@56.781C gpu@58.781C tj@60.625C soc1@58.156C VDD_IN 14045mW/12283mW VDD_CPU_GPU_CV 7288mW/5240mW VDD_SOC 2820mW/3026mW
09-26-2026 21:27:29 RAM 6169/7620MB (lfb 2x2MB) SWAP 107/12002MB (cached 0MB) CPU [79%@1728,82%@1728,76%@1728,82%@1728,82%@1728,82%@1728] GR3D_FREQ 0% cpu@58.468C soc2@57.718C soc0@56.687C gpu@59.031C tj@59.031C soc1@58.156C VDD_IN 12063mW/12283mW VDD_CPU_GPU_CV 5522mW/5241mW VDD_SOC 2750mW/3025mW
09-26-2026 21:27:29 RAM 5816/7620MB (lfb 1x2MB) SWAP 107/12002MB (cached 0MB) CPU [83%@1728,82%@1728,82%@1728,92%@1728,82%@1728,80%@1728] GR3D_FREQ 0% cpu@60.562C soc2@57.875C soc0@56.812C gpu@58.843C tj@60.718C soc1@58.093C VDD_IN 13103mW/12285mW VDD_CPU_GPU_CV 6285mW/5244mW VDD_SOC 2863mW/3025mW
09-26-2026 21:27:30 RAM 5816/7620MB (lfb 1x2MB) SWAP 107/12002MB (cached 0MB) CPU [100%@1728,100%@1728,100%@1728,100%@1728,100%@1728,100%@1728] GR3D_FREQ 0% cpu@60.656C soc2@58.093C soc0@56.75C gpu@58.75C tj@60.656C soc1@58.093C VDD_IN 14123mW/12291mW VDD_CPU_GPU_CV 7288mW/5251mW VDD_SOC 2859mW/3024mW
09-26-2026 21:27:30 RAM 6171/7620MB (lfb 1x2MB) SWAP 107/12002MB (cached 0MB) CPU [100%@1728,100%@1728,100%@1728,100%@1728,100%@1728,100%@1728] GR3D_FREQ 0% cpu@60C soc2@57.843C soc0@56.718C gpu@58.906C tj@60C soc1@58.062C VDD_IN 13888mW/12297mW VDD_CPU_GPU_CV 6898mW/5257mW VDD_SOC 2898mW/3024mW
09-26-2026 21:27:31 RAM 6171/7620MB (lfb 1x2MB) SWAP 107/12002MB (cached 0MB) CPU [100%@1728,100%@1728,100%@1728,100%@1728,100%@1728,100%@1728] GR3D_FREQ 0% cpu@60.937C soc2@58.062C soc0@56.75C gpu@58.875C tj@60.906C soc1@58.281C VDD_IN 14296mW/12303mW VDD_CPU_GPU_CV 7444mW/5264mW VDD_SOC 2859mW/3023mW
09-26-2026 21:27:31 RAM 6171/7620MB (lfb 1x2MB) SWAP 107/12002MB (cached 0MB) CPU [100%@1728,100%@1728,100%@1728,100%@1728,100%@1728,100%@1728] GR3D_FREQ 0% cpu@61.093C soc2@58.093C soc0@56.625C gpu@58.781C tj@61.093C soc1@58.156C VDD_IN 14413mW/12310mW VDD_CPU_GPU_CV 7600mW/5272mW VDD_SOC 2854mW/3022mW
09-26-2026 21:27:32 RAM 5355/7620MB (lfb 19x4MB) SWAP 107/12002MB (cached 0MB) CPU [82%@1728,82%@1728,82%@1728,86%@1728,82%@1728,82%@1728] GR3D_FREQ 0% cpu@59.875C soc2@57.75C soc0@56.593C gpu@58.687C tj@59.875C soc1@58.187C VDD_IN 12456mW/12311mW VDD_CPU_GPU_CV 5826mW/5273mW VDD_SOC 2785mW/3022mW
09-26-2026 21:27:32 RAM 5363/7620MB (lfb 19x4MB) SWAP 107/12002MB (cached 0MB) CPU [19%@1728,21%@1728,20%@1728,38%@1728,19%@1728,18%@1728] GR3D_FREQ 79% cpu@58.812C soc2@57.906C soc0@56.937C gpu@60.125C tj@60.125C soc1@58.031C VDD_IN 16670mW/12325mW VDD_CPU_GPU_CV 7795mW/5282mW VDD_SOC 4092mW/3025mW
09-26-2026 21:27:33 RAM 5375/7620MB (lfb 19x4MB) SWAP 107/12002MB (cached 0MB) CPU [0%@1728,1%@1728,0%@1728,32%@1728,0%@1728,0%@1728] GR3D_FREQ 99% cpu@58.468C soc2@58C soc0@56.906C gpu@61C tj@61C soc1@57.968C VDD_IN 18794mW/12346mW VDD_CPU_GPU_CV 8852mW/5293mW VDD_SOC 4739mW/3031mW
09-26-2026 21:27:33 RAM 5375/7620MB (lfb 19x4MB) SWAP 107/12002MB (cached 0MB) CPU [2%@1728,0%@1728,1%@1728,29%@1728,0%@1728,0%@1728] GR3D_FREQ 69% cpu@58.781C soc2@58.125C soc0@57C gpu@60.75C tj@60.75C soc1@58.187C VDD_IN 19307mW/12369mW VDD_CPU_GPU_CV 9107mW/5306mW VDD_SOC 4894mW/3037mW
09-26-2026 21:27:34 RAM 5375/7620MB (lfb 19x4MB) SWAP 107/12002MB (cached 0MB) CPU [0%@1728,0%@1728,0%@1728,32%@1728,0%@1728,0%@1728] GR3D_FREQ 99% cpu@58.656C soc2@58.218C soc0@57.156C gpu@61.562C tj@61.562C soc1@58.218C VDD_IN 19695mW/12393mW VDD_CPU_GPU_CV 9339mW/5319mW VDD_SOC 5003mW/3043mW
09-26-2026 21:27:34 RAM 5391/7620MB (lfb 15x4MB) SWAP 107/12002MB (cached 0MB) CPU [5%@1728,4%@1728,5%@1728,31%@1728,2%@1728,5%@1728] GR3D_FREQ 38% cpu@59.718C soc2@58.25C soc0@57.187C gpu@60.437C tj@60.437C soc1@58.218C VDD_IN 19385mW/12415mW VDD_CPU_GPU_CV 9069mW/5331mW VDD_SOC 4925mW/3049mW
09-26-2026 21:27:35 RAM 5839/7620MB (lfb 1x2MB) SWAP 107/12002MB (cached 0MB) CPU [98%@1728,98%@1728,98%@1728,100%@1728,96%@1728,96%@1728] GR3D_FREQ 0% cpu@61.062C soc2@58.5C soc0@57.281C gpu@59.625C tj@61.062C soc1@58.281C VDD_IN 15798mW/12426mW VDD_CPU_GPU_CV 7808mW/5339mW VDD_SOC 3513mW/3051mW
09-26-2026 21:27:35 RAM 5839/7620MB (lfb 1x2MB) SWAP 107/12002MB (cached 0MB) CPU [100%@1728,100%@1728,100%@1728,100%@1728,100%@1728,100%@1728] GR3D_FREQ 0% cpu@61.125C soc2@58.437C soc0@57.25C gpu@59.468C tj@61.125C soc1@58.375C VDD_IN 14844mW/12434mW VDD_CPU_GPU_CV 7665mW/5347mW VDD_SOC 3050mW/3051mW
09-26-2026 21:27:36 RAM 6183/7620MB (lfb 4x2MB) SWAP 107/12002MB (cached 0MB) CPU [100%@1728,100%@1728,100%@1728,100%@1728,100%@1728,100%@1728] GR3D_FREQ 0% cpu@60.906C soc2@58.281C soc0@57.125C gpu@59.5C tj@60.906C soc1@58.5C VDD_IN 14061mW/12439mW VDD_CPU_GPU_CV 7132mW/5352mW VDD_SOC 2898mW/3050mW
09-26-2026 21:27:36 RAM 6184/7620MB (lfb 4x2MB) SWAP 107/12002MB (cached 0MB) CPU [100%@1728,100%@1728,100%@1728,100%@1728,100%@1728,100%@1728] GR3D_FREQ 0% cpu@61.312C soc2@58.437C soc0@57.031C gpu@59.375C tj@61.312C soc1@58.5C VDD_IN 14374mW/12445mW VDD_CPU_GPU_CV 7522mW/5359mW VDD_SOC 2854mW/3050mW
09-26-2026 21:27:37 RAM 6184/7620MB (lfb 4x2MB) SWAP 107/12002MB (cached 0MB) CPU [100%@1728,100%@1728,100%@1728,100%@1728,100%@1728,100%@1728] GR3D_FREQ 0% cpu@61.093C soc2@58.468C soc0@57C gpu@59.281C tj@61.468C soc1@58.437C VDD_IN 14452mW/12452mW VDD_CPU_GPU_CV 7639mW/5366mW VDD_SOC 2854mW/3049mW
09-26-2026 21:27:37 RAM 5835/7620MB (lfb 3x2MB) SWAP 107/12002MB (cached 0MB) CPU [90%@1728,90%@1728,90%@1728,96%@1728,90%@1728,89%@1728] GR3D_FREQ 0% cpu@60.812C soc2@58.25C soc0@57.093C gpu@59.468C tj@60.812C soc1@58.406C VDD_IN 13181mW/12454mW VDD_CPU_GPU_CV 6168mW/5369mW VDD_SOC 2942mW/3049mW
09-26-2026 21:27:38 RAM 5835/7620MB (lfb 3x2MB) SWAP 107/12002MB (cached 0MB) CPU [100%@1728,100%@1728,100%@1728,100%@1728,100%@1728,100%@1728] GR3D_FREQ 0% cpu@60.937C soc2@58.375C soc0@57.062C gpu@59.125C tj@60.937C soc1@58.437C VDD_IN 14162mW/12460mW VDD_CPU_GPU_CV 7249mW/5375mW VDD_SOC 2859mW/3048mW
09-26-2026 21:27:38 RAM 5835/7620MB (lfb 3x2MB) SWAP 107/12002MB (cached 0MB) CPU [100%@1728,100%@1728,100%@1728,100%@1728,100%@1728,100%@1728] GR3D_FREQ 0% cpu@61.281C soc2@58.468C soc0@57.031C gpu@59.593C tj@61.281C soc1@58.531C VDD_IN 14413mW/12466mW VDD_CPU_GPU_CV 7561mW/5382mW VDD_SOC 2854mW/3048mW
09-26-2026 21:27:39 RAM 6190/7620MB (lfb 2x2MB) SWAP 107/12002MB (cached 0MB) CPU [100%@1728,100%@1728,100%@1728,100%@1728,100%@1728,100%@1728] GR3D_FREQ 0% cpu@60.968C soc2@58.343C soc0@57C gpu@59.375C tj@60.968C soc1@58.531C VDD_IN 14257mW/12471mW VDD_CPU_GPU_CV 7366mW/5388mW VDD_SOC 2859mW/3047mW
09-26-2026 21:27:39 RAM 6190/7620MB (lfb 2x2MB) SWAP 107/12002MB (cached 0MB) CPU [100%@1728,100%@1728,100%@1728,100%@1728,100%@1728,100%@1728] GR3D_FREQ 0% cpu@61.156C soc2@58.437C soc0@57.062C gpu@59.562C tj@61.156C soc1@58.562C VDD_IN 14413mW/12477mW VDD_CPU_GPU_CV 7561mW/5395mW VDD_SOC 2854mW/3046mW
09-26-2026 21:27:40 RAM 6190/7620MB (lfb 2x2MB) SWAP 107/12002MB (cached 0MB) CPU [100%@1728,100%@1728,100%@1728,98%@1728,100%@1728,100%@1728] GR3D_FREQ 0% cpu@60C soc2@58.343C soc0@57.218C gpu@59.156C tj@60C soc1@58.468C VDD_IN 13574mW/12481mW VDD_CPU_GPU_CV 6832mW/5399mW VDD_SOC 2820mW/3046mW
09-26-2026 21:27:40 RAM 5330/7620MB (lfb 18x4MB) SWAP 107/12002MB (cached 0MB) CPU [38%@1728,37%@1728,37%@1728,56%@1728,38%@1728,38%@1728] GR3D_FREQ 99% cpu@58.812C soc2@58.281C soc0@57.125C gpu@60.937C tj@60.937C soc1@58.437C VDD_IN 16709mW/12494mW VDD_CPU_GPU_CV 8067mW/5408mW VDD_SOC 3975mW/3048mW
09-26-2026 21:27:41 RAM 5368/7620MB (lfb 18x4MB) SWAP 107/12002MB (cached 0MB) CPU [0%@1728,0%@1728,0%@1728,30%@1728,0%@1728,0%@1728] GR3D_FREQ 73% cpu@59.125C soc2@58.375C soc0@57.25C gpu@61.406C tj@61.406C soc1@58.468C VDD_IN 18638mW/12513mW VDD_CPU_GPU_CV 8852mW/5418mW VDD_SOC 4661mW/3054mW
09-26-2026 21:27:41 RAM 5368/7620MB (lfb 18x4MB) SWAP 107/12002MB (cached 0MB) CPU [10%@1728,2%@1728,1%@1728,18%@1728,0%@1728,0%@1728] GR3D_FREQ 99% cpu@58.968C soc2@58.468C soc0@57.312C gpu@61.75C tj@61.75C soc1@58.406C VDD_IN 19501mW/12535mW VDD_CPU_GPU_CV 9300mW/5430mW VDD_SOC 4925mW/3059mW
09-26-2026 21:27:42 RAM 5368/7620MB (lfb 18x4MB) SWAP 107/12002MB (cached 0MB) CPU [30%@1728,0%@1728,0%@1728,0%@1728,0%@1728,0%@1728] GR3D_FREQ 78% cpu@59.437C soc2@58.687C soc0@57.656C gpu@61.406C tj@61.406C soc1@58.5C VDD_IN 19618mW/12557mW VDD_CPU_GPU_CV 9223mW/5442mW VDD_SOC 4964mW/3065mW
09-26-2026 21:27:42 RAM 5368/7620MB (lfb 18x4MB) SWAP 107/12002MB (cached 0MB) CPU [29%@1728,0%@1728,0%@1728,0%@1728,0%@1728,0%@1728] GR3D_FREQ 99% cpu@59.156C soc2@58.687C soc0@57.718C gpu@61.812C tj@61.812C soc1@58.375C VDD_IN 19734mW/12579mW VDD_CPU_GPU_CV 9377mW/5454mW VDD_SOC 4964mW/3071mW
09-26-2026 21:27:43 RAM 5369/7620MB (lfb 18x4MB) SWAP 107/12002MB (cached 0MB) CPU [26%@1728,0%@1728,0%@1728,1%@1728,0%@1728,0%@1728] GR3D_FREQ 81% cpu@59.312C soc2@58.781C soc0@57.687C gpu@61.875C tj@61.875C soc1@58.718C VDD_IN 19346mW/12599mW VDD_CPU_GPU_CV 9030mW/5465mW VDD_SOC 4886mW/3077mW
09-26-2026 21:27:43 RAM 5410/7620MB (lfb 18x4MB) SWAP 107/12002MB (cached 0MB) CPU [31%@1728,0%@1728,0%@1728,0%@1728,0%@1728,0%@1728] GR3D_FREQ 99% cpu@59.25C soc2@58.718C soc0@57.625C gpu@61.625C tj@61.625C soc1@58.625C VDD_IN 18755mW/12618mW VDD_CPU_GPU_CV 8658mW/5475mW VDD_SOC 4817mW/3082mW
09-26-2026 21:27:44 RAM 5410/7620MB (lfb 18x4MB) SWAP 107/12002MB (cached 0MB) CPU [22%@1728,0%@1728,1%@1728,1%@1728,0%@1728,0%@1728] GR3D_FREQ 99% cpu@59.593C soc2@58.875C soc0@57.656C gpu@62.312C tj@62.312C soc1@58.562C VDD_IN 19385mW/12639mW VDD_CPU_GPU_CV 9184mW/5486mW VDD_SOC 4925mW/3088mW
09-26-2026 21:27:44 RAM 5410/7620MB (lfb 18x4MB) SWAP 107/12002MB (cached 0MB) CPU [22%@1728,0%@1728,0%@1728,0%@1728,0%@1728,7%@1728] GR3D_FREQ 0% cpu@59.218C soc2@58.75C soc0@57.781C gpu@61.125C tj@61.125C soc1@58.593C VDD_IN 18755mW/12658mW VDD_CPU_GPU_CV 8620mW/5496mW VDD_SOC 4778mW/3093mW
09-26-2026 21:27:45 RAM 5411/7620MB (lfb 18x4MB) SWAP 107/12002MB (cached 0MB) CPU [1%@1728,0%@1728,1%@1728,5%@1728,3%@1728,22%@1728] GR3D_FREQ 99% cpu@59.312C soc2@58.906C soc0@57.781C gpu@62.031C tj@62.031C soc1@58.593C VDD_IN 19346mW/12678mW VDD_CPU_GPU_CV 9146mW/5507mW VDD_SOC 4886mW/3098mW
09-26-2026 21:27:45 RAM 5436/7620MB (lfb 18x4MB) SWAP 107/12002MB (cached 0MB) CPU [0%@1728,0%@1728,0%@1728,0%@1728,0%@1728,32%@1728] GR3D_FREQ 19% cpu@59.25C soc2@58.812C soc0@57.75C gpu@61.531C tj@61.531C soc1@58.75C VDD_IN 18755mW/12696mW VDD_CPU_GPU_CV 8658mW/5516mW VDD_SOC 4817mW/3103mW
09-26-2026 21:27:46 RAM 5413/7620MB (lfb 9x4MB) SWAP 107/12002MB (cached 0MB) CPU [2%@1728,1%@1728,0%@1728,0%@1728,0%@1728,35%@1728] GR3D_FREQ 76% cpu@59.468C soc2@58.781C soc0@57.812C gpu@61.531C tj@61.531C soc1@58.687C VDD_IN 18288mW/12713mW VDD_CPU_GPU_CV 8233mW/5525mW VDD_SOC 4700mW/3108mW
09-26-2026 21:27:46 RAM 5413/7620MB (lfb 9x4MB) SWAP 107/12002MB (cached 0MB) CPU [0%@1728,0%@1728,0%@1728,0%@1728,0%@1728,34%@1728] GR3D_FREQ 50% cpu@59.406C soc2@58.906C soc0@58.156C gpu@61.406C tj@61.406C soc1@58.625C VDD_IN 17851mW/12728mW VDD_CPU_GPU_CV 7976mW/5532mW VDD_SOC 4630mW/3113mW
09-26-2026 21:27:47 RAM 5413/7620MB (lfb 9x4MB) SWAP 107/12002MB (cached 0MB) CPU [0%@1728,0%@1728,1%@1728,0%@1728,0%@1728,31%@1728] GR3D_FREQ 99% cpu@59.437C soc2@58.906C soc0@58C gpu@62.062C tj@62.062C soc1@58.75C VDD_IN 18249mW/12745mW VDD_CPU_GPU_CV 8349mW/5540mW VDD_SOC 4739mW/3118mW
09-26-2026 21:27:47 RAM 5413/7620MB (lfb 9x4MB) SWAP 107/12002MB (cached 0MB) CPU [0%@1728,0%@1728,0%@1728,0%@1728,0%@1728,29%@1728] GR3D_FREQ 99% cpu@59.343C soc2@59C soc0@57.937C gpu@62.156C tj@62.156C soc1@58.875C VDD_IN 18638mW/12763mW VDD_CPU_GPU_CV 8620mW/5550mW VDD_SOC 4778mW/3122mW
09-26-2026 21:27:48 RAM 5381/7620MB (lfb 9x4MB) SWAP 107/12002MB (cached 0MB) CPU [3%@1728,0%@1728,0%@1728,1%@1728,0%@1728,61%@1728] GR3D_FREQ 0% cpu@59.781C soc2@58.687C soc0@57.875C gpu@60.343C tj@60.343C soc1@58.906C VDD_IN 15172mW/12770mW VDD_CPU_GPU_CV 6303mW/5552mW VDD_SOC 4060mW/3125mW
09-26-2026 21:27:48 RAM 5387/7620MB (lfb 9x4MB) SWAP 107/12002MB (cached 0MB) CPU [12%@1728,8%@1728,12%@1728,10%@1728,39%@1728,68%@1728] GR3D_FREQ 80% cpu@59.843C soc2@58.656C soc0@57.812C gpu@61.156C tj@61.156C soc1@58.875C VDD_IN 13904mW/12773mW VDD_CPU_GPU_CV 5699mW/5552mW VDD_SOC 3681mW/3127mW
09-26-2026 21:27:49 RAM 5419/7620MB (lfb 9x4MB) SWAP 107/12002MB (cached 0MB) CPU [0%@1728,0%@1728,0%@1728,1%@1728,6%@1728,54%@1728] GR3D_FREQ 99% cpu@59.281C soc2@58.718C soc0@57.968C gpu@61.468C tj@61.468C soc1@58.75C VDD_IN 15015mW/12780mW VDD_CPU_GPU_CV 6459mW/5555mW VDD_SOC 3949mW/3129mW
09-26-2026 21:27:49 RAM 5419/7620MB (lfb 9x4MB) SWAP 107/12002MB (cached 0MB) CPU [0%@1728,0%@1728,1%@1728,0%@1728,0%@1728,62%@1728] GR3D_FREQ 70% cpu@59.156C soc2@58.593C soc0@57.906C gpu@61.062C tj@61.062C soc1@58.875C VDD_IN 15133mW/12787mW VDD_CPU_GPU_CV 6342mW/5557mW VDD_SOC 4027mW/3132mW
09-26-2026 21:27:50 RAM 5419/7620MB (lfb 9x4MB) SWAP 107/12002MB (cached 0MB) CPU [0%@1728,1%@1728,1%@1728,1%@1728,0%@1728,70%@1728] GR3D_FREQ 0% cpu@59.312C soc2@58.437C soc0@57.75C gpu@60.375C tj@60.375C soc1@58.875C VDD_IN 13943mW/12790mW VDD_CPU_GPU_CV 5543mW/5557mW VDD_SOC 3799mW/3134mW
09-26-2026 21:27:50 RAM 5419/7620MB (lfb 9x4MB) SWAP 107/12002MB (cached 0MB) CPU [0%@1728,0%@1728,0%@1728,0%@1728,0%@1728,72%@1728] GR3D_FREQ 0% cpu@59.312C soc2@58.375C soc0@57.75C gpu@59.875C tj@59.875C soc1@58.781C VDD_IN 12985mW/12791mW VDD_CPU_GPU_CV 4927mW/5555mW VDD_SOC 3570mW/3135mW
09-26-2026 21:27:51 RAM 5419/7620MB (lfb 9x4MB) SWAP 107/12002MB (cached 0MB) CPU [0%@1728,1%@1728,0%@1728,0%@1728,0%@1728,56%@1728] GR3D_FREQ 99% cpu@59.156C soc2@58.531C soc0@57.875C gpu@61.187C tj@61.187C soc1@58.687C VDD_IN 14296mW/12795mW VDD_CPU_GPU_CV 5924mW/5556mW VDD_SOC 3832mW/3137mW
09-26-2026 21:27:51 RAM 5479/7620MB (lfb 9x4MB) SWAP 107/12002MB (cached 0MB) CPU [3%@1728,0%@1728,0%@1728,0%@1728,0%@1728,57%@1728] GR3D_FREQ 76% cpu@59C soc2@58.531C soc0@57.718C gpu@61C tj@61C soc1@58.625C VDD_IN 15055mW/12802mW VDD_CPU_GPU_CV 6342mW/5559mW VDD_SOC 4027mW/3140mW
09-26-2026 21:27:52 RAM 5419/7620MB (lfb 9x4MB) SWAP 107/12002MB (cached 0MB) CPU [0%@1728,0%@1728,0%@1728,0%@1728,0%@1728,70%@1728] GR3D_FREQ 0% cpu@59.281C soc2@58.406C soc0@57.687C gpu@59.968C tj@59.968C soc1@58.812C VDD_IN 14257mW/12806mW VDD_CPU_GPU_CV 5768mW/5559mW VDD_SOC 3832mW/3142mW
09-26-2026 21:27:52 RAM 5419/7620MB (lfb 9x4MB) SWAP 107/12002MB (cached 0MB) CPU [0%@1728,0%@1728,1%@1728,0%@1728,0%@1728,71%@1728] GR3D_FREQ 0% cpu@59.375C soc2@58.343C soc0@57.656C gpu@60.218C tj@60.218C soc1@58.812C VDD_IN 13221mW/12807mW VDD_CPU_GPU_CV 5114mW/5558mW VDD_SOC 3642mW/3143mW
09-26-2026 21:27:53 RAM 5383/7620MB (lfb 18x4MB) SWAP 107/12002MB (cached 0MB) CPU [0%@1728,1%@1728,0%@1728,0%@1728,0%@1728,63%@1728] GR3D_FREQ 99% cpu@59.218C soc2@58.437C soc0@57.843C gpu@61.093C tj@61.093C soc1@58.718C VDD_IN 13770mW/12810mW VDD_CPU_GPU_CV 5582mW/5558mW VDD_SOC 3720mW/3145mW
09-26-2026 21:27:53 RAM 5383/7620MB (lfb 18x4MB) SWAP 107/12002MB (cached 0MB) CPU [73%@1728,52%@1728,52%@1728,52%@1728,52%@1728,63%@1728] GR3D_FREQ 0% cpu@59.687C soc2@58.562C soc0@57.781C gpu@59.687C tj@59.687C soc1@58.718C VDD_IN 11828mW/12807mW VDD_CPU_GPU_CV 4425mW/5555mW VDD_SOC 3261mW/3145mW
09-26-2026 21:27:54 RAM 5419/7620MB (lfb 9x4MB) SWAP 107/12002MB (cached 0MB) CPU [78%@1728,52%@1728,53%@1728,54%@1728,52%@1728,54%@1728] GR3D_FREQ 0% cpu@60.187C soc2@58.437C soc0@57.781C gpu@59.75C tj@60.187C soc1@58.843C VDD_IN 12063mW/12805mW VDD_CPU_GPU_CV 4700mW/5552mW VDD_SOC 3261mW/3146mW
09-26-2026 21:27:54 RAM 5539/7620MB (lfb 56x1MB) SWAP 107/12002MB (cached 0MB) CPU [76%@1728,34%@1728,34%@1728,33%@1728,34%@1728,33%@1728] GR3D_FREQ 0% cpu@59.656C soc2@58.406C soc0@57.656C gpu@59.718C tj@59.718C soc1@58.75C VDD_IN 12378mW/12804mW VDD_CPU_GPU_CV 4888mW/5550mW VDD_SOC 3295mW/3146mW
09-26-2026 21:27:55 RAM 5539/7620MB (lfb 56x1MB) SWAP 107/12002MB (cached 0MB) CPU [71%@1728,44%@1728,37%@1728,38%@1728,44%@1728,38%@1728] GR3D_FREQ 0% cpu@59.875C soc2@58.281C soc0@57.625C gpu@60C tj@60C soc1@58.75C VDD_IN 12771mW/12804mW VDD_CPU_GPU_CV 5122mW/5549mW VDD_SOC 3413mW/3147mW
09-26-2026 21:27:55 RAM 5539/7620MB (lfb 56x1MB) SWAP 107/12002MB (cached 0MB) CPU [34%@1728,35%@1728,34%@1728,34%@1728,78%@1728,34%@1728] GR3D_FREQ 0% cpu@59.218C soc2@58.281C soc0@57.531C gpu@60.125C tj@60.125C soc1@58.687C VDD_IN 13417mW/12805mW VDD_CPU_GPU_CV 5465mW/5549mW VDD_SOC 3564mW/3148mW
09-26-2026 21:27:56 RAM 5419/7620MB (lfb 8x4MB) SWAP 107/12002MB (cached 0MB) CPU [54%@1728,54%@1728,54%@1728,54%@1728,84%@1728,52%@1728] GR3D_FREQ 99% cpu@58.906C soc2@58.218C soc0@57.656C gpu@60.906C tj@60.906C soc1@58.625C VDD_IN 13103mW/12806mW VDD_CPU_GPU_CV 5348mW/5548mW VDD_SOC 3491mW/3149mW
09-26-2026 21:27:56 RAM 5419/7620MB (lfb 7x4MB) SWAP 107/12002MB (cached 0MB) CPU [54%@1728,55%@1728,54%@1728,54%@1728,92%@1728,54%@1728] GR3D_FREQ 0% cpu@59.562C soc2@58.125C soc0@57.625C gpu@59.562C tj@59.562C soc1@58.875C VDD_IN 11256mW/12802mW VDD_CPU_GPU_CV 4080mW/5544mW VDD_SOC 3104mW/3149mW
09-26-2026 21:27:57 RAM 5419/7620MB (lfb 8x4MB) SWAP 107/12002MB (cached 0MB) CPU [54%@1728,54%@1728,54%@1728,54%@1728,78%@1728,54%@1728] GR3D_FREQ 0% cpu@60.031C soc2@58.156C soc0@57.5C gpu@59.468C tj@60.031C soc1@58.656C VDD_IN 11788mW/12799mW VDD_CPU_GPU_CV 4504mW/5541mW VDD_SOC 3182mW/3149mW
09-26-2026 21:27:57 RAM 5539/7620MB (lfb 56x1MB) SWAP 107/12002MB (cached 0MB) CPU [41%@1728,41%@1728,40%@1728,41%@1728,76%@1728,40%@1728] GR3D_FREQ 0% cpu@59.687C soc2@58.218C soc0@57.437C gpu@59.468C tj@59.687C soc1@58.687C VDD_IN 12260mW/12797mW VDD_CPU_GPU_CV 4809mW/5539mW VDD_SOC 3295mW/3149mW
09-26-2026 21:27:58 RAM 5539/7620MB (lfb 56x1MB) SWAP 107/12002MB (cached 0MB) CPU [35%@1728,36%@1728,35%@1728,34%@1728,78%@1728,34%@1728] GR3D_FREQ 0% cpu@59.562C soc2@58.187C soc0@57.562C gpu@59.937C tj@59.937C soc1@58.531C VDD_IN 12771mW/12797mW VDD_CPU_GPU_CV 5083mW/5538mW VDD_SOC 3413mW/3150mW
09-26-2026 21:27:58 RAM 5539/7620MB (lfb 56x1MB) SWAP 107/12002MB (cached 0MB) CPU [34%@1728,34%@1728,34%@1728,35%@1728,78%@1728,35%@1728] GR3D_FREQ 0% cpu@59.093C soc2@58.125C soc0@57.531C gpu@59.687C tj@59.687C soc1@58.562C VDD_IN 13338mW/12799mW VDD_CPU_GPU_CV 5465mW/5538mW VDD_SOC 3564mW/3151mW
09-26-2026 21:27:59 RAM 5419/7620MB (lfb 7x4MB) SWAP 107/12002MB (cached 0MB) CPU [54%@1728,54%@1728,52%@1728,52%@1728,84%@1728,52%@1728] GR3D_FREQ 99% cpu@58.906C soc2@58.156C soc0@57.468C gpu@61.093C tj@61.093C soc1@58.687C VDD_IN 13142mW/12800mW VDD_CPU_GPU_CV 5426mW/5537mW VDD_SOC 3491mW/3152mW
09-26-2026 21:28:00 RAM 5419/7620MB (lfb 8x4MB) SWAP 107/12002MB (cached 0MB) CPU [54%@1728,54%@1728,54%@1728,54%@1728,92%@1728,54%@1728] GR3D_FREQ 0% cpu@59.593C soc2@57.906C soc0@57.437C gpu@59.406C tj@59.437C soc1@58.625C VDD_IN 11256mW/12795mW VDD_CPU_GPU_CV 4119mW/5534mW VDD_SOC 3104mW/3152mW
09-26-2026 21:28:00 RAM 5403/7620MB (lfb 8x4MB) SWAP 107/12002MB (cached 0MB) CPU [57%@1728,56%@1728,56%@1728,54%@1728,78%@1728,54%@1728] GR3D_FREQ 0% cpu@59.5C soc2@58.125C soc0@57.593C gpu@59.375C tj@59.5C soc1@58.531C VDD_IN 11729mW/12792mW VDD_CPU_GPU_CV 4465mW/5531mW VDD_SOC 3143mW/3152mW
09-26-2026 21:28:01 RAM 5651/7620MB (lfb 56x1MB) SWAP 107/12002MB (cached 0MB) CPU [21%@1728,21%@1728,21%@1728,22%@1728,78%@1728,21%@1728] GR3D_FREQ 0% cpu@59.5C soc2@58.093C soc0@57.437C gpu@59.375C tj@59.5C soc1@58.531C VDD_IN 12496mW/12792mW VDD_CPU_GPU_CV 4809mW/5529mW VDD_SOC 3373mW/3153mW
09-26-2026 21:28:01 RAM 5527/7620MB (lfb 1x4MB) SWAP 107/12002MB (cached 0MB) CPU [32%@1728,32%@1728,33%@1728,33%@1728,82%@1728,32%@1728] GR3D_FREQ 68% cpu@58.968C soc2@58.093C soc0@57.406C gpu@60.406C tj@60.406C soc1@58.625C VDD_IN 12967mW/12792mW VDD_CPU_GPU_CV 5122mW/5527mW VDD_SOC 3530mW/3154mW
09-26-2026 21:28:02 RAM 5479/7620MB (lfb 8x4MB) SWAP 107/12002MB (cached 0MB) CPU [54%@1728,54%@1728,54%@1728,54%@1728,96%@1728,54%@1728] GR3D_FREQ 0% cpu@59.187C soc2@57.875C soc0@57.281C gpu@59.093C tj@59.187C soc1@58.562C VDD_IN 11020mW/12787mW VDD_CPU_GPU_CV 3883mW/5523mW VDD_SOC 3070mW/3154mW
09-26-2026 21:28:02 RAM 5671/7620MB (lfb 1x2MB) SWAP 107/12002MB (cached 0MB) CPU [41%@1728,38%@1728,41%@1728,41%@1728,78%@1728,41%@1728] GR3D_FREQ 0% cpu@59.718C soc2@57.937C soc0@57.5C gpu@59.562C tj@59.718C soc1@58.468C VDD_IN 11945mW/12785mW VDD_CPU_GPU_CV 4543mW/5520mW VDD_SOC 3261mW/3154mW
09-26-2026 21:28:03 RAM 5671/7620MB (lfb 1x2MB) SWAP 107/12002MB (cached 0MB) CPU [14%@1728,15%@1728,14%@1728,15%@1728,77%@1728,14%@1728] GR3D_FREQ 0% cpu@58.718C soc2@57.968C soc0@57.437C gpu@59.718C tj@59.718C soc1@58.437C VDD_IN 13025mW/12786mW VDD_CPU_GPU_CV 5044mW/5519mW VDD_SOC 3570mW/3155mW
09-26-2026 21:28:03 RAM 5523/7620MB (lfb 5x4MB) SWAP 107/12002MB (cached 0MB) CPU [56%@1728,54%@1728,54%@1728,54%@1728,96%@1728,52%@1728] GR3D_FREQ 70% cpu@58.593C soc2@57.906C soc0@57.281C gpu@59.843C tj@59.843C soc1@58.625C VDD_IN 11375mW/12782mW VDD_CPU_GPU_CV 4040mW/5515mW VDD_SOC 3182mW/3155mW
09-26-2026 21:28:04 RAM 5423/7620MB (lfb 10x4MB) SWAP 107/12002MB (cached 0MB) CPU [53%@1728,52%@1728,53%@1728,54%@1728,82%@1728,54%@1728] GR3D_FREQ 0% cpu@59.281C soc2@57.843C soc0@57.343C gpu@59.187C tj@59.281C soc1@58.468C VDD_IN 11571mW/12778mW VDD_CPU_GPU_CV 4269mW/5511mW VDD_SOC 3143mW/3155mW
09-26-2026 21:28:04 RAM 5671/7620MB (lfb 1x2MB) SWAP 107/12002MB (cached 0MB) CPU [20%@1728,20%@1728,20%@1728,21%@1728,78%@1728,21%@1728] GR3D_FREQ 0% cpu@59.5C soc2@57.75C soc0@57.281C gpu@59.281C tj@59.5C soc1@58.406C VDD_IN 12456mW/12778mW VDD_CPU_GPU_CV 4770mW/5509mW VDD_SOC 3373mW/3156mW
09-26-2026 21:28:05 RAM 5547/7620MB (lfb 1x4MB) SWAP 107/12002MB (cached 0MB) CPU [33%@1728,34%@1728,34%@1728,34%@1728,82%@1728,32%@1728] GR3D_FREQ 70% cpu@58.687C soc2@57.906C soc0@57.375C gpu@60C tj@60C soc1@58.375C VDD_IN 12889mW/12778mW VDD_CPU_GPU_CV 5044mW/5508mW VDD_SOC 3530mW/3157mW
09-26-2026 21:28:05 RAM 5472/7620MB (lfb 10x4MB) SWAP 107/12002MB (cached 0MB) CPU [60%@1728,58%@1728,58%@1728,58%@1728,96%@1728,60%@1728] GR3D_FREQ 0% cpu@58.968C soc2@57.812C soc0@57.25C gpu@59.312C tj@59.312C soc1@58.343C VDD_IN 11060mW/12773mW VDD_CPU_GPU_CV 3923mW/5504mW VDD_SOC 3070mW/3156mW
09-26-2026 21:28:06 RAM 5672/7620MB (lfb 1x2MB) SWAP 107/12002MB (cached 0MB) CPU [38%@1728,37%@1728,37%@1728,36%@1728,78%@1728,37%@1728] GR3D_FREQ 0% cpu@59.406C soc2@57.906C soc0@57.281C gpu@59.312C tj@59.406C soc1@58.468C VDD_IN 12063mW/12771mW VDD_CPU_GPU_CV 4582mW/5501mW VDD_SOC 3300mW/3157mW
09-26-2026 21:28:06 RAM 5652/7620MB (lfb 1x4MB) SWAP 107/12002MB (cached 0MB) CPU [16%@1728,18%@1728,17%@1728,18%@1728,78%@1728,17%@1728] GR3D_FREQ 0% cpu@59.031C soc2@57.75C soc0@57.156C gpu@59.718C tj@59.718C soc1@58.437C VDD_IN 13142mW/12772mW VDD_CPU_GPU_CV 5161mW/5501mW VDD_SOC 3609mW/3158mW
09-26-2026 21:28:07 RAM 5520/7620MB (lfb 6x4MB) SWAP 107/12002MB (cached 0MB) CPU [54%@1728,52%@1728,54%@1728,52%@1728,96%@1728,52%@1728] GR3D_FREQ 66% cpu@58.718C soc2@57.812C soc0@57.312C gpu@59.656C tj@59.656C soc1@58.406C VDD_IN 11138mW/12768mW VDD_CPU_GPU_CV 3923mW/5496mW VDD_SOC 3143mW/3158mW
09-26-2026 21:28:07 RAM 5416/7620MB (lfb 10x4MB) SWAP 107/12002MB (cached 0MB) CPU [54%@1728,56%@1728,54%@1728,54%@1728,82%@1728,54%@1728] GR3D_FREQ 0% cpu@59.312C soc2@57.812C soc0@57.187C gpu@59.031C tj@59.312C soc1@58.25C VDD_IN 11650mW/12765mW VDD_CPU_GPU_CV 4347mW/5493mW VDD_SOC 3182mW/3158mW
09-26-2026 21:28:08 RAM 5672/7620MB (lfb 1x2MB) SWAP 107/12002MB (cached 0MB) CPU [18%@1728,18%@1728,18%@1728,18%@1728,78%@1728,16%@1728] GR3D_FREQ 0% cpu@59C soc2@57.75C soc0@57.218C gpu@59.156C tj@59.156C soc1@58.437C VDD_IN 12456mW/12764mW VDD_CPU_GPU_CV 4809mW/5491mW VDD_SOC 3413mW/3159mW
09-26-2026 21:28:08 RAM 5544/7620MB (lfb 1x2MB) SWAP 107/12002MB (cached 0MB) CPU [36%@1728,36%@1728,36%@1728,37%@1728,84%@1728,36%@1728] GR3D_FREQ 70% cpu@58.593C soc2@57.75C soc0@57.093C gpu@60.093C tj@60.093C soc1@58.437C VDD_IN 12731mW/12764mW VDD_CPU_GPU_CV 5005mW/5490mW VDD_SOC 3491mW/3160mW
09-26-2026 21:28:09 RAM 5439/7620MB (lfb 17x4MB) SWAP 107/12002MB (cached 0MB) CPU [54%@1728,52%@1728,52%@1728,54%@1728,94%@1728,54%@1728] GR3D_FREQ 0% cpu@59.031C soc2@57.562C soc0@57.281C gpu@58.812C tj@59.031C soc1@58.343C VDD_IN 11060mW/12760mW VDD_CPU_GPU_CV 3923mW/5486mW VDD_SOC 3070mW/3159mW
09-26-2026 21:28:09 RAM 5646/7620MB (lfb 1x4MB) SWAP 107/12002MB (cached 0MB) CPU [22%@1728,28%@1728,30%@1728,20%@1728,75%@1728,29%@1728] GR3D_FREQ 0% cpu@58.937C soc2@57.812C soc0@57.281C gpu@59.437C tj@59.437C soc1@58.312C VDD_IN 12417mW/12759mW VDD_CPU_GPU_CV 5044mW/5485mW VDD_SOC 3177mW/3159mW
09-26-2026 21:28:10 RAM 5384/7620MB (lfb 18x4MB) SWAP 107/12002MB (cached 0MB) CPU [100%@1728,82%@1728,100%@1728,100%@1728,100%@1728,100%@1728] GR3D_FREQ 0% cpu@59C soc2@57.718C soc0@57.093C gpu@58.843C tj@59C soc1@58.218C VDD_IN 10802mW/12753mW VDD_CPU_GPU_CV 4080mW/5481mW VDD_SOC 2833mW/3159mW
09-26-2026 21:28:10 RAM 5530/7620MB (lfb 5x4MB) SWAP 107/12002MB (cached 0MB) CPU [13%@1728,88%@1728,12%@1728,10%@1728,9%@1728,10%@1728] GR3D_FREQ 60% cpu@58.781C soc2@57.656C soc0@57C gpu@59.968C tj@59.968C soc1@58.343C VDD_IN 12378mW/12752mW VDD_CPU_GPU_CV 5091mW/5480mW VDD_SOC 3138mW/3158mW
09-26-2026 21:28:11 RAM 5511/7620MB (lfb 19x4MB) SWAP 107/12002MB (cached 0MB) CPU [52%@1728,98%@1728,50%@1728,52%@1728,52%@1728,52%@1728] GR3D_FREQ 0% cpu@58.5C soc2@57.531C soc0@56.968C gpu@58.812C tj@58.812C soc1@58.281C VDD_IN 10683mW/12747mW VDD_CPU_GPU_CV 3766mW/5476mW VDD_SOC 2912mW/3158mW
09-26-2026 21:28:11 RAM 5688/7620MB (lfb 1x4MB) SWAP 107/12002MB (cached 0MB) CPU [24%@1728,85%@1728,24%@1728,24%@1728,23%@1728,23%@1728] GR3D_FREQ 0% cpu@58.937C soc2@57.75C soc0@57.031C gpu@58.968C tj@58.968C soc1@58.187C VDD_IN 11886mW/12745mW VDD_CPU_GPU_CV 4621mW/5473mW VDD_SOC 3104mW/3158mW
09-26-2026 21:28:12 RAM 5558/7620MB (lfb 10x4MB) SWAP 107/12002MB (cached 0MB) CPU [30%@1728,92%@1728,30%@1728,29%@1728,30%@1728,30%@1728] GR3D_FREQ 59% cpu@58.312C soc2@57.656C soc0@57.062C gpu@59.593C tj@59.593C soc1@58.125C VDD_IN 11965mW/12743mW VDD_CPU_GPU_CV 4700mW/5471mW VDD_SOC 3143mW/3158mW
09-26-2026 21:28:12 RAM 5456/7620MB (lfb 19x4MB) SWAP 107/12002MB (cached 0MB) CPU [54%@1728,94%@1728,52%@1728,52%@1728,52%@1728,52%@1728] GR3D_FREQ 0% cpu@58.843C soc2@57.531C soc0@56.968C gpu@58.781C tj@58.781C soc1@58.375C VDD_IN 11099mW/12738mW VDD_CPU_GPU_CV 4119mW/5468mW VDD_SOC 2986mW/3157mW
09-26-2026 21:28:13 RAM 5690/7620MB (lfb 1x4MB) SWAP 107/12002MB (cached 0MB) CPU [7%@1728,85%@1728,6%@1728,6%@1728,7%@1728,5%@1728] GR3D_FREQ 0% cpu@58.562C soc2@57.531C soc0@56.968C gpu@58.843C tj@58.843C soc1@58.25C VDD_IN 12260mW/12737mW VDD_CPU_GPU_CV 4856mW/5466mW VDD_SOC 3177mW/3157mW
09-26-2026 21:28:13 RAM 5546/7620MB (lfb 13x4MB) SWAP 107/12002MB (cached 0MB) CPU [48%@1728,98%@1728,48%@1728,47%@1728,48%@1728,48%@1728] GR3D_FREQ 57% cpu@58.375C soc2@57.437C soc0@56.906C gpu@59.531C tj@59.531C soc1@58.156C VDD_IN 11217mW/12733mW VDD_CPU_GPU_CV 4158mW/5463mW VDD_SOC 3025mW/3157mW
09-26-2026 21:28:14 RAM 5422/7620MB (lfb 19x4MB) SWAP 107/12002MB (cached 0MB) CPU [47%@1728,87%@1728,47%@1728,47%@1728,47%@1728,47%@1728] GR3D_FREQ 0% cpu@58.562C soc2@57.75C soc0@56.937C gpu@58.843C tj@58.843C soc1@58.062C VDD_IN 11532mW/12730mW VDD_CPU_GPU_CV 4425mW/5460mW VDD_SOC 3025mW/3157mW
09-26-2026 21:28:14 RAM 5586/7620MB (lfb 3x4MB) SWAP 107/12002MB (cached 0MB) CPU [6%@1728,86%@1728,6%@1728,6%@1728,4%@1728,5%@1728] GR3D_FREQ 67% cpu@58.218C soc2@57.531C soc0@56.937C gpu@59.843C tj@59.843C soc1@58C VDD_IN 12810mW/12730mW VDD_CPU_GPU_CV 5357mW/5460mW VDD_SOC 3256mW/3157mW
09-26-2026 21:28:15 RAM 5534/7620MB (lfb 16x4MB) SWAP 107/12002MB (cached 0MB) CPU [52%@1728,100%@1728,52%@1728,50%@1728,52%@1728,52%@1728] GR3D_FREQ 0% cpu@58.25C soc2@57.281C soc0@56.781C gpu@58.687C tj@58.687C soc1@58.218C VDD_IN 10605mW/12725mW VDD_CPU_GPU_CV 3693mW/5455mW VDD_SOC 2952mW/3156mW
09-26-2026 21:28:15 RAM 5692/7620MB (lfb 1x4MB) SWAP 107/12002MB (cached 0MB) CPU [32%@1728,86%@1728,31%@1728,34%@1728,30%@1728,31%@1728] GR3D_FREQ 0% cpu@59.062C soc2@57.562C soc0@56.843C gpu@58.687C tj@59.062C soc1@58.156C VDD_IN 11768mW/12722mW VDD_CPU_GPU_CV 4582mW/5453mW VDD_SOC 3065mW/3156mW
09-26-2026 21:28:16 RAM 5570/7620MB (lfb 7x4MB) SWAP 107/12002MB (cached 0MB) CPU [22%@1728,90%@1728,20%@1728,21%@1728,20%@1728,18%@1728] GR3D_FREQ 57% cpu@58.406C soc2@57.562C soc0@56.937C gpu@59.781C tj@59.781C soc1@58.156C VDD_IN 12456mW/12722mW VDD_CPU_GPU_CV 5091mW/5452mW VDD_SOC 3177mW/3156mW
09-26-2026 21:28:16 RAM 5501/7620MB (lfb 19x4MB) SWAP 107/12002MB (cached 0MB) CPU [53%@1728,96%@1728,52%@1728,52%@1728,52%@1728,52%@1728] GR3D_FREQ 0% cpu@58.281C soc2@57.343C soc0@56.937C gpu@58.656C tj@58.656C soc1@57.968C VDD_IN 10841mW/12717mW VDD_CPU_GPU_CV 3883mW/5448mW VDD_SOC 2952mW/3156mW
09-26-2026 21:28:17 RAM 5692/7620MB (lfb 1x4MB) SWAP 107/12002MB (cached 0MB) CPU [21%@1728,86%@1728,20%@1728,20%@1728,19%@1728,19%@1728] GR3D_FREQ 0% cpu@58.656C soc2@57.406C soc0@56.781C gpu@58.687C tj@58.687C soc1@57.968C VDD_IN 11965mW/12715mW VDD_CPU_GPU_CV 4700mW/5446mW VDD_SOC 3143mW/3156mW
09-26-2026 21:28:17 RAM 5558/7620MB (lfb 10x4MB) SWAP 107/12002MB (cached 0MB) CPU [32%@1728,94%@1728,33%@1728,31%@1728,32%@1728,32%@1728] GR3D_FREQ 57% cpu@58.156C soc2@57.312C soc0@56.75C gpu@59.468C tj@59.468C soc1@58.156C VDD_IN 11886mW/12713mW VDD_CPU_GPU_CV 4660mW/5444mW VDD_SOC 3104mW/3155mW
09-26-2026 21:28:18 RAM 5453/7620MB (lfb 19x4MB) SWAP 107/12002MB (cached 0MB) CPU [52%@1728,92%@1728,51%@1728,52%@1728,52%@1728,50%@1728] GR3D_FREQ 0% cpu@58.625C soc2@57.281C soc0@56.687C gpu@58.5C tj@58.625C soc1@58C VDD_IN 11138mW/12709mW VDD_CPU_GPU_CV 4158mW/5441mW VDD_SOC 2986mW/3155mW
09-26-2026 21:28:18 RAM 5692/7620MB (lfb 1x4MB) SWAP 107/12002MB (cached 0MB) CPU [5%@1728,86%@1728,5%@1728,5%@1728,3%@1728,5%@1728] GR3D_FREQ 0% cpu@58.468C soc2@57.437C soc0@56.718C gpu@58.687C tj@58.687C soc1@58.031C VDD_IN 12299mW/12708mW VDD_CPU_GPU_CV 4896mW/5440mW VDD_SOC 3177mW/3155mW
09-26-2026 21:28:19 RAM 5497/7620MB (lfb 13x4MB) SWAP 107/12002MB (cached 0MB) CPU [49%@1728,92%@1728,48%@1728,48%@1728,48%@1728,48%@1728] GR3D_FREQ 65% cpu@57.812C soc2@57.312C soc0@56.75C gpu@59.281C tj@59.281C soc1@57.937C VDD_IN 10762mW/12703mW VDD_CPU_GPU_CV 3844mW/5436mW VDD_SOC 2952mW/3155mW
09-26-2026 21:28:19 RAM 5390/7620MB (lfb 17x4MB) SWAP 107/12002MB (cached 0MB) CPU [42%@1728,82%@1728,42%@1728,40%@1728,41%@1728,41%@1728] GR3D_FREQ 0% cpu@58.625C soc2@57.25C soc0@56.843C gpu@58.906C tj@58.906C soc1@58.125C VDD_IN 11453mW/12700mW VDD_CPU_GPU_CV 4433mW/5433mW VDD_SOC 3025mW/3154mW
09-26-2026 21:28:20 RAM 5538/7620MB (lfb 4x4MB) SWAP 107/12002MB (cached 0MB) CPU [10%@1728,80%@1728,10%@1728,13%@1728,10%@1728,11%@1728] GR3D_FREQ 35% cpu@58.312C soc2@57.312C soc0@56.687C gpu@59.562C tj@59.562C soc1@58.031C VDD_IN 12535mW/12700mW VDD_CPU_GPU_CV 5161mW/5432mW VDD_SOC 3217mW/3154mW
09-26-2026 21:28:20 RAM 5527/7620MB (lfb 17x4MB) SWAP 107/12002MB (cached 0MB) CPU [52%@1728,98%@1728,52%@1728,52%@1728,52%@1728,52%@1728] GR3D_FREQ 0% cpu@58.187C soc2@57.156C soc0@56.625C gpu@58.531C tj@58.531C soc1@58C VDD_IN 10644mW/12694mW VDD_CPU_GPU_CV 3727mW/5428mW VDD_SOC 2952mW/3154mW
09-26-2026 21:28:21 RAM 5703/7620MB (lfb 1x4MB) SWAP 107/12002MB (cached 0MB) CPU [28%@1728,78%@1728,29%@1728,28%@1728,28%@1728,28%@1728] GR3D_FREQ 0% cpu@58.718C soc2@57.375C soc0@56.781C gpu@58.5C tj@58.718C soc1@57.906C VDD_IN 11650mW/12692mW VDD_CPU_GPU_CV 4582mW/5426mW VDD_SOC 3065mW/3154mW
09-26-2026 21:28:21 RAM 5544/7620MB (lfb 14x4MB) SWAP 107/12002MB (cached 0MB) CPU [25%@1728,84%@1728,23%@1728,23%@1728,23%@1728,23%@1728] GR3D_FREQ 65% cpu@57.75C soc2@57.156C soc0@56.656C gpu@59.437C tj@59.437C soc1@57.843C VDD_IN 12260mW/12691mW VDD_CPU_GPU_CV 4974mW/5425mW VDD_SOC 3177mW/3154mW
09-26-2026 21:28:22 RAM 5500/7620MB (lfb 17x4MB) SWAP 107/12002MB (cached 0MB) CPU [52%@1728,96%@1728,52%@1728,52%@1728,52%@1728,52%@1728] GR3D_FREQ 0% cpu@58.468C soc2@57.25C soc0@56.625C gpu@58.406C tj@58.468C soc1@58.031C VDD_IN 10841mW/12686mW VDD_CPU_GPU_CV 3923mW/5421mW VDD_SOC 2952mW/3153mW
09-26-2026 21:28:22 RAM 5703/7620MB (lfb 1x4MB) SWAP 107/12002MB (cached 0MB) CPU [19%@1728,78%@1728,19%@1728,18%@1728,19%@1728,17%@1728] GR3D_FREQ 0% cpu@58.718C soc2@57.25C soc0@56.656C gpu@59C tj@59C soc1@57.968C VDD_IN 11965mW/12684mW VDD_CPU_GPU_CV 4621mW/5419mW VDD_SOC 3104mW/3153mW
09-26-2026 21:28:23 RAM 5544/7620MB (lfb 14x4MB) SWAP 107/12002MB (cached 0MB) CPU [34%@1728,88%@1728,33%@1728,33%@1728,34%@1728,34%@1728] GR3D_FREQ 64% cpu@58.156C soc2@57.218C soc0@56.718C gpu@59.562C tj@59.562C soc1@57.843C VDD_IN 11926mW/12682mW VDD_CPU_GPU_CV 4660mW/5417mW VDD_SOC 3104mW/3153mW
09-26-2026 21:28:23 RAM 5468/7620MB (lfb 17x4MB) SWAP 107/12002MB (cached 0MB) CPU [52%@1728,90%@1728,52%@1728,52%@1728,52%@1728,52%@1728] GR3D_FREQ 0% cpu@58.125C soc2@57.218C soc0@56.75C gpu@58.812C tj@58.812C soc1@57.75C VDD_IN 11060mW/12678mW VDD_CPU_GPU_CV 4119mW/5414mW VDD_SOC 2991mW/3153mW
09-26-2026 21:28:24 RAM 5702/7620MB (lfb 72x1MB) SWAP 107/12002MB (cached 0MB) CPU [11%@1728,42%@1728,45%@1728,8%@1728,7%@1728,7%@1728] GR3D_FREQ 0% cpu@58.75C soc2@57.187C soc0@56.656C gpu@58.843C tj@58.843C soc1@57.937C VDD_IN 12063mW/12677mW VDD_CPU_GPU_CV 4817mW/5413mW VDD_SOC 3182mW/3153mW
09-26-2026 21:28:24 RAM 5542/7620MB (lfb 16x4MB) SWAP 107/12002MB (cached 0MB) CPU [44%@1728,46%@1728,94%@1728,46%@1728,45%@1728,45%@1728] GR3D_FREQ 63% cpu@58.125C soc2@57.125C soc0@56.593C gpu@59.218C tj@59.218C soc1@57.812C VDD_IN 11296mW/12674mW VDD_CPU_GPU_CV 4276mW/5410mW VDD_SOC 3025mW/3152mW
09-26-2026 21:28:25 RAM 5441/7620MB (lfb 18x4MB) SWAP 107/12002MB (cached 0MB) CPU [50%@1728,50%@1728,84%@1728,50%@1728,52%@1728,52%@1728] GR3D_FREQ 0% cpu@58.906C soc2@57.187C soc0@56.468C gpu@58.468C tj@58.906C soc1@57.718C VDD_IN 11375mW/12670mW VDD_CPU_GPU_CV 4315mW/5407mW VDD_SOC 2986mW/3152mW
09-26-2026 21:28:25 RAM 5711/7620MB (lfb 1x4MB) SWAP 107/12002MB (cached 0MB) CPU [2%@1728,3%@1728,80%@1728,0%@1728,0%@1728,1%@1728] GR3D_FREQ 0% cpu@58.5C soc2@57.187C soc0@56.656C gpu@59.281C tj@59.281C soc1@57.718C VDD_IN 12535mW/12670mW VDD_CPU_GPU_CV 5005mW/5406mW VDD_SOC 3256mW/3152mW
09-26-2026 21:28:26 RAM 5558/7620MB (lfb 13x4MB) SWAP 107/12002MB (cached 0MB) CPU [52%@1728,50%@1728,98%@1728,53%@1728,50%@1728,50%@1728] GR3D_FREQ 46% cpu@58.281C soc2@57.062C soc0@56.531C gpu@58.656C tj@58.656C soc1@57.656C VDD_IN 10683mW/12665mW VDD_CPU_GPU_CV 3727mW/5402mW VDD_SOC 2952mW/3152mW
09-26-2026 21:28:26 RAM 5715/7620MB (lfb 1x2MB) SWAP 107/12002MB (cached 0MB) CPU [38%@1728,38%@1728,80%@1728,38%@1728,39%@1728,38%@1728] GR3D_FREQ 0% cpu@58.968C soc2@57.187C soc0@56.593C gpu@58.781C tj@58.968C soc1@57.843C VDD_IN 11532mW/12662mW VDD_CPU_GPU_CV 4425mW/5400mW VDD_SOC 3025mW/3151mW
09-26-2026 21:28:27 RAM 5570/7620MB (lfb 10x4MB) SWAP 107/12002MB (cached 0MB) CPU [35%@1728,15%@1728,62%@1728,14%@1728,14%@1728,14%@1728] GR3D_FREQ 65% cpu@58C soc2@57.187C soc0@56.531C gpu@59.437C tj@59.437C soc1@57.718C VDD_IN 12496mW/12662mW VDD_CPU_GPU_CV 5122mW/5399mW VDD_SOC 3217mW/3152mW
09-26-2026 21:28:27 RAM 5537/7620MB (lfb 16x4MB) SWAP 107/12002MB (cached 0MB) CPU [96%@1728,52%@1728,52%@1728,52%@1728,52%@1728,52%@1728] GR3D_FREQ 0% cpu@58.312C soc2@57.25C soc0@56.375C gpu@58.375C tj@58.375C soc1@57.718C VDD_IN 10683mW/12657mW VDD_CPU_GPU_CV 3766mW/5395mW VDD_SOC 2952mW/3151mW
09-26-2026 21:28:28 RAM 5714/7620MB (lfb 1x2MB) SWAP 107/12002MB (cached 0MB) CPU [80%@1728,27%@1728,26%@1728,26%@1728,25%@1728,26%@1728] GR3D_FREQ 0% cpu@58.531C soc2@57.218C soc0@56.687C gpu@58.593C tj@58.593C soc1@57.687C VDD_IN 11768mW/12655mW VDD_CPU_GPU_CV 4543mW/5393mW VDD_SOC 3065mW/3151mW
09-26-2026 21:28:28 RAM 5520/7620MB (lfb 8x4MB) SWAP 107/12002MB (cached 0MB) CPU [84%@1728,26%@1728,26%@1728,26%@1728,26%@1728,26%@1728] GR3D_FREQ 66% cpu@57.718C soc2@57.125C soc0@56.437C gpu@59.218C tj@59.218C soc1@57.843C VDD_IN 12142mW/12654mW VDD_CPU_GPU_CV 4856mW/5392mW VDD_SOC 3143mW/3151mW
09-26-2026 21:28:29 RAM 5680/7620MB (lfb 1x2MB) SWAP 107/12002MB (cached 0MB) CPU [93%@1728,26%@1728,28%@1728,29%@1728,27%@1728,26%@1728] GR3D_FREQ 0% cpu@58.531C soc2@57.093C soc0@56.5C gpu@58.125C tj@58.531C soc1@57.718C VDD_IN 10683mW/12649mW VDD_CPU_GPU_CV 3923mW/5388mW VDD_SOC 2873mW/3150mW
09-26-2026 21:28:29 RAM 5680/7620MB (lfb 1x2MB) SWAP 107/12002MB (cached 0MB) CPU [50%@1728,74%@1728,49%@1728,37%@1728,35%@1728,32%@1728] GR3D_FREQ 0% cpu@58.593C soc2@57C soc0@56.343C gpu@58.187C tj@58.531C soc1@57.781C VDD_IN 9816mW/12642mW VDD_CPU_GPU_CV 3379mW/5383mW VDD_SOC 2720mW/3149mW
09-26-2026 21:28:30 RAM 5448/7620MB (lfb 16x4MB) SWAP 107/12002MB (cached 0MB) CPU [37%@1728,36%@1728,80%@1728,47%@1728,50%@1728,40%@1728] GR3D_FREQ 0% cpu@58.843C soc2@56.937C soc0@56.531C gpu@57.968C tj@58.843C soc1@57.625C VDD_IN 9816mW/12636mW VDD_CPU_GPU_CV 3340mW/5379mW VDD_SOC 2720mW/3148mW
09-26-2026 21:28:30 RAM 5681/7620MB (lfb 1x4MB) SWAP 107/12002MB (cached 0MB) CPU [6%@1728,4%@1728,65%@1728,2%@1728,28%@1728,4%@1728] GR3D_FREQ 0% cpu@58.125C soc2@56.968C soc0@56.437C gpu@58.75C tj@58.75C soc1@57.468C VDD_IN 12004mW/12634mW VDD_CPU_GPU_CV 4739mW/5377mW VDD_SOC 3143mW/3148mW
09-26-2026 21:28:31 RAM 5681/7620MB (lfb 1x4MB) SWAP 107/12002MB (cached 0MB) CPU [35%@1728,45%@1728,85%@1728,50%@1728,63%@1728,67%@1728] GR3D_FREQ 0% cpu@58.75C soc2@56.843C soc0@56.281C gpu@58.218C tj@58.75C soc1@57.625C VDD_IN 10131mW/12628mW VDD_CPU_GPU_CV 3772mW/5373mW VDD_SOC 2755mW/3147mW
09-26-2026 21:28:31 RAM 5681/7620MB (lfb 1x4MB) SWAP 107/12002MB (cached 0MB) CPU [26%@1728,47%@1728,98%@1728,48%@1728,46%@1728,51%@1728] GR3D_FREQ 0% cpu@58.375C soc2@56.781C soc0@56.375C gpu@57.937C tj@58.375C soc1@57.593C VDD_IN 9595mW/12621mW VDD_CPU_GPU_CV 3384mW/5369mW VDD_SOC 2680mW/3146mW
09-26-2026 21:28:32 RAM 5463/7620MB (lfb 18x4MB) SWAP 107/12002MB (cached 0MB) CPU [27%@1728,28%@1728,100%@1728,27%@1728,27%@1728,28%@1728] GR3D_FREQ 0% cpu@58.5C soc2@56.687C soc0@56.218C gpu@58.031C tj@58.5C soc1@57.562C VDD_IN 9358mW/12613mW VDD_CPU_GPU_CV 3030mW/5363mW VDD_SOC 2680mW/3145mW
09-26-2026 21:28:32 RAM 5696/7620MB (lfb 1x4MB) SWAP 107/12002MB (cached 0MB) CPU [4%@1728,3%@1728,48%@1728,20%@1728,3%@1728,3%@1728] GR3D_FREQ 0% cpu@57.937C soc2@56.906C soc0@56.343C gpu@58.406C tj@58.406C soc1@57.468C VDD_IN 11729mW/12611mW VDD_CPU_GPU_CV 4543mW/5361mW VDD_SOC 3104mW/3145mW
09-26-2026 21:28:33 RAM 5696/7620MB (lfb 1x4MB) SWAP 107/12002MB (cached 0MB) CPU [38%@1728,36%@1728,34%@1728,100%@1728,35%@1728,33%@1728] GR3D_FREQ 0% cpu@57.875C soc2@56.75C soc0@56.312C gpu@57.875C tj@58.062C soc1@57.437C VDD_IN 10092mW/12605mW VDD_CPU_GPU_CV 3575mW/5357mW VDD_SOC 2799mW/3144mW
09-26-2026 21:28:33 RAM 5702/7620MB (lfb 1x2MB) SWAP 107/12002MB (cached 0MB) CPU [32%@1728,33%@1728,32%@1728,100%@1728,34%@1728,34%@1728] GR3D_FREQ 0% cpu@57.968C soc2@56.75C soc0@56.125C gpu@57.843C tj@57.968C soc1@57.562C VDD_IN 9635mW/12598mW VDD_CPU_GPU_CV 3266mW/5352mW VDD_SOC 2720mW/3143mW
09-26-2026 21:28:34 RAM 5544/7620MB (lfb 11x4MB) SWAP 107/12002MB (cached 0MB) CPU [14%@1728,14%@1728,14%@1728,98%@1728,15%@1728,14%@1728] GR3D_FREQ 64% cpu@57.656C soc2@56.593C soc0@56.062C gpu@58.156C tj@58.156C soc1@57.531C VDD_IN 9674mW/12591mW VDD_CPU_GPU_CV 3109mW/5347mW VDD_SOC 2799mW/3142mW
09-26-2026 21:28:34 RAM 5701/7620MB (lfb 1x2MB) SWAP 107/12002MB (cached 0MB) CPU [16%@1728,17%@1728,18%@1728,80%@1728,16%@1728,19%@1728] GR3D_FREQ 0% cpu@57.906C soc2@56.625C soc0@56.343C gpu@58.156C tj@58.156C soc1@57.468C VDD_IN 10920mW/12588mW VDD_CPU_GPU_CV 4040mW/5344mW VDD_SOC 2912mW/3142mW
09-26-2026 21:28:35 RAM 5700/7620MB (lfb 1x4MB) SWAP 107/12002MB (cached 0MB) CPU [66%@1728,28%@1728,27%@1728,34%@1728,61%@1728,45%@1728] GR3D_FREQ 0% cpu@57.968C soc2@56.687C soc0@56.312C gpu@57.812C tj@58C soc1@57.406C VDD_IN 9895mW/12581mW VDD_CPU_GPU_CV 3458mW/5339mW VDD_SOC 2720mW/3141mW
09-26-2026 21:28:35 RAM 5700/7620MB (lfb 1x4MB) SWAP 107/12002MB (cached 0MB) CPU [32%@1728,34%@1728,32%@1728,29%@1728,100%@1728,32%@1728] GR3D_FREQ 0% cpu@57.968C soc2@56.625C soc0@55.968C gpu@57.937C tj@57.968C soc1@57.531C VDD_IN 9556mW/12574mW VDD_CPU_GPU_CV 3266mW/5334mW VDD_SOC 2680mW/3140mW
09-26-2026 21:28:36 RAM 5578/7620MB (lfb 1x4MB) SWAP 107/12002MB (cached 0MB) CPU [1%@1728,1%@1728,1%@1728,3%@1728,81%@1728,1%@1728] GR3D_FREQ 56% cpu@57.781C soc2@56.656C soc0@56C gpu@58.718C tj@58.718C soc1@57.406C VDD_IN 11808mW/12572mW VDD_CPU_GPU_CV 4660mW/5333mW VDD_SOC 3065mW/3139mW
09-26-2026 21:28:36 RAM 5707/7620MB (lfb 1x4MB) SWAP 107/12002MB (cached 0MB) CPU [33%@1728,35%@1728,33%@1728,33%@1728,97%@1728,33%@1728] GR3D_FREQ 0% cpu@57.843C soc2@56.531C soc0@56.125C gpu@57.625C tj@57.843C soc1@57.468C VDD_IN 10289mW/12567mW VDD_CPU_GPU_CV 3693mW/5329mW VDD_SOC 2794mW/3139mW
09-26-2026 21:28:37 RAM 5700/7620MB (lfb 1x4MB) SWAP 107/12002MB (cached 0MB) CPU [37%@1728,37%@1728,38%@1728,38%@1728,100%@1728,37%@1728] GR3D_FREQ 0% cpu@58C soc2@56.562C soc0@56.25C gpu@57.937C tj@58C soc1@57.375C VDD_IN 9714mW/12561mW VDD_CPU_GPU_CV 3306mW/5324mW VDD_SOC 2720mW/3138mW
09-26-2026 21:28:37 RAM 5541/7620MB (lfb 8x4MB) SWAP 107/12002MB (cached 0MB) CPU [16%@1728,16%@1728,17%@1728,14%@1728,98%@1728,14%@1728] GR3D_FREQ 0% cpu@57.687C soc2@56.312C soc0@55.968C gpu@57.656C tj@57.687C soc1@57.218C VDD_IN 9358mW/12553mW VDD_CPU_GPU_CV 2912mW/5319mW VDD_SOC 2720mW/3137mW
09-26-2026 21:28:38 RAM 5702/7620MB (lfb 70x1MB) SWAP 107/12002MB (cached 0MB) CPU [12%@1728,10%@1728,10%@1728,12%@1728,69%@1728,10%@1728] GR3D_FREQ 0% cpu@58.062C soc2@56.406C soc0@56.062C gpu@57.843C tj@58.062C soc1@57.375C VDD_IN 11020mW/12550mW VDD_CPU_GPU_CV 4119mW/5316mW VDD_SOC 2952mW/3136mW
09-26-2026 21:28:38 RAM 5698/7620MB (lfb 1x4MB) SWAP 107/12002MB (cached 0MB) CPU [39%@1728,37%@1728,36%@1728,36%@1728,98%@1728,37%@1728] GR3D_FREQ 0% cpu@57.843C soc2@56.281C soc0@55.937C gpu@57.781C tj@57.843C soc1@57.343C VDD_IN 9934mW/12544mW VDD_CPU_GPU_CV 3458mW/5312mW VDD_SOC 2759mW/3135mW
09-26-2026 21:28:39 RAM 5698/7620MB (lfb 1x4MB) SWAP 107/12002MB (cached 0MB) CPU [36%@1728,35%@1728,36%@1728,37%@1728,100%@1728,36%@1728] GR3D_FREQ 0% cpu@57.968C soc2@56.406C soc0@55.875C gpu@57.437C tj@57.968C soc1@57.218C VDD_IN 9556mW/12537mW VDD_CPU_GPU_CV 3266mW/5307mW VDD_SOC 2680mW/3134mW
09-26-2026 21:28:39 RAM 5539/7620MB (lfb 8x4MB) SWAP 107/12002MB (cached 0MB) CPU [0%@1728,3%@1728,0%@1728,0%@1728,78%@1728,1%@1728] GR3D_FREQ 68% cpu@57.156C soc2@56.468C soc0@56.156C gpu@58.468C tj@58.468C soc1@57.187C VDD_IN 11296mW/12534mW VDD_CPU_GPU_CV 4315mW/5305mW VDD_SOC 3025mW/3134mW
09-26-2026 21:28:40 RAM 5700/7620MB (lfb 70x1MB) SWAP 107/12002MB (cached 0MB) CPU [33%@1728,24%@1728,32%@1728,31%@1728,49%@1728,74%@1728] GR3D_FREQ 0% cpu@57.5C soc2@56.468C soc0@56C gpu@57.812C tj@57.812C soc1@57.218C VDD_IN 10407mW/12529mW VDD_CPU_GPU_CV 3733mW/5301mW VDD_SOC 2833mW/3133mW
09-26-2026 21:28:41 RAM 5697/7620MB (lfb 1x4MB) SWAP 107/12002MB (cached 0MB) CPU [32%@1728,32%@1728,34%@1728,34%@1728,32%@1728,100%@1728] GR3D_FREQ 0% cpu@57.281C soc2@56.343C soc0@55.843C gpu@57.468C tj@57.468C soc1@57.343C VDD_IN 9753mW/12523mW VDD_CPU_GPU_CV 3340mW/5297mW VDD_SOC 2720mW/3133mW
09-26-2026 21:28:41 RAM 5487/7620MB (lfb 17x4MB) SWAP 107/12002MB (cached 0MB) CPU [24%@1728,26%@1728,25%@1728,26%@1728,23%@1728,100%@1728] GR3D_FREQ 0% cpu@57.281C soc2@56.187C soc0@55.812C gpu@57.593C tj@57.593C soc1@57.343C VDD_IN 9398mW/12516mW VDD_CPU_GPU_CV 2991mW/5292mW VDD_SOC 2720mW/3132mW
09-26-2026 21:28:42 RAM 5700/7620MB (lfb 70x1MB) SWAP 107/12002MB (cached 0MB) CPU [13%@1728,11%@1728,10%@1728,11%@1728,9%@1728,78%@1728] GR3D_FREQ 0% cpu@57.406C soc2@56.5C soc0@56.062C gpu@57.75C tj@57.75C soc1@57.093C VDD_IN 11414mW/12513mW VDD_CPU_GPU_CV 4354mW/5289mW VDD_SOC 3025mW/3131mW
09-26-2026 21:28:42 RAM 5700/7620MB (lfb 70x1MB) SWAP 107/12002MB (cached 0MB) CPU [48%@1728,4%@1728,47%@1728,42%@1728,72%@1728,98%@1728] GR3D_FREQ 0% cpu@57.5C soc2@56.406C soc0@55.906C gpu@57.5C tj@57.5C soc1@57.093C VDD_IN 9974mW/12508mW VDD_CPU_GPU_CV 3536mW/5286mW VDD_SOC 2759mW/3131mW
09-26-2026 21:28:43 RAM 5701/7620MB (lfb 70x1MB) SWAP 107/12002MB (cached 0MB) CPU [44%@1728,13%@1728,44%@1728,43%@1728,58%@1728,98%@1728] GR3D_FREQ 0% cpu@57.312C soc2@56.312C soc0@55.812C gpu@57.5C tj@57.5C soc1@57.375C VDD_IN 9674mW/12501mW VDD_CPU_GPU_CV 3266mW/5281mW VDD_SOC 2680mW/3129mW
09-26-2026 21:28:43 RAM 5514/7620MB (lfb 18x4MB) SWAP 107/12002MB (cached 0MB) CPU [21%@1728,21%@1728,21%@1728,21%@1728,23%@1728,100%@1728] GR3D_FREQ 0% cpu@57.218C soc2@56.125C soc0@55.656C gpu@57.406C tj@57.406C soc1@57.218C VDD_IN 9398mW/12494mW VDD_CPU_GPU_CV 2912mW/5276mW VDD_SOC 2720mW/3129mW
09-26-2026 21:28:44 RAM 5699/7620MB (lfb 70x1MB) SWAP 107/12002MB (cached 0MB) CPU [13%@1728,13%@1728,15%@1728,13%@1728,13%@1728,78%@1728] GR3D_FREQ 0% cpu@57.625C soc2@56.25C soc0@55.656C gpu@58.062C tj@58.062C soc1@57.125C VDD_IN 11217mW/12491mW VDD_CPU_GPU_CV 4197mW/5273mW VDD_SOC 2991mW/3128mW
09-26-2026 21:28:44 RAM 5700/7620MB (lfb 70x1MB) SWAP 107/12002MB (cached 0MB) CPU [36%@1728,36%@1728,35%@1728,36%@1728,37%@1728,98%@1728] GR3D_FREQ 0% cpu@57.375C soc2@56.281C soc0@55.843C gpu@57.656C tj@57.656C soc1@57.156C VDD_IN 9974mW/12486mW VDD_CPU_GPU_CV 3497mW/5269mW VDD_SOC 2759mW/3127mW
09-26-2026 21:28:45 RAM 5700/7620MB (lfb 70x1MB) SWAP 107/12002MB (cached 0MB) CPU [35%@1728,35%@1728,34%@1728,36%@1728,36%@1728,100%@1728] GR3D_FREQ 0% cpu@57.218C soc2@56.187C soc0@55.812C gpu@57.781C tj@57.781C soc1@57.25C VDD_IN 9556mW/12479mW VDD_CPU_GPU_CV 3266mW/5265mW VDD_SOC 2680mW/3126mW
09-26-2026 21:28:45 RAM 5541/7620MB (lfb 9x4MB) SWAP 107/12002MB (cached 0MB) CPU [2%@1728,3%@1728,2%@1728,1%@1728,2%@1728,80%@1728] GR3D_FREQ 68% cpu@56.812C soc2@56.218C soc0@55.718C gpu@58.468C tj@58.468C soc1@57.187C VDD_IN 11217mW/12476mW VDD_CPU_GPU_CV 4276mW/5263mW VDD_SOC 2991mW/3126mW
09-26-2026 21:28:46 RAM 5698/7620MB (lfb 70x1MB) SWAP 107/12002MB (cached 0MB) CPU [28%@1728,25%@1728,27%@1728,26%@1728,26%@1728,88%@1728] GR3D_FREQ 0% cpu@57.5C soc2@56.25C soc0@55.75C gpu@57.5C tj@57.5C soc1@57.125C VDD_IN 10407mW/12472mW VDD_CPU_GPU_CV 3772mW/5259mW VDD_SOC 2833mW/3125mW
09-26-2026 21:28:46 RAM 5694/7620MB (lfb 1x4MB) SWAP 107/12002MB (cached 0MB) CPU [39%@1728,38%@1728,37%@1728,37%@1728,38%@1728,100%@1728] GR3D_FREQ 0% cpu@57.25C soc2@56.125C soc0@55.593C gpu@57.343C tj@57.343C soc1@57.031C VDD_IN 9753mW/12466mW VDD_CPU_GPU_CV 3340mW/5255mW VDD_SOC 2720mW/3125mW
09-26-2026 21:28:47 RAM 5492/7620MB (lfb 17x4MB) SWAP 107/12002MB (cached 0MB) CPU [22%@1728,22%@1728,23%@1728,25%@1728,23%@1728,100%@1728] GR3D_FREQ 0% cpu@56.937C soc2@56.093C soc0@55.687C gpu@57.218C tj@57.218C soc1@57.093C VDD_IN 9398mW/12459mW VDD_CPU_GPU_CV 2991mW/5250mW VDD_SOC 2720mW/3124mW
09-26-2026 21:28:47 RAM 5703/7620MB (lfb 70x1MB) SWAP 107/12002MB (cached 0MB) CPU [7%@1728,11%@1728,7%@1728,6%@1728,46%@1728,28%@1728] GR3D_FREQ 0% cpu@57.281C soc2@56.125C soc0@55.781C gpu@57.531C tj@57.531C soc1@56.968C VDD_IN 11453mW/12457mW VDD_CPU_GPU_CV 4354mW/5248mW VDD_SOC 3025mW/3123mW
09-26-2026 21:28:48 RAM 5703/7620MB (lfb 70x1MB) SWAP 107/12002MB (cached 0MB) CPU [34%@1728,34%@1728,34%@1728,35%@1728,100%@1728,34%@1728] GR3D_FREQ 0% cpu@57.5C soc2@56.093C soc0@55.656C gpu@57.656C tj@57.656C soc1@57.062C VDD_IN 9974mW/12451mW VDD_CPU_GPU_CV 3497mW/5244mW VDD_SOC 2759mW/3123mW
09-26-2026 21:28:48 RAM 5699/7620MB (lfb 1x4MB) SWAP 107/12002MB (cached 0MB) CPU [34%@1728,34%@1728,34%@1728,32%@1728,98%@1728,34%@1728] GR3D_FREQ 0% cpu@57.687C soc2@56.125C soc0@55.687C gpu@57.468C tj@57.687C soc1@57.125C VDD_IN 9595mW/12445mW VDD_CPU_GPU_CV 3266mW/5240mW VDD_SOC 2680mW/3122mW
09-26-2026 21:28:49 RAM 5553/7620MB (lfb 6x4MB) SWAP 107/12002MB (cached 0MB) CPU [8%@1728,7%@1728,8%@1728,8%@1728,90%@1728,7%@1728] GR3D_FREQ 64% cpu@56.781C soc2@56.156C soc0@55.718C gpu@58.5C tj@58.5C soc1@56.906C VDD_IN 10841mW/12441mW VDD_CPU_GPU_CV 3962mW/5237mW VDD_SOC 2952mW/3121mW
09-26-2026 21:28:49 RAM 5714/7620MB (lfb 68x1MB) SWAP 107/12002MB (cached 0MB) CPU [26%@1728,27%@1728,28%@1728,28%@1728,90%@1728,25%@1728] GR3D_FREQ 0% cpu@57.531C soc2@56.093C soc0@55.718C gpu@57.562C tj@57.562C soc1@56.875C VDD_IN 10565mW/12437mW VDD_CPU_GPU_CV 3844mW/5234mW VDD_SOC 2873mW/3121mW
09-26-2026 21:28:50 RAM 5714/7620MB (lfb 68x1MB) SWAP 107/12002MB (cached 0MB) CPU [39%@1728,36%@1728,35%@1728,37%@1728,98%@1728,37%@1728] GR3D_FREQ 0% cpu@57.437C soc2@56.093C soc0@55.625C gpu@57.218C tj@57.437C soc1@57.093C VDD_IN 9793mW/12432mW VDD_CPU_GPU_CV 3379mW/5230mW VDD_SOC 2720mW/3120mW
09-26-2026 21:28:50 RAM 5414/7620MB (lfb 19x4MB) SWAP 107/12002MB (cached 0MB) CPU [24%@1728,24%@1728,24%@1728,24%@1728,100%@1728,24%@1728] GR3D_FREQ 0% cpu@57.281C soc2@55.875C soc0@55.468C gpu@57.031C tj@57.281C soc1@57C VDD_IN 9319mW/12425mW VDD_CPU_GPU_CV 3030mW/5225mW VDD_SOC 2680mW/3119mW
09-26-2026 21:28:51 RAM 5600/7620MB (lfb 1x4MB) SWAP 107/12002MB (cached 0MB) CPU [7%@1728,4%@1728,9%@1728,8%@1728,78%@1728,20%@1728] GR3D_FREQ 60% cpu@57.437C soc2@56.125C soc0@55.718C gpu@58.187C tj@58.187C soc1@56.937C VDD_IN 11611mW/12423mW VDD_CPU_GPU_CV 4504mW/5224mW VDD_SOC 3025mW/3119mW
09-26-2026 21:28:51 RAM 5723/7620MB (lfb 1x4MB) SWAP 107/12002MB (cached 0MB) CPU [31%@1728,68%@1728,22%@1728,25%@1728,36%@1728,40%@1728] GR3D_FREQ 0% cpu@57.25C soc2@56.25C soc0@55.781C gpu@57.406C tj@57.406C soc1@56.843C VDD_IN 11650mW/12421mW VDD_CPU_GPU_CV 4582mW/5222mW VDD_SOC 2986mW/3118mW
09-26-2026 21:28:52 RAM 5732/7620MB (lfb 1x4MB) SWAP 107/12002MB (cached 0MB) CPU [35%@1728,100%@1728,38%@1728,35%@1728,37%@1728,35%@1728] GR3D_FREQ 0% cpu@57.156C soc2@56.25C soc0@55.593C gpu@57.562C tj@57.562C soc1@56.781C VDD_IN 10131mW/12416mW VDD_CPU_GPU_CV 3615mW/5219mW VDD_SOC 2755mW/3118mW
09-26-2026 21:28:52 RAM 5423/7620MB (lfb 21x4MB) SWAP 107/12002MB (cached 0MB) CPU [34%@1728,100%@1728,30%@1728,32%@1728,30%@1728,31%@1728] GR3D_FREQ 0% cpu@56.812C soc2@56.062C soc0@55.437C gpu@57.312C tj@57.312C soc1@57C VDD_IN 9635mW/12410mW VDD_CPU_GPU_CV 3227mW/5214mW VDD_SOC 2720mW/3117mW
09-26-2026 21:28:53 RAM 5607/7620MB (lfb 1x4MB) SWAP 107/12002MB (cached 0MB) CPU [0%@1728,92%@1728,0%@1728,0%@1728,0%@1728,0%@1728] GR3D_FREQ 64% cpu@56.843C soc2@56C soc0@55.375C gpu@58.406C tj@58.406C soc1@56.968C VDD_IN 10526mW/12406mW VDD_CPU_GPU_CV 3693mW/5211mW VDD_SOC 2912mW/3116mW
09-26-2026 21:28:53 RAM 5730/7620MB (lfb 70x1MB) SWAP 107/12002MB (cached 0MB) CPU [50%@1728,23%@1728,13%@1728,13%@1728,30%@1728,13%@1728] GR3D_FREQ 0% cpu@57.343C soc2@56.406C soc0@55.593C gpu@57.593C tj@57.593C soc1@56.812C VDD_IN 11689mW/12405mW VDD_CPU_GPU_CV 4621mW/5210mW VDD_SOC 3065mW/3116mW
09-26-2026 21:28:54 RAM 5730/7620MB (lfb 70x1MB) SWAP 107/12002MB (cached 0MB) CPU [34%@1728,34%@1728,100%@1728,37%@1728,34%@1728,36%@1728] GR3D_FREQ 0% cpu@57.843C soc2@56.125C soc0@55.625C gpu@57.281C tj@57.843C soc1@56.843C VDD_IN 10131mW/12400mW VDD_CPU_GPU_CV 3615mW/5206mW VDD_SOC 2794mW/3116mW
09-26-2026 21:28:54 RAM 5730/7620MB (lfb 70x1MB) SWAP 107/12002MB (cached 0MB) CPU [100%@1728,33%@1728,34%@1728,35%@1728,32%@1728,32%@1728] GR3D_FREQ 0% cpu@57.156C soc2@56.187C soc0@55.5C gpu@57.062C tj@57.156C soc1@57.093C VDD_IN 9635mW/12394mW VDD_CPU_GPU_CV 3306mW/5202mW VDD_SOC 2680mW/3115mW
09-26-2026 21:28:55 RAM 5628/7620MB (lfb 1x4MB) SWAP 107/12002MB (cached 0MB) CPU [98%@1728,1%@1728,2%@1728,0%@1728,2%@1728,2%@1728] GR3D_FREQ 24% cpu@57.093C soc2@55.937C soc0@55.468C gpu@57.468C tj@57.468C soc1@56.906C VDD_IN 9358mW/12387mW VDD_CPU_GPU_CV 2833mW/5197mW VDD_SOC 2759mW/3114mW
09-26-2026 21:28:55 RAM 5766/7620MB (lfb 70x1MB) SWAP 107/12002MB (cached 0MB) CPU [58%@1728,6%@1728,14%@1728,6%@1728,6%@1728,5%@1728] GR3D_FREQ 0% cpu@57.468C soc2@56.125C soc0@55.375C gpu@57.531C tj@57.531C soc1@56.812C VDD_IN 12338mW/12387mW VDD_CPU_GPU_CV 4974mW/5197mW VDD_SOC 3177mW/3114mW
09-26-2026 21:28:56 RAM 5766/7620MB (lfb 70x1MB) SWAP 107/12002MB (cached 0MB) CPU [100%@1728,37%@1728,37%@1728,37%@1728,37%@1728,36%@1728] GR3D_FREQ 0% cpu@57.375C soc2@56.25C soc0@55.625C gpu@57.5C tj@57.5C soc1@56.75C VDD_IN 10289mW/12383mW VDD_CPU_GPU_CV 3693mW/5194mW VDD_SOC 2794mW/3113mW
09-26-2026 21:28:56 RAM 5768/7620MB (lfb 70x1MB) SWAP 107/12002MB (cached 0MB) CPU [100%@1728,34%@1728,34%@1728,32%@1728,32%@1728,33%@1728] GR3D_FREQ 0% cpu@57.156C soc2@56C soc0@55.5C gpu@57.093C tj@57.218C soc1@56.781C VDD_IN 9674mW/12377mW VDD_CPU_GPU_CV 3306mW/5190mW VDD_SOC 2680mW/3112mW
09-26-2026 21:28:57 RAM 5592/7620MB (lfb 1x4MB) SWAP 107/12002MB (cached 0MB) CPU [100%@1728,7%@1728,7%@1728,7%@1728,7%@1728,9%@1728] GR3D_FREQ 0% cpu@57.031C soc2@56C soc0@55.406C gpu@56.937C tj@57.031C soc1@56.968C VDD_IN 9240mW/12371mW VDD_CPU_GPU_CV 2755mW/5184mW VDD_SOC 2720mW/3112mW
09-26-2026 21:28:57 RAM 5718/7620MB (lfb 1x2MB) SWAP 107/12002MB (cached 0MB) CPU [65%@1728,0%@1728,0%@1728,2%@1728,1%@1728,0%@1728] GR3D_FREQ 39% cpu@57.125C soc2@56.125C soc0@55.5C gpu@57.875C tj@57.875C soc1@56.781C VDD_IN 12692mW/12371mW VDD_CPU_GPU_CV 5239mW/5185mW VDD_SOC 3256mW/3112mW
09-26-2026 21:28:58 RAM 5718/7620MB (lfb 1x2MB) SWAP 107/12002MB (cached 0MB) CPU [100%@1728,32%@1728,32%@1728,32%@1728,34%@1728,32%@1728] GR3D_FREQ 0% cpu@57.343C soc2@56.031C soc0@55.468C gpu@57.093C tj@57.343C soc1@56.718C VDD_IN 10368mW/12367mW VDD_CPU_GPU_CV 3772mW/5182mW VDD_SOC 2833mW/3111mW
09-26-2026 21:28:58 RAM 5724/7620MB (lfb 1x4MB) SWAP 107/12002MB (cached 0MB) CPU [100%@1728,35%@1728,37%@1728,34%@1728,34%@1728,35%@1728] GR3D_FREQ 0% cpu@57.218C soc2@56.093C soc0@55.625C gpu@57.218C tj@57.218C soc1@56.781C VDD_IN 9714mW/12361mW VDD_CPU_GPU_CV 3345mW/5178mW VDD_SOC 2720mW/3110mW
09-26-2026 21:28:59 RAM 5533/7620MB (lfb 13x4MB) SWAP 107/12002MB (cached 0MB) CPU [100%@1728,14%@1728,14%@1728,15%@1728,14%@1728,13%@1728] GR3D_FREQ 0% cpu@56.937C soc2@55.937C soc0@55.375C gpu@57.125C tj@57.125C soc1@56.75C VDD_IN 9279mW/12355mW VDD_CPU_GPU_CV 2833mW/5173mW VDD_SOC 2720mW/3110mW
09-26-2026 21:28:59 RAM 5639/7620MB (lfb 1x2MB) SWAP 107/12002MB (cached 0MB) CPU [64%@1728,7%@1728,0%@1728,0%@1728,0%@1728,0%@1728] GR3D_FREQ 62% cpu@56.625C soc2@55.968C soc0@55.468C gpu@58.5C tj@58.5C soc1@56.812C VDD_IN 12496mW/12355mW VDD_CPU_GPU_CV 5161mW/5173mW VDD_SOC 3177mW/3110mW
09-26-2026 21:29:00 RAM 5765/7620MB (lfb 1x4MB) SWAP 107/12002MB (cached 0MB) CPU [23%@1728,63%@1728,42%@1728,52%@1728,54%@1728,53%@1728] GR3D_FREQ 0% cpu@57.312C soc2@55.937C soc0@55.343C gpu@57.312C tj@57.312C soc1@56.687C VDD_IN 10723mW/12352mW VDD_CPU_GPU_CV 3923mW/5170mW VDD_SOC 2873mW/3109mW
09-26-2026 21:29:00 RAM 5761/7620MB (lfb 1x2MB) SWAP 107/12002MB (cached 0MB) CPU [24%@1728,41%@1728,40%@1728,100%@1728,43%@1728,47%@1728] GR3D_FREQ 0% cpu@57.406C soc2@55.906C soc0@55.375C gpu@57.062C tj@57.406C soc1@56.625C VDD_IN 9872mW/12347mW VDD_CPU_GPU_CV 3379mW/5166mW VDD_SOC 2720mW/3108mW
09-26-2026 21:29:01 RAM 5450/7620MB (lfb 21x4MB) SWAP 107/12002MB (cached 0MB) CPU [30%@1728,34%@1728,28%@1728,98%@1728,28%@1728,28%@1728] GR3D_FREQ 0% cpu@56.906C soc2@55.812C soc0@55.5C gpu@56.906C tj@56.906C soc1@56.718C VDD_IN 9556mW/12341mW VDD_CPU_GPU_CV 3188mW/5162mW VDD_SOC 2680mW/3108mW
09-26-2026 21:29:01 RAM 5587/7620MB (lfb 10x2MB) SWAP 107/12002MB (cached 0MB) CPU [0%@1728,0%@1728,1%@1728,94%@1728,0%@1728,0%@1728] GR3D_FREQ 66% cpu@56.625C soc2@55.812C soc0@55.343C gpu@57.687C tj@57.687C soc1@56.843C VDD_IN 10289mW/12337mW VDD_CPU_GPU_CV 3497mW/5159mW VDD_SOC 2873mW/3107mW
09-26-2026 21:29:02 RAM 5757/7620MB (lfb 1x4MB) SWAP 107/12002MB (cached 0MB) CPU [46%@1728,0%@1728,18%@1728,40%@1728,23%@1728,20%@1728] GR3D_FREQ 0% cpu@57.187C soc2@56.093C soc0@55.406C gpu@57.218C tj@57.218C soc1@56.718C VDD_IN 11847mW/12336mW VDD_CPU_GPU_CV 4621mW/5158mW VDD_SOC 3104mW/3107mW
09-26-2026 21:29:02 RAM 5757/7620MB (lfb 1x4MB) SWAP 107/12002MB (cached 0MB) CPU [97%@1728,18%@1728,46%@1728,45%@1728,46%@1728,52%@1728] GR3D_FREQ 0% cpu@57.437C soc2@55.937C soc0@55.343C gpu@57.281C tj@57.437C soc1@56.781C VDD_IN 10131mW/12331mW VDD_CPU_GPU_CV 3615mW/5154mW VDD_SOC 2759mW/3106mW
09-26-2026 21:29:03 RAM 5759/7620MB (lfb 1x4MB) SWAP 107/12002MB (cached 0MB) CPU [100%@1728,35%@1728,34%@1728,35%@1728,35%@1728,32%@1728] GR3D_FREQ 0% cpu@57.093C soc2@56.062C soc0@55.406C gpu@57.031C tj@57.093C soc1@56.625C VDD_IN 9635mW/12325mW VDD_CPU_GPU_CV 3306mW/5151mW VDD_SOC 2680mW/3106mW
09-26-2026 21:29:03 RAM 5567/7620MB (lfb 8x4MB) SWAP 107/12002MB (cached 0MB) CPU [100%@1728,12%@1728,13%@1728,13%@1728,11%@1728,12%@1728] GR3D_FREQ 0% cpu@56.812C soc2@55.906C soc0@55.375C gpu@57.093C tj@57.093C soc1@56.562C VDD_IN 9240mW/12319mW VDD_CPU_GPU_CV 2794mW/5146mW VDD_SOC 2720mW/3105mW
09-26-2026 21:29:04 RAM 5625/7620MB (lfb 2x2MB) SWAP 107/12002MB (cached 0MB) CPU [4%@1728,0%@1728,0%@1728,0%@1728,60%@1728,0%@1728] GR3D_FREQ 63% cpu@56.562C soc2@55.937C soc0@55.312C gpu@58.062C tj@58.062C soc1@56.718C VDD_IN 11926mW/12318mW VDD_CPU_GPU_CV 4739mW/5145mW VDD_SOC 3104mW/3105mW
09-26-2026 21:29:04 RAM 5719/7620MB (lfb 1x2MB) SWAP 107/12002MB (cached 0MB) CPU [26%@1728,27%@1728,27%@1728,25%@1728,86%@1728,28%@1728] GR3D_FREQ 0% cpu@57.093C soc2@55.812C soc0@55.375C gpu@57.125C tj@57.125C soc1@56.562C VDD_IN 10723mW/12315mW VDD_CPU_GPU_CV 3962mW/5143mW VDD_SOC 2873mW/3104mW
09-26-2026 21:29:05 RAM 5717/7620MB (lfb 1x4MB) SWAP 107/12002MB (cached 0MB) CPU [33%@1728,34%@1728,32%@1728,32%@1728,100%@1728,32%@1728] GR3D_FREQ 0% cpu@57.218C soc2@55.812C soc0@55.218C gpu@56.937C tj@57.218C soc1@56.593C VDD_IN 9832mW/12310mW VDD_CPU_GPU_CV 3418mW/5139mW VDD_SOC 2720mW/3103mW
09-26-2026 21:29:05 RAM 5428/7620MB (lfb 20x4MB) SWAP 107/12002MB (cached 0MB) CPU [24%@1728,24%@1728,25%@1728,24%@1728,100%@1728,24%@1728] GR3D_FREQ 0% cpu@56.687C soc2@55.687C soc0@55.343C gpu@56.843C tj@56.843C soc1@56.593C VDD_IN 9319mW/12304mW VDD_CPU_GPU_CV 3030mW/5135mW VDD_SOC 2680mW/3103mW
09-26-2026 21:29:06 RAM 5609/7620MB (lfb 1x4MB) SWAP 107/12002MB (cached 0MB) CPU [1%@1728,1%@1728,0%@1728,0%@1728,81%@1728,0%@1728] GR3D_FREQ 68% cpu@56.281C soc2@55.625C soc0@55.187C gpu@57.593C tj@57.593C soc1@56.5C VDD_IN 10959mW/12301mW VDD_CPU_GPU_CV 4040mW/5132mW VDD_SOC 2991mW/3102mW
09-26-2026 21:29:06 RAM 5718/7620MB (lfb 2x2MB) SWAP 107/12002MB (cached 0MB) CPU [12%@1728,10%@1728,10%@1728,12%@1728,68%@1728,12%@1728] GR3D_FREQ 0% cpu@57.031C soc2@55.812C soc0@55.343C gpu@57.343C tj@57.343C soc1@56.656C VDD_IN 11414mW/12299mW VDD_CPU_GPU_CV 4433mW/5131mW VDD_SOC 3025mW/3102mW
09-26-2026 21:29:07 RAM 5718/7620MB (lfb 1x4MB) SWAP 107/12002MB (cached 0MB) CPU [37%@1728,38%@1728,35%@1728,36%@1728,100%@1728,35%@1728] GR3D_FREQ 0% cpu@57.281C soc2@55.718C soc0@55.25C gpu@57.031C tj@57.281C soc1@56.656C VDD_IN 10053mW/12295mW VDD_CPU_GPU_CV 3536mW/5128mW VDD_SOC 2759mW/3101mW
09-26-2026 21:29:07 RAM 5718/7620MB (lfb 1x4MB) SWAP 107/12002MB (cached 0MB) CPU [34%@1728,36%@1728,36%@1728,36%@1728,100%@1728,36%@1728] GR3D_FREQ 0% cpu@57C soc2@55.843C soc0@55.468C gpu@57.093C tj@57.187C soc1@56.562C VDD_IN 9595mW/12289mW VDD_CPU_GPU_CV 3266mW/5124mW VDD_SOC 2680mW/3101mW
09-26-2026 21:29:08 RAM 5614/7620MB (lfb 1x2MB) SWAP 107/12002MB (cached 0MB) CPU [1%@1728,2%@1728,2%@1728,0%@1728,100%@1728,1%@1728] GR3D_FREQ 0% cpu@56.375C soc2@55.656C soc0@55.281C gpu@56.968C tj@56.968C soc1@56.5C VDD_IN 9319mW/12283mW VDD_CPU_GPU_CV 2794mW/5119mW VDD_SOC 2720mW/3100mW
09-26-2026 21:29:08 RAM 5703/7620MB (lfb 1x4MB) SWAP 107/12002MB (cached 0MB) CPU [1%@1728,0%@1728,0%@1728,0%@1728,53%@1728,0%@1728] GR3D_FREQ 71% cpu@56.5C soc2@55.812C soc0@55.281C gpu@57.812C tj@57.812C soc1@56.656C VDD_IN 12456mW/12283mW VDD_CPU_GPU_CV 5083mW/5119mW VDD_SOC 3177mW/3100mW
09-26-2026 21:29:09 RAM 5719/7620MB (lfb 1x2MB) SWAP 107/12002MB (cached 0MB) CPU [38%@1728,36%@1728,37%@1728,37%@1728,41%@1728,98%@1728] GR3D_FREQ 0% cpu@56.843C soc2@55.718C soc0@55.281C gpu@57.375C tj@57.375C soc1@56.531C VDD_IN 10368mW/12280mW VDD_CPU_GPU_CV 3733mW/5116mW VDD_SOC 2833mW/3099mW
09-26-2026 21:29:09 RAM 5717/7620MB (lfb 1x4MB) SWAP 107/12002MB (cached 0MB) CPU [44%@1728,43%@1728,25%@1728,30%@1728,64%@1728,100%@1728] GR3D_FREQ 0% cpu@57.125C soc2@55.656C soc0@55.125C gpu@56.812C tj@57.125C soc1@56.593C VDD_IN 9753mW/12275mW VDD_CPU_GPU_CV 3379mW/5113mW VDD_SOC 2680mW/3099mW
09-26-2026 21:29:10 RAM 5432/7620MB (lfb 20x4MB) SWAP 107/12002MB (cached 0MB) CPU [23%@1728,25%@1728,26%@1728,11%@1728,38%@1728,98%@1728] GR3D_FREQ 0% cpu@56.468C soc2@55.5C soc0@55.343C gpu@57.125C tj@57.125C soc1@56.531C VDD_IN 9319mW/12269mW VDD_CPU_GPU_CV 3030mW/5109mW VDD_SOC 2641mW/3098mW
09-26-2026 21:29:10 RAM 5608/7620MB (lfb 1x4MB) SWAP 107/12002MB (cached 0MB) CPU [1%@1728,0%@1728,0%@1728,1%@1728,0%@1728,79%@1728] GR3D_FREQ 66% cpu@56.187C soc2@55.625C soc0@55.218C gpu@57.843C tj@57.843C soc1@56.718C VDD_IN 11060mW/12266mW VDD_CPU_GPU_CV 4119mW/5107mW VDD_SOC 2991mW/3098mW
09-26-2026 21:29:11 RAM 5757/7620MB (lfb 1x2MB) SWAP 107/12002MB (cached 0MB) CPU [17%@1728,15%@1728,15%@1728,14%@1728,65%@1728,20%@1728] GR3D_FREQ 0% cpu@57.156C soc2@55.656C soc0@55.312C gpu@57.031C tj@57.156C soc1@56.593C VDD_IN 11375mW/12264mW VDD_CPU_GPU_CV 4393mW/5105mW VDD_SOC 3025mW/3097mW
09-26-2026 21:29:11 RAM 5763/7620MB (lfb 1x2MB) SWAP 107/12002MB (cached 0MB) CPU [30%@1728,41%@1728,33%@1728,39%@1728,100%@1728,45%@1728] GR3D_FREQ 0% cpu@57.375C soc2@55.687C soc0@55.281C gpu@56.656C tj@57.375C soc1@56.5C VDD_IN 10053mW/12260mW VDD_CPU_GPU_CV 3575mW/5102mW VDD_SOC 2759mW/3097mW
09-26-2026 21:29:12 RAM 5763/7620MB (lfb 1x2MB) SWAP 107/12002MB (cached 0MB) CPU [50%@1728,30%@1728,42%@1728,50%@1728,68%@1728,96%@1728] GR3D_FREQ 0% cpu@56.812C soc2@55.531C soc0@55.125C gpu@56.875C tj@56.875C soc1@56.531C VDD_IN 9753mW/12255mW VDD_CPU_GPU_CV 3384mW/5099mW VDD_SOC 2680mW/3096mW
09-26-2026 21:29:12 RAM 5462/7620MB (lfb 21x4MB) SWAP 107/12002MB (cached 0MB) CPU [50%@1728,33%@1728,20%@1728,48%@1728,67%@1728,97%@1728] GR3D_FREQ 0% cpu@56.406C soc2@55.593C soc0@55.25C gpu@57.093C tj@57.093C soc1@56.468C VDD_IN 9398mW/12249mW VDD_CPU_GPU_CV 3306mW/5095mW VDD_SOC 2641mW/3095mW
09-26-2026 21:29:13 RAM 5597/7620MB (lfb 8x2MB) SWAP 107/12002MB (cached 0MB) CPU [0%@1728,0%@1728,0%@1728,0%@1728,0%@1728,92%@1728] GR3D_FREQ 66% cpu@56.093C soc2@55.562C soc0@55.062C gpu@57.593C tj@57.593C soc1@56.437C VDD_IN 10053mW/12245mW VDD_CPU_GPU_CV 3418mW/5092mW VDD_SOC 2838mW/3094mW
09-26-2026 21:29:13 RAM 5768/7620MB (lfb 1x4MB) SWAP 107/12002MB (cached 0MB) CPU [9%@1728,5%@1728,4%@1728,7%@1728,9%@1728,60%@1728] GR3D_FREQ 0% cpu@56.75C soc2@55.625C soc0@54.968C gpu@57.218C tj@57.218C soc1@56.531C VDD_IN 12044mW/12245mW VDD_CPU_GPU_CV 4817mW/5091mW VDD_SOC 3143mW/3095mW
09-26-2026 21:29:14 RAM 5768/7620MB (lfb 1x4MB) SWAP 107/12002MB (cached 0MB) CPU [36%@1728,4%@1728,41%@1728,41%@1728,100%@1728,64%@1728] GR3D_FREQ 0% cpu@57.187C soc2@55.531C soc0@55.125C gpu@56.687C tj@57.187C soc1@56.5C VDD_IN 10171mW/12240mW VDD_CPU_GPU_CV 3693mW/5089mW VDD_SOC 2755mW/3094mW
09-26-2026 21:29:14 RAM 5766/7620MB (lfb 1x2MB) SWAP 107/12002MB (cached 0MB) CPU [36%@1728,37%@1728,37%@1728,37%@1728,100%@1728,35%@1728] GR3D_FREQ 0% cpu@57.062C soc2@55.656C soc0@55.187C gpu@56.75C tj@57.062C soc1@56.437C VDD_IN 9674mW/12235mW VDD_CPU_GPU_CV 3306mW/5085mW VDD_SOC 2680mW/3093mW
09-26-2026 21:29:15 RAM 5490/7620MB (lfb 19x4MB) SWAP 107/12002MB (cached 0MB) CPU [17%@1728,17%@1728,17%@1728,17%@1728,100%@1728,19%@1728] GR3D_FREQ 0% cpu@56.718C soc2@55.312C soc0@55.125C gpu@56.593C tj@56.718C soc1@56.437C VDD_IN 9240mW/12229mW VDD_CPU_GPU_CV 2873mW/5081mW VDD_SOC 2680mW/3092mW
09-26-2026 21:29:15 RAM 5618/7620MB (lfb 1x4MB) SWAP 107/12002MB (cached 0MB) CPU [1%@1728,0%@1728,0%@1728,0%@1728,44%@1728,25%@1728] GR3D_FREQ 62% cpu@56.343C soc2@55.5C soc0@54.937C gpu@57.968C tj@57.968C soc1@56.531C VDD_IN 11611mW/12228mW VDD_CPU_GPU_CV 4511mW/5080mW VDD_SOC 3065mW/3092mW
09-26-2026 21:29:16 RAM 5769/7620MB (lfb 1x2MB) SWAP 107/12002MB (cached 0MB) CPU [23%@1728,20%@1728,20%@1728,21%@1728,20%@1728,80%@1728] GR3D_FREQ 0% cpu@56.531C soc2@55.625C soc0@55.156C gpu@57C tj@57C soc1@56.5C VDD_IN 10999mW/12226mW VDD_CPU_GPU_CV 4158mW/5078mW VDD_SOC 2952mW/3092mW
09-26-2026 21:29:16 RAM 5767/7620MB (lfb 1x4MB) SWAP 107/12002MB (cached 0MB) CPU [35%@1728,37%@1728,35%@1728,35%@1728,37%@1728,100%@1728] GR3D_FREQ 0% cpu@56.718C soc2@55.406C soc0@54.906C gpu@56.562C tj@56.718C soc1@56.406C VDD_IN 9856mW/12221mW VDD_CPU_GPU_CV 3458mW/5075mW VDD_SOC 2720mW/3091mW
09-26-2026 21:29:17 RAM 5046/7620MB (lfb 25x4MB) SWAP 107/12002MB (cached 0MB) CPU [26%@1728,28%@1728,27%@1728,32%@1728,26%@1728,100%@1728] GR3D_FREQ 0% cpu@56.375C soc2@55.406C soc0@55.125C gpu@56.562C tj@56.562C soc1@56.281C VDD_IN 9437mW/12216mW VDD_CPU_GPU_CV 3070mW/5071mW VDD_SOC 2680mW/3090mW
09-26-2026 21:29:17 RAM 5027/7620MB (lfb 26x4MB) SWAP 107/12002MB (cached 0MB) CPU [0%@1728,1%@1728,1%@1728,9%@1728,0%@1728,94%@1728] GR3D_FREQ 0% cpu@55.875C soc2@55.156C soc0@54.875C gpu@56.468C tj@56.468C soc1@56.187C VDD_IN 8820mW/12209mW VDD_CPU_GPU_CV 2404mW/5066mW VDD_SOC 2685mW/3090mW
